age,workclass,fnlwgt,education,education-num,marital-status,occupation,relationship,race,sex,capital-gain,capital-loss,hours-per-week,native-country,income
52,Federal-gov,223811,Bachelors,13,Married-civ-spouse,Protective-serv,Husband,White,Male,0,0,60,United-States,>50K
35,Private,206520,HS-grad,9,Married-civ-spouse,Transport-moving,Husband,White,Male,0,0,60,United-States,<=50K
29,Private,272913,HS-grad,9,Married-civ-spouse,Adm-clerical,Husband,White,Male,0,0,30,Mexico,<=50K
32,State-gov,158948,Assoc-acdm,12,Married-civ-spouse,Craft-repair,Husband,White,Male,0,0,40,United-States,<=50K
40,Private,210377,11th,7,Widowed,Adm-clerical,Unmarried,White,Female,0,0,40,United-States,<=50K
50,Private,133963,HS-grad,9,Divorced,Adm-clerical,Unmarried,White,Female,0,0,35,United-States,<=50K
47,Private,187052,Prof-school,15,Married-civ-spouse,Prof-specialty,Husband,White,Male,0,0,60,?,>50K
26,Private,160029,Masters,14,Never-married,Prof-specialty,Not-in-family,Asian-Pac-Islander,Male,0,0,20,India,<=50K
53,Private,238474,Some-college,10,Married-civ-spouse,Exec-managerial,Husband,White,Male,0,0,50,United-States,>50K
33,Self-emp-not-inc,183611,Assoc-acdm,12,Divorced,Sales,Not-in-family,White,Male,0,0,40,United-States,<=50K
37,Private,216691,11th,7,Married-civ-spouse,Craft-repair,Husband,White,Male,0,0,45,United-States,<=50K
17,Private,122497,11th,7,Never-married,Craft-repair,Own-child,White,Male,0,0,20,United-States,<=50K
18,Private,59313,HS-grad,9,Never-married,Priv-house-serv,Other-relative,White,Female,0,0,10,United-States,<=50K
48,Private,86010,HS-grad,9,Married-civ-spouse,Craft-repair,Husband,White,Male,0,0,40,United-States,<=50K
33,Private,272669,Assoc-acdm,12,Never-married,Adm-clerical,Unmarried,Asian-Pac-Islander,Male,0,0,30,Hong,<=50K
21,Private,220857,Some-college,10,Never-married,Sales,Own-child,White,Male,0,0,20,United-States,<=50K
28,Private,198145,Assoc-voc,11,Married-civ-spouse,Sales,Husband,White,Male,0,0,40,United-States,<=50K
34,Private,204682,Some-college,10,Divorced,Exec-managerial,Own-child,White,Male,0,0,44,United-States,<=50K
40,Private,353219,10th,6,Married-civ-spouse,Craft-repair,Husband,White,Male,0,0,40,United-States,<=50K
58,Self-emp-not-inc,165315,HS-grad,9,Married-civ-spouse,Sales,Husband,White,Male,0,0,35,United-States,>50K
30,Private,198953,Bachelors,13,Never-married,Exec-managerial,Not-in-family,Black,Female,0,0,40,United-States,<=50K
38,Private,216129,HS-grad,9,Married-civ-spouse,Machine-op-inspct,Husband,Black,Male,0,1740,40,Haiti,<=50K
48,State-gov,44780,Masters,14,Married-civ-spouse,Prof-specialty,Husband,White,Male,0,0,61,United-States,>50K
28,Private,198258,Assoc-voc,11,Married-civ-spouse,Sales,Husband,White,Male,0,0,40,United-States,<=50K
17,?,256173,10th,6,Never-married,?,Own-child,White,Female,0,0,15,United-States,<=50K
29,Private,228960,Some-college,10,Married-civ-spouse,Exec-managerial,Husband,White,Male,0,1887,50,United-States,>50K
24,Private,194243,HS-grad,9,Married-civ-spouse,Protective-serv,Husband,White,Male,0,0,40,United-States,<=50K
42,Private,246440,HS-grad,9,Married-civ-spouse,Sales,Husband,White,Male,0,0,50,United-States,<=50K
47,Private,118909,HS-grad,9,Divorced,Craft-repair,Not-in-family,White,Male,0,0,40,United-States,>50K
37,Private,188576,Bachelors,13,Never-married,Adm-clerical,Not-in-family,White,Female,0,0,35,United-States,<=50K
57,Federal-gov,140711,Bachelors,13,Married-civ-spouse,Prof-specialty,Husband,White,Male,0,0,40,United-States,>50K
71,Local-gov,36943,Bachelors,13,Widowed,Prof-specialty,Unmarried,White,Female,0,0,6,United-States,<=50K
25,Private,121370,Bachelors,13,Divorced,Craft-repair,Not-in-family,White,Male,0,0,40,United-States,<=50K
39,Private,192337,Bachelors,13,Separated,Sales,Not-in-family,White,Male,0,0,50,United-States,<=50K
68,Self-emp-not-inc,191517,Some-college,10,Widowed,Adm-clerical,Not-in-family,White,Male,0,0,40,United-States,<=50K
47,Private,118729,HS-grad,9,Divorced,Craft-repair,Not-in-family,White,Male,0,0,40,United-States,>50K
24,Private,62546,HS-grad,9,Never-married,Craft-repair,Own-child,White,Male,0,0,40,United-States,<=50K
55,Self-emp-not-inc,79011,HS-grad,9,Married-civ-spouse,Farming-fishing,Husband,Asian-Pac-Islander,Male,0,0,70,United-States,<=50K
24,Private,260617,Some-college,10,Never-married,Craft-repair,Unmarried,Amer-Indian-Eskimo,Male,0,0,40,Mexico,<=50K
35,Private,352056,Some-college,10,Married-civ-spouse,Sales,Husband,White,Male,0,0,60,United-States,>50K
40,Private,250165,HS-grad,9,Married-civ-spouse,Craft-repair,Husband,White,Male,0,0,40,United-States,<=50K
43,Self-emp-inc,311395,Some-college,10,Married-civ-spouse,Exec-managerial,Husband,White,Male,0,0,92,United-States,>50K
29,Private,273792,HS-grad,9,Married-civ-spouse,Adm-clerical,Husband,White,Male,0,0,30,Mexico,<=50K
19,Private,450141,Some-college,10,Never-married,Adm-clerical,Own-child,White,Female,0,0,8,United-States,<=50K
37,Private,450141,Assoc-acdm,12,Divorced,Exec-managerial,Not-in-family,White,Female,0,0,40,United-States,<=50K
50,Private,145033,Prof-school,15,Married-civ-spouse,Prof-specialty,Husband,White,Male,0,2415,60,United-States,>50K
32,State-gov,159537,Assoc-acdm,12,Married-civ-spouse,Craft-repair,Husband,White,Male,0,0,40,United-States,<=50K
27,Self-emp-not-inc,356838,HS-grad,9,Never-married,Sales,Not-in-family,Black,Male,0,0,40,United-States,<=50K
25,Private,121370,Bachelors,13,Divorced,Craft-repair,Not-in-family,White,Male,0,0,40,United-States,<=50K
51,Private,306309,Assoc-voc,11,Married-civ-spouse,Craft-repair,Husband,White,Male,0,0,40,Canada,>50K
37,Private,191754,Bachelors,13,Married-civ-spouse,Adm-clerical,Husband,White,Male,0,0,50,United-States,>50K
53,Local-gov,204596,HS-grad,9,Married-civ-spouse,Exec-managerial,Husband,White,Male,0,0,60,United-States,<=50K
56,Private,133819,HS-grad,9,Divorced,Prof-specialty,Not-in-family,White,Female,0,0,40,United-States,<=50K
32,Private,117583,HS-grad,9,Never-married,Transport-moving,Own-child,White,Female,0,0,35,United-States,<=50K
37,Private,226500,Bachelors,13,Married-civ-spouse,Sales,Husband,White,Male,0,0,55,United-States,>50K
47,Federal-gov,211097,HS-grad,9,Married-civ-spouse,Craft-repair,Husband,White,Male,0,0,40,United-States,<=50K
37,Private,174308,Bachelors,13,Married-civ-spouse,Farming-fishing,Husband,White,Male,0,0,45,United-States,<=50K
27,Private,248588,Bachelors,13,Never-married,Sales,Not-in-family,White,Female,0,2258,55,United-States,<=50K
24,State-gov,322799,Bachelors,13,Never-married,Exec-managerial,Not-in-family,White,Female,0,0,40,United-States,<=50K
31,Private,198286,Some-college,10,Married-civ-spouse,Adm-clerical,Wife,White,Female,0,0,40,United-States,<=50K
37,Private,198953,Some-college,10,Married-civ-spouse,Other-service,Wife,White,Female,0,0,40,United-States,<=50K
23,State-gov,242460,Some-college,10,Never-married,Prof-specialty,Not-in-family,White,Male,0,0,40,United-States,<=50K
28,Local-gov,168539,Masters,14,Married-civ-spouse,Prof-specialty,Wife,White,Female,7688,0,35,United-States,>50K
39,Private,132717,Doctorate,16,Married-civ-spouse,Exec-managerial,Husband,White,Male,0,0,41,United-States,>50K
26,Private,114483,HS-grad,9,Never-married,Craft-repair,Own-child,White,Male,0,0,40,United-States,<=50K
33,Private,251786,HS-grad,9,Married-civ-spouse,Machine-op-inspct,Husband,White,Male,0,0,48,United-States,<=50K
39,Private,108943,11th,7,Divorced,Other-service,Unmarried,White,Female,0,0,40,United-States,<=50K
40,Private,19302,HS-grad,9,Married-civ-spouse,Exec-managerial,Husband,White,Male,0,0,45,United-States,>50K
25,Local-gov,250630,HS-grad,9,Never-married,Adm-clerical,Own-child,White,Female,0,0,40,United-States,<=50K
52,Private,94448,Assoc-voc,11,Married-civ-spouse,Prof-specialty,Husband,White,Male,0,0,40,United-States,<=50K
31,Private,30226,Some-college,10,Divorced,Exec-managerial,Unmarried,Black,Male,0,0,40,United-States,<=50K
37,Private,189382,Assoc-acdm,12,Divorced,Adm-clerical,Not-in-family,White,Female,0,1579,40,United-States,<=50K
38,Private,284211,Prof-school,15,Never-married,Prof-specialty,Not-in-family,White,Male,0,0,50,United-States,<=50K
45,Self-emp-not-inc,285854,HS-grad,9,Married-civ-spouse,Exec-managerial,Husband,Asian-Pac-Islander,Male,0,0,40,China,<=50K
30,Private,248588,12th,8,Divorced,Other-service,Not-in-family,White,Female,0,0,40,United-States,<=50K
50,Self-emp-not-inc,43945,Bachelors,13,Divorced,Exec-managerial,Not-in-family,White,Male,0,0,50,United-States,<=50K
37,Private,189888,Assoc-acdm,12,Divorced,Adm-clerical,Not-in-family,White,Female,0,1504,40,United-States,<=50K
36,Private,157273,HS-grad,9,Married-civ-spouse,Craft-repair,Husband,Other,Male,0,0,40,United-States,>50K
29,Private,188576,HS-grad,9,Divorced,Farming-fishing,Not-in-family,White,Male,0,0,40,United-States,<=50K
28,Local-gov,168854,HS-grad,9,Never-married,Protective-serv,Not-in-family,White,Male,0,0,40,United-States,<=50K
31,Private,168387,Bachelors,13,Married-civ-spouse,Prof-specialty,Husband,White,Male,7688,0,40,Canada,>50K
26,Private,257863,Bachelors,13,Never-married,Adm-clerical,Own-child,White,Male,0,0,40,United-States,<=50K
51,Private,279173,Some-college,10,Divorced,Priv-house-serv,Unmarried,Amer-Indian-Eskimo,Female,0,0,35,United-States,<=50K
21,Private,133728,5th-6th,3,Never-married,Farming-fishing,Not-in-family,White,Male,2176,0,36,Mexico,<=50K
20,Private,183200,Some-college,10,Never-married,Farming-fishing,Own-child,White,Male,0,0,40,United-States,<=50K
45,Private,179135,HS-grad,9,Divorced,Adm-clerical,Not-in-family,White,Female,0,0,40,United-States,<=50K
57,Private,143774,Bachelors,13,Married-civ-spouse,Exec-managerial,Husband,White,Male,0,0,40,United-States,>50K
20,Private,371382,Some-college,10,Never-married,Other-service,Own-child,White,Female,0,0,20,United-States,<=50K
59,Federal-gov,98984,Bachelors,13,Divorced,Adm-clerical,Not-in-family,White,Male,0,0,40,United-States,<=50K
46,Private,172571,11th,7,Widowed,Other-service,Not-in-family,White,Female,0,0,27,El-Salvador,<=50K
36,Private,279173,Assoc-acdm,12,Never-married,Tech-support,Unmarried,White,Female,0,0,45,United-States,<=50K
65,Private,89681,Masters,14,Never-married,Prof-specialty,Not-in-family,White,Male,0,0,99,United-States,<=50K
54,?,95329,Some-college,10,Divorced,?,Own-child,White,Male,0,0,50,United-States,<=50K
37,Private,194134,HS-grad,9,Divorced,Craft-repair,Not-in-family,White,Male,0,0,50,United-States,<=50K
43,Federal-gov,145175,Bachelors,13,Married-civ-spouse,Adm-clerical,Husband,White,Male,0,0,42,United-States,>50K
23,Private,347873,Assoc-acdm,12,Never-married,Prof-specialty,Not-in-family,Asian-Pac-Islander,Female,0,0,30,Vietnam,<=50K
21,Private,214702,11th,7,Never-married,Handlers-cleaners,Own-child,White,Male,0,0,40,United-States,<=50K
36,Private,496526,Bachelors,13,Married-civ-spouse,Prof-specialty,Husband,White,Male,0,0,50,United-States,>50K
37,Private,126327,HS-grad,9,Never-married,Craft-repair,Own-child,White,Male,0,0,40,United-States,<=50K
39,Private,107991,Some-college,10,Married-civ-spouse,Exec-managerial,Husband,White,Male,0,0,45,United-States,>50K
41,Private,125768,Some-college,10,Divorced,Craft-repair,Not-in-family,White,Male,0,0,40,United-States,>50K
30,Private,121370,Bachelors,13,Never-married,Sales,Not-in-family,White,Male,0,0,40,United-States,>50K
27,Private,174789,HS-grad,9,Never-married,Adm-clerical,Own-child,White,Female,0,0,40,United-States,<=50K
34,Private,110622,Masters,14,Divorced,Exec-managerial,Other-relative,Asian-Pac-Islander,Female,0,0,40,South,<=50K
51,Private,137253,HS-grad,9,Divorced,Prof-specialty,Unmarried,White,Female,0,0,40,United-States,>50K
53,Private,239155,Some-college,10,Married-civ-spouse,Exec-managerial,Husband,White,Male,0,0,50,United-States,>50K
35,?,373699,9th,5,Married-civ-spouse,?,Wife,White,Female,0,0,35,United-States,<=50K
57,Self-emp-not-inc,166416,HS-grad,9,Married-civ-spouse,Craft-repair,Husband,White,Male,0,0,50,United-States,<=50K
41,Private,106159,HS-grad,9,Never-married,Machine-op-inspct,Own-child,White,Male,13550,0,48,United-States,>50K
27,Private,34377,Assoc-voc,11,Never-married,Prof-specialty,Not-in-family,White,Female,0,1876,36,Canada,<=50K
42,Private,44434,Bachelors,13,Married-civ-spouse,Sales,Husband,White,Male,0,0,60,United-States,<=50K
40,Private,353219,10th,6,Married-civ-spouse,Craft-repair,Husband,White,Male,0,0,40,United-States,<=50K
27,Private,267989,Some-college,10,Married-civ-spouse,Machine-op-inspct,Husband,White,Male,0,0,40,United-States,<=50K
52,Local-gov,91689,Some-college,10,Married-civ-spouse,Transport-moving,Husband,White,Male,0,0,40,United-States,<=50K
50,Local-gov,361742,Some-college,10,Widowed,Adm-clerical,Unmarried,White,Female,0,0,40,United-States,<=50K
37,Private,189749,Assoc-acdm,12,Divorced,Adm-clerical,Not-in-family,White,Female,0,1504,40,United-States,<=50K
21,Private,374969,Some-college,10,Never-married,Adm-clerical,Own-child,White,Male,0,0,30,United-States,<=50K
54,Private,88781,HS-grad,9,Divorced,Other-service,Unmarried,White,Male,0,0,32,United-States,<=50K
20,Private,166527,Some-college,10,Never-married,Priv-house-serv,Own-child,White,Female,0,0,40,United-States,<=50K
20,Private,174714,Some-college,10,Never-married,Prof-specialty,Own-child,White,Male,0,0,15,United-States,<=50K
33,Self-emp-inc,28738,Some-college,10,Married-civ-spouse,Exec-managerial,Husband,White,Male,0,0,50,United-States,>50K
55,Private,84774,HS-grad,9,Married-civ-spouse,Priv-house-serv,Wife,White,Female,0,0,30,United-States,<=50K
27,Private,379959,Bachelors,13,Never-married,Adm-clerical,Not-in-family,White,Female,0,0,40,United-States,<=50K
20,Private,104164,HS-grad,9,Never-married,Handlers-cleaners,Own-child,White,Male,0,0,40,United-States,<=50K
39,Local-gov,113253,Bachelors,13,Married-civ-spouse,Prof-specialty,Wife,White,Female,0,0,50,United-States,>50K
58,Private,330080,Some-college,10,Divorced,Adm-clerical,Not-in-family,White,Female,0,0,40,United-States,<=50K
43,Self-emp-inc,315291,Some-college,10,Married-civ-spouse,Exec-managerial,Husband,White,Male,0,0,92,United-States,>50K
49,Self-emp-not-inc,156015,HS-grad,9,Married-civ-spouse,Farming-fishing,Husband,White,Male,0,0,50,United-States,>50K
60,Private,205803,HS-grad,9,Separated,Other-service,Not-in-family,White,Female,0,0,25,United-States,<=50K
33,Private,158420,9th,5,Married-civ-spouse,Machine-op-inspct,Husband,White,Male,0,0,50,United-States,<=50K
19,Private,119655,Some-college,10,Never-married,Other-service,Own-child,White,Female,0,0,15,United-States,<=50K
40,State-gov,91949,Doctorate,16,Never-married,Prof-specialty,Not-in-family,Black,Female,0,0,40,United-States,<=50K
20,Private,211097,Some-college,10,Never-married,Other-service,Own-child,White,Female,0,0,16,United-States,<=50K
46,Private,403911,HS-grad,9,Married-civ-spouse,Craft-repair,Husband,Black,Male,0,1902,40,United-States,>50K
50,Local-gov,50048,Masters,14,Married-civ-spouse,Prof-specialty,Husband,White,Male,0,0,52,United-States,>50K
23,Private,117847,HS-grad,9,Never-married,Craft-repair,Own-child,White,Male,0,0,40,United-States,<=50K
18,Private,141332,11th,7,Never-married,Sales,Own-child,Black,Male,0,0,8,United-States,<=50K
22,Private,53304,10th,6,Never-married,Machine-op-inspct,Not-in-family,White,Male,0,0,40,Mexico,<=50K
53,Private,152883,HS-grad,9,Widowed,Adm-clerical,Not-in-family,Black,Female,0,0,40,United-States,<=50K
52,Federal-gov,387663,Bachelors,13,Separated,Adm-clerical,Unmarried,Black,Female,0,0,40,United-States,<=50K
36,Private,280440,Assoc-acdm,12,Never-married,Tech-support,Unmarried,White,Female,0,0,45,United-States,<=50K
40,Private,69333,Bachelors,13,Married-civ-spouse,Farming-fishing,Husband,White,Male,0,0,40,United-States,<=50K
30,State-gov,61989,Some-college,10,Never-married,Prof-specialty,Not-in-family,White,Female,0,0,5,United-States,<=50K
41,Private,174714,Assoc-voc,11,Married-civ-spouse,Craft-repair,Husband,White,Male,0,0,43,United-States,>50K
60,Private,19513,HS-grad,9,Separated,Adm-clerical,Unmarried,Black,Female,0,0,20,United-States,<=50K
20,Private,266792,HS-grad,9,Married-civ-spouse,Craft-repair,Husband,White,Male,0,0,40,United-States,<=50K
39,Local-gov,113253,Bachelors,13,Married-civ-spouse,Prof-specialty,Wife,White,Female,0,0,50,United-States,>50K
36,Private,126675,11th,7,Married-civ-spouse,Exec-managerial,Husband,White,Male,0,1579,40,United-States,<=50K
27,Private,212582,11th,7,Never-married,Handlers-cleaners,Other-relative,Black,Male,0,0,40,United-States,<=50K
50,Self-emp-not-inc,57758,Assoc-voc,11,Married-civ-spouse,Sales,Husband,White,Male,0,0,60,United-States,>50K
28,?,163204,Some-college,10,Never-married,?,Own-child,Black,Female,0,0,40,United-States,<=50K
47,Self-emp-inc,77660,Some-college,10,Married-civ-spouse,Exec-managerial,Husband,White,Male,14344,0,50,United-States,>50K
38,Private,216149,Bachelors,13,Divorced,Other-service,Not-in-family,Black,Female,0,0,60,?,<=50K
33,Private,402848,HS-grad,9,Married-spouse-absent,Adm-clerical,Other-relative,White,Female,0,0,32,United-States,<=50K
30,Private,361742,Some-college,10,Married-civ-spouse,Exec-managerial,Husband,White,Male,0,0,50,United-States,<=50K
42,Private,108502,HS-grad,9,Divorced,Sales,Not-in-family,White,Female,0,0,42,United-States,<=50K
47,Private,118729,HS-grad,9,Divorced,Craft-repair,Not-in-family,White,Male,0,0,40,United-States,>50K
22,Private,263727,Some-college,10,Never-married,Tech-support,Not-in-family,White,Male,0,0,50,United-States,<=50K
55,Private,84774,HS-grad,9,Married-civ-spouse,Priv-house-serv,Wife,White,Female,0,0,30,United-States,<=50K
24,?,32616,Bachelors,13,Divorced,?,Not-in-family,White,Female,0,0,40,United-States,<=50K
59,State-gov,349910,Bachelors,13,Married-civ-spouse,Exec-managerial,Husband,White,Male,13550,0,50,United-States,>50K
36,Private,174789,Bachelors,13,Married-civ-spouse,Prof-specialty,Husband,White,Male,0,1887,50,United-States,>50K
56,?,425497,Assoc-acdm,12,Married-civ-spouse,?,Husband,White,Male,0,0,20,United-States,<=50K
28,Private,145175,Bachelors,13,Married-civ-spouse,Prof-specialty,Wife,White,Female,4386,0,20,United-States,>50K
26,State-gov,294400,HS-grad,9,Married-civ-spouse,Protective-serv,Husband,White,Male,0,0,38,United-States,<=50K
50,State-gov,247711,HS-grad,9,Married-civ-spouse,Handlers-cleaners,Husband,White,Male,0,0,40,United-States,<=50K
49,Private,62546,Bachelors,13,Married-civ-spouse,Exec-managerial,Husband,White,Male,0,0,40,United-States,>50K
27,Private,58150,HS-grad,9,Separated,Craft-repair,Own-child,White,Male,0,0,40,United-States,<=50K
17,Private,79682,10th,6,Never-married,Priv-house-serv,Other-relative,White,Male,0,0,30,United-States,<=50K
29,Private,178100,HS-grad,9,Married-civ-spouse,Machine-op-inspct,Husband,White,Male,0,0,40,United-States,<=50K
28,Private,423222,Some-college,10,Never-married,Adm-clerical,Own-child,Black,Male,0,0,40,United-States,<=50K
37,Self-emp-not-inc,205359,Some-college,10,Married-civ-spouse,Exec-managerial,Wife,White,Female,0,0,15,United-States,<=50K
46,State-gov,165505,Some-college,10,Married-civ-spouse,Exec-managerial,Husband,White,Male,0,0,40,United-States,>50K
34,Private,174789,Some-college,10,Married-civ-spouse,Other-service,Husband,White,Male,0,0,50,United-States,<=50K
25,Private,114760,HS-grad,9,Never-married,Craft-repair,Own-child,White,Male,0,0,40,United-States,<=50K
62,Private,135567,Some-college,10,Divorced,Prof-specialty,Not-in-family,White,Female,4650,0,40,United-States,<=50K
34,Private,241844,Bachelors,13,Married-civ-spouse,Exec-managerial,Husband,White,Male,7688,0,40,United-States,>50K
53,Self-emp-not-inc,168854,9th,5,Married-civ-spouse,Farming-fishing,Husband,White,Male,0,0,70,United-States,<=50K
24,Private,431513,HS-grad,9,Divorced,Machine-op-inspct,Not-in-family,White,Male,0,0,40,United-States,<=50K
39,Private,178416,HS-grad,9,Never-married,Machine-op-inspct,Not-in-family,Black,Male,0,0,40,United-States,<=50K
44,Federal-gov,240562,Assoc-acdm,12,Divorced,Exec-managerial,Not-in-family,White,Female,2354,0,40,United-States,<=50K
45,Self-emp-not-inc,285854,HS-grad,9,Married-civ-spouse,Exec-managerial,Husband,Asian-Pac-Islander,Male,0,0,40,China,<=50K
33,Private,399087,HS-grad,9,Married-spouse-absent,Adm-clerical,Other-relative,White,Female,0,0,32,United-States,<=50K
40,Private,356838,Some-college,10,Married-civ-spouse,Craft-repair,Husband,Black,Male,0,0,40,United-States,>50K
36,Private,175643,HS-grad,9,Married-civ-spouse,Craft-repair,Husband,White,Male,0,0,35,United-States,<=50K
50,Private,145139,Prof-school,15,Married-civ-spouse,Prof-specialty,Husband,White,Male,0,2415,60,United-States,>50K
48,Local-gov,283037,Bachelors,13,Married-civ-spouse,Prof-specialty,Husband,White,Male,0,0,40,United-States,<=50K
48,Private,175006,1st-4th,2,Separated,Machine-op-inspct,Other-relative,Black,Male,0,0,48,United-States,<=50K
49,Self-emp-not-inc,156015,HS-grad,9,Married-civ-spouse,Farming-fishing,Husband,White,Male,0,0,50,United-States,>50K
24,Private,102258,Bachelors,13,Married-civ-spouse,Sales,Husband,White,Male,0,0,40,United-States,<=50K
20,?,194095,Some-college,10,Never-married,?,Own-child,White,Female,0,0,40,United-States,<=50K
38,Private,68318,Bachelors,13,Divorced,Exec-managerial,Not-in-family,White,Male,0,0,55,United-States,>50K
50,Self-emp-not-inc,43705,Bachelors,13,Divorced,Exec-managerial,Not-in-family,White,Male,0,0,50,United-States,<=50K
40,Self-emp-inc,142030,Bachelors,13,Married-civ-spouse,Exec-managerial,Wife,White,Female,0,0,55,United-States,>50K
40,Private,196029,HS-grad,9,Divorced,Transport-moving,Unmarried,White,Male,0,0,45,United-States,<=50K
50,Self-emp-inc,250165,HS-grad,9,Married-civ-spouse,Exec-managerial,Husband,White,Male,0,0,50,United-States,>50K
57,Private,43945,Masters,14,Married-civ-spouse,Prof-specialty,Husband,White,Male,0,1977,45,United-States,>50K
43,Private,166527,Some-college,10,Divorced,Adm-clerical,Not-in-family,White,Male,0,0,48,United-States,<=50K
21,Private,65038,HS-grad,9,Never-married,Machine-op-inspct,Own-child,White,Male,0,0,40,United-States,<=50K
43,Private,265201,11th,7,Never-married,Other-service,Not-in-family,Black,Male,0,0,40,United-States,<=50K
37,Private,138557,HS-grad,9,Separated,Craft-repair,Unmarried,White,Female,0,0,40,United-States,<=50K
45,Local-gov,234504,HS-grad,9,Divorced,Adm-clerical,Unmarried,White,Female,0,0,35,United-States,<=50K
41,Local-gov,184285,Masters,14,Married-civ-spouse,Prof-specialty,Husband,White,Male,0,0,38,United-States,>50K
48,Private,234320,HS-grad,9,Married-civ-spouse,Exec-managerial,Husband,White,Male,0,0,50,United-States,<=50K
44,Private,285127,Some-college,10,Married-civ-spouse,Transport-moving,Husband,Black,Male,0,0,40,United-States,<=50K
25,Local-gov,250782,HS-grad,9,Never-married,Adm-clerical,Own-child,White,Female,0,0,40,United-States,<=50K
24,Private,271379,Some-college,10,Never-married,Sales,Not-in-family,White,Female,0,0,25,United-States,<=50K
31,Private,198286,Some-college,10,Married-civ-spouse,Adm-clerical,Wife,White,Female,0,0,40,United-States,<=50K
37,Private,191517,Bachelors,13,Married-civ-spouse,Adm-clerical,Husband,White,Male,0,0,50,United-States,>50K
33,Self-emp-inc,287372,Some-college,10,Married-civ-spouse,Exec-managerial,Husband,White,Male,0,0,50,United-States,>50K
35,Local-gov,215423,Some-college,10,Divorced,Adm-clerical,Unmarried,White,Female,0,0,40,United-States,<=50K
33,Private,351810,Bachelors,13,Never-married,Prof-specialty,Not-in-family,White,Female,0,0,45,Mexico,<=50K
39,Private,23580,Some-college,10,Divorced,Adm-clerical,Not-in-family,White,Female,0,0,40,United-States,<=50K
46,Private,91262,Some-college,10,Married-spouse-absent,Craft-repair,Not-in-family,Asian-Pac-Islander,Male,0,0,40,Philippines,<=50K
28,State-gov,175339,HS-grad,9,Married-civ-spouse,Protective-serv,Husband,White,Male,0,0,40,United-States,<=50K
23,Private,349148,Assoc-acdm,12,Never-married,Prof-specialty,Not-in-family,Asian-Pac-Islander,Female,0,0,30,Vietnam,<=50K
33,Private,351772,Bachelors,13,Never-married,Prof-specialty,Not-in-family,White,Female,0,0,45,Mexico,<=50K
32,Private,102986,5th-6th,3,Married-civ-spouse,Machine-op-inspct,Wife,Asian-Pac-Islander,Female,0,0,40,Laos,>50K
40,Private,221336,Assoc-acdm,12,Married-civ-spouse,Exec-managerial,Husband,White,Male,0,0,50,United-States,>50K
21,Private,201657,Assoc-acdm,12,Never-married,Adm-clerical,Not-in-family,White,Female,0,0,10,United-States,<=50K
49,Private,234320,7th-8th,4,Never-married,Prof-specialty,Other-relative,Black,Male,0,0,45,United-States,<=50K
56,Private,182191,HS-grad,9,Married-civ-spouse,Transport-moving,Husband,White,Male,0,0,48,United-States,>50K
44,Self-emp-not-inc,254547,Masters,14,Married-civ-spouse,Prof-specialty,Husband,White,Male,0,0,54,United-States,<=50K
31,?,181796,Bachelors,13,Married-civ-spouse,?,Wife,White,Female,4064,0,30,Canada,<=50K
47,Private,104068,HS-grad,9,Divorced,Prof-specialty,Unmarried,Amer-Indian-Eskimo,Female,0,0,40,United-States,<=50K
33,Local-gov,155862,Assoc-voc,11,Married-civ-spouse,Tech-support,Husband,White,Male,0,0,40,United-States,<=50K
41,Private,265932,HS-grad,9,Divorced,Adm-clerical,Unmarried,White,Female,0,0,45,United-States,<=50K
33,Private,157887,9th,5,Married-civ-spouse,Machine-op-inspct,Husband,White,Male,0,0,50,United-States,<=50K
53,Private,68991,HS-grad,9,Married-civ-spouse,Transport-moving,Husband,White,Male,0,0,40,United-States,<=50K
34,Private,346736,Assoc-acdm,12,Never-married,Exec-managerial,Own-child,White,Female,0,0,50,United-States,<=50K
29,Private,107812,HS-grad,9,Divorced,Craft-repair,Not-in-family,White,Male,0,0,40,United-States,<=50K
57,Private,144012,Bachelors,13,Married-civ-spouse,Exec-managerial,Husband,White,Male,0,0,40,United-States,>50K
23,Private,166416,Some-college,10,Never-married,Exec-managerial,Own-child,Other,Female,0,0,40,United-States,<=50K
42,Private,163204,Bachelors,13,Married-civ-spouse,Sales,Husband,White,Male,7298,0,40,United-States,>50K
34,Private,174655,Some-college,10,Married-civ-spouse,Other-service,Husband,White,Male,0,0,50,United-States,<=50K
47,Private,151053,Prof-school,15,Married-civ-spouse,Exec-managerial,Husband,White,Male,7688,0,60,United-States,>50K
26,State-gov,29520,HS-grad,9,Married-civ-spouse,Protective-serv,Husband,White,Male,0,0,38,United-States,<=50K
20,Private,202053,Some-college,10,Never-married,Protective-serv,Own-child,White,Male,0,0,33,United-States,<=50K
39,Private,133582,Doctorate,16,Married-civ-spouse,Exec-managerial,Husband,White,Male,0,0,42,United-States,>50K
31,Private,41356,10th,6,Separated,Other-service,Unmarried,White,Female,0,0,40,United-States,<=50K
26,State-gov,294400,HS-grad,9,Married-civ-spouse,Protective-serv,Husband,White,Male,0,0,38,United-States,<=50K
45,Self-emp-not-inc,184285,Bachelors,13,Divorced,Prof-specialty,Not-in-family,White,Male,0,0,45,United-States,<=50K
31,Private,309974,Bachelors,13,Separated,Sales,Own-child,Black,Female,0,0,40,United-States,<=50K
45,Private,247806,Assoc-voc,11,Married-civ-spouse,Prof-specialty,Husband,White,Male,0,1902,40,United-States,>50K
51,Federal-gov,33551,Some-college,10,Separated,Prof-specialty,Not-in-family,Black,Female,0,0,40,United-States,>50K
24,State-gov,322799,Bachelors,13,Never-married,Exec-managerial,Not-in-family,White,Female,0,0,40,United-States,<=50K
34,Private,348144,Assoc-acdm,12,Never-married,Exec-managerial,Own-child,White,Female,0,0,50,United-States,<=50K
54,Private,215892,Masters,14,Married-civ-spouse,Exec-managerial,Husband,White,Male,0,1887,44,United-States,>50K
34,Private,236543,HS-grad,9,Never-married,Machine-op-inspct,Unmarried,White,Male,0,0,40,United-States,<=50K
24,Private,387663,Some-college,10,Married-spouse-absent,Farming-fishing,Unmarried,White,Female,0,0,40,United-States,<=50K
66,Private,86010,10th,6,Widowed,Transport-moving,Not-in-family,White,Female,0,0,11,United-States,<=50K
44,Local-gov,68318,Masters,14,Never-married,Prof-specialty,Own-child,White,Female,0,0,55,United-States,<=50K
48,Private,246891,Some-college,10,Widowed,Adm-clerical,Not-in-family,White,Female,0,0,50,United-States,<=50K
35,Private,355320,Some-college,10,Married-civ-spouse,Tech-support,Husband,White,Male,2829,0,55,Poland,<=50K
50,Private,205934,Masters,14,Married-civ-spouse,Sales,Husband,White,Male,14344,0,40,United-States,>50K
35,Private,247547,HS-grad,9,Separated,Prof-specialty,Other-relative,Black,Female,0,0,40,United-States,<=50K
44,Private,57408,Some-college,10,Married-civ-spouse,Adm-clerical,Wife,White,Female,0,0,38,United-States,<=50K
32,Private,150993,HS-grad,9,Married-civ-spouse,Handlers-cleaners,Husband,White,Male,0,0,40,United-States,>50K
21,Private,226032,Some-college,10,Never-married,Other-service,Other-relative,White,Female,0,0,30,United-States,<=50K
50,Local-gov,255474,Some-college,10,Married-civ-spouse,Farming-fishing,Husband,White,Male,0,0,40,Mexico,<=50K
43,Self-emp-inc,314739,Some-college,10,Married-civ-spouse,Exec-managerial,Husband,White,Male,0,0,92,United-States,>50K
37,Private,126708,HS-grad,9,Married-civ-spouse,Adm-clerical,Wife,White,Female,0,0,60,United-States,<=50K
20,State-gov,178510,Some-college,10,Never-married,Farming-fishing,Not-in-family,White,Male,0,0,40,United-States,<=50K
43,Self-emp-not-inc,62952,Some-college,10,Married-civ-spouse,Farming-fishing,Husband,White,Male,0,0,50,United-States,<=50K
27,Private,246891,Bachelors,13,Never-married,Sales,Not-in-family,White,Female,0,2258,55,United-States,<=50K
56,Private,181796,HS-grad,9,Married-civ-spouse,Transport-moving,Husband,White,Male,0,0,48,United-States,>50K
24,State-gov,324637,Bachelors,13,Never-married,Exec-managerial,Not-in-family,White,Female,0,0,40,United-States,<=50K
39,Private,132879,Doctorate,16,Married-civ-spouse,Exec-managerial,Husband,White,Male,0,0,42,United-States,>50K
48,Private,196243,HS-grad,9,Divorced,Adm-clerical,Not-in-family,White,Female,0,0,30,United-States,<=50K
49,?,313986,7th-8th,4,Married-civ-spouse,?,Husband,White,Male,0,0,99,United-States,<=50K
35,Self-emp-not-inc,190836,Bachelors,13,Married-civ-spouse,Farming-fishing,Husband,White,Male,0,0,45,United-States,<=50K
53,Private,237452,HS-grad,9,Divorced,Adm-clerical,Unmarried,White,Female,0,0,40,United-States,<=50K
77,Private,133728,7th-8th,4,Married-civ-spouse,Craft-repair,Husband,White,Male,0,0,40,United-States,<=50K
25,Private,138105,Bachelors,13,Never-married,Prof-specialty,Not-in-family,White,Male,0,0,20,United-States,<=50K
40,Private,132717,Some-college,10,Married-civ-spouse,Machine-op-inspct,Husband,White,Male,4386,0,50,United-States,>50K
69,Private,272209,HS-grad,9,Widowed,Adm-clerical,Not-in-family,White,Female,0,0,40,United-States,<=50K
52,Private,112959,Some-college,10,Widowed,Sales,Not-in-family,White,Female,0,0,40,United-States,<=50K
33,Private,273792,Assoc-acdm,12,Never-married,Adm-clerical,Unmarried,Asian-Pac-Islander,Male,0,0,30,India,<=50K
55,Local-gov,177287,Masters,14,Married-civ-spouse,Prof-specialty,Wife,White,Female,0,2267,40,United-States,<=50K
18,Private,106943,11th,7,Never-married,Sales,Own-child,White,Female,0,0,12,United-States,<=50K
36,Self-emp-not-inc,206351,Bachelors,13,Never-married,Craft-repair,Own-child,White,Male,0,0,40,United-States,<=50K
28,Private,51838,Masters,14,Married-civ-spouse,Prof-specialty,Husband,White,Male,0,0,60,United-States,<=50K
39,Private,200598,Bachelors,13,Married-civ-spouse,Exec-managerial,Husband,White,Male,0,0,55,United-States,<=50K
54,Private,285127,HS-grad,9,Married-civ-spouse,Transport-moving,Husband,White,Male,0,0,40,United-States,>50K
63,Private,460322,HS-grad,9,Divorced,Sales,Not-in-family,White,Female,3674,0,30,United-States,<=50K
34,Private,168539,Bachelors,13,Married-civ-spouse,Exec-managerial,Husband,White,Male,0,0,50,United-States,>50K
36,State-gov,77146,Masters,14,Never-married,Prof-specialty,Not-in-family,White,Male,0,0,40,United-States,<=50K
62,Self-emp-not-inc,134737,12th,8,Married-civ-spouse,Craft-repair,Husband,White,Male,0,0,40,United-States,>50K
50,Private,337908,HS-grad,9,Married-civ-spouse,Machine-op-inspct,Husband,White,Male,0,1485,40,United-States,<=50K
48,Private,175325,1st-4th,2,Separated,Machine-op-inspct,Other-relative,Black,Male,0,0,48,United-States,<=50K
20,State-gov,178510,Some-college,10,Never-married,Farming-fishing,Not-in-family,White,Male,0,0,40,United-States,<=50K
51,Private,190964,1st-4th,2,Widowed,Craft-repair,Not-in-family,White,Male,0,0,40,Mexico,<=50K
45,Private,34377,Bachelors,13,Never-married,Transport-moving,Not-in-family,White,Male,0,0,30,United-States,<=50K
54,Private,216636,Masters,14,Married-civ-spouse,Exec-managerial,Husband,White,Male,0,1887,44,United-States,>50K
44,Federal-gov,240562,Assoc-acdm,12,Divorced,Exec-managerial,Not-in-family,White,Female,2354,0,40,United-States,<=50K
71,Private,24473,7th-8th,4,Married-civ-spouse,Transport-moving,Husband,White,Male,6514,0,40,United-States,>50K
37,Private,315291,Bachelors,13,Never-married,Adm-clerical,Other-relative,Black,Female,0,0,40,United-States,<=50K
37,Private,450141,Assoc-acdm,12,Divorced,Exec-managerial,Not-in-family,White,Female,0,0,40,United-States,<=50K
32,Private,52537,Some-college,10,Never-married,Tech-support,Not-in-family,Black,Male,0,0,38,United-States,<=50K
30,Local-gov,38268,HS-grad,9,Separated,Other-service,Unmarried,White,Male,0,0,40,United-States,>50K
22,Private,399087,5th-6th,3,Married-civ-spouse,Machine-op-inspct,Other-relative,White,Female,0,0,40,Mexico,<=50K
24,Private,653574,HS-grad,9,Never-married,Craft-repair,Own-child,White,Male,0,0,40,El-Salvador,<=50K
38,Private,182342,Bachelors,13,Married-civ-spouse,Sales,Husband,White,Male,0,0,50,Poland,<=50K
61,Private,149988,HS-grad,9,Married-civ-spouse,Adm-clerical,Wife,White,Female,2414,0,5,United-States,<=50K
46,Private,352056,9th,5,Divorced,Other-service,Unmarried,White,Female,0,0,40,United-States,<=50K
51,Private,103407,HS-grad,9,Divorced,Adm-clerical,Not-in-family,White,Female,0,0,40,United-States,<=50K
50,?,87263,HS-grad,9,Married-civ-spouse,?,Husband,White,Male,0,0,55,United-States,>50K
58,State-gov,198258,Bachelors,13,Married-civ-spouse,Adm-clerical,Husband,White,Male,0,0,35,United-States,>50K
35,State-gov,287480,Bachelors,13,Never-married,Adm-clerical,Not-in-family,White,Female,4064,0,40,United-States,<=50K
55,Private,327886,Some-college,10,Divorced,Sales,Not-in-family,White,Male,0,0,65,United-States,>50K
65,Private,179524,Some-college,10,Married-civ-spouse,Exec-managerial,Wife,White,Female,0,0,40,United-States,<=50K
45,Private,194243,Assoc-voc,11,Never-married,Other-service,Unmarried,White,Female,0,0,40,Mexico,<=50K
41,Private,141186,HS-grad,9,Married-spouse-absent,Adm-clerical,Unmarried,White,Female,0,0,40,United-States,<=50K
59,Self-emp-not-inc,114774,Some-college,10,Married-civ-spouse,Craft-repair,Husband,White,Male,0,0,20,United-States,>50K
31,Private,192337,Bachelors,13,Married-civ-spouse,Prof-specialty,Husband,White,Male,0,0,40,United-States,>50K
22,Private,39477,5th-6th,3,Married-civ-spouse,Machine-op-inspct,Other-relative,White,Female,0,0,40,Mexico,<=50K
58,Private,98630,Masters,14,Married-civ-spouse,Prof-specialty,Husband,White,Male,0,0,40,United-States,>50K
59,State-gov,349910,Bachelors,13,Married-civ-spouse,Exec-managerial,Husband,White,Male,10605,0,50,United-States,>50K
27,Private,188576,Bachelors,13,Separated,Prof-specialty,Not-in-family,Asian-Pac-Islander,Male,0,0,40,Philippines,>50K
46,Private,141058,Assoc-acdm,12,Divorced,Prof-specialty,Not-in-family,White,Female,0,0,50,United-States,<=50K
54,Private,51415,Doctorate,16,Married-civ-spouse,Exec-managerial,Husband,White,Male,0,1977,43,United-States,>50K
45,Local-gov,191776,Masters,14,Divorced,Prof-specialty,Not-in-family,White,Female,0,0,40,United-States,<=50K
34,Private,110622,Masters,14,Divorced,Exec-managerial,Other-relative,Asian-Pac-Islander,Female,0,0,40,United-States,<=50K
25,Private,211424,5th-6th,3,Divorced,Other-service,Unmarried,Other,Female,0,0,20,Honduras,<=50K
43,Private,219233,Bachelors,13,Divorced,Sales,Not-in-family,White,Female,0,0,50,United-States,<=50K
57,Private,142764,Bachelors,13,Married-civ-spouse,Exec-managerial,Husband,White,Male,0,0,40,United-States,>50K
35,Private,111377,HS-grad,9,Separated,Transport-moving,Not-in-family,White,Male,0,0,40,United-States,<=50K
22,Private,399087,5th-6th,3,Married-civ-spouse,Machine-op-inspct,Other-relative,White,Female,0,0,40,Mexico,<=50K
42,Local-gov,213225,Masters,14,Never-married,Prof-specialty,Not-in-family,White,Female,0,0,40,United-States,>50K
35,Private,37778,HS-grad,9,Divorced,Other-service,Not-in-family,White,Female,0,0,40,United-States,<=50K
53,Local-gov,216984,Doctorate,16,Divorced,Prof-specialty,Not-in-family,White,Female,10520,0,40,United-States,>50K
36,Self-emp-not-inc,105021,Some-college,10,Married-civ-spouse,Exec-managerial,Husband,White,Male,0,0,55,United-States,>50K
35,Private,164970,Some-college,10,Married-civ-spouse,Machine-op-inspct,Husband,White,Male,0,0,40,United-States,<=50K
43,Private,124692,Bachelors,13,Married-civ-spouse,Sales,Husband,White,Male,0,0,40,United-States,>50K
38,Local-gov,156383,Some-college,10,Never-married,Protective-serv,Unmarried,Black,Female,0,0,40,United-States,<=50K
21,Private,228457,HS-grad,9,Never-married,Craft-repair,Own-child,White,Male,0,0,40,United-States,<=50K
46,Self-emp-not-inc,230229,Some-college,10,Separated,Prof-specialty,Not-in-family,White,Male,0,0,20,United-States,<=50K
53,Private,142717,Bachelors,13,Divorced,Adm-clerical,Unmarried,White,Female,0,0,40,United-States,<=50K
21,Private,219867,Some-college,10,Never-married,Sales,Own-child,White,Male,0,0,20,United-States,<=50K
68,Self-emp-not-inc,191517,Some-college,10,Widowed,Adm-clerical,Not-in-family,White,Male,0,0,40,United-States,<=50K
32,Federal-gov,83413,Bachelors,13,Married-civ-spouse,Adm-clerical,Husband,White,Male,0,0,35,United-States,>50K
54,Private,284211,HS-grad,9,Married-civ-spouse,Transport-moving,Husband,White,Male,0,0,40,United-States,>50K
45,Self-emp-not-inc,285854,HS-grad,9,Married-civ-spouse,Exec-managerial,Husband,Asian-Pac-Islander,Male,0,0,40,China,<=50K
43,Self-emp-inc,260617,Bachelors,13,Divorced,Farming-fishing,Not-in-family,White,Male,0,0,35,United-States,<=50K
41,Private,156566,Some-college,10,Married-civ-spouse,Craft-repair,Husband,White,Male,0,0,40,United-States,>50K
22,?,265201,Some-college,10,Never-married,?,Not-in-family,White,Female,0,0,28,United-States,<=50K
41,Private,188576,Bachelors,13,Married-civ-spouse,Prof-specialty,Husband,White,Male,0,0,40,United-States,<=50K
57,Self-emp-not-inc,258550,Bachelors,13,Married-civ-spouse,Exec-managerial,Husband,White,Male,0,0,50,United-States,<=50K
24,Private,200790,HS-grad,9,Never-married,Handlers-cleaners,Own-child,White,Male,0,0,45,United-States,<=50K
45,Private,97176,11th,7,Divorced,Adm-clerical,Unmarried,White,Female,0,0,16,United-States,<=50K
59,Local-gov,53304,Bachelors,13,Married-civ-spouse,Prof-specialty,Husband,White,Male,0,0,50,United-States,>50K
26,Private,48718,10th,6,Never-married,Adm-clerical,Not-in-family,White,Female,2907,0,40,United-States,<=50K
49,Local-gov,119904,Bachelors,13,Married-civ-spouse,Prof-specialty,Wife,White,Female,7688,0,30,United-States,>50K
41,Private,106159,HS-grad,9,Never-married,Machine-op-inspct,Own-child,White,Male,14344,0,48,United-States,>50K
57,Private,123681,9th,5,Widowed,Other-service,Unmarried,Black,Male,0,0,52,?,<=50K
46,Private,137421,Some-college,10,Married-civ-spouse,Craft-repair,Husband,White,Male,0,0,40,United-States,>50K
60,State-gov,271122,HS-grad,9,Married-civ-spouse,Protective-serv,Husband,Amer-Indian-Eskimo,Male,0,0,40,United-States,>50K
29,Private,112763,HS-grad,9,Divorced,Exec-managerial,Unmarried,White,Female,0,0,45,United-States,<=50K
22,Private,187492,11th,7,Never-married,Sales,Unmarried,White,Female,0,0,30,United-States,<=50K
57,Private,29859,Bachelors,13,Married-civ-spouse,Prof-specialty,Husband,White,Male,3103,0,40,United-States,>50K
44,Private,110355,Bachelors,13,Married-civ-spouse,Exec-managerial,Husband,White,Male,0,0,40,United-States,>50K
20,Private,335481,HS-grad,9,Never-married,Transport-moving,Own-child,White,Male,0,0,40,United-States,<=50K
57,Private,299347,Bachelors,13,Married-civ-spouse,Prof-specialty,Husband,White,Male,3103,0,40,United-States,>50K
37,Private,188401,Bachelors,13,Never-married,Adm-clerical,Not-in-family,White,Female,0,0,35,United-States,<=50K
49,Private,167424,Bachelors,13,Divorced,Exec-managerial,Unmarried,White,Female,0,0,40,United-States,>50K
48,Private,235218,HS-grad,9,Married-civ-spouse,Exec-managerial,Husband,White,Male,0,0,50,United-States,<=50K
54,Private,215495,Masters,14,Married-civ-spouse,Exec-managerial,Husband,White,Male,0,1887,44,United-States,>50K
46,Private,220993,Some-college,10,Married-civ-spouse,Tech-support,Husband,White,Male,0,0,40,United-States,>50K
36,Self-emp-not-inc,206520,Bachelors,13,Never-married,Craft-repair,Own-child,White,Male,0,0,40,United-States,<=50K
24,Private,433330,HS-grad,9,Divorced,Machine-op-inspct,Not-in-family,White,Male,0,0,40,United-States,<=50K
28,Local-gov,168330,Masters,14,Married-civ-spouse,Prof-specialty,Wife,White,Female,7688,0,35,United-States,>50K
25,Private,164938,Bachelors,13,Never-married,Tech-support,Not-in-family,White,Male,0,0,40,United-States,<=50K
33,Private,402771,HS-grad,9,Married-spouse-absent,Adm-clerical,Other-relative,White,Female,0,0,32,United-States,<=50K
18,Private,138105,11th,7,Never-married,Handlers-cleaners,Own-child,White,Male,0,0,40,United-States,<=50K
27,?,133819,Bachelors,13,Married-spouse-absent,?,Not-in-family,White,Male,0,0,50,?,<=50K
37,Private,126569,HS-grad,9,Never-married,Craft-repair,Own-child,White,Male,0,0,40,United-States,<=50K
37,State-gov,46814,Bachelors,13,Never-married,Prof-specialty,Not-in-family,White,Male,0,0,38,United-States,<=50K
52,Private,255621,Assoc-voc,11,Divorced,Adm-clerical,Not-in-family,White,Female,0,0,40,Guatemala,<=50K
44,Private,651702,HS-grad,9,Married-civ-spouse,Craft-repair,Husband,White,Male,0,0,72,United-States,<=50K
25,Private,235218,Bachelors,13,Never-married,Exec-managerial,Own-child,White,Female,0,0,40,United-States,<=50K
44,Private,216984,HS-grad,9,Divorced,Other-service,Not-in-family,White,Male,0,0,37,United-States,<=50K
50,Private,145175,Prof-school,15,Married-civ-spouse,Prof-specialty,Husband,White,Male,0,2415,60,United-States,>50K
37,Private,216385,11th,7,Married-civ-spouse,Craft-repair,Husband,White,Male,0,0,45,United-States,<=50K
31,Private,264600,HS-grad,9,Never-married,Adm-clerical,Not-in-family,White,Female,0,0,40,Germany,<=50K
43,Private,112967,Some-college,10,Married-civ-spouse,Protective-serv,Husband,White,Male,0,0,40,United-States,<=50K
55,Local-gov,177287,Masters,14,Married-civ-spouse,Prof-specialty,Wife,White,Female,0,2267,40,United-States,<=50K
59,Private,164938,HS-grad,9,Married-civ-spouse,Prof-specialty,Husband,Black,Male,0,0,60,United-States,<=50K
44,Private,175339,Bachelors,13,Married-civ-spouse,Craft-repair,Husband,White,Male,0,0,12,United-States,<=50K
50,Private,112873,Bachelors,13,Married-civ-spouse,Sales,Husband,White,Male,0,0,40,United-States,<=50K
44,Local-gov,68318,Masters,14,Never-married,Prof-specialty,Own-child,White,Female,0,0,55,United-States,<=50K
30,Private,241013,HS-grad,9,Separated,Handlers-cleaners,Own-child,Black,Male,0,0,40,United-States,<=50K
25,Private,121370,Bachelors,13,Divorced,Craft-repair,Not-in-family,White,Male,0,0,40,United-States,<=50K
29,Private,196107,HS-grad,9,Never-married,Machine-op-inspct,Not-in-family,White,Female,0,0,40,United-States,<=50K
34,Private,346736,Assoc-acdm,12,Never-married,Exec-managerial,Own-child,White,Female,0,0,50,United-States,<=50K
28,Local-gov,134768,Bachelors,13,Never-married,Adm-clerical,Not-in-family,Black,Female,4101,0,60,United-States,<=50K
46,Private,122497,Doctorate,16,Divorced,Prof-specialty,Not-in-family,White,Male,0,0,40,United-States,<=50K
26,Private,113253,HS-grad,9,Never-married,Craft-repair,Own-child,White,Male,0,0,40,United-States,<=50K
24,Private,387663,Some-college,10,Married-spouse-absent,Farming-fishing,Unmarried,White,Female,0,0,40,United-States,<=50K
61,Private,87032,HS-grad,9,Widowed,Adm-clerical,Not-in-family,White,Female,0,0,40,United-States,<=50K
45,Private,179135,HS-grad,9,Divorced,Adm-clerical,Not-in-family,White,Female,0,0,40,United-States,<=50K
49,Self-emp-not-inc,39222,Some-college,10,Married-civ-spouse,Prof-specialty,Husband,White,Male,0,0,40,United-States,>50K
38,Private,349910,Some-college,10,Separated,Other-service,Unmarried,White,Female,0,0,40,United-States,<=50K
19,Private,165505,Some-college,10,Never-married,Sales,Own-child,White,Female,0,0,20,United-States,<=50K
66,Local-gov,261062,Masters,14,Widowed,Prof-specialty,Not-in-family,White,Female,0,0,40,United-States,<=50K
28,Local-gov,169104,HS-grad,9,Never-married,Protective-serv,Not-in-family,White,Male,0,0,40,United-States,<=50K
43,Private,172401,HS-grad,9,Married-civ-spouse,Sales,Husband,White,Male,0,0,40,United-States,>50K
51,Private,280440,Some-college,10,Divorced,Priv-house-serv,Unmarried,Amer-Indian-Eskimo,Female,0,0,35,United-States,<=50K
23,Private,431192,11th,7,Never-married,Craft-repair,Unmarried,White,Male,0,0,30,United-States,<=50K
39,Private,361742,HS-grad,9,Married-civ-spouse,Craft-repair,Husband,White,Male,0,0,40,United-States,<=50K
36,Private,160369,HS-grad,9,Married-civ-spouse,Machine-op-inspct,Husband,White,Male,0,0,40,United-States,<=50K
35,Private,376936,HS-grad,9,Divorced,Other-service,Not-in-family,White,Female,0,0,40,United-States,<=50K
43,Private,91317,Assoc-acdm,12,Never-married,Craft-repair,Unmarried,White,Female,0,0,40,United-States,<=50K
60,Private,205803,HS-grad,9,Separated,Other-service,Not-in-family,White,Female,0,0,25,United-States,<=50K
42,Private,341178,5th-6th,3,Married-civ-spouse,Other-service,Husband,White,Male,0,0,44,Mexico,<=50K
34,Private,154120,12th,8,Married-civ-spouse,Craft-repair,Husband,White,Male,0,0,40,Guatemala,<=50K
24,Private,228960,Assoc-acdm,12,Never-married,Adm-clerical,Own-child,White,Female,0,0,40,United-States,<=50K
29,State-gov,382272,Bachelors,13,Never-married,Craft-repair,Not-in-family,White,Male,0,0,40,United-States,<=50K
37,Private,173584,Bachelors,13,Married-civ-spouse,Farming-fishing,Husband,White,Male,0,0,45,United-States,<=50K
52,Private,294400,HS-grad,9,Married-civ-spouse,Adm-clerical,Husband,White,Male,0,0,40,United-States,<=50K
41,Private,204991,HS-grad,9,Divorced,Craft-repair,Unmarried,White,Male,2174,0,40,Japan,<=50K
23,Private,260254,10th,6,Never-married,Craft-repair,Not-in-family,White,Male,0,0,40,United-States,<=50K
40,Self-emp-inc,295912,HS-grad,9,Never-married,Other-service,Not-in-family,White,Female,0,0,65,United-States,<=50K
51,Private,103407,HS-grad,9,Divorced,Adm-clerical,Not-in-family,White,Female,0,0,40,United-States,<=50K
45,Local-gov,374450,HS-grad,9,Married-civ-spouse,Transport-moving,Wife,White,Female,5178,0,40,United-States,>50K
56,Private,134756,HS-grad,9,Never-married,Other-service,Not-in-family,Black,Female,0,0,40,United-States,<=50K
26,Self-emp-not-inc,109997,Some-college,10,Separated,Craft-repair,Not-in-family,White,Male,0,0,30,United-States,<=50K
30,Private,145139,HS-grad,9,Never-married,Craft-repair,Not-in-family,White,Male,0,0,45,United-States,<=50K
25,State-gov,294400,Some-college,10,Never-married,Craft-repair,Not-in-family,White,Male,0,0,20,United-States,<=50K
58,Private,328119,Some-college,10,Divorced,Adm-clerical,Not-in-family,White,Female,0,0,40,United-States,<=50K
45,Private,97176,11th,7,Divorced,Adm-clerical,Unmarried,White,Female,0,0,16,United-States,<=50K
32,Local-gov,192878,Assoc-acdm,12,Married-civ-spouse,Protective-serv,Husband,White,Male,0,0,56,England,>50K
49,Private,166527,HS-grad,9,Married-civ-spouse,Craft-repair,Husband,White,Male,0,0,40,United-States,>50K
37,Private,189749,Assoc-acdm,12,Divorced,Adm-clerical,Not-in-family,White,Female,0,1504,40,United-States,<=50K
35,Private,111377,HS-grad,9,Separated,Transport-moving,Not-in-family,White,Male,0,0,40,United-States,<=50K
39,Private,235259,Some-college,10,Divorced,Adm-clerical,Not-in-family,White,Female,0,0,40,United-States,<=50K
25,Private,121712,Bachelors,13,Divorced,Craft-repair,Not-in-family,White,Male,0,0,40,United-States,<=50K
35,State-gov,28738,Bachelors,13,Never-married,Adm-clerical,Not-in-family,White,Female,4101,0,40,United-States,<=50K
25,Private,344804,HS-grad,9,Married-civ-spouse,Other-service,Husband,White,Male,0,0,50,Mexico,<=50K
28,Self-emp-not-inc,190964,HS-grad,9,Married-civ-spouse,Sales,Husband,White,Male,0,0,50,United-States,>50K
45,Federal-gov,126754,Masters,14,Married-civ-spouse,Prof-specialty,Husband,White,Male,0,0,45,United-States,>50K
21,Private,73679,Some-college,10,Never-married,Exec-managerial,Own-child,White,Female,0,0,40,United-States,<=50K
56,?,430151,Assoc-acdm,12,Married-civ-spouse,?,Husband,White,Male,0,0,20,United-States,<=50K
37,Private,189565,Assoc-acdm,12,Divorced,Adm-clerical,Not-in-family,White,Female,0,1504,40,United-States,<=50K
27,Private,21154,11th,7,Never-married,Handlers-cleaners,Other-relative,Black,Male,0,0,40,United-States,<=50K
43,Self-emp-inc,175643,Some-college,10,Married-civ-spouse,Exec-managerial,Husband,White,Male,0,0,40,United-States,<=50K
52,Private,94448,Assoc-voc,11,Married-civ-spouse,Prof-specialty,Husband,White,Male,0,0,40,United-States,<=50K
41,Private,265434,HS-grad,9,Divorced,Adm-clerical,Unmarried,White,Female,0,0,45,United-States,<=50K
37,Private,315291,Bachelors,13,Never-married,Adm-clerical,Other-relative,Black,Female,0,0,40,United-States,<=50K
40,Private,221172,Assoc-acdm,12,Married-civ-spouse,Exec-managerial,Husband,White,Male,0,0,50,United-States,>50K
35,Local-gov,191177,Bachelors,13,Married-civ-spouse,Craft-repair,Husband,White,Male,0,0,40,United-States,<=50K
45,Federal-gov,126708,Masters,14,Married-civ-spouse,Prof-specialty,Husband,White,Male,0,0,45,United-States,>50K
47,Local-gov,218309,Assoc-acdm,12,Separated,Exec-managerial,Not-in-family,White,Male,0,1408,40,United-States,<=50K
32,Local-gov,19302,Assoc-acdm,12,Married-civ-spouse,Protective-serv,Husband,White,Male,0,0,56,England,>50K
51,Private,248990,Bachelors,13,Married-civ-spouse,Exec-managerial,Husband,White,Male,0,0,55,United-States,>50K
49,Local-gov,173090,Bachelors,13,Never-married,Prof-specialty,Not-in-family,White,Female,0,0,50,United-States,<=50K
35,Private,37514,HS-grad,9,Divorced,Other-service,Not-in-family,White,Female,0,0,40,United-States,<=50K
20,?,33551,Some-college,10,Never-married,?,Own-child,Black,Male,0,0,30,United-States,<=50K
63,Self-emp-not-inc,795830,1st-4th,2,Widowed,Other-service,Unmarried,White,Female,0,0,30,El-Salvador,<=50K
30,Private,118551,Bachelors,13,Married-civ-spouse,Tech-support,Wife,White,Female,0,0,16,United-States,>50K
40,Private,69333,Bachelors,13,Married-civ-spouse,Farming-fishing,Husband,White,Male,0,0,40,United-States,<=50K
46,Private,94809,Some-college,10,Divorced,Priv-house-serv,Unmarried,White,Female,0,0,30,United-States,<=50K
26,Private,476558,7th-8th,4,Never-married,Craft-repair,Not-in-family,White,Male,0,0,40,Mexico,<=50K
33,Private,253250,HS-grad,9,Married-civ-spouse,Machine-op-inspct,Husband,White,Male,0,0,48,United-States,<=50K
55,Self-emp-not-inc,78954,HS-grad,9,Married-civ-spouse,Farming-fishing,Husband,Asian-Pac-Islander,Male,0,0,70,United-States,<=50K
56,Self-emp-inc,216711,12th,8,Married-civ-spouse,Exec-managerial,Husband,White,Male,0,1651,40,United-States,<=50K
51,Private,193689,HS-grad,9,Married-civ-spouse,Protective-serv,Husband,White,Male,0,0,40,United-States,<=50K
32,Private,102986,5th-6th,3,Married-civ-spouse,Machine-op-inspct,Wife,Asian-Pac-Islander,Female,0,0,40,Laos,>50K
50,Private,267989,HS-grad,9,Married-civ-spouse,Transport-moving,Husband,White,Male,7298,0,40,United-States,>50K
22,Private,496526,Some-college,10,Married-civ-spouse,Machine-op-inspct,Husband,White,Male,0,0,40,Mexico,<=50K
37,Self-emp-not-inc,180928,HS-grad,9,Divorced,Craft-repair,Not-in-family,White,Male,0,0,50,United-States,<=50K
33,Private,30226,HS-grad,9,Married-civ-spouse,Craft-repair,Husband,White,Male,0,0,60,United-States,>50K
24,Private,210562,Some-college,10,Never-married,Adm-clerical,Own-child,White,Female,0,0,30,United-States,<=50K
45,Private,346736,Bachelors,13,Never-married,Transport-moving,Not-in-family,White,Male,0,0,30,United-States,<=50K
48,Private,85341,HS-grad,9,Married-civ-spouse,Craft-repair,Husband,White,Male,0,0,40,United-States,<=50K
47,Self-emp-inc,77660,Some-college,10,Married-civ-spouse,Exec-managerial,Husband,White,Male,14344,0,50,United-States,>50K
47,Private,104068,HS-grad,9,Divorced,Prof-specialty,Unmarried,Amer-Indian-Eskimo,Female,0,0,40,United-States,<=50K
48,Private,234663,HS-grad,9,Married-civ-spouse,Exec-managerial,Husband,White,Male,0,0,50,United-States,<=50K
27,Private,266792,Some-college,10,Married-civ-spouse,Machine-op-inspct,Husband,White,Male,0,0,40,United-States,<=50K
18,Private,142717,11th,7,Never-married,Sales,Own-child,Black,Male,0,0,8,United-States,<=50K
25,Private,179135,HS-grad,9,Married-civ-spouse,Craft-repair,Husband,White,Male,0,0,40,United-States,<=50K
28,Local-gov,169628,HS-grad,9,Never-married,Protective-serv,Not-in-family,White,Male,0,0,40,United-States,<=50K
39,Private,305673,Some-college,10,Divorced,Exec-managerial,Unmarried,White,Female,0,0,15,United-States,<=50K
37,Private,376936,Assoc-voc,11,Married-civ-spouse,Sales,Husband,White,Male,0,0,54,United-States,<=50K
21,Self-emp-not-inc,319146,Some-college,10,Never-married,Other-service,Own-child,White,Male,0,0,30,United-States,<=50K
24,Self-emp-not-inc,171807,Assoc-acdm,12,Never-married,Craft-repair,Own-child,White,Male,0,0,40,United-States,<=50K
63,Self-emp-not-inc,298507,7th-8th,4,Married-civ-spouse,Farming-fishing,Husband,White,Male,7688,0,60,United-States,>50K
35,Private,287480,Assoc-acdm,12,Never-married,Transport-moving,Not-in-family,Black,Male,0,0,30,Jamaica,<=50K
30,Private,121142,Bachelors,13,Never-married,Sales,Not-in-family,White,Male,0,0,40,United-States,>50K
41,Private,149726,HS-grad,9,Married-civ-spouse,Craft-repair,Husband,White,Male,0,1762,40,United-States,>50K
40,Private,69333,Bachelors,13,Married-civ-spouse,Farming-fishing,Husband,White,Male,0,0,40,United-States,<=50K
61,Private,87032,HS-grad,9,Widowed,Adm-clerical,Not-in-family,White,Female,0,0,40,United-States,<=50K
27,State-gov,191841,Bachelors,13,Never-married,Prof-specialty,Not-in-family,White,Male,0,0,50,United-States,<=50K
20,Private,393691,Some-college,10,Never-married,Farming-fishing,Not-in-family,White,Female,0,0,40,United-States,<=50K
28,Private,309778,12th,8,Never-married,Prof-specialty,Unmarried,White,Female,0,0,40,United-States,<=50K
26,Federal-gov,269786,Assoc-voc,11,Never-married,Adm-clerical,Not-in-family,Other,Male,0,0,55,United-States,<=50K
48,Private,163204,Bachelors,13,Divorced,Exec-managerial,Not-in-family,White,Female,0,0,50,United-States,>50K
50,?,87263,HS-grad,9,Married-civ-spouse,?,Husband,White,Male,0,0,55,United-States,>50K
48,Private,43705,10th,6,Married-civ-spouse,Craft-repair,Husband,White,Male,0,0,65,United-States,>50K
48,Private,156926,Bachelors,13,Married-civ-spouse,Sales,Husband,White,Male,0,0,45,United-States,>50K
50,Private,46401,Bachelors,13,Married-spouse-absent,Sales,Not-in-family,White,Female,0,0,20,Germany,<=50K
42,Private,653574,Some-college,10,Divorced,Machine-op-inspct,Not-in-family,White,Female,0,0,40,United-States,<=50K
41,Private,439608,Bachelors,13,Married-civ-spouse,Transport-moving,Husband,White,Male,0,0,48,Canada,>50K
45,Private,345285,Bachelors,13,Never-married,Transport-moving,Not-in-family,White,Male,0,0,30,United-States,<=50K
26,Private,94477,Some-college,10,Married-civ-spouse,Transport-moving,Husband,White,Male,7298,0,55,United-States,>50K
40,Private,213225,HS-grad,9,Divorced,Sales,Unmarried,White,Female,0,0,30,United-States,<=50K
43,Private,166459,Some-college,10,Divorced,Adm-clerical,Not-in-family,White,Male,0,0,48,United-States,<=50K
53,Local-gov,198813,HS-grad,9,Divorced,Prof-specialty,Not-in-family,White,Female,1831,0,40,United-States,>50K
44,Private,216711,HS-grad,9,Divorced,Other-service,Not-in-family,White,Male,0,0,37,United-States,<=50K
53,Private,239155,Some-college,10,Married-civ-spouse,Exec-managerial,Husband,White,Male,0,0,50,United-States,>50K
28,Private,425497,Some-college,10,Never-married,Adm-clerical,Own-child,Black,Male,0,0,40,United-States,<=50K
38,Private,26669,Masters,14,Married-civ-spouse,Exec-managerial,Husband,White,Male,0,0,60,United-States,>50K
57,Private,299347,Bachelors,13,Married-civ-spouse,Prof-specialty,Husband,White,Male,2907,0,40,United-States,>50K
25,Private,34377,HS-grad,9,Married-civ-spouse,Other-service,Husband,White,Male,0,0,50,Laos,<=50K
20,?,186916,Some-college,10,Never-married,?,Own-child,White,Female,0,0,40,United-States,<=50K
37,Private,218124,HS-grad,9,Married-civ-spouse,Craft-repair,Husband,White,Male,0,0,45,United-States,>50K
25,Private,460322,Bachelors,13,Never-married,Other-service,Own-child,White,Male,0,0,42,United-States,<=50K
30,Private,135924,5th-6th,3,Married-civ-spouse,Craft-repair,Husband,White,Male,0,0,40,Mexico,<=50K
37,Private,199698,Some-college,10,Married-civ-spouse,Other-service,Wife,White,Female,0,0,40,United-States,<=50K
61,Private,87032,HS-grad,9,Widowed,Adm-clerical,Not-in-family,White,Female,0,0,40,United-States,<=50K
29,Private,160512,HS-grad,9,Separated,Adm-clerical,Own-child,White,Female,0,0,40,United-States,<=50K
49,Private,235259,11th,7,Married-civ-spouse,Transport-moving,Husband,White,Male,0,0,40,United-States,<=50K
37,Private,216385,11th,7,Married-civ-spouse,Craft-repair,Husband,White,Male,0,0,45,United-States,<=50K
37,Private,198873,Some-college,10,Married-civ-spouse,Other-service,Wife,White,Female,0,0,40,United-States,<=50K
36,Private,238474,Bachelors,13,Married-civ-spouse,Prof-specialty,Husband,White,Male,0,1977,45,United-States,>50K
46,State-gov,102628,Masters,14,Widowed,Protective-serv,Unmarried,White,Male,0,0,40,United-States,<=50K
54,Local-gov,31478,Masters,14,Married-civ-spouse,Adm-clerical,Husband,White,Male,7298,0,40,United-States,>50K
52,Federal-gov,39222,Bachelors,13,Separated,Adm-clerical,Unmarried,Black,Female,0,0,40,United-States,<=50K
33,Private,69311,HS-grad,9,Never-married,Handlers-cleaners,Not-in-family,White,Male,0,0,40,United-States,<=50K
35,Private,37937,HS-grad,9,Divorced,Other-service,Not-in-family,White,Female,0,0,40,United-States,<=50K
41,Local-gov,268553,Some-college,10,Divorced,Exec-managerial,Not-in-family,White,Female,0,0,40,United-States,<=50K
38,?,75024,7th-8th,4,Divorced,?,Not-in-family,White,Female,0,0,40,United-States,<=50K
41,Private,84817,Assoc-voc,11,Divorced,Prof-specialty,Unmarried,White,Female,3887,0,40,United-States,<=50K
29,Private,187693,HS-grad,9,Divorced,Farming-fishing,Not-in-family,White,Male,0,0,40,United-States,<=50K
22,Private,192878,HS-grad,9,Never-married,Adm-clerical,Unmarried,White,Female,0,0,40,United-States,<=50K
51,Private,284166,HS-grad,9,Widowed,Prof-specialty,Unmarried,White,Female,0,0,35,United-States,<=50K
42,Private,263339,HS-grad,9,Married-civ-spouse,Craft-repair,Husband,White,Male,5178,0,40,United-States,>50K
21,Private,221955,HS-grad,9,Never-married,Other-service,Own-child,Black,Female,0,0,30,United-States,<=50K
35,Private,206974,HS-grad,9,Married-civ-spouse,Transport-moving,Husband,White,Male,0,0,60,United-States,<=50K
35,?,374716,9th,5,Married-civ-spouse,?,Wife,White,Female,0,0,35,United-States,<=50K
48,Private,85341,HS-grad,9,Married-civ-spouse,Craft-repair,Husband,White,Male,0,0,40,United-States,<=50K
27,Self-emp-inc,37778,HS-grad,9,Never-married,Sales,Not-in-family,White,Male,0,0,50,United-States,<=50K
35,Local-gov,72338,HS-grad,9,Divorced,Farming-fishing,Own-child,Asian-Pac-Islander,Male,0,0,56,United-States,<=50K
22,Private,145242,HS-grad,9,Never-married,Handlers-cleaners,Own-child,Amer-Indian-Eskimo,Male,0,0,40,United-States,<=50K
19,?,194095,Some-college,10,Never-married,?,Own-child,White,Male,0,0,40,United-States,<=50K
47,Private,146497,Some-college,10,Separated,Adm-clerical,Unmarried,White,Female,0,0,16,Germany,<=50K
62,Private,272669,HS-grad,9,Divorced,Priv-house-serv,Unmarried,Black,Female,0,0,99,United-States,<=50K
51,Private,145574,Masters,14,Married-civ-spouse,Exec-managerial,Husband,White,Male,99999,0,50,?,>50K
37,Private,174308,Bachelors,13,Married-civ-spouse,Farming-fishing,Husband,White,Male,0,0,45,United-States,<=50K
55,Private,84774,HS-grad,9,Married-civ-spouse,Priv-house-serv,Wife,White,Female,0,0,30,United-States,<=50K
44,Private,175339,Bachelors,13,Married-civ-spouse,Craft-repair,Husband,White,Male,0,0,12,United-States,<=50K
37,Private,175958,Bachelors,13,Married-civ-spouse,Tech-support,Husband,White,Male,0,0,40,United-States,>50K
63,Self-emp-not-inc,299383,7th-8th,4,Married-civ-spouse,Farming-fishing,Husband,White,Male,7688,0,60,United-States,>50K
46,State-gov,165852,Some-college,10,Married-civ-spouse,Exec-managerial,Husband,White,Male,0,0,40,United-States,>50K
45,Self-emp-not-inc,303677,10th,6,Married-civ-spouse,Craft-repair,Husband,Black,Male,0,0,40,Haiti,<=50K
42,Federal-gov,177907,Masters,14,Married-civ-spouse,Adm-clerical,Wife,White,Female,0,1902,40,United-States,>50K
37,Private,226500,Bachelors,13,Married-civ-spouse,Sales,Husband,White,Male,0,0,55,United-States,>50K
37,Private,216636,11th,7,Married-civ-spouse,Craft-repair,Husband,White,Male,0,0,45,United-States,<=50K
34,Private,321709,HS-grad,9,Never-married,Other-service,Not-in-family,White,Female,0,0,28,United-States,<=50K
34,Private,204991,Some-college,10,Divorced,Exec-managerial,Own-child,White,Male,0,0,44,United-States,<=50K
69,Self-emp-inc,106395,HS-grad,9,Married-civ-spouse,Other-service,Husband,White,Male,0,0,40,United-States,>50K
36,Private,160724,HS-grad,9,Married-civ-spouse,Machine-op-inspct,Husband,White,Male,0,0,60,United-States,<=50K
56,Private,182191,HS-grad,9,Married-civ-spouse,Transport-moving,Husband,White,Male,0,0,48,United-States,>50K
22,Private,112763,HS-grad,9,Married-civ-spouse,Craft-repair,Husband,White,Male,0,0,35,United-States,<=50K
61,Private,120672,Prof-school,15,Married-civ-spouse,Transport-moving,Husband,White,Male,0,0,5,United-States,>50K
46,Private,94809,Some-college,10,Divorced,Priv-house-serv,Unmarried,White,Female,0,0,30,United-States,<=50K
62,Private,244395,Doctorate,16,Married-civ-spouse,Prof-specialty,Husband,White,Male,15024,0,50,United-States,>50K
48,Private,196107,HS-grad,9,Divorced,Adm-clerical,Not-in-family,White,Female,0,0,30,United-States,<=50K
27,Private,188576,Bachelors,13,Separated,Prof-specialty,Not-in-family,Asian-Pac-Islander,Male,0,0,40,Philippines,>50K
31,Private,138105,Some-college,10,Married-AF-spouse,Sales,Wife,White,Female,0,0,20,United-States,<=50K
38,Private,27016,HS-grad,9,Married-civ-spouse,Farming-fishing,Husband,White,Male,0,0,42,United-States,<=50K
46,Private,353219,9th,5,Divorced,Other-service,Unmarried,White,Female,0,0,40,United-States,<=50K
33,Private,171114,HS-grad,9,Married-civ-spouse,Craft-repair,Husband,White,Male,0,0,40,United-States,<=50K
68,Private,203203,Some-college,10,Widowed,Exec-managerial,Not-in-family,White,Female,0,0,45,United-States,<=50K
46,Self-emp-not-inc,230229,Some-college,10,Separated,Prof-specialty,Not-in-family,White,Male,0,0,20,United-States,<=50K
63,Self-emp-not-inc,29859,7th-8th,4,Married-civ-spouse,Farming-fishing,Husband,White,Male,7688,0,60,United-States,>50K
24,Private,102258,Bachelors,13,Married-civ-spouse,Sales,Husband,White,Male,0,0,40,United-States,<=50K
50,Local-gov,50048,Masters,14,Married-civ-spouse,Prof-specialty,Husband,White,Male,0,0,52,United-States,>50K
38,Local-gov,156383,Some-college,10,Never-married,Protective-serv,Unmarried,Black,Female,0,0,40,United-States,<=50K
21,Private,133582,5th-6th,3,Never-married,Farming-fishing,Not-in-family,White,Male,2176,0,36,Mexico,<=50K
48,Private,154891,HS-grad,9,Married-civ-spouse,Craft-repair,Husband,White,Male,0,0,40,United-States,>50K
30,Private,118551,Bachelors,13,Married-civ-spouse,Tech-support,Wife,White,Female,0,0,16,United-States,>50K
39,Local-gov,113253,Bachelors,13,Married-civ-spouse,Prof-specialty,Wife,White,Female,0,0,50,United-States,>50K
50,Private,337505,HS-grad,9,Married-civ-spouse,Machine-op-inspct,Husband,White,Male,0,1485,40,United-States,<=50K
42,Private,188576,Bachelors,13,Married-civ-spouse,Prof-specialty,Husband,White,Male,0,0,40,United-States,<=50K
49,State-gov,423222,Masters,14,Married-civ-spouse,Sales,Husband,White,Male,99999,0,80,United-States,>50K
26,Private,275395,Some-college,10,Never-married,Other-service,Own-child,White,Male,0,0,20,United-States,<=50K
39,Private,108943,11th,7,Divorced,Other-service,Unmarried,White,Female,0,0,40,United-States,<=50K
41,Private,141323,HS-grad,9,Married-spouse-absent,Adm-clerical,Unmarried,White,Female,0,0,40,United-States,<=50K
45,Private,32954,Prof-school,15,Never-married,Prof-specialty,Not-in-family,White,Male,0,0,40,United-States,>50K
34,Self-emp-not-inc,120277,7th-8th,4,Never-married,Handlers-cleaners,Unmarried,Black,Male,0,0,10,United-States,<=50K
41,Private,237452,Bachelors,13,Married-civ-spouse,Prof-specialty,Wife,White,Female,0,0,15,Cuba,>50K
45,Self-emp-not-inc,243743,12th,8,Divorced,Craft-repair,Other-relative,Black,Male,0,0,35,United-States,<=50K
20,Private,201783,Some-college,10,Never-married,Protective-serv,Own-child,White,Male,0,0,33,United-States,<=50K
20,Private,215892,Some-college,10,Never-married,Adm-clerical,Own-child,White,Female,0,0,40,Mexico,<=50K
45,Private,34273,Bachelors,13,Never-married,Transport-moving,Not-in-family,White,Male,0,0,30,United-States,<=50K
31,Private,168524,Bachelors,13,Married-civ-spouse,Prof-specialty,Husband,White,Male,7688,0,40,Canada,>50K
29,Private,228649,Some-college,10,Married-civ-spouse,Exec-managerial,Husband,White,Male,0,1887,50,United-States,>50K
60,Local-gov,134768,Some-college,10,Married-civ-spouse,Protective-serv,Husband,White,Male,0,0,40,United-States,<=50K
18,Private,136651,Some-college,10,Never-married,Adm-clerical,Own-child,White,Male,0,0,40,United-States,<=50K
45,Private,246891,Assoc-voc,11,Married-civ-spouse,Prof-specialty,Husband,White,Male,0,1902,40,United-States,>50K
52,Self-emp-not-inc,210377,10th,6,Married-civ-spouse,Exec-managerial,Wife,Black,Female,0,0,40,United-States,<=50K
35,Private,169995,Some-college,10,Married-civ-spouse,Tech-support,Husband,White,Male,0,0,40,United-States,>50K
30,Private,302836,11th,7,Divorced,Sales,Own-child,White,Male,0,0,40,United-States,<=50K
30,State-gov,62535,Some-college,10,Never-married,Prof-specialty,Not-in-family,White,Female,0,0,5,United-States,<=50K
53,Local-gov,204387,HS-grad,9,Married-civ-spouse,Exec-managerial,Husband,White,Male,0,0,60,United-States,<=50K
58,Private,32948,Some-college,10,Divorced,Adm-clerical,Not-in-family,White,Female,0,0,40,United-States,<=50K
41,Private,185397,HS-grad,9,Separated,Adm-clerical,Unmarried,White,Female,0,0,40,United-States,<=50K
51,Private,277695,Some-college,10,Divorced,Priv-house-serv,Unmarried,Amer-Indian-Eskimo,Female,0,0,35,United-States,<=50K
45,Private,169995,Some-college,10,Divorced,Other-service,Not-in-family,White,Female,0,0,50,United-States,<=50K
33,Private,272069,Assoc-acdm,12,Never-married,Adm-clerical,Unmarried,Asian-Pac-Islander,Male,0,0,30,Hong,<=50K
44,Private,653574,HS-grad,9,Married-civ-spouse,Craft-repair,Husband,White,Male,0,0,72,United-States,<=50K
22,Private,107882,HS-grad,9,Never-married,Prof-specialty,Own-child,White,Female,0,0,20,United-States,<=50K
23,Private,259120,10th,6,Never-married,Craft-repair,Not-in-family,White,Male,0,0,40,United-States,<=50K
54,Self-emp-inc,166527,Prof-school,15,Married-civ-spouse,Prof-specialty,Husband,White,Male,99999,0,60,United-States,>50K
23,Private,345285,Assoc-acdm,12,Never-married,Prof-specialty,Not-in-family,Asian-Pac-Islander,Female,0,0,30,Vietnam,<=50K
61,Private,120508,Prof-school,15,Married-civ-spouse,Transport-moving,Husband,White,Male,0,0,5,United-States,>50K
36,Private,52152,Some-college,10,Divorced,Adm-clerical,Unmarried,White,Female,0,0,40,United-States,<=50K
37,Private,94334,7th-8th,4,Never-married,Machine-op-inspct,Own-child,White,Female,0,0,25,United-States,<=50K
64,Private,158948,HS-grad,9,Married-civ-spouse,Transport-moving,Husband,White,Male,10566,0,40,United-States,<=50K
25,Private,121370,Bachelors,13,Divorced,Craft-repair,Not-in-family,White,Male,0,0,40,United-States,<=50K
38,Federal-gov,172571,Some-college,10,Divorced,Adm-clerical,Not-in-family,White,Male,0,0,40,United-States,>50K
23,Self-emp-not-inc,188588,HS-grad,9,Married-civ-spouse,Handlers-cleaners,Own-child,White,Male,0,0,40,United-States,<=50K
25,State-gov,295912,Some-college,10,Never-married,Craft-repair,Not-in-family,White,Male,0,0,20,United-States,<=50K
17,Private,122041,11th,7,Never-married,Craft-repair,Own-child,White,Male,0,0,20,United-States,<=50K
45,Private,178506,Assoc-voc,11,Divorced,Handlers-cleaners,Not-in-family,White,Female,0,0,40,United-States,<=50K
34,Private,299383,HS-grad,9,Never-married,Craft-repair,Not-in-family,Black,Male,0,0,40,United-States,<=50K
36,Private,953588,11th,7,Widowed,Adm-clerical,Unmarried,White,Female,0,0,40,United-States,<=50K
30,Private,136651,5th-6th,3,Married-civ-spouse,Craft-repair,Husband,White,Male,0,0,40,Mexico,<=50K
36,State-gov,96468,Masters,14,Never-married,Prof-specialty,Own-child,White,Female,0,0,40,United-States,<=50K
37,Private,198953,Some-college,10,Married-civ-spouse,Other-service,Wife,White,Female,0,0,40,United-States,<=50K
36,Private,498785,Bachelors,13,Married-civ-spouse,Prof-specialty,Husband,White,Male,0,0,50,United-States,>50K
49,Self-emp-not-inc,148254,HS-grad,9,Divorced,Farming-fishing,Not-in-family,White,Female,0,0,28,United-States,<=50K
33,Private,340260,HS-grad,9,Married-civ-spouse,Craft-repair,Husband,White,Male,0,0,40,United-States,<=50K
54,Private,285854,HS-grad,9,Married-civ-spouse,Transport-moving,Husband,White,Male,0,0,40,United-States,>50K
56,?,423222,Assoc-acdm,12,Married-civ-spouse,?,Husband,White,Male,0,0,20,United-States,<=50K
53,Private,69236,HS-grad,9,Married-civ-spouse,Transport-moving,Husband,White,Male,0,0,40,United-States,<=50K
38,Private,182217,Bachelors,13,Married-civ-spouse,Sales,Husband,White,Male,0,0,50,Poland,<=50K
61,Local-gov,149981,HS-grad,9,Widowed,Adm-clerical,Not-in-family,White,Female,0,0,40,United-States,<=50K
51,Private,193882,HS-grad,9,Married-civ-spouse,Protective-serv,Husband,White,Male,0,0,40,United-States,<=50K
34,Private,118605,Bachelors,13,Never-married,Exec-managerial,Not-in-family,White,Female,0,0,40,United-States,<=50K
34,Self-emp-not-inc,197014,HS-grad,9,Married-civ-spouse,Craft-repair,Husband,White,Male,0,0,40,United-States,<=50K
26,Local-gov,73679,HS-grad,9,Never-married,Handlers-cleaners,Own-child,Amer-Indian-Eskimo,Male,0,0,30,United-States,<=50K
17,Private,184285,11th,7,Never-married,Sales,Own-child,White,Female,0,0,13,United-States,<=50K
18,Private,135924,Some-college,10,Never-married,Adm-clerical,Own-child,White,Male,0,0,40,United-States,<=50K
32,Private,258102,Bachelors,13,Never-married,Adm-clerical,Not-in-family,White,Female,0,0,50,United-States,<=50K
20,Private,393691,Some-college,10,Never-married,Farming-fishing,Not-in-family,White,Female,0,0,40,United-States,<=50K
36,Private,187693,Some-college,10,Married-civ-spouse,Exec-managerial,Husband,White,Male,0,0,50,United-States,>50K
20,Private,398931,Some-college,10,Never-married,Farming-fishing,Not-in-family,White,Female,0,0,40,United-States,<=50K
44,Private,109273,Some-college,10,Never-married,Craft-repair,Not-in-family,White,Male,0,0,38,United-States,<=50K
29,Private,112776,HS-grad,9,Divorced,Exec-managerial,Unmarried,White,Female,0,0,45,United-States,<=50K
36,Private,156926,HS-grad,9,Married-civ-spouse,Craft-repair,Husband,Other,Male,0,0,40,United-States,>50K
38,Private,50048,HS-grad,9,Married-civ-spouse,Handlers-cleaners,Husband,White,Male,0,0,40,United-States,<=50K
23,Private,260960,10th,6,Never-married,Craft-repair,Not-in-family,White,Male,0,0,40,United-States,<=50K
54,Private,221336,HS-grad,9,Widowed,Other-service,Unmarried,Asian-Pac-Islander,Female,0,0,40,Philippines,<=50K
28,Private,311395,Some-college,10,Never-married,Machine-op-inspct,Not-in-family,White,Male,0,0,42,United-States,<=50K
44,Private,692831,Some-college,10,Divorced,Adm-clerical,Not-in-family,Asian-Pac-Islander,Male,0,0,40,Japan,<=50K
41,Self-emp-not-inc,324637,Assoc-voc,11,Married-civ-spouse,Farming-fishing,Husband,White,Male,0,0,45,United-States,<=50K
28,Private,488720,Bachelors,13,Never-married,Adm-clerical,Not-in-family,White,Female,0,0,40,United-States,<=50K
60,Private,52465,Masters,14,Never-married,Prof-specialty,Not-in-family,White,Male,0,0,50,United-States,<=50K
59,Federal-gov,98984,Bachelors,13,Divorced,Adm-clerical,Not-in-family,White,Male,0,0,40,United-States,<=50K
55,Self-emp-not-inc,78954,HS-grad,9,Married-civ-spouse,Farming-fishing,Husband,Asian-Pac-Islander,Male,0,0,70,United-States,<=50K
37,Private,173090,Bachelors,13,Married-civ-spouse,Farming-fishing,Husband,White,Male,0,0,45,United-States,<=50K
34,Private,174714,Some-college,10,Married-civ-spouse,Other-service,Husband,White,Male,0,0,50,United-States,<=50K
52,Private,256253,Assoc-voc,11,Divorced,Adm-clerical,Not-in-family,White,Female,0,0,40,Germany,<=50K
42,Private,108502,HS-grad,9,Divorced,Sales,Not-in-family,White,Female,0,0,42,United-States,<=50K
33,Private,157887,9th,5,Married-civ-spouse,Machine-op-inspct,Husband,White,Male,0,0,50,United-States,<=50K
34,Private,134367,Masters,14,Married-civ-spouse,Prof-specialty,Husband,White,Male,7688,0,55,United-States,>50K
48,Private,246367,Some-college,10,Widowed,Adm-clerical,Not-in-family,White,Female,0,0,50,United-States,<=50K
37,Private,173682,Bachelors,13,Married-civ-spouse,Farming-fishing,Husband,White,Male,0,0,45,United-States,<=50K
19,?,193882,Some-college,10,Never-married,?,Own-child,White,Male,0,0,40,United-States,<=50K
53,Local-gov,204682,HS-grad,9,Married-civ-spouse,Exec-managerial,Husband,White,Male,0,0,60,United-States,<=50K
47,Private,204991,HS-grad,9,Married-civ-spouse,Craft-repair,Husband,White,Male,0,0,56,United-States,>50K
32,Private,87310,Masters,14,Married-civ-spouse,Sales,Husband,White,Male,0,0,60,United-States,>50K
37,Private,144032,HS-grad,9,Divorced,Exec-managerial,Unmarried,White,Female,0,0,50,United-States,<=50K
31,Private,309778,Bachelors,13,Separated,Sales,Own-child,Black,Female,0,0,40,United-States,<=50K
62,Private,244087,Doctorate,16,Married-civ-spouse,Prof-specialty,Husband,White,Male,15024,0,50,United-States,>50K
19,Private,119529,Some-college,10,Never-married,Other-service,Own-child,White,Female,0,0,15,United-States,<=50K
28,Local-gov,135924,Bachelors,13,Never-married,Adm-clerical,Not-in-family,Black,Female,4101,0,60,United-States,<=50K
45,Self-emp-not-inc,183898,Bachelors,13,Divorced,Prof-specialty,Not-in-family,White,Male,0,0,45,United-States,<=50K
31,Private,200997,Bachelors,13,Married-civ-spouse,Sales,Husband,White,Male,0,1902,45,United-States,>50K
30,Private,118551,Bachelors,13,Married-civ-spouse,Tech-support,Wife,White,Female,0,0,16,United-States,>50K
36,Private,174887,Bachelors,13,Married-civ-spouse,Prof-specialty,Husband,White,Male,0,1887,50,United-States,>50K
54,Private,51415,Doctorate,16,Married-civ-spouse,Exec-managerial,Husband,White,Male,0,1977,43,United-States,>50K
60,Private,52152,Masters,14,Never-married,Prof-specialty,Not-in-family,White,Male,0,0,50,United-States,<=50K
24,Private,43535,HS-grad,9,Divorced,Machine-op-inspct,Not-in-family,White,Male,0,0,40,United-States,<=50K
46,Private,94809,Some-college,10,Divorced,Priv-house-serv,Unmarried,White,Female,0,0,30,United-States,<=50K
46,Private,220269,Some-college,10,Married-civ-spouse,Tech-support,Husband,White,Male,0,0,40,United-States,>50K
17,Private,36877,10th,6,Never-married,Sales,Own-child,White,Female,0,0,10,United-States,<=50K
39,Private,305474,Some-college,10,Divorced,Exec-managerial,Unmarried,White,Female,0,0,15,United-States,<=50K
28,Local-gov,169069,HS-grad,9,Never-married,Protective-serv,Not-in-family,White,Male,0,0,40,United-States,<=50K
28,Local-gov,169069,HS-grad,9,Never-married,Protective-serv,Not-in-family,White,Male,0,0,40,United-States,<=50K
31,Private,168524,Bachelors,13,Never-married,Exec-managerial,Unmarried,White,Female,0,0,50,United-States,<=50K
45,Private,97176,11th,7,Divorced,Adm-clerical,Unmarried,White,Female,0,0,16,United-States,<=50K
38,Private,67243,Bachelors,13,Divorced,Exec-managerial,Not-in-family,White,Male,0,0,55,United-States,>50K
22,Federal-gov,281219,Some-college,10,Never-married,Transport-moving,Own-child,White,Male,0,0,4,United-States,<=50K
47,Private,34845,HS-grad,9,Married-civ-spouse,Transport-moving,Husband,White,Male,0,0,60,United-States,<=50K
42,Private,340260,Doctorate,16,Never-married,Prof-specialty,Not-in-family,White,Male,0,0,50,United-States,<=50K
71,Private,244688,7th-8th,4,Married-civ-spouse,Transport-moving,Husband,White,Male,6514,0,40,United-States,>50K
24,Private,231347,Assoc-acdm,12,Never-married,Adm-clerical,Own-child,White,Female,0,0,40,United-States,<=50K
40,Self-emp-not-inc,331481,HS-grad,9,Married-civ-spouse,Farming-fishing,Husband,White,Male,0,0,50,United-States,<=50K
33,Self-emp-inc,28738,Some-college,10,Married-civ-spouse,Exec-managerial,Husband,White,Male,0,0,50,United-States,>50K
40,Private,100292,HS-grad,9,Married-civ-spouse,Sales,Husband,White,Male,0,0,52,United-States,>50K
33,Private,402771,HS-grad,9,Married-spouse-absent,Adm-clerical,Other-relative,White,Female,0,0,32,United-States,<=50K
25,State-gov,218309,Bachelors,13,Never-married,Protective-serv,Not-in-family,Black,Female,0,0,40,United-States,<=50K
51,Private,284166,HS-grad,9,Widowed,Prof-specialty,Unmarried,White,Female,0,0,35,United-States,<=50K
52,Private,74275,Some-college,10,Married-civ-spouse,Sales,Husband,White,Male,7298,0,45,United-States,>50K
27,Private,154891,Some-college,10,Married-civ-spouse,Prof-specialty,Husband,White,Male,0,0,50,United-States,>50K
41,Private,265932,HS-grad,9,Divorced,Adm-clerical,Unmarried,White,Female,0,0,45,United-States,<=50K
45,Local-gov,234195,HS-grad,9,Divorced,Adm-clerical,Unmarried,White,Female,0,0,35,United-States,<=50K
67,Self-emp-inc,51461,Some-college,10,Married-civ-spouse,Sales,Husband,White,Male,0,0,40,United-States,<=50K
20,Private,223811,HS-grad,9,Never-married,Handlers-cleaners,Not-in-family,White,Male,0,0,40,United-States,<=50K
24,Private,255474,HS-grad,9,Never-married,Adm-clerical,Other-relative,Black,Female,0,0,20,United-States,<=50K
40,Private,100292,HS-grad,9,Married-civ-spouse,Sales,Husband,White,Male,0,0,52,United-States,>50K
29,Private,196243,HS-grad,9,Never-married,Machine-op-inspct,Not-in-family,White,Female,0,0,40,United-States,<=50K
27,Private,188576,Bachelors,13,Separated,Prof-specialty,Not-in-family,Asian-Pac-Islander,Male,0,0,40,Philippines,>50K
36,Private,496526,Bachelors,13,Married-civ-spouse,Prof-specialty,Husband,White,Male,0,0,50,United-States,>50K
47,Private,38268,Some-college,10,Married-civ-spouse,Prof-specialty,Husband,White,Male,0,0,40,Scotland,>50K
27,Private,96219,Bachelors,13,Never-married,Adm-clerical,Not-in-family,White,Female,0,0,45,United-States,<=50K
58,Private,98630,Masters,14,Married-civ-spouse,Prof-specialty,Husband,White,Male,0,0,40,United-States,>50K
32,State-gov,72338,Bachelors,13,Married-civ-spouse,Tech-support,Husband,White,Male,0,0,20,United-States,<=50K
44,Self-emp-not-inc,86750,Some-college,10,Married-civ-spouse,Farming-fishing,Husband,White,Male,4508,0,72,United-States,<=50K
39,Self-emp-not-inc,192455,HS-grad,9,Never-married,Exec-managerial,Not-in-family,White,Male,0,0,65,United-States,<=50K
33,Private,157273,9th,5,Married-civ-spouse,Machine-op-inspct,Husband,White,Male,0,0,50,United-States,<=50K
46,Private,140782,Assoc-acdm,12,Divorced,Prof-specialty,Not-in-family,White,Female,0,0,50,United-States,<=50K
58,Private,98630,Masters,14,Married-civ-spouse,Prof-specialty,Husband,White,Male,0,0,40,United-States,>50K
70,Private,105376,Some-college,10,Never-married,Tech-support,Other-relative,White,Male,0,0,40,United-States,<=50K
38,?,75024,7th-8th,4,Divorced,?,Not-in-family,White,Female,0,0,40,United-States,<=50K
51,Self-emp-not-inc,160724,Bachelors,13,Married-civ-spouse,Sales,Husband,Asian-Pac-Islander,Male,0,2415,40,China,>50K
46,Private,173005,11th,7,Widowed,Other-service,Not-in-family,White,Female,0,0,27,El-Salvador,<=50K
18,Private,37514,10th,6,Never-married,Transport-moving,Not-in-family,White,Male,0,0,56,United-States,<=50K
40,Private,179138,Bachelors,13,Never-married,Prof-specialty,Not-in-family,White,Female,0,0,40,United-States,<=50K
36,Private,188300,Some-college,10,Married-civ-spouse,Exec-managerial,Husband,White,Male,0,0,50,United-States,>50K
43,Private,287658,Bachelors,13,Married-civ-spouse,Sales,Husband,White,Male,0,0,40,United-States,>50K
27,Private,204788,HS-grad,9,Never-married,Adm-clerical,Not-in-family,White,Female,0,0,40,United-States,<=50K
29,Private,196029,HS-grad,9,Never-married,Machine-op-inspct,Not-in-family,White,Female,0,0,40,United-States,<=50K
17,Private,184466,11th,7,Never-married,Sales,Own-child,White,Female,0,0,13,United-States,<=50K
35,Private,215047,Some-college,10,Divorced,Adm-clerical,Not-in-family,White,Female,0,0,45,United-States,<=50K
24,Private,229553,HS-grad,9,Never-married,Other-service,Own-child,Black,Female,0,0,20,?,<=50K
36,Private,496526,Bachelors,13,Married-civ-spouse,Prof-specialty,Husband,White,Male,0,0,50,United-States,>50K
43,Private,112967,Some-college,10,Married-civ-spouse,Protective-serv,Husband,White,Male,0,0,40,United-States,<=50K
52,Private,163870,HS-grad,9,Married-civ-spouse,Other-service,Wife,White,Female,0,0,38,United-States,<=50K
18,Private,137991,11th,7,Never-married,Handlers-cleaners,Own-child,White,Male,0,0,40,United-States,<=50K
57,Self-emp-not-inc,258550,Bachelors,13,Married-civ-spouse,Exec-managerial,Husband,White,Male,0,0,50,United-States,<=50K
31,Private,198513,Some-college,10,Married-civ-spouse,Adm-clerical,Wife,White,Female,0,0,40,United-States,<=50K
57,Self-emp-not-inc,245317,Assoc-voc,11,Married-civ-spouse,Craft-repair,Husband,White,Male,0,0,40,United-States,>50K
25,Private,211032,5th-6th,3,Divorced,Other-service,Unmarried,Other,Female,0,0,20,Honduras,<=50K
38,Private,216149,Bachelors,13,Divorced,Other-service,Not-in-family,Black,Female,0,0,60,?,<=50K
54,Private,144586,Some-college,10,Married-civ-spouse,Sales,Wife,White,Female,0,0,40,United-States,>50K
52,Private,29658,HS-grad,9,Married-civ-spouse,Adm-clerical,Husband,White,Male,0,0,40,United-States,<=50K
36,Private,161092,HS-grad,9,Married-civ-spouse,Machine-op-inspct,Husband,White,Male,0,0,60,United-States,<=50K
50,Private,174645,Bachelors,13,Married-civ-spouse,Craft-repair,Husband,White,Male,0,1887,40,United-States,>50K
41,Private,144586,HS-grad,9,Married-civ-spouse,Exec-managerial,Husband,White,Male,0,0,60,United-States,<=50K
50,State-gov,248990,HS-grad,9,Married-civ-spouse,Handlers-cleaners,Husband,White,Male,0,0,40,United-States,<=50K
43,Private,379959,Masters,14,Divorced,Exec-managerial,Unmarried,White,Male,0,0,50,United-States,<=50K
54,Private,216149,Masters,14,Married-civ-spouse,Exec-managerial,Husband,White,Male,0,1887,44,United-States,>50K
34,Private,241844,HS-grad,9,Separated,Craft-repair,Unmarried,White,Male,0,0,80,United-States,<=50K
45,Self-emp-not-inc,314739,Bachelors,13,Married-civ-spouse,Sales,Husband,White,Male,2829,0,60,United-States,<=50K
27,Private,205359,HS-grad,9,Never-married,Adm-clerical,Not-in-family,White,Female,0,0,40,United-States,<=50K
25,Private,461678,Bachelors,13,Never-married,Other-service,Own-child,White,Male,0,0,43,United-States,<=50K
37,Private,255474,HS-grad,9,Separated,Craft-repair,Not-in-family,White,Male,0,0,50,United-States,<=50K
34,Private,141186,Some-college,10,Married-civ-spouse,Other-service,Husband,White,Male,0,0,62,Laos,<=50K
20,Private,215419,Some-college,10,Never-married,Adm-clerical,Own-child,White,Female,0,0,40,Mexico,<=50K
35,Private,247547,HS-grad,9,Separated,Prof-specialty,Other-relative,Black,Female,0,0,40,United-States,<=50K
63,Self-emp-not-inc,79011,1st-4th,2,Widowed,Other-service,Unmarried,White,Female,0,0,30,El-Salvador,<=50K
19,Private,236318,Some-college,10,Never-married,Sales,Own-child,White,Male,0,0,25,United-States,<=50K
48,State-gov,44434,Masters,14,Married-civ-spouse,Prof-specialty,Husband,White,Male,0,0,61,United-States,>50K
41,Private,84817,Assoc-voc,11,Divorced,Prof-specialty,Unmarried,White,Female,3887,0,40,United-States,<=50K
21,Private,74275,Some-college,10,Never-married,Exec-managerial,Own-child,White,Female,0,0,40,United-States,<=50K
36,Private,182191,10th,6,Never-married,Farming-fishing,Own-child,Black,Male,0,0,60,United-States,<=50K
45,Private,241844,HS-grad,9,Never-married,Transport-moving,Not-in-family,White,Male,0,0,40,United-States,<=50K
52,Self-emp-inc,74712,HS-grad,9,Married-civ-spouse,Sales,Husband,Asian-Pac-Islander,Male,0,0,40,United-States,>50K
47,Private,186067,Prof-school,15,Married-civ-spouse,Prof-specialty,Husband,White,Male,0,0,60,?,>50K
51,Private,284211,HS-grad,9,Widowed,Prof-specialty,Unmarried,White,Female,0,0,35,United-States,<=50K
48,Private,116641,HS-grad,9,Divorced,Adm-clerical,Unmarried,White,Female,0,0,45,United-States,<=50K
38,Private,349910,Some-college,10,Separated,Other-service,Unmarried,White,Female,0,0,40,United-States,<=50K
34,Self-emp-not-inc,349910,Some-college,10,Married-civ-spouse,Craft-repair,Husband,White,Male,0,0,40,United-States,<=50K
57,Private,127728,Bachelors,13,Married-civ-spouse,Exec-managerial,Husband,White,Male,14344,0,50,United-States,>50K
39,Private,365465,HS-grad,9,Married-civ-spouse,Craft-repair,Husband,White,Male,0,0,40,United-States,<=50K
36,Self-emp-not-inc,105021,Some-college,10,Married-civ-spouse,Exec-managerial,Husband,White,Male,0,0,55,United-States,>50K
67,?,201729,Bachelors,13,Divorced,?,Not-in-family,White,Female,0,0,60,United-States,<=50K
51,Private,142717,Doctorate,16,Divorced,Craft-repair,Not-in-family,White,Female,4787,0,60,United-States,>50K
36,Private,498785,Bachelors,13,Married-civ-spouse,Prof-specialty,Husband,White,Male,0,0,50,United-States,>50K
45,Self-emp-not-inc,305474,10th,6,Married-civ-spouse,Craft-repair,Husband,Black,Male,0,0,40,Guatemala,<=50K
45,Private,170092,Some-college,10,Divorced,Other-service,Not-in-family,White,Female,0,0,50,United-States,<=50K
25,Private,121712,Bachelors,13,Divorced,Craft-repair,Not-in-family,White,Male,0,0,40,United-States,<=50K
46,Private,212944,11th,7,Married-civ-spouse,Craft-repair,Husband,White,Male,0,0,32,United-States,<=50K
49,Private,167424,Bachelors,13,Divorced,Exec-managerial,Unmarried,White,Female,0,0,40,United-States,>50K
29,Private,107812,HS-grad,9,Divorced,Craft-repair,Not-in-family,White,Male,0,0,40,United-States,<=50K
20,Private,367240,Some-college,10,Never-married,Other-service,Own-child,White,Female,0,0,20,United-States,<=50K
18,Private,374969,10th,6,Never-married,Transport-moving,Not-in-family,White,Male,0,0,56,United-States,<=50K
39,Self-emp-not-inc,193416,HS-grad,9,Never-married,Exec-managerial,Not-in-family,White,Male,0,0,65,United-States,<=50K
61,Private,120939,Prof-school,15,Married-civ-spouse,Transport-moving,Husband,White,Male,0,0,5,United-States,>50K
37,Private,218124,HS-grad,9,Married-civ-spouse,Craft-repair,Husband,White,Male,0,0,45,United-States,>50K
30,Private,241805,HS-grad,9,Separated,Handlers-cleaners,Own-child,Black,Male,0,0,40,United-States,<=50K
57,Private,237691,HS-grad,9,Married-civ-spouse,Other-service,Husband,White,Male,0,0,40,Laos,<=50K
40,Private,213019,HS-grad,9,Divorced,Sales,Unmarried,White,Female,0,0,30,United-States,<=50K
59,State-gov,349910,Bachelors,13,Married-civ-spouse,Exec-managerial,Husband,White,Male,10605,0,50,United-States,>50K
30,Private,135924,5th-6th,4,Married-civ-spouse,Craft-repair,Husband,White,Male,0,0,40,Mexico,<=50K
54,Private,144586,Some-college,10,Married-civ-spouse,Sales,Wife,White,Female,0,0,40,United-States,>50K
61,Local-gov,150312,HS-grad,9,Widowed,Adm-clerical,Not-in-family,White,Female,0,0,40,United-States,<=50K
29,Private,227065,HS-grad,9,Never-married,Protective-serv,Other-relative,Black,Male,0,0,40,United-States,<=50K
49,Self-emp-not-inc,155862,HS-grad,9,Married-civ-spouse,Farming-fishing,Husband,White,Male,0,0,50,United-States,>50K
50,Private,133963,HS-grad,9,Divorced,Adm-clerical,Unmarried,White,Female,0,0,35,United-States,<=50K
20,Private,163814,HS-grad,9,Never-married,Handlers-cleaners,Own-child,White,Female,0,0,20,United-States,<=50K
37,Private,194336,HS-grad,9,Divorced,Craft-repair,Not-in-family,White,Male,0,0,50,United-States,<=50K
57,Private,144012,Bachelors,13,Married-civ-spouse,Exec-managerial,Husband,White,Male,0,0,40,United-States,>50K
20,?,337505,Some-college,10,Never-married,?,Own-child,Black,Male,0,0,30,United-States,<=50K
25,Private,36877,Assoc-acdm,12,Divorced,Other-service,Not-in-family,White,Female,0,0,32,United-States,<=50K
18,Private,37514,10th,6,Never-married,Transport-moving,Not-in-family,White,Male,0,0,56,United-States,<=50K
60,Private,206351,HS-grad,9,Separated,Other-service,Not-in-family,White,Female,0,0,25,United-States,<=50K
71,State-gov,100063,HS-grad,9,Married-civ-spouse,Craft-repair,Husband,Black,Male,0,0,40,United-States,<=50K
32,Private,151584,HS-grad,9,Separated,Craft-repair,Not-in-family,White,Male,0,0,53,United-States,<=50K
29,Private,211482,Bachelors,13,Married-civ-spouse,Sales,Husband,White,Male,0,0,40,United-States,<=50K
42,Private,66118,Some-college,10,Divorced,Machine-op-inspct,Not-in-family,White,Female,0,0,40,United-States,<=50K
32,Private,52795,Some-college,10,Never-married,Tech-support,Not-in-family,Black,Male,0,0,38,United-States,<=50K
39,Private,247806,Bachelors,13,Married-civ-spouse,Prof-specialty,Husband,White,Male,0,0,50,United-States,>50K
35,?,196232,Some-college,10,Married-civ-spouse,?,Husband,Asian-Pac-Islander,Male,0,0,40,Philippines,>50K
55,Private,84774,HS-grad,9,Married-civ-spouse,Priv-house-serv,Wife,White,Female,0,0,30,United-States,<=50K
69,Private,271122,HS-grad,9,Widowed,Adm-clerical,Not-in-family,White,Female,0,0,40,United-States,<=50K
20,Private,221095,HS-grad,9,Never-married,Craft-repair,Other-relative,Black,Male,0,0,40,United-States,<=50K
25,Private,371382,Assoc-acdm,12,Divorced,Other-service,Not-in-family,White,Female,0,0,32,United-States,<=50K
46,Private,220603,Some-college,10,Married-civ-spouse,Tech-support,Husband,White,Male,0,0,40,United-States,>50K
51,Private,190836,1st-4th,2,Widowed,Craft-repair,Not-in-family,White,Male,0,0,40,Mexico,<=50K
68,Private,204082,Some-college,10,Widowed,Exec-managerial,Not-in-family,White,Female,0,0,45,United-States,<=50K
27,Local-gov,191177,HS-grad,9,Never-married,Other-service,Own-child,White,Male,0,0,45,United-States,<=50K
44,Private,65038,HS-grad,9,Married-civ-spouse,Craft-repair,Husband,White,Male,0,0,72,United-States,<=50K
42,Private,34273,5th-6th,3,Married-civ-spouse,Other-service,Husband,White,Male,0,0,44,Mexico,<=50K
35,Self-emp-not-inc,189888,Bachelors,13,Married-civ-spouse,Farming-fishing,Husband,White,Male,0,0,45,United-States,<=50K
35,Private,37937,HS-grad,9,Divorced,Other-service,Not-in-family,White,Female,0,0,40,United-States,<=50K
29,Private,112776,HS-grad,9,Divorced,Exec-managerial,Unmarried,White,Female,0,0,45,United-States,<=50K
17,?,262196,10th,6,Never-married,?,Own-child,White,Male,0,0,8,United-States,<=50K
20,Private,227065,Some-college,10,Never-married,Other-service,Own-child,White,Female,0,0,20,United-States,<=50K
39,Private,320102,Masters,14,Never-married,Exec-managerial,Not-in-family,Black,Male,8614,0,52,United-States,>50K
53,Private,238474,HS-grad,9,Divorced,Adm-clerical,Unmarried,White,Female,0,0,40,United-States,<=50K
42,Private,263339,HS-grad,9,Married-civ-spouse,Craft-repair,Husband,White,Male,5013,0,40,United-States,>50K
28,Private,142764,HS-grad,9,Never-married,Machine-op-inspct,Not-in-family,White,Male,0,0,48,United-States,<=50K
39,Private,200471,Bachelors,13,Married-civ-spouse,Exec-managerial,Husband,White,Male,0,0,55,United-States,<=50K
36,Private,279173,Assoc-acdm,12,Never-married,Tech-support,Unmarried,White,Female,0,0,45,United-States,<=50K
30,Private,101266,HS-grad,9,Married-civ-spouse,Protective-serv,Husband,White,Male,0,0,40,United-States,<=50K
28,Private,306538,12th,8,Never-married,Prof-specialty,Unmarried,White,Female,0,0,40,United-States,<=50K
42,Private,443508,Bachelors,13,Married-civ-spouse,Sales,Husband,White,Male,0,0,60,United-States,<=50K
45,Private,170456,Some-college,10,Divorced,Other-service,Not-in-family,White,Female,0,0,50,United-States,<=50K
37,Self-emp-not-inc,151580,11th,7,Married-civ-spouse,Transport-moving,Husband,White,Male,0,0,45,United-States,<=50K
25,Private,36039,Bachelors,13,Never-married,Sales,Not-in-family,White,Male,3325,0,40,United-States,<=50K
20,Private,183009,Some-college,10,Never-married,Farming-fishing,Own-child,White,Male,0,0,40,United-States,<=50K
35,Private,170092,Some-college,10,Married-civ-spouse,Tech-support,Husband,White,Male,0,0,40,United-States,>50K
25,Private,37210,Assoc-acdm,12,Divorced,Other-service,Not-in-family,White,Female,0,0,32,United-States,<=50K
52,Private,202956,7th-8th,4,Married-civ-spouse,Craft-repair,Husband,White,Male,0,0,40,United-States,<=50K
38,Private,163814,HS-grad,9,Married-civ-spouse,Transport-moving,Husband,White,Male,0,1740,40,United-States,<=50K
36,Private,269722,Bachelors,13,Married-civ-spouse,Exec-managerial,Husband,White,Male,0,0,55,United-States,>50K
52,Private,201178,Bachelors,13,Divorced,Exec-managerial,Not-in-family,White,Male,0,0,40,?,<=50K
37,Private,138765,HS-grad,9,Separated,Craft-repair,Unmarried,White,Female,0,0,40,United-States,<=50K
29,State-gov,38151,Bachelors,13,Never-married,Craft-repair,Not-in-family,White,Male,0,0,40,United-States,<=50K
23,Private,38151,11th,7,Never-married,Other-service,Other-relative,White,Male,0,0,40,Philippines,<=50K
31,Private,168387,Bachelors,13,Married-civ-spouse,Prof-specialty,Husband,White,Male,7688,0,40,Canada,>50K
54,Private,183200,Some-college,10,Married-civ-spouse,Sales,Husband,White,Male,3137,0,50,United-States,<=50K
60,Federal-gov,119904,Some-college,10,Married-civ-spouse,Adm-clerical,Husband,White,Male,7298,0,40,United-States,>50K
42,Private,244688,HS-grad,9,Married-civ-spouse,Sales,Husband,White,Male,0,0,50,United-States,<=50K
22,?,265434,Some-college,10,Never-married,?,Not-in-family,White,Female,0,0,28,United-States,<=50K
42,Private,44402,Bachelors,13,Married-civ-spouse,Sales,Husband,White,Male,0,0,60,United-States,<=50K
28,Private,212944,HS-grad,9,Married-civ-spouse,Machine-op-inspct,Husband,White,Male,2414,0,40,United-States,<=50K
67,Private,160456,11th,7,Widowed,Other-service,Not-in-family,White,Female,0,0,40,United-States,<=50K
38,Local-gov,169104,Bachelors,13,Married-civ-spouse,Protective-serv,Husband,Asian-Pac-Islander,Male,0,0,40,Philippines,>50K
69,Private,272950,HS-grad,9,Widowed,Adm-clerical,Not-in-family,White,Female,0,0,40,United-States,<=50K
41,Private,141058,HS-grad,9,Married-spouse-absent,Adm-clerical,Unmarried,White,Female,0,0,40,United-States,<=50K
19,Private,119529,Some-college,10,Never-married,Other-service,Own-child,White,Female,0,0,15,United-States,<=50K
34,Self-emp-not-inc,120508,7th-8th,4,Never-married,Handlers-cleaners,Unmarried,Black,Male,0,0,10,United-States,<=50K
40,Private,244566,5th-6th,3,Married-civ-spouse,Craft-repair,Husband,White,Male,0,0,40,United-States,<=50K
30,Private,242552,HS-grad,9,Separated,Handlers-cleaners,Own-child,Black,Male,0,0,40,United-States,<=50K
21,Private,73392,Some-college,10,Never-married,Exec-managerial,Own-child,White,Female,0,0,40,United-States,<=50K
22,Private,112693,HS-grad,9,Married-civ-spouse,Craft-repair,Husband,White,Male,0,0,35,United-States,<=50K
26,Private,258121,Bachelors,13,Never-married,Adm-clerical,Own-child,White,Male,0,0,40,United-States,<=50K
23,Private,202872,Bachelors,13,Never-married,Prof-specialty,Not-in-family,White,Female,0,0,40,United-States,<=50K
20,?,337505,Some-college,10,Never-married,?,Own-child,Black,Male,0,0,30,United-States,<=50K
20,Private,224474,HS-grad,9,Never-married,Handlers-cleaners,Not-in-family,White,Male,0,0,40,United-States,<=50K
44,Private,57600,Some-college,10,Married-civ-spouse,Adm-clerical,Wife,White,Female,0,0,38,United-States,<=50K
59,Self-emp-not-inc,190997,10th,6,Married-civ-spouse,Exec-managerial,Husband,White,Male,0,0,36,United-States,<=50K
50,Self-emp-inc,249449,HS-grad,9,Married-civ-spouse,Exec-managerial,Husband,White,Male,0,0,50,United-States,>50K
33,Private,402771,HS-grad,9,Married-spouse-absent,Adm-clerical,Other-relative,White,Female,0,0,32,United-States,<=50K
23,State-gov,241951,Some-college,10,Never-married,Prof-specialty,Not-in-family,White,Male,0,0,40,United-States,<=50K
19,Private,219701,HS-grad,9,Never-married,Adm-clerical,Other-relative,White,Female,0,0,35,United-States,<=50K
58,State-gov,198146,Bachelors,13,Married-civ-spouse,Adm-clerical,Husband,White,Male,0,0,35,United-States,>50K
33,Self-emp-not-inc,189265,Some-college,10,Never-married,Other-service,Not-in-family,White,Female,0,0,5,United-States,<=50K
42,Private,161290,Bachelors,13,Married-civ-spouse,Sales,Husband,White,Male,7298,0,40,United-States,>50K
26,Private,340260,Bachelors,13,Never-married,Adm-clerical,Not-in-family,White,Female,0,0,40,United-States,<=50K
49,Private,202214,HS-grad,9,Divorced,Sales,Not-in-family,White,Female,0,0,32,United-States,<=50K
44,Private,198452,HS-grad,9,Married-civ-spouse,Craft-repair,Husband,White,Male,0,0,40,United-States,<=50K
44,Local-gov,682947,Masters,14,Never-married,Prof-specialty,Own-child,White,Female,0,0,55,United-States,<=50K
43,Private,172571,HS-grad,9,Married-civ-spouse,Sales,Husband,White,Male,0,0,40,United-States,>50K
36,Self-emp-not-inc,119176,HS-grad,9,Married-civ-spouse,Exec-managerial,Husband,White,Male,0,0,38,United-States,<=50K
57,Private,43535,Masters,14,Married-civ-spouse,Prof-specialty,Husband,White,Male,0,1977,45,United-States,>50K
36,Private,126708,11th,7,Married-civ-spouse,Exec-managerial,Husband,White,Male,0,1590,40,United-States,<=50K
49,Self-emp-not-inc,148254,HS-grad,9,Divorced,Farming-fishing,Not-in-family,White,Female,0,0,28,United-States,<=50K
46,Private,138557,Some-college,10,Married-civ-spouse,Craft-repair,Husband,White,Male,0,0,40,United-States,>50K
35,Private,108140,HS-grad,9,Divorced,Craft-repair,Not-in-family,White,Male,0,0,40,United-States,<=50K
44,Private,651702,HS-grad,9,Married-civ-spouse,Craft-repair,Husband,White,Male,0,0,72,United-States,<=50K
34,Self-emp-not-inc,235095,Bachelors,13,Married-civ-spouse,Prof-specialty,Husband,Black,Male,0,1887,48,United-States,>50K
38,Local-gov,169628,Bachelors,13,Married-civ-spouse,Protective-serv,Husband,Asian-Pac-Islander,Male,0,0,40,Philippines,>50K
40,Private,221533,Assoc-acdm,12,Married-civ-spouse,Exec-managerial,Husband,White,Male,0,0,50,United-States,>50K
43,Private,129499,10th,6,Never-married,Machine-op-inspct,Not-in-family,Black,Male,0,0,40,United-States,<=50K
20,State-gov,178510,Some-college,10,Never-married,Farming-fishing,Not-in-family,White,Male,0,0,40,United-States,<=50K
51,Private,193882,HS-grad,9,Married-civ-spouse,Protective-serv,Husband,White,Male,0,0,40,United-States,<=50K
53,Federal-gov,117779,Assoc-acdm,12,Married-civ-spouse,Adm-clerical,Husband,White,Male,0,0,40,United-States,<=50K
47,Local-gov,171351,HS-grad,9,Divorced,Adm-clerical,Not-in-family,White,Female,0,0,40,United-States,<=50K
27,State-gov,553473,Bachelors,13,Married-civ-spouse,Protective-serv,Wife,Black,Female,0,0,48,United-States,<=50K
26,State-gov,294400,HS-grad,9,Married-civ-spouse,Protective-serv,Husband,White,Male,0,0,38,United-States,<=50K
42,Self-emp-inc,78765,Some-college,10,Divorced,Exec-managerial,Unmarried,White,Male,0,0,90,United-States,>50K
18,Private,142030,11th,7,Never-married,Sales,Own-child,Black,Male,0,0,8,United-States,<=50K
58,Self-emp-not-inc,164938,HS-grad,9,Married-civ-spouse,Sales,Husband,White,Male,0,0,35,United-States,>50K
42,Private,169104,HS-grad,9,Married-civ-spouse,Sales,Husband,White,Male,0,0,48,United-States,<=50K
48,Self-emp-inc,84817,Some-college,10,Never-married,Craft-repair,Not-in-family,White,Male,0,0,45,United-States,<=50K
20,Private,235095,HS-grad,9,Never-married,Handlers-cleaners,Own-child,White,Male,0,0,30,United-States,<=50K
24,Private,206520,Bachelors,13,Never-married,Adm-clerical,Own-child,White,Female,0,0,40,United-States,<=50K
27,Private,21174,11th,7,Never-married,Handlers-cleaners,Other-relative,Black,Male,0,0,40,United-States,<=50K
45,Self-emp-not-inc,330080,Bachelors,13,Married-civ-spouse,Sales,Husband,White,Male,0,0,40,United-States,>50K
34,Private,241350,HS-grad,9,Separated,Craft-repair,Unmarried,White,Male,0,0,80,United-States,<=50K
57,Private,126708,Bachelors,13,Married-civ-spouse,Exec-managerial,Husband,White,Male,15024,0,50,United-States,>50K
40,Private,182191,Some-college,10,Married-civ-spouse,Other-service,Wife,White,Female,0,0,40,Scotland,<=50K
62,Private,244172,Doctorate,16,Married-civ-spouse,Prof-specialty,Husband,White,Male,14344,0,50,United-States,>50K
50,Private,205730,Masters,14,Married-civ-spouse,Sales,Husband,White,Male,15024,0,40,United-States,>50K
43,Private,269015,HS-grad,9,Married-civ-spouse,Machine-op-inspct,Husband,Black,Male,0,0,40,Germany,>50K
25,Local-gov,167424,Bachelors,13,Married-civ-spouse,Prof-specialty,Wife,White,Female,0,0,38,United-States,>50K
41,Private,266645,HS-grad,9,Divorced,Adm-clerical,Unmarried,White,Female,0,0,45,United-States,<=50K
28,Private,51415,Masters,14,Married-civ-spouse,Prof-specialty,Husband,White,Male,0,0,60,United-States,<=50K
20,Private,412316,Some-college,10,Never-married,Prof-specialty,Not-in-family,White,Female,0,0,40,United-States,<=50K
28,Local-gov,135567,Bachelors,13,Never-married,Adm-clerical,Not-in-family,Black,Female,4101,0,60,United-States,<=50K
27,State-gov,192302,Bachelors,13,Never-married,Prof-specialty,Not-in-family,White,Male,0,0,50,United-States,<=50K
20,Private,204387,Some-college,10,Never-married,Sales,Own-child,White,Female,0,0,32,United-States,<=50K
18,Private,300497,HS-grad,9,Never-married,Other-service,Own-child,White,Female,0,0,20,United-States,<=50K
51,Private,30226,Assoc-voc,11,Married-civ-spouse,Craft-repair,Husband,White,Male,0,0,40,Canada,>50K
25,State-gov,21798,Bachelors,13,Never-married,Protective-serv,Not-in-family,Black,Female,0,0,40,United-States,<=50K
39,Private,107991,Some-college,10,Married-civ-spouse,Exec-managerial,Husband,White,Male,0,0,45,United-States,>50K
27,Private,205359,HS-grad,9,Never-married,Adm-clerical,Not-in-family,White,Female,0,0,40,United-States,<=50K
29,Private,245053,11th,7,Never-married,Other-service,Unmarried,Black,Female,0,0,40,United-States,<=50K
52,Private,222646,12th,8,Separated,Machine-op-inspct,Other-relative,White,Female,0,0,40,Cuba,<=50K
30,Self-emp-inc,68330,Some-college,10,Married-civ-spouse,Sales,Husband,White,Male,0,0,50,United-States,<=50K
35,State-gov,35626,Some-college,10,Divorced,Adm-clerical,Unmarried,White,Female,0,0,15,United-States,<=50K
37,Private,218124,HS-grad,9,Married-civ-spouse,Craft-repair,Husband,White,Male,0,0,45,United-States,>50K
74,Private,147236,HS-grad,9,Widowed,Other-service,Not-in-family,White,Female,0,0,28,United-States,<=50K
32,Private,72393,HS-grad,9,Married-civ-spouse,Craft-repair,Husband,White,Male,0,0,40,United-States,<=50K
21,Private,220789,Some-college,10,Never-married,Sales,Own-child,White,Male,0,0,20,United-States,<=50K
33,Local-gov,120508,Bachelors,13,Divorced,Protective-serv,Unmarried,White,Female,0,0,60,Germany,<=50K
32,Private,212840,Assoc-voc,11,Never-married,Other-service,Not-in-family,White,Male,0,0,45,United-States,<=50K
23,Local-gov,251786,Bachelors,13,Never-married,Prof-specialty,Own-child,White,Female,594,0,40,United-States,<=50K
33,Private,23871,HS-grad,9,Divorced,Other-service,Unmarried,White,Female,0,0,30,United-States,<=50K
41,Private,173090,Assoc-voc,11,Married-civ-spouse,Craft-repair,Husband,White,Male,0,0,42,United-States,>50K
53,Self-emp-not-inc,263398,Assoc-voc,11,Married-civ-spouse,Sales,Husband,White,Male,0,0,50,United-States,>50K
26,Federal-gov,171928,Assoc-voc,11,Never-married,Craft-repair,Own-child,White,Male,0,0,50,Japan,<=50K
23,Self-emp-not-inc,188950,HS-grad,9,Married-civ-spouse,Handlers-cleaners,Own-child,White,Male,0,0,40,United-States,<=50K
29,State-gov,38268,Bachelors,13,Never-married,Craft-repair,Not-in-family,White,Male,0,0,40,United-States,<=50K
30,Private,145175,HS-grad,9,Never-married,Craft-repair,Not-in-family,White,Male,0,0,45,United-States,<=50K
33,Private,171216,Bachelors,13,Married-civ-spouse,Exec-managerial,Husband,White,Male,0,0,50,United-States,>50K
30,Private,496526,Assoc-voc,11,Married-civ-spouse,Handlers-cleaners,Husband,White,Male,0,0,40,Mexico,<=50K
37,Private,216149,11th,7,Married-civ-spouse,Craft-repair,Husband,White,Male,0,0,45,United-States,<=50K
19,Private,229553,Some-college,10,Never-married,Prof-specialty,Own-child,White,Male,0,0,11,United-States,<=50K
26,Self-emp-inc,97952,Bachelors,13,Never-married,Exec-managerial,Own-child,White,Male,0,0,80,United-States,<=50K
19,?,193689,Some-college,10,Never-married,?,Own-child,White,Male,0,0,40,United-States,<=50K
61,Private,149909,HS-grad,9,Married-civ-spouse,Adm-clerical,Wife,White,Female,2414,0,5,United-States,<=50K
27,Private,167835,HS-grad,9,Never-married,Exec-managerial,Own-child,White,Male,0,0,40,United-States,<=50K
22,Private,263398,Some-college,10,Never-married,Tech-support,Not-in-family,White,Male,0,0,50,United-States,<=50K
53,Private,154120,9th,5,Married-civ-spouse,Transport-moving,Husband,White,Male,0,0,40,United-States,<=50K
40,Private,200471,Bachelors,13,Separated,Sales,Not-in-family,White,Male,0,0,40,United-States,<=50K
47,Private,146497,Some-college,10,Separated,Adm-clerical,Unmarried,White,Female,0,0,16,Germany,<=50K
37,Self-emp-not-inc,204596,Some-college,10,Married-civ-spouse,Exec-managerial,Wife,White,Female,0,0,15,United-States,<=50K
42,Self-emp-not-inc,115932,HS-grad,9,Married-civ-spouse,Sales,Husband,White,Male,0,0,40,United-States,<=50K
43,Private,130532,10th,6,Never-married,Machine-op-inspct,Not-in-family,Black,Male,0,0,40,United-States,<=50K
21,Private,74275,Some-college,10,Never-married,Exec-managerial,Own-child,White,Female,0,0,40,United-States,<=50K
31,Private,271379,Assoc-voc,11,Divorced,Transport-moving,Not-in-family,White,Male,0,0,40,United-States,<=50K
27,Private,194630,Prof-school,15,Never-married,Prof-specialty,Own-child,White,Female,0,0,40,United-States,<=50K
32,Private,257863,Bachelors,13,Never-married,Adm-clerical,Not-in-family,White,Female,0,0,50,United-States,<=50K
60,Private,241013,HS-grad,9,Married-civ-spouse,Machine-op-inspct,Husband,Black,Male,0,0,40,United-States,<=50K
36,Private,334366,11th,7,Separated,Exec-managerial,Not-in-family,White,Female,0,0,32,United-States,<=50K
31,Private,309974,Bachelors,13,Separated,Sales,Own-child,Black,Female,0,0,40,United-States,<=50K
43,Private,172695,HS-grad,9,Married-civ-spouse,Sales,Husband,White,Male,0,0,40,United-States,>50K
39,Private,212944,Bachelors,13,Divorced,Prof-specialty,Unmarried,Black,Female,0,0,40,United-States,<=50K
48,Private,163204,Bachelors,13,Divorced,Exec-managerial,Not-in-family,White,Female,0,0,50,United-States,>50K
49,Private,234320,7th-8th,4,Never-married,Prof-specialty,Other-relative,Black,Male,0,0,45,United-States,<=50K
20,Private,104164,HS-grad,9,Never-married,Handlers-cleaners,Own-child,White,Male,0,0,40,United-States,<=50K
38,Private,129499,Some-college,10,Divorced,Sales,Unmarried,White,Male,1506,0,50,United-States,<=50K
35,Private,167424,Bachelors,13,Married-civ-spouse,Exec-managerial,Husband,White,Male,0,0,50,United-States,>50K
56,Self-emp-inc,216907,12th,8,Married-civ-spouse,Exec-managerial,Husband,White,Male,0,1651,40,United-States,<=50K
32,Private,373699,Bachelors,13,Married-civ-spouse,Exec-managerial,Husband,White,Male,0,0,45,United-States,>50K
40,Private,244087,5th-6th,3,Married-civ-spouse,Craft-repair,Husband,White,Male,0,0,40,United-States,<=50K
20,Private,221533,11th,7,Never-married,Craft-repair,Not-in-family,White,Male,0,0,40,United-States,<=50K
26,Private,258121,Bachelors,13,Never-married,Adm-clerical,Own-child,White,Male,0,0,40,United-States,<=50K
53,Local-gov,216711,Doctorate,16,Divorced,Prof-specialty,Not-in-family,White,Female,10520,0,40,United-States,>50K
27,Private,213750,Bachelors,13,Married-civ-spouse,Prof-specialty,Wife,White,Female,7298,0,45,England,>50K
24,Private,271122,Some-college,10,Never-married,Sales,Not-in-family,White,Female,0,0,25,United-States,<=50K
25,Private,164473,Bachelors,13,Never-married,Tech-support,Not-in-family,White,Male,0,0,40,United-States,<=50K
25,Private,174592,HS-grad,9,Never-married,Other-service,Own-child,White,Female,0,0,25,United-States,<=50K
43,Self-emp-inc,260617,Bachelors,13,Divorced,Farming-fishing,Not-in-family,White,Male,0,0,35,United-States,<=50K
40,Private,120277,Bachelors,13,Married-civ-spouse,Sales,Husband,White,Male,0,0,45,United-States,<=50K
47,Private,146365,HS-grad,9,Married-civ-spouse,Craft-repair,Husband,White,Male,0,0,40,United-States,>50K
30,Private,112358,Bachelors,13,Married-civ-spouse,Other-service,Husband,White,Male,0,0,60,United-States,>50K
33,Private,340260,HS-grad,9,Married-civ-spouse,Craft-repair,Husband,White,Male,0,0,40,United-States,<=50K
41,Private,106159,HS-grad,9,Never-married,Machine-op-inspct,Own-child,White,Male,13550,0,48,United-States,>50K
47,Local-gov,32948,11th,7,Married-spouse-absent,Craft-repair,Not-in-family,Black,Male,0,0,40,United-States,<=50K
47,Self-emp-inc,77146,Some-college,10,Married-civ-spouse,Exec-managerial,Husband,White,Male,1506,0,50,United-States,>50K
39,Private,149988,Some-college,10,Married-civ-spouse,Craft-repair,Husband,White,Male,0,0,55,United-States,>50K
44,Private,651702,HS-grad,9,Married-civ-spouse,Craft-repair,Husband,White,Male,0,0,72,United-States,<=50K
