age,workclass,fnlwgt,education,education-num,marital-status,occupation,relationship,race,sex,capital-gain,capital-loss,hours-per-week,native-country,income
40,Self-emp-inc,64885,Masters,14,Married-civ-spouse,Sales,Husband,White,Male,0,0,70,United-States,>50K
39,Private,192203,HS-grad,9,Married-civ-spouse,Transport-moving,Husband,White,Male,0,0,56,United-States,<=50K
20,Private,263015,HS-grad,9,Married-civ-spouse,Craft-repair,Husband,White,Male,0,0,40,United-States,<=50K
59,State-gov,132717,10th,6,Married-civ-spouse,Farming-fishing,Husband,White,Male,0,0,40,United-States,<=50K
58,Self-emp-not-inc,33386,Assoc-acdm,12,Married-civ-spouse,Craft-repair,Wife,White,Female,0,0,20,United-States,<=50K
38,Private,298841,HS-grad,9,Divorced,Adm-clerical,Own-child,White,Female,0,0,40,United-States,<=50K
47,Private,186824,Prof-school,15,Married-civ-spouse,Prof-specialty,Husband,White,Male,0,0,60,?,>50K
53,Private,347446,9th,5,Married-civ-spouse,Machine-op-inspct,Husband,Black,Male,0,0,40,United-States,<=50K
53,Private,35330,Some-college,10,Married-civ-spouse,Craft-repair,Husband,White,Male,0,0,47,United-States,>50K
35,Private,176900,Assoc-voc,11,Divorced,Craft-repair,Not-in-family,White,Male,0,0,40,United-States,<=50K
33,Private,249332,HS-grad,9,Married-civ-spouse,Machine-op-inspct,Husband,White,Male,0,0,50,United-States,<=50K
17,Private,240841,11th,7,Never-married,Adm-clerical,Own-child,White,Male,0,0,40,United-States,<=50K
19,Private,39477,HS-grad,9,Never-married,Adm-clerical,Own-child,White,Female,0,0,20,United-States,<=50K
48,Private,85374,HS-grad,9,Married-civ-spouse,Craft-repair,Husband,White,Male,0,0,40,United-States,<=50K
61,?,63526,12th,8,Never-married,?,Not-in-family,Black,Male,0,0,52,United-States,<=50K
21,Private,221157,Some-college,10,Never-married,Sales,Own-child,White,Male,0,0,20,United-States,<=50K
29,Private,161092,Assoc-acdm,12,Married-civ-spouse,Prof-specialty,Husband,White,Male,0,0,50,United-States,<=50K
23,Private,91658,Some-college,10,Divorced,Handlers-cleaners,Own-child,White,Male,0,0,40,United-States,<=50K
47,Private,276709,10th,6,Married-civ-spouse,Craft-repair,Husband,White,Male,0,0,35,United-States,<=50K
33,Private,149726,HS-grad,9,Married-civ-spouse,Sales,Husband,White,Male,0,0,40,United-States,>50K
36,Private,189703,Some-college,10,Separated,Other-service,Other-relative,Black,Female,0,0,40,United-States,<=50K
38,Private,216145,HS-grad,9,Married-civ-spouse,Machine-op-inspct,Husband,Black,Male,0,1740,40,Haiti,<=50K
59,State-gov,137304,Masters,14,Married-civ-spouse,Prof-specialty,Husband,White,Male,0,0,8,United-States,>50K
24,Private,285367,Bachelors,13,Married-civ-spouse,Prof-specialty,Husband,White,Male,0,0,40,United-States,<=50K
17,Private,271282,12th,8,Never-married,Other-service,Own-child,White,Female,0,0,16,United-States,<=50K
36,Private,220269,Masters,14,Married-civ-spouse,Sales,Husband,White,Male,0,1977,50,United-States,>50K
40,Self-emp-not-inc,328447,HS-grad,9,Married-civ-spouse,Farming-fishing,Husband,White,Male,0,0,50,United-States,<=50K
51,Private,231230,HS-grad,9,Married-civ-spouse,Machine-op-inspct,Husband,White,Male,0,0,45,United-States,<=50K
51,Private,339324,HS-grad,9,Married-civ-spouse,Craft-repair,Husband,White,Male,0,1902,40,United-States,>50K
48,Local-gov,102076,Bachelors,13,Never-married,Adm-clerical,Unmarried,White,Female,0,0,35,United-States,<=50K
46,Local-gov,122177,Bachelors,13,Married-civ-spouse,Prof-specialty,Husband,White,Male,0,0,60,United-States,<=50K
77,Local-gov,182276,7th-8th,4,Widowed,Adm-clerical,Not-in-family,White,Female,0,0,40,United-States,<=50K
47,Private,31115,Some-college,10,Divorced,Machine-op-inspct,Not-in-family,Black,Male,0,0,40,United-States,<=50K
42,Self-emp-not-inc,344624,Doctorate,16,Never-married,Prof-specialty,Not-in-family,White,Male,0,0,99,United-States,>50K
21,Private,61777,Some-college,10,Never-married,Craft-repair,Not-in-family,White,Male,0,0,70,United-States,<=50K
34,Self-emp-not-inc,120939,7th-8th,4,Never-married,Handlers-cleaners,Unmarried,Black,Male,0,0,10,United-States,<=50K
31,Private,85341,HS-grad,9,Never-married,Other-service,Not-in-family,White,Male,0,0,42,United-States,<=50K
55,Self-emp-not-inc,79011,HS-grad,9,Married-civ-spouse,Farming-fishing,Husband,Asian-Pac-Islander,Male,0,0,70,United-States,<=50K
44,Private,287372,Some-college,10,Married-civ-spouse,Transport-moving,Husband,Black,Male,0,0,40,United-States,<=50K
34,Private,56520,Some-college,10,Married-civ-spouse,Exec-managerial,Husband,White,Male,0,0,50,United-States,>50K
33,Private,33895,HS-grad,9,Married-civ-spouse,Craft-repair,Husband,White,Male,0,0,40,United-States,<=50K
35,Private,351416,Some-college,10,Married-civ-spouse,Sales,Husband,White,Male,0,0,60,United-States,>50K
39,Private,370119,HS-grad,9,Married-civ-spouse,Craft-repair,Husband,White,Male,0,0,40,United-States,<=50K
36,Federal-gov,472604,Some-college,10,Divorced,Exec-managerial,Unmarried,Black,Female,0,0,40,United-States,>50K
61,Private,58343,Bachelors,13,Divorced,Adm-clerical,Not-in-family,White,Female,0,0,35,United-States,<=50K
35,Local-gov,116960,Masters,14,Married-civ-spouse,Prof-specialty,Husband,White,Male,0,1887,40,United-States,>50K
32,State-gov,159537,Assoc-acdm,12,Married-civ-spouse,Craft-repair,Husband,White,Male,0,0,40,United-States,<=50K
27,Self-emp-not-inc,357173,HS-grad,9,Never-married,Sales,Not-in-family,Black,Male,0,0,40,United-States,<=50K
25,Private,121285,Bachelors,13,Divorced,Craft-repair,Not-in-family,White,Male,0,0,40,United-States,<=50K
51,Private,306183,Assoc-voc,11,Married-civ-spouse,Craft-repair,Husband,White,Male,0,0,40,Canada,>50K
32,Private,184806,Bachelors,13,Married-civ-spouse,Craft-repair,Husband,White,Male,0,0,55,United-States,>50K
54,Private,175625,HS-grad,9,Married-civ-spouse,Sales,Husband,White,Male,0,0,50,United-States,<=50K
59,Private,169611,HS-grad,9,Divorced,Sales,Unmarried,White,Female,0,0,40,United-States,<=50K
35,Private,259652,HS-grad,9,Married-spouse-absent,Transport-moving,Other-relative,White,Female,0,0,40,Dominican-Republic,<=50K
40,Self-emp-inc,64885,Masters,14,Married-civ-spouse,Sales,Husband,White,Male,0,0,70,United-States,>50K
40,Private,327825,HS-grad,9,Married-civ-spouse,Craft-repair,Husband,White,Male,0,0,40,United-States,<=50K
37,Private,141584,Assoc-acdm,12,Married-civ-spouse,Other-service,Husband,White,Male,0,0,47,United-States,<=50K
27,Private,344200,Assoc-voc,11,Never-married,Prof-specialty,Not-in-family,White,Female,0,1876,36,Canada,<=50K
32,State-gov,159537,Assoc-acdm,12,Married-civ-spouse,Craft-repair,Husband,White,Male,0,0,40,United-States,<=50K
51,Private,245317,Some-college,10,Married-civ-spouse,Adm-clerical,Wife,White,Female,0,0,40,United-States,<=50K
51,Private,348092,Some-college,10,Divorced,Prof-specialty,Unmarried,White,Female,0,0,40,United-States,<=50K
18,Private,51789,Some-college,10,Never-married,Other-service,Own-child,White,Male,0,0,8,United-States,<=50K
24,Private,280169,Some-college,10,Married-civ-spouse,Machine-op-inspct,Wife,White,Female,7298,0,48,United-States,>50K
39,Private,138192,Bachelors,13,Married-civ-spouse,Craft-repair,Husband,White,Male,0,0,40,United-States,>50K
32,Private,193042,HS-grad,9,Never-married,Craft-repair,Own-child,White,Male,0,0,40,United-States,<=50K
33,Private,251786,HS-grad,9,Married-civ-spouse,Machine-op-inspct,Husband,White,Male,0,0,47,United-States,<=50K
51,Local-gov,250782,9th,5,Married-civ-spouse,Other-service,Wife,White,Female,0,0,38,Puerto-Rico,<=50K
41,Private,111895,HS-grad,9,Married-civ-spouse,Craft-repair,Husband,White,Male,0,0,60,United-States,>50K
70,?,149040,HS-grad,9,Widowed,?,Not-in-family,White,Female,2964,0,12,United-States,<=50K
54,Private,82566,Assoc-acdm,12,Married-civ-spouse,Sales,Husband,White,Male,0,0,45,United-States,<=50K
43,Local-gov,421837,Some-college,10,Separated,Craft-repair,Not-in-family,Black,Male,0,0,40,United-States,<=50K
44,State-gov,26947,Doctorate,16,Divorced,Prof-specialty,Not-in-family,White,Female,0,1092,40,United-States,<=50K
29,Private,185015,Prof-school,15,Never-married,Prof-specialty,Other-relative,White,Male,0,0,50,United-States,<=50K
66,Private,33619,HS-grad,9,Married-civ-spouse,Other-service,Husband,Black,Male,0,0,4,United-States,<=50K
50,Private,241832,Assoc-voc,11,Divorced,Other-service,Not-in-family,White,Female,0,0,20,United-States,<=50K
44,Private,196243,Masters,14,Divorced,Exec-managerial,Not-in-family,White,Male,0,0,50,United-States,<=50K
32,Private,282779,Assoc-voc,11,Divorced,Sales,Unmarried,White,Female,0,1380,40,United-States,<=50K
42,Private,251346,HS-grad,9,Married-civ-spouse,Machine-op-inspct,Husband,White,Male,0,0,40,United-States,>50K
26,Private,127388,HS-grad,9,Divorced,Machine-op-inspct,Not-in-family,White,Male,0,0,40,United-States,<=50K
27,Local-gov,190747,HS-grad,9,Never-married,Other-service,Own-child,White,Male,0,0,45,United-States,<=50K
28,Private,207066,Bachelors,13,Married-civ-spouse,Sales,Husband,White,Male,7298,0,42,United-States,>50K
22,Private,31478,11th,7,Never-married,Craft-repair,Unmarried,White,Male,0,0,40,United-States,<=50K
48,Private,95244,Some-college,10,Divorced,Other-service,Unmarried,Black,Female,0,0,35,United-States,<=50K
33,Private,118786,Bachelors,13,Never-married,Sales,Not-in-family,White,Male,0,1590,40,United-States,<=50K
32,Private,209609,Some-college,10,Never-married,Craft-repair,Not-in-family,White,Male,0,0,40,United-States,<=50K
25,Private,371987,HS-grad,9,Divorced,Adm-clerical,Not-in-family,White,Female,0,0,40,United-States,<=50K
52,Self-emp-inc,131573,Bachelors,13,Married-civ-spouse,Exec-managerial,Husband,White,Male,0,0,50,United-States,>50K
33,?,205005,Some-college,10,Never-married,?,Not-in-family,White,Male,2907,0,20,United-States,<=50K
51,Local-gov,99064,Masters,14,Married-civ-spouse,Prof-specialty,Husband,White,Male,0,0,35,United-States,<=50K
46,Private,172695,11th,7,Widowed,Other-service,Not-in-family,White,Female,0,0,27,El-Salvador,<=50K
27,Private,194134,Prof-school,15,Never-married,Prof-specialty,Own-child,White,Female,0,0,40,United-States,<=50K
65,Private,89681,Masters,14,Never-married,Prof-specialty,Not-in-family,White,Male,0,0,99,United-States,<=50K
29,?,413297,Bachelors,13,Married-spouse-absent,?,Not-in-family,White,Male,0,0,50,United-States,<=50K
33,Private,226296,HS-grad,9,Divorced,Exec-managerial,Not-in-family,White,Male,0,0,60,United-States,<=50K
81,?,89391,Prof-school,15,Married-civ-spouse,?,Husband,White,Male,0,0,24,United-States,>50K
50,Self-emp-not-inc,99894,5th-6th,3,Never-married,Tech-support,Not-in-family,Asian-Pac-Islander,Female,0,0,15,United-States,<=50K
24,Local-gov,32916,Bachelors,13,Never-married,Prof-specialty,Not-in-family,White,Male,0,0,35,United-States,<=50K
30,Private,490332,Some-college,10,Married-civ-spouse,Transport-moving,Husband,White,Male,0,0,80,United-States,>50K
31,Self-emp-not-inc,113293,HS-grad,9,Divorced,Craft-repair,Not-in-family,White,Male,0,0,60,United-States,<=50K
39,Private,107991,Some-college,10,Married-civ-spouse,Exec-managerial,Husband,White,Male,0,0,45,United-States,>50K
41,Private,125491,Some-college,10,Divorced,Craft-repair,Not-in-family,White,Male,0,0,40,United-States,>50K
31,Self-emp-not-inc,31478,Some-college,10,Never-married,Prof-specialty,Own-child,White,Male,0,0,45,United-States,>50K
30,Private,48597,Masters,14,Never-married,Adm-clerical,Not-in-family,White,Female,0,0,40,France,<=50K
37,Federal-gov,214542,Some-college,10,Divorced,Adm-clerical,Unmarried,Black,Female,0,0,40,United-States,<=50K
31,Private,196689,Prof-school,15,Divorced,Prof-specialty,Not-in-family,White,Female,0,0,45,United-States,>50K
31,Private,226525,Some-college,10,Married-civ-spouse,Craft-repair,Husband,White,Male,0,0,55,United-States,>50K
26,Private,131573,HS-grad,9,Never-married,Adm-clerical,Own-child,White,Female,0,0,40,United-States,<=50K
58,Private,111483,HS-grad,9,Married-civ-spouse,Farming-fishing,Husband,White,Male,0,0,45,United-States,<=50K
32,Private,107882,HS-grad,9,Married-civ-spouse,Machine-op-inspct,Husband,White,Male,5178,0,50,United-States,>50K
24,Private,37514,Bachelors,13,Never-married,Sales,Own-child,White,Female,0,1504,40,United-States,<=50K
28,Private,340917,Bachelors,13,Never-married,Sales,Not-in-family,White,Male,0,0,45,United-States,<=50K
47,Private,276709,10th,6,Married-civ-spouse,Craft-repair,Husband,White,Male,0,0,35,United-States,<=50K
18,Private,51789,Some-college,10,Never-married,Other-service,Own-child,White,Male,0,0,8,United-States,<=50K
37,Private,336891,Some-college,10,Married-civ-spouse,Transport-moving,Husband,White,Male,0,0,50,United-States,<=50K
28,Federal-gov,365465,Some-college,10,Never-married,Adm-clerical,Not-in-family,White,Female,0,0,40,United-States,<=50K
63,Private,254935,Assoc-voc,11,Divorced,Other-service,Not-in-family,White,Female,0,0,20,United-States,<=50K
21,Private,375049,Some-college,10,Never-married,Adm-clerical,Own-child,White,Male,0,0,30,United-States,<=50K
29,Private,189703,HS-grad,9,Divorced,Farming-fishing,Not-in-family,White,Male,0,0,40,United-States,<=50K
19,Private,102723,Some-college,10,Never-married,Adm-clerical,Own-child,White,Female,0,0,40,United-States,<=50K
19,Private,145139,Some-college,10,Never-married,Adm-clerical,Own-child,White,Male,0,0,18,United-States,<=50K
49,Self-emp-not-inc,393691,Some-college,10,Married-civ-spouse,Prof-specialty,Husband,White,Male,0,0,40,United-States,>50K
24,Private,182460,HS-grad,9,Married-civ-spouse,Other-service,Wife,White,Female,0,0,25,United-States,<=50K
25,Private,359985,5th-6th,3,Never-married,Adm-clerical,Not-in-family,White,Female,0,0,33,Mexico,<=50K
18,Self-emp-not-inc,132717,HS-grad,9,Never-married,Farming-fishing,Own-child,White,Male,0,0,40,United-States,<=50K
54,Private,144236,Some-college,10,Married-civ-spouse,Sales,Wife,White,Female,0,0,40,United-States,>50K
49,Local-gov,224474,Some-college,10,Divorced,Adm-clerical,Not-in-family,White,Female,0,0,44,United-States,<=50K
39,Private,150993,Some-college,10,Married-civ-spouse,Craft-repair,Husband,White,Male,0,0,55,United-States,>50K
50,Private,237868,HS-grad,9,Married-civ-spouse,Sales,Husband,White,Male,0,1887,55,United-States,>50K
60,Private,205803,HS-grad,9,Separated,Other-service,Not-in-family,White,Female,0,0,25,United-States,<=50K
34,Private,114157,Bachelors,13,Married-civ-spouse,Exec-managerial,Husband,White,Male,0,0,40,United-States,<=50K
19,Private,102723,Some-college,10,Never-married,Adm-clerical,Own-child,White,Female,0,0,40,United-States,<=50K
35,Private,548580,12th,8,Never-married,Sales,Not-in-family,Black,Female,0,0,40,United-States,<=50K
23,Private,210474,Some-college,10,Never-married,Other-service,Own-child,White,Female,0,0,20,United-States,<=50K
46,Private,403911,HS-grad,9,Married-civ-spouse,Craft-repair,Husband,Black,Male,0,1902,40,United-States,>50K
40,Private,71738,Masters,14,Married-civ-spouse,Exec-managerial,Husband,White,Male,0,0,46,United-States,>50K
19,Private,134768,HS-grad,9,Never-married,Other-service,Own-child,White,Male,0,0,35,United-States,<=50K
30,Private,169104,Assoc-acdm,12,Never-married,Other-service,Other-relative,Asian-Pac-Islander,Male,0,0,40,Vietnam,<=50K
18,Self-emp-not-inc,254935,10th,6,Never-married,Farming-fishing,Own-child,White,Male,0,0,40,United-States,<=50K
52,Private,213921,HS-grad,9,Widowed,Other-service,Not-in-family,Amer-Indian-Eskimo,Female,0,0,40,United-States,<=50K
24,Private,373606,Bachelors,13,Never-married,Sales,Own-child,White,Female,0,1504,40,United-States,<=50K
37,State-gov,46814,Bachelors,13,Never-married,Prof-specialty,Not-in-family,White,Male,0,0,38,United-States,<=50K
31,Private,507875,9th,5,Married-civ-spouse,Machine-op-inspct,Husband,White,Male,0,0,43,United-States,<=50K
30,State-gov,61989,Some-college,10,Never-married,Prof-specialty,Not-in-family,White,Female,0,0,5,United-States,<=50K
57,Private,144750,Bachelors,13,Married-civ-spouse,Exec-managerial,Husband,White,Male,0,0,40,United-States,>50K
47,?,224700,HS-grad,9,Widowed,?,Unmarried,White,Female,0,0,40,United-States,<=50K
44,Private,32367,Doctorate,16,Married-civ-spouse,Prof-specialty,Husband,White,Male,0,0,20,United-States,<=50K
42,Private,183735,Masters,14,Married-civ-spouse,Prof-specialty,Wife,White,Female,0,0,45,United-States,>50K
34,Private,113530,Bachelors,13,Married-civ-spouse,Exec-managerial,Husband,White,Male,0,0,40,United-States,<=50K
23,Private,136162,Bachelors,13,Never-married,Sales,Own-child,Asian-Pac-Islander,Male,0,0,40,United-States,<=50K
45,Self-emp-inc,84231,Assoc-acdm,12,Married-civ-spouse,Prof-specialty,Husband,White,Male,0,0,50,United-States,>50K
74,?,89667,Bachelors,13,Widowed,?,Not-in-family,Other,Female,0,0,35,United-States,<=50K
47,Self-emp-inc,78141,Some-college,10,Married-civ-spouse,Exec-managerial,Husband,White,Male,15024,0,50,United-States,>50K
42,Private,337505,Some-college,10,Divorced,Adm-clerical,Not-in-family,Black,Female,0,0,40,United-States,<=50K
33,Private,402848,HS-grad,9,Married-spouse-absent,Adm-clerical,Other-relative,White,Female,0,0,32,United-States,<=50K
21,Private,305874,Some-college,10,Married-civ-spouse,Craft-repair,Husband,White,Male,0,0,54,United-States,<=50K
50,Private,113129,HS-grad,9,Divorced,Adm-clerical,Not-in-family,White,Female,0,0,40,United-States,<=50K
43,Private,137126,Some-college,10,Married-civ-spouse,Exec-managerial,Husband,White,Male,0,0,40,United-States,>50K
18,Private,51838,Some-college,10,Never-married,Other-service,Own-child,White,Male,0,0,8,United-States,<=50K
19,Private,84747,HS-grad,9,Never-married,Sales,Own-child,White,Female,0,0,24,United-States,<=50K
42,Private,337505,Some-college,10,Divorced,Adm-clerical,Not-in-family,Black,Female,0,0,40,United-States,<=50K
57,Private,127388,Bachelors,13,Married-civ-spouse,Exec-managerial,Husband,White,Male,1506,0,50,United-States,>50K
54,Private,215423,Masters,14,Married-civ-spouse,Exec-managerial,Husband,White,Male,0,1887,44,United-States,>50K
61,?,63526,12th,8,Never-married,?,Not-in-family,Black,Male,0,0,52,United-States,<=50K
50,Private,205100,Masters,14,Married-civ-spouse,Sales,Husband,White,Male,15024,0,40,United-States,>50K
62,State-gov,254907,HS-grad,9,Married-civ-spouse,Adm-clerical,Husband,White,Male,0,0,40,United-States,<=50K
40,Self-emp-not-inc,328906,HS-grad,9,Married-civ-spouse,Farming-fishing,Husband,White,Male,0,0,50,United-States,<=50K
49,Private,62546,Bachelors,13,Married-civ-spouse,Exec-managerial,Husband,White,Male,0,0,40,United-States,>50K
32,Private,193304,HS-grad,9,Never-married,Craft-repair,Own-child,White,Male,0,0,40,United-States,<=50K
17,Private,81853,10th,6,Never-married,Priv-house-serv,Other-relative,White,Male,0,0,30,United-States,<=50K
26,Private,193132,HS-grad,9,Married-civ-spouse,Craft-repair,Husband,White,Male,0,0,40,United-States,<=50K
22,State-gov,119721,Some-college,10,Never-married,Other-service,Own-child,White,Male,0,0,10,United-States,<=50K
26,Private,192302,Some-college,10,Married-civ-spouse,Exec-managerial,Wife,White,Female,0,0,25,United-States,<=50K
56,Self-emp-not-inc,296453,Prof-school,15,Married-civ-spouse,Prof-specialty,Husband,White,Male,0,0,55,England,>50K
31,Self-emp-not-inc,234537,Some-college,10,Married-civ-spouse,Craft-repair,Husband,White,Male,0,0,60,United-States,<=50K
36,Private,130773,HS-grad,9,Married-civ-spouse,Machine-op-inspct,Husband,White,Male,0,0,40,United-States,>50K
35,Private,215419,Some-college,10,Divorced,Adm-clerical,Not-in-family,White,Female,0,0,45,United-States,<=50K
61,Federal-gov,95680,Assoc-acdm,12,Married-civ-spouse,Exec-managerial,Husband,Asian-Pac-Islander,Male,3103,0,40,United-States,>50K
45,Private,107231,Assoc-acdm,12,Married-civ-spouse,Craft-repair,Husband,White,Male,0,0,45,United-States,<=50K
20,Private,265706,HS-grad,9,Married-civ-spouse,Craft-repair,Husband,White,Male,0,0,40,United-States,<=50K
71,State-gov,100063,HS-grad,9,Married-civ-spouse,Craft-repair,Husband,Black,Male,0,0,40,United-States,<=50K
29,Private,195949,Prof-school,15,Divorced,Prof-specialty,Own-child,White,Female,2174,0,72,United-States,<=50K
60,Private,241648,HS-grad,9,Married-civ-spouse,Machine-op-inspct,Husband,Black,Male,0,0,40,United-States,<=50K
18,Private,296453,HS-grad,9,Never-married,Other-service,Own-child,White,Female,0,0,20,United-States,<=50K
45,Private,156410,Some-college,10,Married-civ-spouse,Adm-clerical,Husband,Black,Male,0,0,40,United-States,>50K
33,Private,161141,HS-grad,9,Married-civ-spouse,Handlers-cleaners,Husband,White,Male,0,0,40,United-States,<=50K
35,Local-gov,116960,Masters,14,Married-civ-spouse,Prof-specialty,Husband,White,Male,0,1887,40,United-States,>50K
37,Local-gov,74194,Assoc-voc,11,Married-civ-spouse,Exec-managerial,Husband,White,Male,0,0,45,United-States,<=50K
23,Private,135138,Bachelors,13,Never-married,Sales,Own-child,Asian-Pac-Islander,Male,0,0,40,United-States,<=50K
36,Private,132178,HS-grad,9,Married-civ-spouse,Machine-op-inspct,Husband,White,Male,0,0,40,United-States,>50K
30,Private,121775,Bachelors,13,Married-civ-spouse,Farming-fishing,Husband,White,Male,0,0,40,United-States,<=50K
70,?,149169,HS-grad,9,Widowed,?,Not-in-family,White,Female,2964,0,12,United-States,<=50K
45,Private,173370,11th,7,Divorced,Transport-moving,Not-in-family,White,Male,0,2824,76,United-States,>50K
45,Private,72618,Assoc-voc,11,Divorced,Exec-managerial,Not-in-family,White,Male,0,0,60,United-States,<=50K
53,Local-gov,204584,Bachelors,13,Married-civ-spouse,Prof-specialty,Wife,White,Female,0,0,60,United-States,>50K
39,Private,117381,Some-college,10,Divorced,Transport-moving,Not-in-family,White,Male,0,0,65,United-States,<=50K
51,Private,238768,HS-grad,9,Married-civ-spouse,Handlers-cleaners,Husband,White,Male,0,1902,43,United-States,>50K
71,Self-emp-inc,67482,Bachelors,13,Married-civ-spouse,Exec-managerial,Husband,White,Male,0,2392,60,United-States,>50K
43,Private,166459,Some-college,10,Divorced,Adm-clerical,Not-in-family,White,Male,0,0,48,United-States,<=50K
19,Private,68552,HS-grad,9,Never-married,Handlers-cleaners,Own-child,White,Male,0,0,30,United-States,<=50K
47,Self-emp-inc,119422,7th-8th,4,Never-married,Craft-repair,Not-in-family,Other,Male,0,0,40,?,<=50K
45,Private,176900,HS-grad,9,Never-married,Other-service,Not-in-family,White,Female,0,0,40,El-Salvador,<=50K
45,Local-gov,235259,HS-grad,9,Divorced,Adm-clerical,Unmarried,White,Female,0,0,35,United-States,<=50K
39,Local-gov,364782,Some-college,10,Married-civ-spouse,Protective-serv,Husband,White,Male,0,0,40,United-States,>50K
50,Private,193451,HS-grad,9,Married-civ-spouse,Exec-managerial,Husband,White,Male,0,0,60,United-States,<=50K
44,Private,285004,Some-college,10,Married-civ-spouse,Transport-moving,Husband,Black,Male,0,0,40,United-States,<=50K
70,?,149169,HS-grad,9,Widowed,?,Not-in-family,White,Female,2964,0,12,United-States,<=50K
20,Private,258474,Some-college,10,Never-married,Sales,Not-in-family,White,Female,0,0,35,United-States,<=50K
19,Private,102723,Some-college,10,Never-married,Adm-clerical,Own-child,White,Female,0,0,40,United-States,<=50K
49,Private,177287,Bachelors,13,Married-civ-spouse,Exec-managerial,Husband,White,Male,0,0,50,United-States,>50K
34,Private,209609,Some-college,10,Married-civ-spouse,Adm-clerical,Husband,White,Male,0,0,40,United-States,>50K
40,Federal-gov,77332,Some-college,10,Divorced,Adm-clerical,Not-in-family,White,Female,0,0,50,United-States,<=50K
33,Private,351810,Bachelors,13,Never-married,Prof-specialty,Not-in-family,White,Female,0,0,45,Mexico,<=50K
39,Private,235259,Some-college,10,Divorced,Adm-clerical,Not-in-family,White,Female,0,0,40,United-States,<=50K
43,Local-gov,421837,Some-college,10,Separated,Craft-repair,Not-in-family,Black,Male,0,0,40,United-States,<=50K
29,State-gov,382272,Bachelors,13,Never-married,Craft-repair,Not-in-family,White,Male,0,0,40,United-States,<=50K
23,Private,125831,Some-college,10,Never-married,Other-service,Not-in-family,Asian-Pac-Islander,Female,0,0,35,Vietnam,<=50K
33,Private,351772,Bachelors,13,Never-married,Prof-specialty,Not-in-family,White,Female,0,0,45,Mexico,<=50K
28,Private,33798,Bachelors,13,Married-civ-spouse,Prof-specialty,Wife,Black,Female,0,0,40,Cuba,<=50K
50,Private,197322,11th,7,Married-civ-spouse,Exec-managerial,Husband,White,Male,0,0,50,United-States,>50K
33,Private,357283,Bachelors,13,Never-married,Adm-clerical,Own-child,White,Female,0,0,10,United-States,<=50K
22,Private,88050,Assoc-acdm,12,Married-civ-spouse,Exec-managerial,Husband,Asian-Pac-Islander,Male,0,0,6,United-States,<=50K
42,Private,99679,HS-grad,9,Married-civ-spouse,Transport-moving,Husband,White,Male,0,0,60,United-States,>50K
44,Self-emp-not-inc,254907,Masters,14,Married-civ-spouse,Prof-specialty,Husband,White,Male,0,0,54,United-States,<=50K
26,Private,191834,Some-college,10,Married-civ-spouse,Exec-managerial,Wife,White,Female,0,0,25,United-States,<=50K
47,Private,104068,HS-grad,9,Divorced,Prof-specialty,Unmarried,Amer-Indian-Eskimo,Female,0,0,40,United-States,<=50K
24,Private,282779,Bachelors,13,Married-civ-spouse,Prof-specialty,Husband,White,Male,0,0,40,United-States,<=50K
41,Private,265932,HS-grad,9,Divorced,Adm-clerical,Unmarried,White,Female,0,0,45,United-States,<=50K
37,Private,141570,Assoc-acdm,12,Married-civ-spouse,Other-service,Husband,White,Male,0,0,47,United-States,<=50K
28,Private,83439,HS-grad,9,Married-civ-spouse,Transport-moving,Husband,White,Male,0,0,40,United-States,<=50K
26,Private,321824,Bachelors,13,Never-married,Prof-specialty,Not-in-family,White,Female,0,0,45,United-States,<=50K
26,Private,127202,HS-grad,9,Divorced,Machine-op-inspct,Not-in-family,White,Male,0,0,40,United-States,<=50K
52,Self-emp-inc,131573,Bachelors,13,Married-civ-spouse,Exec-managerial,Husband,White,Male,0,0,50,United-States,>50K
24,Private,202467,Some-college,10,Never-married,Adm-clerical,Own-child,Black,Female,0,0,40,United-States,<=50K
28,Private,207853,Bachelors,13,Married-civ-spouse,Sales,Husband,White,Male,7298,0,42,United-States,>50K
37,Private,335997,Some-college,10,Married-civ-spouse,Transport-moving,Husband,White,Male,0,0,50,United-States,<=50K
49,Private,186824,Masters,14,Married-civ-spouse,Exec-managerial,Husband,White,Male,15024,0,50,United-States,>50K
55,Self-emp-not-inc,272069,HS-grad,9,Married-civ-spouse,Other-service,Husband,White,Male,0,0,40,United-States,<=50K
22,Private,124520,Some-college,10,Never-married,Sales,Not-in-family,White,Male,0,0,30,United-States,<=50K
34,Private,170017,Bachelors,13,Married-civ-spouse,Exec-managerial,Husband,White,Male,0,0,50,United-States,>50K
51,Local-gov,250782,9th,5,Married-civ-spouse,Other-service,Wife,White,Female,0,0,38,Puerto-Rico,<=50K
34,State-gov,287988,HS-grad,9,Never-married,Other-service,Own-child,Black,Male,0,0,42,United-States,<=50K
38,Private,188401,Bachelors,13,Never-married,Exec-managerial,Not-in-family,White,Male,0,1340,40,United-States,<=50K
50,Self-emp-not-inc,99894,5th-6th,3,Never-married,Tech-support,Not-in-family,Asian-Pac-Islander,Female,0,0,15,United-States,<=50K
49,Private,35626,HS-grad,9,Married-civ-spouse,Craft-repair,Husband,White,Male,0,1887,40,United-States,>50K
51,Federal-gov,335997,Some-college,10,Separated,Prof-specialty,Not-in-family,Black,Female,0,0,40,United-States,>50K
27,Private,343447,Assoc-voc,11,Never-married,Prof-specialty,Not-in-family,White,Female,0,1876,36,Canada,<=50K
27,Private,261062,Bachelors,13,Never-married,Exec-managerial,Not-in-family,White,Female,0,0,40,United-States,<=50K
59,Self-emp-not-inc,324386,HS-grad,9,Married-civ-spouse,Exec-managerial,Husband,White,Male,0,1902,52,United-States,>50K
29,Private,54595,HS-grad,9,Never-married,Farming-fishing,Not-in-family,White,Male,0,0,50,?,<=50K
28,Federal-gov,366533,Some-college,10,Never-married,Adm-clerical,Not-in-family,White,Female,0,0,40,United-States,<=50K
66,Private,85982,10th,6,Widowed,Transport-moving,Not-in-family,White,Female,0,0,11,United-States,<=50K
47,Local-gov,128700,Doctorate,16,Never-married,Prof-specialty,Unmarried,White,Female,0,0,40,United-States,<=50K
46,Self-emp-not-inc,225065,Bachelors,13,Separated,Other-service,Unmarried,White,Female,0,0,45,Nicaragua,<=50K
31,Private,34273,Some-college,10,Married-civ-spouse,Sales,Husband,White,Male,0,0,40,United-States,<=50K
48,Local-gov,67804,Masters,14,Married-civ-spouse,Prof-specialty,Husband,White,Male,7688,0,50,United-States,>50K
52,Private,158926,HS-grad,9,Divorced,Other-service,Other-relative,Black,Female,0,0,38,United-States,<=50K
25,Private,226894,Some-college,10,Never-married,Craft-repair,Other-relative,Asian-Pac-Islander,Female,0,0,40,Cambodia,<=50K
33,Private,160456,HS-grad,9,Married-civ-spouse,Machine-op-inspct,Husband,White,Male,0,0,50,United-States,>50K
39,Private,240842,Some-college,10,Never-married,Other-service,Not-in-family,White,Female,0,0,25,United-States,<=50K
53,Private,548580,Some-college,10,Married-civ-spouse,Craft-repair,Husband,White,Male,0,0,40,Guatemala,<=50K
45,Private,252079,Some-college,10,Married-civ-spouse,Prof-specialty,Husband,White,Male,0,0,50,United-States,>50K
57,Private,124420,HS-grad,9,Married-civ-spouse,Adm-clerical,Wife,White,Female,0,0,45,United-States,<=50K
21,Private,56520,Some-college,10,Never-married,Adm-clerical,Own-child,White,Male,0,0,40,United-States,<=50K
68,Private,347446,Some-college,10,Married-civ-spouse,Adm-clerical,Husband,White,Male,0,0,40,United-States,<=50K
33,Private,118714,Bachelors,13,Never-married,Sales,Not-in-family,White,Male,0,1590,40,United-States,<=50K
51,Private,158926,HS-grad,9,Married-civ-spouse,Transport-moving,Husband,White,Male,0,0,84,United-States,>50K
19,State-gov,165505,Some-college,10,Never-married,Other-service,Own-child,White,Female,0,0,40,United-States,<=50K
43,Private,111895,Bachelors,13,Married-civ-spouse,Prof-specialty,Husband,White,Male,0,0,50,United-States,>50K
48,Private,196689,HS-grad,9,Divorced,Adm-clerical,Not-in-family,White,Female,0,0,30,United-States,<=50K
80,Private,86010,Doctorate,16,Married-civ-spouse,Prof-specialty,Husband,White,Male,0,0,30,United-States,<=50K
34,Self-emp-not-inc,181200,Assoc-voc,11,Married-civ-spouse,Craft-repair,Husband,White,Male,0,0,45,United-States,<=50K
56,Private,228921,HS-grad,9,Divorced,Adm-clerical,Not-in-family,White,Female,0,0,40,United-States,<=50K
65,Private,113293,HS-grad,9,Married-civ-spouse,Craft-repair,Husband,White,Male,0,0,40,United-States,<=50K
22,Private,43607,Some-college,10,Never-married,Sales,Own-child,White,Male,0,0,20,United-States,<=50K
54,Private,105803,Some-college,10,Married-civ-spouse,Sales,Husband,White,Male,15024,0,40,United-States,>50K
69,Private,271795,HS-grad,9,Widowed,Adm-clerical,Not-in-family,White,Female,0,0,40,United-States,<=50K
22,Private,188972,Some-college,10,Never-married,Tech-support,Own-child,White,Male,0,0,40,United-States,<=50K
25,Private,130773,10th,6,Never-married,Farming-fishing,Unmarried,Amer-Indian-Eskimo,Male,0,0,40,United-States,<=50K
27,Private,343447,Assoc-voc,11,Never-married,Prof-specialty,Not-in-family,White,Female,0,1876,36,Canada,<=50K
18,Private,109912,11th,7,Never-married,Sales,Own-child,White,Female,0,0,15,United-States,<=50K
32,Private,207513,Some-college,10,Never-married,Craft-repair,Not-in-family,White,Male,0,0,40,United-States,<=50K
31,Private,344200,Some-college,10,Married-civ-spouse,Sales,Husband,White,Male,0,0,40,United-States,<=50K
37,Local-gov,74194,Assoc-voc,11,Married-civ-spouse,Exec-managerial,Husband,White,Male,0,0,45,United-States,<=50K
42,Private,99679,HS-grad,9,Married-civ-spouse,Transport-moving,Husband,White,Male,0,0,60,United-States,>50K
29,Private,196243,Prof-school,15,Divorced,Prof-specialty,Own-child,White,Female,2174,0,72,United-States,<=50K
39,Private,244688,Bachelors,13,Married-civ-spouse,Prof-specialty,Husband,White,Male,0,0,50,United-States,>50K
36,State-gov,77146,Masters,14,Never-married,Prof-specialty,Not-in-family,White,Male,0,0,40,United-States,<=50K
52,Self-emp-inc,131192,Bachelors,13,Married-civ-spouse,Exec-managerial,Husband,White,Male,0,0,50,United-States,>50K
33,Private,225890,HS-grad,9,Married-civ-spouse,Other-service,Husband,White,Male,0,1672,50,United-States,<=50K
20,?,351711,Some-college,10,Never-married,?,Own-child,Amer-Indian-Eskimo,Male,0,0,72,United-States,<=50K
20,Private,243878,Some-college,10,Never-married,Craft-repair,Own-child,White,Male,0,0,40,United-States,<=50K
75,Self-emp-not-inc,106873,11th,7,Widowed,Sales,Not-in-family,White,Male,0,0,40,United-States,<=50K
25,Private,339324,Bachelors,13,Never-married,Tech-support,Not-in-family,White,Male,0,0,40,United-States,<=50K
72,Self-emp-not-inc,287372,Prof-school,15,Married-civ-spouse,Prof-specialty,Husband,White,Male,0,2246,28,United-States,>50K
61,Private,57408,Bachelors,13,Divorced,Adm-clerical,Not-in-family,White,Female,0,0,35,United-States,<=50K
71,Private,244566,7th-8th,4,Married-civ-spouse,Transport-moving,Husband,White,Male,6514,0,40,United-States,>50K
25,Private,136277,Bachelors,13,Never-married,Adm-clerical,Own-child,Black,Female,0,0,40,United-States,<=50K
52,Private,257756,Assoc-voc,11,Divorced,Adm-clerical,Not-in-family,White,Female,0,0,40,Germany,<=50K
22,Private,443377,Some-college,10,Never-married,Sales,Own-child,White,Male,0,0,20,United-States,<=50K
33,Private,45796,HS-grad,9,Married-civ-spouse,Sales,Husband,White,Male,0,0,40,United-States,>50K
45,Private,177211,HS-grad,9,Never-married,Other-service,Not-in-family,White,Female,0,0,40,El-Salvador,<=50K
23,Private,86939,HS-grad,9,Married-spouse-absent,Machine-op-inspct,Not-in-family,White,Male,0,0,40,United-States,<=50K
46,Local-gov,122041,Bachelors,13,Married-civ-spouse,Prof-specialty,Husband,White,Male,0,0,60,United-States,<=50K
34,Private,145231,HS-grad,9,Married-civ-spouse,Adm-clerical,Wife,White,Female,4064,0,35,United-States,<=50K
46,Local-gov,358655,Some-college,10,Divorced,Adm-clerical,Unmarried,White,Female,0,0,45,United-States,<=50K
50,Private,113293,HS-grad,9,Divorced,Adm-clerical,Not-in-family,White,Female,0,0,40,United-States,<=50K
59,?,375049,HS-grad,9,Married-civ-spouse,?,Husband,White,Male,0,0,41,United-States,>50K
55,Private,53776,Bachelors,13,Married-civ-spouse,Sales,Husband,White,Male,0,0,15,United-States,>50K
26,Private,48718,10th,6,Never-married,Adm-clerical,Not-in-family,White,Female,2829,0,40,United-States,<=50K
54,Private,144750,Some-college,10,Married-civ-spouse,Sales,Wife,White,Female,0,0,40,United-States,>50K
51,Private,347446,Some-college,10,Divorced,Prof-specialty,Unmarried,White,Female,0,0,40,United-States,<=50K
46,Self-emp-not-inc,225623,Bachelors,13,Separated,Other-service,Unmarried,White,Female,0,0,45,Nicaragua,<=50K
35,Private,102976,HS-grad,9,Divorced,Exec-managerial,Not-in-family,White,Male,0,0,50,United-States,<=50K
48,Self-emp-not-inc,121712,Some-college,10,Married-civ-spouse,Prof-specialty,Husband,White,Male,0,0,35,United-States,>50K
44,Private,155193,Assoc-acdm,12,Married-civ-spouse,Prof-specialty,Husband,White,Male,0,0,40,United-States,>50K
31,Private,198452,HS-grad,9,Divorced,Adm-clerical,Not-in-family,White,Female,0,0,40,Germany,<=50K
56,Private,359193,Masters,14,Married-civ-spouse,Exec-managerial,Husband,White,Male,0,0,60,England,>50K
38,Private,192614,Bachelors,13,Married-civ-spouse,Exec-managerial,Husband,White,Male,7688,0,40,United-States,>50K
33,Private,293726,Bachelors,13,Never-married,Prof-specialty,Not-in-family,Black,Male,0,0,50,United-States,>50K
52,Private,258474,Assoc-voc,11,Divorced,Adm-clerical,Not-in-family,White,Female,0,0,40,Germany,<=50K
36,Local-gov,412149,Bachelors,13,Married-civ-spouse,Prof-specialty,Husband,White,Male,0,1887,40,United-States,>50K
35,Private,268553,HS-grad,9,Divorced,Other-service,Not-in-family,White,Female,0,0,45,United-States,<=50K
51,Federal-gov,21798,Some-college,10,Divorced,Prof-specialty,Not-in-family,Black,Female,0,0,40,United-States,<=50K
39,Private,213019,Bachelors,13,Divorced,Prof-specialty,Unmarried,Black,Female,0,0,40,United-States,<=50K
33,Private,213921,Some-college,10,Divorced,Tech-support,Unmarried,White,Female,0,0,40,United-States,<=50K
57,Private,110798,HS-grad,9,Married-civ-spouse,Craft-repair,Husband,White,Male,0,0,40,United-States,>50K
34,Private,200401,HS-grad,9,Separated,Transport-moving,Own-child,White,Male,0,0,25,Columbia,<=50K
25,Private,36039,5th-6th,3,Never-married,Adm-clerical,Not-in-family,White,Female,0,0,33,Nicaragua,<=50K
51,Federal-gov,335481,Some-college,10,Separated,Prof-specialty,Not-in-family,Black,Female,0,0,40,United-States,>50K
35,Private,379412,HS-grad,9,Divorced,Other-service,Not-in-family,White,Female,0,0,40,United-States,<=50K
42,Federal-gov,158993,Assoc-acdm,12,Divorced,Prof-specialty,Unmarried,Asian-Pac-Islander,Female,0,0,40,Philippines,>50K
52,Private,104501,Some-college,10,Married-civ-spouse,Prof-specialty,Husband,White,Male,0,0,40,Germany,>50K
30,Private,339482,Some-college,10,Married-civ-spouse,Machine-op-inspct,Husband,White,Male,0,0,40,United-States,<=50K
44,Private,155654,Assoc-acdm,12,Married-civ-spouse,Prof-specialty,Husband,White,Male,0,0,40,United-States,>50K
23,Private,125461,Some-college,10,Never-married,Other-service,Not-in-family,Asian-Pac-Islander,Female,0,0,35,Vietnam,<=50K
20,Private,164757,HS-grad,9,Never-married,Craft-repair,Own-child,White,Male,0,0,40,United-States,<=50K
46,Self-emp-not-inc,230467,Some-college,10,Separated,Prof-specialty,Not-in-family,White,Male,0,0,20,United-States,<=50K
57,Private,102442,Some-college,10,Divorced,Adm-clerical,Unmarried,White,Female,0,0,40,United-States,<=50K
21,Private,220603,Some-college,10,Never-married,Sales,Own-child,White,Male,0,0,20,United-States,<=50K
43,Local-gov,413760,Some-college,10,Separated,Craft-repair,Not-in-family,Black,Male,0,0,40,United-States,<=50K
30,Private,87418,Bachelors,13,Married-civ-spouse,Exec-managerial,Husband,White,Male,0,0,45,United-States,>50K
23,Private,51838,HS-grad,9,Never-married,Transport-moving,Not-in-family,White,Male,0,0,38,United-States,<=50K
59,Private,165289,HS-grad,9,Married-civ-spouse,Prof-specialty,Husband,Black,Male,0,0,60,United-States,<=50K
37,Private,306868,HS-grad,9,Divorced,Craft-repair,Unmarried,White,Male,0,0,38,United-States,<=50K
43,Private,137126,Some-college,10,Married-civ-spouse,Exec-managerial,Husband,White,Male,0,0,40,United-States,>50K
26,?,210474,Some-college,10,Never-married,?,Own-child,White,Male,0,0,12,United-States,<=50K
47,Private,100931,Masters,14,Divorced,Prof-specialty,Not-in-family,White,Male,0,0,45,United-States,<=50K
63,Self-emp-not-inc,33487,7th-8th,4,Married-civ-spouse,Craft-repair,Husband,White,Male,0,0,40,United-States,<=50K
21,Private,292120,HS-grad,9,Never-married,Sales,Not-in-family,White,Male,0,0,60,United-States,<=50K
45,Private,97176,11th,7,Divorced,Adm-clerical,Unmarried,White,Female,0,0,16,United-States,<=50K
48,Private,431513,10th,6,Married-civ-spouse,Craft-repair,Husband,White,Male,0,0,65,United-States,>50K
26,Private,48597,10th,6,Never-married,Adm-clerical,Not-in-family,White,Female,2907,0,40,United-States,<=50K
27,Private,213813,Bachelors,13,Married-civ-spouse,Prof-specialty,Wife,White,Female,7298,0,45,England,>50K
37,Private,161141,HS-grad,9,Never-married,Handlers-cleaners,Not-in-family,White,Male,0,0,40,United-States,<=50K
75,Self-emp-not-inc,106873,11th,7,Widowed,Sales,Not-in-family,White,Male,0,0,40,United-States,<=50K
43,Private,136787,Some-college,10,Married-civ-spouse,Exec-managerial,Husband,White,Male,0,0,40,United-States,>50K
58,Private,78277,HS-grad,9,Married-civ-spouse,Craft-repair,Husband,White,Male,0,0,40,United-States,>50K
31,Private,198873,HS-grad,9,Divorced,Adm-clerical,Not-in-family,White,Female,0,0,40,Germany,<=50K
25,Self-emp-not-inc,121712,Bachelors,13,Never-married,Sales,Not-in-family,White,Female,0,0,40,United-States,<=50K
44,Private,120277,Bachelors,13,Married-civ-spouse,Prof-specialty,Husband,White,Male,15024,0,50,Italy,>50K
43,Federal-gov,111483,Assoc-voc,11,Married-civ-spouse,Prof-specialty,Husband,White,Male,3137,0,40,United-States,>50K
20,Private,335481,HS-grad,9,Never-married,Transport-moving,Own-child,White,Male,0,0,40,United-States,<=50K
65,Self-emp-not-inc,118605,11th,7,Married-civ-spouse,Exec-managerial,Husband,White,Male,9386,0,59,?,>50K
27,Private,170050,Bachelors,13,Never-married,Exec-managerial,Not-in-family,White,Female,0,0,40,United-States,<=50K
63,Self-emp-not-inc,147755,7th-8th,4,Married-civ-spouse,Farming-fishing,Husband,White,Male,0,0,60,United-States,>50K
45,Private,278632,HS-grad,9,Married-civ-spouse,Craft-repair,Husband,White,Male,0,0,40,United-States,<=50K
58,Private,311395,Assoc-voc,11,Married-civ-spouse,Craft-repair,Husband,White,Male,0,1887,48,United-States,>50K
67,Self-emp-inc,51838,Some-college,10,Married-civ-spouse,Sales,Husband,White,Male,0,0,40,United-States,<=50K
45,Private,107231,Assoc-acdm,12,Married-civ-spouse,Craft-repair,Husband,White,Male,0,0,45,United-States,<=50K
19,Self-emp-not-inc,340917,11th,7,Married-civ-spouse,Craft-repair,Own-child,White,Male,0,2129,55,United-States,<=50K
27,Private,213002,Bachelors,13,Married-civ-spouse,Prof-specialty,Wife,White,Female,7298,0,45,England,>50K
31,Private,193042,Assoc-acdm,12,Never-married,Adm-clerical,Not-in-family,White,Male,2202,0,38,United-States,<=50K
33,Private,401930,HS-grad,9,Married-spouse-absent,Adm-clerical,Other-relative,White,Female,0,0,32,United-States,<=50K
18,Private,70261,11th,7,Never-married,Sales,Own-child,White,Male,0,0,20,United-States,<=50K
41,Private,32950,1st-4th,2,Married-civ-spouse,Craft-repair,Husband,White,Male,0,0,35,Mexico,<=50K
17,?,148254,HS-grad,9,Never-married,?,Own-child,Black,Male,0,0,40,United-States,<=50K
37,State-gov,46814,Bachelors,13,Never-married,Prof-specialty,Not-in-family,White,Male,0,0,38,United-States,<=50K
52,Private,255621,Assoc-voc,11,Divorced,Adm-clerical,Not-in-family,White,Female,0,0,40,Guatemala,<=50K
45,Self-emp-not-inc,32172,HS-grad,9,Married-civ-spouse,Farming-fishing,Husband,White,Male,0,0,70,United-States,<=50K
27,Private,171928,Bachelors,13,Never-married,Exec-managerial,Not-in-family,White,Female,0,0,40,United-States,<=50K
29,Private,188888,HS-grad,9,Divorced,Farming-fishing,Not-in-family,White,Male,0,0,40,United-States,<=50K
62,Self-emp-not-inc,216145,Masters,14,Married-civ-spouse,Exec-managerial,Husband,White,Male,0,1977,50,United-States,>50K
31,Private,149620,12th,8,Married-civ-spouse,Craft-repair,Husband,White,Male,0,0,43,United-States,<=50K
45,Private,176900,HS-grad,9,Never-married,Other-service,Not-in-family,White,Female,0,0,40,El-Salvador,<=50K
27,Private,203488,Some-college,10,Married-civ-spouse,Sales,Husband,White,Male,0,0,45,United-States,<=50K
20,Private,173370,Some-college,10,Never-married,Sales,Own-child,White,Female,0,0,4,United-States,<=50K
60,Private,240842,HS-grad,9,Married-civ-spouse,Machine-op-inspct,Husband,Black,Male,0,0,40,United-States,<=50K
35,Private,189703,9th,5,Married-civ-spouse,Other-service,Husband,White,Male,0,0,32,United-States,<=50K
50,Private,113129,Bachelors,13,Married-civ-spouse,Sales,Husband,White,Male,0,0,40,United-States,<=50K
41,Private,141186,HS-grad,9,Married-spouse-absent,Adm-clerical,Unmarried,White,Female,0,0,40,United-States,<=50K
66,?,106961,7th-8th,4,Never-married,?,Other-relative,Black,Male,0,0,30,United-States,<=50K
45,Private,138192,Assoc-voc,11,Divorced,Exec-managerial,Not-in-family,White,Male,2174,0,50,United-States,<=50K
27,Private,157991,HS-grad,9,Never-married,Other-service,Not-in-family,White,Female,0,0,42,United-States,<=50K
44,Private,62546,11th,7,Never-married,Other-service,Not-in-family,White,Female,0,0,40,United-States,<=50K
28,Local-gov,134768,Bachelors,13,Never-married,Adm-clerical,Not-in-family,Black,Female,4101,0,60,United-States,<=50K
33,Private,118714,Bachelors,13,Never-married,Sales,Not-in-family,White,Male,0,1590,40,United-States,<=50K
26,Private,122041,HS-grad,9,Never-married,Craft-repair,Other-relative,White,Male,0,0,40,United-States,<=50K
21,Private,277488,Some-college,10,Never-married,Sales,Other-relative,White,Female,0,0,40,United-States,<=50K
56,Private,399087,HS-grad,9,Widowed,Adm-clerical,Not-in-family,White,Female,0,0,40,United-States,<=50K
38,Private,296991,HS-grad,9,Divorced,Adm-clerical,Own-child,White,Female,0,0,40,United-States,<=50K
49,Self-emp-not-inc,389725,Some-college,10,Married-civ-spouse,Prof-specialty,Husband,White,Male,0,0,40,United-States,>50K
28,Private,292120,Some-college,10,Never-married,Adm-clerical,Own-child,White,Female,0,0,42,United-States,<=50K
19,Private,165505,Some-college,10,Never-married,Sales,Own-child,White,Female,0,0,20,United-States,<=50K
66,Local-gov,261062,Masters,14,Widowed,Prof-specialty,Not-in-family,White,Female,0,0,40,United-States,<=50K
27,Local-gov,191256,HS-grad,9,Never-married,Other-service,Own-child,White,Male,0,0,45,United-States,<=50K
42,Private,250263,HS-grad,9,Married-civ-spouse,Machine-op-inspct,Husband,White,Male,0,0,40,United-States,>50K
48,Private,95244,Some-college,10,Divorced,Other-service,Unmarried,Black,Female,0,0,35,United-States,<=50K
50,?,175339,10th,6,Married-civ-spouse,?,Husband,White,Male,0,0,99,United-States,<=50K
41,Private,288679,HS-grad,9,Married-civ-spouse,Craft-repair,Husband,White,Male,0,0,40,United-States,<=50K
48,Private,174714,HS-grad,9,Married-civ-spouse,Machine-op-inspct,Husband,White,Male,0,0,40,United-States,<=50K
35,Private,266860,HS-grad,9,Divorced,Other-service,Not-in-family,White,Female,0,0,45,United-States,<=50K
24,Local-gov,33068,Bachelors,13,Never-married,Prof-specialty,Not-in-family,White,Male,0,0,35,United-States,<=50K
45,Private,176841,HS-grad,9,Never-married,Other-service,Not-in-family,White,Female,0,0,40,El-Salvador,<=50K
50,Private,128378,5th-6th,3,Married-civ-spouse,Handlers-cleaners,Husband,White,Male,0,0,55,?,<=50K
49,Private,200802,1st-4th,2,Married-civ-spouse,Craft-repair,Husband,White,Male,0,0,40,Portugal,<=50K
24,Private,228960,Assoc-acdm,12,Never-married,Adm-clerical,Own-child,White,Female,0,0,40,United-States,<=50K
28,Private,191342,Some-college,10,Never-married,Sales,Not-in-family,Other,Male,0,0,40,India,<=50K
50,Private,170017,7th-8th,4,Married-civ-spouse,Machine-op-inspct,Husband,White,Male,0,0,40,United-States,<=50K
43,Private,257200,HS-grad,9,Married-civ-spouse,Adm-clerical,Husband,White,Male,0,0,40,United-States,<=50K
41,Private,232766,HS-grad,9,Divorced,Sales,Unmarried,White,Female,0,0,40,United-States,<=50K
22,Private,163333,10th,6,Never-married,Sales,Own-child,White,Male,0,0,15,United-States,<=50K
28,Self-emp-inc,215789,HS-grad,9,Never-married,Exec-managerial,Not-in-family,White,Female,0,0,70,United-States,<=50K
45,Private,101320,HS-grad,9,Divorced,Adm-clerical,Unmarried,White,Female,0,0,40,United-States,<=50K
37,Self-emp-not-inc,352882,HS-grad,9,Divorced,Exec-managerial,Not-in-family,Asian-Pac-Islander,Female,0,0,70,South,>50K
52,Private,159537,HS-grad,9,Divorced,Other-service,Other-relative,Black,Female,0,0,38,United-States,<=50K
30,Private,113176,Some-college,10,Never-married,Other-service,Not-in-family,White,Male,0,0,24,United-States,<=50K
32,Private,154669,HS-grad,9,Separated,Prof-specialty,Not-in-family,White,Male,0,0,55,United-States,<=50K
20,State-gov,178383,Some-college,10,Never-married,Farming-fishing,Not-in-family,White,Male,0,0,40,United-States,<=50K
42,Private,336880,Some-college,10,Divorced,Adm-clerical,Not-in-family,Black,Female,0,0,40,United-States,<=50K
45,Private,97176,11th,7,Divorced,Adm-clerical,Unmarried,White,Female,0,0,16,United-States,<=50K
52,Private,114483,Bachelors,13,Married-civ-spouse,Prof-specialty,Husband,White,Male,0,0,52,United-States,>50K
45,Private,269583,HS-grad,9,Married-civ-spouse,Craft-repair,Husband,White,Male,0,0,40,United-States,<=50K
38,?,75024,7th-8th,4,Divorced,?,Not-in-family,White,Female,0,0,40,United-States,<=50K
38,Private,155193,HS-grad,9,Separated,Sales,Not-in-family,White,Male,0,0,60,United-States,<=50K
39,Private,234537,Some-college,10,Divorced,Adm-clerical,Not-in-family,White,Female,0,0,40,United-States,<=50K
37,Private,174533,Bachelors,13,Married-civ-spouse,Farming-fishing,Husband,White,Male,0,0,45,United-States,<=50K
58,Private,226922,HS-grad,9,Separated,Other-service,Not-in-family,White,Female,2907,0,43,United-States,<=50K
42,Private,246367,HS-grad,9,Married-civ-spouse,Sales,Husband,White,Male,0,0,50,United-States,<=50K
42,Private,251786,HS-grad,9,Married-civ-spouse,Machine-op-inspct,Husband,White,Male,0,0,40,United-States,>50K
52,Private,114674,Bachelors,13,Married-civ-spouse,Prof-specialty,Husband,White,Male,0,0,52,United-States,>50K
20,Private,215990,Some-college,10,Never-married,Adm-clerical,Own-child,White,Female,0,0,40,Mexico,<=50K
61,Private,197387,7th-8th,4,Married-civ-spouse,Machine-op-inspct,Husband,White,Male,0,0,40,United-States,<=50K
45,Private,247540,Assoc-voc,11,Married-civ-spouse,Prof-specialty,Husband,White,Male,0,1902,40,United-States,>50K
31,Local-gov,263498,Bachelors,13,Never-married,Protective-serv,Not-in-family,White,Male,4650,0,40,United-States,<=50K
68,Private,351772,Some-college,10,Married-civ-spouse,Adm-clerical,Husband,White,Male,0,0,40,United-States,<=50K
80,Private,86150,Doctorate,16,Married-civ-spouse,Prof-specialty,Husband,White,Male,0,0,30,United-States,<=50K
41,Private,265706,HS-grad,9,Divorced,Adm-clerical,Unmarried,White,Female,0,0,45,United-States,<=50K
47,Self-emp-not-inc,85982,Masters,14,Never-married,Prof-specialty,Not-in-family,Amer-Indian-Eskimo,Female,0,0,60,United-States,<=50K
49,Self-emp-inc,196791,Bachelors,13,Married-civ-spouse,Exec-managerial,Husband,White,Male,0,0,50,United-States,>50K
39,Local-gov,174714,Bachelors,13,Married-civ-spouse,Craft-repair,Husband,White,Male,0,0,42,United-States,<=50K
45,Federal-gov,126675,Masters,14,Married-civ-spouse,Prof-specialty,Husband,White,Male,0,0,45,United-States,>50K
38,Private,188236,Bachelors,13,Never-married,Exec-managerial,Not-in-family,White,Male,0,1340,40,United-States,<=50K
28,Private,181008,Bachelors,13,Married-civ-spouse,Exec-managerial,Husband,White,Male,0,0,50,England,>50K
45,Private,243240,Bachelors,13,Married-civ-spouse,Exec-managerial,Husband,White,Male,0,0,60,United-States,>50K
24,Local-gov,117023,Bachelors,13,Never-married,Prof-specialty,Own-child,White,Female,0,0,40,United-States,<=50K
35,Private,379066,HS-grad,9,Divorced,Other-service,Not-in-family,White,Female,0,0,40,United-States,<=50K
20,?,347446,Some-college,10,Never-married,?,Own-child,Amer-Indian-Eskimo,Male,0,0,72,United-States,<=50K
40,Private,20057,Bachelors,13,Separated,Sales,Not-in-family,White,Male,0,0,40,United-States,<=50K
35,Private,162358,Bachelors,13,Never-married,Exec-managerial,Not-in-family,White,Female,0,0,50,United-States,>50K
61,Private,197176,7th-8th,4,Married-civ-spouse,Machine-op-inspct,Husband,White,Male,0,0,40,United-States,<=50K
46,Private,94809,Some-college,10,Divorced,Priv-house-serv,Unmarried,White,Female,0,0,30,United-States,<=50K
29,Private,413297,Assoc-acdm,12,Never-married,Sales,Not-in-family,White,Male,0,0,45,Nicaragua,<=50K
47,Private,358783,HS-grad,9,Married-civ-spouse,Craft-repair,Husband,White,Male,0,0,40,United-States,>50K
59,Private,164177,HS-grad,9,Married-civ-spouse,Prof-specialty,Husband,Black,Male,0,0,60,United-States,<=50K
56,Self-emp-inc,216636,12th,8,Married-civ-spouse,Exec-managerial,Husband,White,Male,0,1651,40,United-States,<=50K
49,Private,125831,HS-grad,9,Married-civ-spouse,Sales,Husband,White,Male,0,0,40,United-States,<=50K
42,Federal-gov,158993,Assoc-acdm,12,Divorced,Prof-specialty,Unmarried,Asian-Pac-Islander,Female,0,0,40,Philippines,>50K
50,Private,268039,HS-grad,9,Married-civ-spouse,Transport-moving,Husband,White,Male,7298,0,40,United-States,>50K
30,Private,36327,Some-college,10,Married-civ-spouse,Exec-managerial,Husband,White,Male,0,0,50,United-States,<=50K
35,Private,108140,HS-grad,9,Divorced,Craft-repair,Not-in-family,White,Male,0,0,40,United-States,<=50K
47,Private,206681,HS-grad,9,Married-civ-spouse,Craft-repair,Husband,White,Male,0,0,56,United-States,>50K
49,Local-gov,222993,Some-college,10,Divorced,Adm-clerical,Not-in-family,White,Female,0,0,44,United-States,<=50K
45,Private,344415,Bachelors,13,Never-married,Transport-moving,Not-in-family,White,Male,0,0,30,United-States,<=50K
62,?,83439,7th-8th,4,Married-civ-spouse,?,Husband,White,Male,0,0,40,United-States,<=50K
45,Private,254890,Some-college,10,Married-civ-spouse,Prof-specialty,Husband,White,Male,0,0,50,United-States,>50K
52,Private,158993,HS-grad,9,Divorced,Other-service,Other-relative,Black,Female,0,0,38,United-States,<=50K
50,Private,194004,HS-grad,9,Married-civ-spouse,Exec-managerial,Husband,White,Male,0,0,60,United-States,<=50K
29,Private,370119,Some-college,10,Married-civ-spouse,Craft-repair,Husband,White,Male,0,0,40,United-States,<=50K
23,Private,34862,HS-grad,9,Never-married,Transport-moving,Own-child,Black,Male,0,0,40,Haiti,<=50K
33,Private,166740,HS-grad,9,Married-civ-spouse,Handlers-cleaners,Husband,White,Male,0,0,40,United-States,<=50K
49,Private,240810,HS-grad,9,Never-married,Other-service,Not-in-family,White,Male,0,0,38,United-States,<=50K
29,Private,175643,Some-college,10,Divorced,Other-service,Unmarried,White,Female,0,0,28,United-States,<=50K
29,Private,211129,Bachelors,13,Married-civ-spouse,Sales,Husband,White,Male,0,0,40,United-States,<=50K
20,Private,47039,Some-college,10,Never-married,Craft-repair,Own-child,White,Male,0,0,40,United-States,<=50K
24,Self-emp-not-inc,171807,Assoc-acdm,12,Never-married,Craft-repair,Own-child,White,Male,0,0,40,United-States,<=50K
42,Self-emp-inc,274363,Prof-school,15,Married-civ-spouse,Prof-specialty,Husband,White,Male,1506,0,65,United-States,>50K
40,Self-emp-not-inc,45796,Bachelors,13,Married-civ-spouse,Prof-specialty,Husband,White,Male,0,0,60,United-States,<=50K
69,Private,228860,Bachelors,13,Widowed,Prof-specialty,Not-in-family,White,Male,0,2282,40,United-States,>50K
49,Private,351772,HS-grad,9,Married-civ-spouse,Craft-repair,Husband,White,Male,0,1887,40,United-States,>50K
54,Private,82566,Assoc-acdm,12,Married-civ-spouse,Sales,Husband,White,Male,0,0,45,United-States,<=50K
56,Private,401930,HS-grad,9,Widowed,Adm-clerical,Not-in-family,White,Female,0,0,40,United-States,<=50K
24,Private,141702,10th,6,Never-married,Machine-op-inspct,Not-in-family,White,Male,0,0,45,United-States,<=50K
20,Private,243743,Some-college,10,Never-married,Craft-repair,Own-child,White,Male,0,0,40,United-States,<=50K
28,Private,237868,9th,5,Never-married,Priv-house-serv,Not-in-family,White,Female,0,0,35,Mexico,<=50K
43,Local-gov,421837,Some-college,10,Separated,Craft-repair,Not-in-family,Black,Male,0,0,40,United-States,<=50K
63,Private,254907,Assoc-voc,11,Divorced,Other-service,Not-in-family,White,Female,0,0,20,United-States,<=50K
59,?,37514,HS-grad,9,Married-civ-spouse,?,Husband,White,Male,0,0,40,United-States,>50K
47,Private,278632,10th,6,Married-civ-spouse,Craft-repair,Husband,White,Male,0,0,35,United-States,<=50K
49,Private,177211,Bachelors,13,Married-civ-spouse,Exec-managerial,Husband,White,Male,0,0,50,United-States,>50K
30,Private,398067,1st-4th,2,Separated,Priv-house-serv,Other-relative,White,Female,0,0,30,Mexico,<=50K
42,Private,66118,Some-college,10,Divorced,Machine-op-inspct,Not-in-family,White,Female,0,0,40,United-States,<=50K
51,Private,163921,Bachelors,13,Married-civ-spouse,Transport-moving,Husband,White,Male,0,0,56,United-States,>50K
45,Private,344415,Bachelors,13,Never-married,Transport-moving,Not-in-family,White,Male,0,0,30,United-States,<=50K
30,Private,490332,Some-college,10,Married-civ-spouse,Transport-moving,Husband,White,Male,0,0,80,United-States,>50K
40,Private,213019,HS-grad,9,Divorced,Sales,Unmarried,White,Female,0,0,30,United-States,<=50K
42,Self-emp-inc,143774,Some-college,10,Never-married,Sales,Not-in-family,White,Male,0,0,60,United-States,<=50K
59,Federal-gov,23789,HS-grad,9,Married-civ-spouse,Sales,Wife,White,Female,0,0,40,United-States,>50K
44,Private,157614,HS-grad,9,Divorced,Sales,Own-child,White,Male,0,0,38,United-States,<=50K
53,Private,35459,Some-college,10,Married-civ-spouse,Craft-repair,Husband,White,Male,0,0,47,United-States,>50K
20,Private,244147,Some-college,10,Never-married,Craft-repair,Own-child,White,Male,0,0,40,United-States,<=50K
50,Private,220603,HS-grad,9,Married-civ-spouse,Craft-repair,Husband,White,Male,0,0,40,United-States,>50K
48,Local-gov,67804,Masters,14,Married-civ-spouse,Prof-specialty,Husband,White,Male,7688,0,50,United-States,>50K
28,Self-emp-not-inc,413297,HS-grad,9,Married-civ-spouse,Craft-repair,Husband,White,Male,0,0,40,Italy,<=50K
20,?,357848,Some-college,10,Never-married,?,Own-child,White,Female,0,0,35,United-States,<=50K
33,Private,160786,HS-grad,9,Married-civ-spouse,Machine-op-inspct,Husband,White,Male,0,0,50,United-States,>50K
18,Private,51789,Some-college,10,Never-married,Other-service,Own-child,White,Male,0,0,8,United-States,<=50K
45,Private,107231,Assoc-acdm,12,Married-civ-spouse,Craft-repair,Husband,White,Male,0,0,45,United-States,<=50K
57,Private,102442,Some-college,10,Divorced,Adm-clerical,Unmarried,White,Female,0,0,40,United-States,<=50K
61,Private,86939,HS-grad,9,Widowed,Adm-clerical,Not-in-family,White,Female,0,0,40,United-States,<=50K
29,Private,160634,HS-grad,9,Separated,Adm-clerical,Own-child,White,Female,0,0,40,United-States,<=50K
31,Private,513977,9th,5,Married-civ-spouse,Machine-op-inspct,Husband,White,Male,0,0,43,United-States,<=50K
34,Private,192302,Assoc-voc,11,Married-civ-spouse,Craft-repair,Husband,White,Male,0,0,48,United-States,<=50K
47,Private,305673,Some-college,10,Divorced,Other-service,Own-child,White,Female,0,0,44,United-States,<=50K
36,Local-gov,410034,Bachelors,13,Married-civ-spouse,Prof-specialty,Husband,White,Male,0,1887,40,United-States,>50K
40,Private,200496,Bachelors,13,Separated,Sales,Not-in-family,White,Male,0,0,40,United-States,<=50K
54,Local-gov,314659,Masters,14,Married-civ-spouse,Adm-clerical,Husband,White,Male,7298,0,40,United-States,>50K
37,Local-gov,245053,Some-college,10,Never-married,Adm-clerical,Unmarried,Black,Female,0,0,40,United-States,<=50K
31,Private,85374,HS-grad,9,Never-married,Other-service,Not-in-family,White,Male,0,0,42,United-States,<=50K
35,Private,38145,HS-grad,9,Divorced,Other-service,Not-in-family,White,Female,0,0,40,United-States,<=50K
54,Private,186067,Some-college,10,Married-civ-spouse,Farming-fishing,Husband,White,Male,0,0,40,United-States,<=50K
20,?,358783,Some-college,10,Never-married,?,Own-child,White,Female,0,0,35,United-States,<=50K
41,Private,84817,Assoc-voc,11,Divorced,Prof-specialty,Unmarried,White,Female,3887,0,40,United-States,<=50K
26,Private,132178,HS-grad,9,Divorced,Machine-op-inspct,Not-in-family,White,Male,0,0,40,United-States,<=50K
38,Private,299347,HS-grad,9,Divorced,Adm-clerical,Own-child,White,Female,0,0,40,United-States,<=50K
73,Private,296453,HS-grad,9,Widowed,Other-service,Other-relative,White,Female,0,0,12,United-States,<=50K
65,?,36039,HS-grad,9,Married-civ-spouse,?,Husband,White,Male,0,0,40,United-States,>50K
28,Private,144236,HS-grad,9,Married-spouse-absent,Other-service,Not-in-family,Asian-Pac-Islander,Female,0,0,40,Taiwan,<=50K
35,Private,208994,HS-grad,9,Married-civ-spouse,Transport-moving,Husband,White,Male,0,0,60,United-States,<=50K
39,Local-gov,439608,Assoc-voc,11,Married-civ-spouse,Adm-clerical,Wife,White,Female,0,0,37,United-States,<=50K
48,Private,85341,HS-grad,9,Married-civ-spouse,Craft-repair,Husband,White,Male,0,0,40,United-States,<=50K
21,Private,293726,HS-grad,9,Never-married,Sales,Not-in-family,White,Male,0,0,60,United-States,<=50K
53,Private,76767,HS-grad,9,Divorced,Craft-repair,Not-in-family,Other,Male,0,0,60,Ecuador,<=50K
27,Private,218689,HS-grad,9,Never-married,Handlers-cleaners,Other-relative,Black,Male,0,0,48,United-States,<=50K
26,?,208277,Some-college,10,Never-married,?,Own-child,White,Male,0,0,12,United-States,<=50K
51,Federal-gov,335481,Some-college,10,Separated,Prof-specialty,Not-in-family,Black,Female,0,0,40,United-States,>50K
30,Local-gov,32916,HS-grad,9,Divorced,Protective-serv,Own-child,White,Female,0,0,32,United-States,<=50K
46,Private,366533,Prof-school,15,Married-civ-spouse,Prof-specialty,Husband,White,Male,99999,0,60,United-States,>50K
29,Private,161155,Assoc-acdm,12,Married-civ-spouse,Prof-specialty,Husband,White,Male,0,0,50,United-States,<=50K
57,Private,124318,HS-grad,9,Married-civ-spouse,Adm-clerical,Wife,White,Female,0,0,45,United-States,<=50K
33,Private,296090,Masters,14,Married-civ-spouse,Tech-support,Husband,White,Male,0,0,15,United-States,<=50K
34,Private,97723,Bachelors,13,Married-civ-spouse,Prof-specialty,Husband,White,Male,0,0,40,United-States,>50K
56,Self-emp-inc,211840,Bachelors,13,Married-civ-spouse,Sales,Husband,White,Male,15024,0,50,United-States,>50K
59,Self-emp-not-inc,114760,Some-college,10,Married-civ-spouse,Craft-repair,Husband,White,Male,0,0,20,United-States,>50K
60,Private,240842,HS-grad,9,Married-civ-spouse,Machine-op-inspct,Husband,Black,Male,0,0,40,United-States,<=50K
31,Private,202721,Some-college,10,Divorced,Adm-clerical,Unmarried,Black,Female,0,0,40,United-States,<=50K
34,Private,106761,Bachelors,13,Married-civ-spouse,Sales,Husband,White,Male,0,0,45,United-States,>50K
20,Private,228921,11th,7,Married-civ-spouse,Other-service,Husband,White,Male,0,0,40,United-States,<=50K
39,Private,385077,HS-grad,9,Divorced,Exec-managerial,Not-in-family,White,Female,0,0,38,United-States,<=50K
36,Private,393691,Some-college,10,Divorced,Adm-clerical,Not-in-family,White,Male,0,0,45,United-States,<=50K
57,Private,110820,HS-grad,9,Married-civ-spouse,Craft-repair,Husband,White,Male,0,0,40,United-States,>50K
35,Private,106961,HS-grad,9,Married-civ-spouse,Sales,Husband,White,Male,0,0,60,United-States,<=50K
30,Private,49325,Some-college,10,Married-civ-spouse,Transport-moving,Husband,White,Male,0,0,80,United-States,>50K
37,Private,106014,HS-grad,9,Married-civ-spouse,Handlers-cleaners,Husband,White,Male,0,0,40,United-States,<=50K
51,Private,163870,Bachelors,13,Married-civ-spouse,Transport-moving,Husband,White,Male,0,0,56,United-States,>50K
46,Private,94809,Some-college,10,Divorced,Priv-house-serv,Unmarried,White,Female,0,0,30,United-States,<=50K
58,Private,147140,Prof-school,15,Married-civ-spouse,Prof-specialty,Husband,White,Male,15024,0,60,United-States,>50K
48,Private,196243,HS-grad,9,Divorced,Adm-clerical,Not-in-family,White,Female,0,0,30,United-States,<=50K
33,Private,295896,Bachelors,13,Never-married,Prof-specialty,Not-in-family,Black,Male,0,0,50,United-States,>50K
22,Local-gov,132661,Some-college,10,Never-married,Exec-managerial,Own-child,White,Female,0,0,25,United-States,<=50K
41,Private,325786,HS-grad,9,Married-civ-spouse,Machine-op-inspct,Husband,White,Male,0,0,40,United-States,<=50K
63,Private,254907,Assoc-voc,11,Divorced,Other-service,Not-in-family,White,Female,0,0,20,United-States,<=50K
44,Private,198097,HS-grad,9,Married-civ-spouse,Craft-repair,Husband,White,Male,0,0,40,United-States,<=50K
59,Local-gov,130532,Some-college,10,Widowed,Other-service,Not-in-family,White,Female,0,0,40,Poland,<=50K
43,Self-emp-not-inc,160029,Some-college,10,Never-married,Sales,Not-in-family,White,Male,0,0,65,United-States,<=50K
57,Private,127388,Bachelors,13,Married-civ-spouse,Exec-managerial,Husband,White,Male,15024,0,50,United-States,>50K
40,Private,120277,Bachelors,13,Married-civ-spouse,Sales,Husband,White,Male,0,0,45,United-States,<=50K
36,Private,279472,Masters,14,Married-civ-spouse,Exec-managerial,Husband,White,Male,0,0,50,United-States,>50K
36,Private,189265,Some-college,10,Separated,Other-service,Other-relative,Black,Female,0,0,40,United-States,<=50K
21,Private,133582,5th-6th,3,Never-married,Farming-fishing,Not-in-family,White,Male,2176,0,36,Mexico,<=50K
47,Private,147236,HS-grad,9,Married-civ-spouse,Craft-repair,Husband,White,Male,0,0,40,United-States,>50K
42,Private,182836,Masters,14,Married-civ-spouse,Prof-specialty,Wife,White,Female,0,0,45,United-States,>50K
29,Private,116372,Bachelors,13,Never-married,Sales,Not-in-family,White,Female,0,0,50,United-States,>50K
42,Private,119471,HS-grad,9,Married-civ-spouse,Machine-op-inspct,Husband,White,Male,0,1579,42,United-States,<=50K
50,Private,112873,Bachelors,13,Married-civ-spouse,Sales,Husband,White,Male,0,0,40,United-States,<=50K
54,Self-emp-inc,166416,Prof-school,15,Married-civ-spouse,Prof-specialty,Husband,White,Male,99999,0,60,United-States,>50K
30,Private,113176,Some-college,10,Never-married,Other-service,Not-in-family,White,Male,0,0,24,United-States,<=50K
45,Private,193746,Assoc-voc,11,Never-married,Other-service,Unmarried,White,Female,0,0,40,Mexico,<=50K
33,Private,403911,HS-grad,9,Married-spouse-absent,Adm-clerical,Other-relative,White,Female,0,0,32,United-States,<=50K
37,Private,98941,Masters,14,Never-married,Exec-managerial,Not-in-family,White,Male,0,0,40,United-States,>50K
34,Self-emp-not-inc,120277,7th-8th,4,Never-married,Handlers-cleaners,Unmarried,Black,Male,0,0,10,United-States,<=50K
51,Local-gov,205005,Masters,14,Married-civ-spouse,Prof-specialty,Wife,White,Female,0,0,32,United-States,>50K
45,Self-emp-not-inc,243878,12th,8,Divorced,Craft-repair,Other-relative,Black,Male,0,0,35,United-States,<=50K
18,Private,51789,Some-college,10,Never-married,Other-service,Own-child,White,Male,0,0,8,United-States,<=50K
20,Private,215990,Some-college,10,Never-married,Adm-clerical,Own-child,White,Female,0,0,40,Mexico,<=50K
33,Private,548580,Assoc-voc,11,Never-married,Sales,Own-child,White,Male,0,0,40,United-States,<=50K
44,Private,120939,Bachelors,13,Married-civ-spouse,Prof-specialty,Husband,White,Male,1506,0,50,Italy,>50K
29,Private,228608,Some-college,10,Married-civ-spouse,Exec-managerial,Husband,White,Male,0,1887,50,United-States,>50K
53,Private,240629,Some-college,10,Married-civ-spouse,Exec-managerial,Husband,White,Male,0,0,50,United-States,>50K
28,Private,111209,Some-college,10,Never-married,Other-service,Not-in-family,White,Male,0,0,40,United-States,<=50K
58,Private,313986,Assoc-voc,11,Married-civ-spouse,Craft-repair,Husband,White,Male,0,1887,48,United-States,>50K
30,Private,33798,Assoc-acdm,12,Married-civ-spouse,Adm-clerical,Wife,Black,Female,0,0,20,United-States,<=50K
46,Private,218309,Some-college,10,Married-civ-spouse,Tech-support,Husband,White,Male,0,0,40,United-States,>50K
33,Self-emp-not-inc,183958,Assoc-acdm,12,Divorced,Sales,Not-in-family,White,Male,0,0,40,United-States,<=50K
30,State-gov,61989,Some-college,10,Never-married,Prof-specialty,Not-in-family,White,Female,0,0,5,United-States,<=50K
50,Private,193304,HS-grad,9,Married-civ-spouse,Exec-managerial,Husband,White,Male,0,0,60,United-States,<=50K
39,Private,234537,Some-college,10,Divorced,Adm-clerical,Not-in-family,White,Female,0,0,40,United-States,<=50K
20,Private,243743,Some-college,10,Never-married,Craft-repair,Own-child,White,Male,0,0,40,United-States,<=50K
42,Private,33619,Some-college,10,Divorced,Adm-clerical,Not-in-family,Black,Female,0,0,40,United-States,<=50K
49,Local-gov,222993,Some-college,10,Divorced,Adm-clerical,Not-in-family,White,Female,0,0,44,United-States,<=50K
21,Private,67716,9th,5,Never-married,Machine-op-inspct,Own-child,Black,Male,0,0,20,United-States,<=50K
45,Self-emp-not-inc,322547,HS-grad,9,Married-civ-spouse,Farming-fishing,Husband,White,Male,0,0,70,United-States,<=50K
49,Private,126327,HS-grad,9,Married-civ-spouse,Sales,Husband,White,Male,0,0,40,United-States,<=50K
28,Private,403911,10th,6,Never-married,Farming-fishing,Other-relative,White,Male,0,0,35,Mexico,<=50K
54,Self-emp-inc,166863,Prof-school,15,Married-civ-spouse,Prof-specialty,Husband,White,Male,99999,0,60,United-States,>50K
25,Private,136162,Bachelors,13,Never-married,Adm-clerical,Own-child,Black,Female,0,0,40,United-States,<=50K
51,Private,163455,Bachelors,13,Married-civ-spouse,Transport-moving,Husband,White,Male,0,0,56,United-States,>50K
47,Private,594187,Some-college,10,Divorced,Adm-clerical,Unmarried,White,Female,0,0,42,United-States,<=50K
41,Private,173095,Bachelors,13,Separated,Sales,Unmarried,White,Female,0,0,30,United-States,<=50K
37,Self-emp-not-inc,183241,HS-grad,9,Married-civ-spouse,Prof-specialty,Husband,White,Male,3137,0,30,United-States,<=50K
25,Private,121285,Bachelors,13,Divorced,Craft-repair,Not-in-family,White,Male,0,0,40,United-States,<=50K
34,Private,97723,Bachelors,13,Married-civ-spouse,Prof-specialty,Husband,White,Male,0,0,40,United-States,>50K
20,Private,222584,HS-grad,9,Never-married,Handlers-cleaners,Not-in-family,White,Male,0,0,40,United-States,<=50K
36,State-gov,77146,Masters,14,Never-married,Prof-specialty,Not-in-family,White,Male,0,0,40,United-States,<=50K
17,Private,100828,11th,7,Never-married,Other-service,Not-in-family,White,Male,0,0,20,United-States,<=50K
40,Private,120672,Bachelors,13,Married-civ-spouse,Sales,Husband,White,Male,0,0,45,United-States,<=50K
53,Private,76128,HS-grad,9,Divorced,Craft-repair,Not-in-family,Other,Male,0,0,60,Ecuador,<=50K
44,Private,229259,Assoc-acdm,12,Widowed,Adm-clerical,Unmarried,White,Female,0,0,40,United-States,<=50K
50,Private,128378,5th-6th,3,Married-civ-spouse,Handlers-cleaners,Husband,White,Male,0,0,55,?,<=50K
63,Self-emp-not-inc,79682,1st-4th,2,Widowed,Other-service,Unmarried,White,Female,0,0,30,El-Salvador,<=50K
26,Private,192302,Some-college,10,Married-civ-spouse,Exec-managerial,Wife,White,Female,0,0,25,United-States,<=50K
36,Private,49657,Bachelors,13,Married-civ-spouse,Prof-specialty,Husband,White,Male,0,0,50,United-States,>50K
49,Self-emp-not-inc,148769,HS-grad,9,Divorced,Farming-fishing,Not-in-family,White,Female,0,0,28,United-States,<=50K
28,Self-emp-not-inc,420054,HS-grad,9,Married-civ-spouse,Craft-repair,Husband,White,Male,0,0,40,Italy,<=50K
26,Private,86872,HS-grad,9,Married-civ-spouse,Transport-moving,Husband,White,Male,0,0,40,United-States,>50K
62,?,82910,7th-8th,4,Married-civ-spouse,?,Husband,White,Male,0,0,40,United-States,<=50K
28,Private,83439,HS-grad,9,Married-civ-spouse,Transport-moving,Husband,White,Male,0,0,40,United-States,<=50K
30,Private,157991,Bachelors,13,Never-married,Prof-specialty,Not-in-family,White,Male,0,0,50,Iran,<=50K
56,Private,398019,HS-grad,9,Widowed,Adm-clerical,Not-in-family,White,Female,0,0,40,United-States,<=50K
59,Private,185660,HS-grad,9,Married-civ-spouse,Machine-op-inspct,Husband,White,Male,0,0,40,United-States,<=50K
31,Private,100734,Doctorate,16,Never-married,Prof-specialty,Not-in-family,White,Female,0,0,28,United-States,<=50K
35,Private,140790,HS-grad,9,Married-civ-spouse,Handlers-cleaners,Husband,White,Male,0,0,40,United-States,<=50K
37,Private,22245,HS-grad,9,Never-married,Other-service,Own-child,Amer-Indian-Eskimo,Male,0,0,18,United-States,<=50K
17,Private,110142,11th,7,Never-married,Sales,Own-child,White,Female,0,0,20,United-States,<=50K
21,Private,61989,Some-college,10,Never-married,Craft-repair,Not-in-family,White,Male,0,0,70,United-States,<=50K
23,Private,422933,Bachelors,13,Never-married,Exec-managerial,Not-in-family,White,Female,0,0,45,United-States,<=50K
20,Private,393712,Some-college,10,Never-married,Farming-fishing,Not-in-family,White,Female,0,0,40,United-States,<=50K
31,Private,225890,Some-college,10,Married-civ-spouse,Craft-repair,Husband,White,Male,0,0,55,United-States,>50K
30,Private,211840,Some-college,10,Separated,Sales,Unmarried,Black,Female,0,0,16,United-States,<=50K
30,Self-emp-not-inc,113530,Some-college,10,Never-married,Craft-repair,Own-child,White,Male,0,0,30,United-States,<=50K
31,Private,199657,HS-grad,9,Divorced,Adm-clerical,Not-in-family,White,Female,0,0,40,Germany,<=50K
32,Private,150917,HS-grad,9,Married-civ-spouse,Handlers-cleaners,Husband,White,Male,0,0,40,United-States,>50K
47,Private,93557,HS-grad,9,Married-civ-spouse,Farming-fishing,Husband,White,Male,0,0,40,United-States,<=50K
24,Private,142566,10th,6,Never-married,Machine-op-inspct,Not-in-family,White,Male,0,0,45,United-States,<=50K
62,Private,173944,9th,5,Widowed,Other-service,Unmarried,Black,Female,0,0,25,United-States,<=50K
18,Private,51415,Some-college,10,Never-married,Other-service,Own-child,White,Male,0,0,8,United-States,<=50K
47,Private,314092,Some-college,10,Divorced,Machine-op-inspct,Not-in-family,Black,Male,0,0,40,United-States,<=50K
63,Self-emp-not-inc,33394,7th-8th,4,Married-civ-spouse,Craft-repair,Husband,White,Male,0,0,40,United-States,<=50K
27,Private,261207,Bachelors,13,Never-married,Exec-managerial,Not-in-family,White,Female,0,0,40,United-States,<=50K
48,Private,44402,Masters,14,Never-married,Prof-specialty,Not-in-family,White,Male,0,0,50,United-States,<=50K
48,Federal-gov,94342,Bachelors,13,Divorced,Exec-managerial,Not-in-family,White,Male,0,0,45,United-States,<=50K
55,Self-emp-not-inc,78277,HS-grad,9,Married-civ-spouse,Farming-fishing,Husband,Asian-Pac-Islander,Male,0,0,70,United-States,<=50K
30,Private,121712,Bachelors,13,Married-civ-spouse,Farming-fishing,Husband,White,Male,0,0,40,United-States,<=50K
28,Private,191256,Some-college,10,Married-civ-spouse,Sales,Husband,White,Male,0,0,50,United-States,<=50K
52,Private,256916,Assoc-voc,11,Divorced,Adm-clerical,Not-in-family,White,Female,0,0,40,Germany,<=50K
51,Local-gov,154641,Masters,14,Divorced,Exec-managerial,Not-in-family,White,Female,0,0,40,United-States,<=50K
37,Private,105803,HS-grad,9,Married-civ-spouse,Handlers-cleaners,Husband,White,Male,0,0,40,United-States,<=50K
49,Private,186824,Masters,14,Married-civ-spouse,Exec-managerial,Husband,White,Male,15024,0,50,United-States,>50K
22,Local-gov,212213,Some-college,10,Never-married,Adm-clerical,Own-child,Black,Female,0,0,40,United-States,<=50K
34,Private,191342,Assoc-voc,11,Married-civ-spouse,Craft-repair,Husband,White,Male,0,0,48,United-States,<=50K
22,?,287372,Some-college,10,Never-married,?,Not-in-family,White,Male,0,0,15,United-States,<=50K
50,Private,194004,HS-grad,9,Married-civ-spouse,Exec-managerial,Husband,White,Male,0,0,60,United-States,<=50K
58,Private,78141,HS-grad,9,Married-civ-spouse,Craft-repair,Husband,White,Male,0,0,40,United-States,>50K
30,Private,49325,Some-college,10,Married-civ-spouse,Transport-moving,Husband,White,Male,0,0,80,United-States,>50K
37,Private,144236,HS-grad,9,Divorced,Exec-managerial,Unmarried,White,Female,0,0,50,United-States,<=50K
58,Federal-gov,268620,Bachelors,13,Widowed,Prof-specialty,Unmarried,Amer-Indian-Eskimo,Female,0,0,40,United-States,<=50K
44,Private,120277,Bachelors,13,Married-civ-spouse,Prof-specialty,Husband,White,Male,15024,0,50,Italy,>50K
22,Local-gov,131414,Some-college,10,Never-married,Exec-managerial,Own-child,White,Female,0,0,25,United-States,<=50K
28,Local-gov,136162,Bachelors,13,Never-married,Adm-clerical,Not-in-family,Black,Female,4101,0,60,United-States,<=50K
56,Private,182276,Bachelors,13,Divorced,Exec-managerial,Not-in-family,White,Male,0,0,40,United-States,<=50K
35,Local-gov,116960,Masters,14,Married-civ-spouse,Prof-specialty,Husband,White,Male,0,1887,40,United-States,>50K
75,Self-emp-not-inc,106873,11th,7,Widowed,Sales,Not-in-family,White,Male,0,0,40,United-States,<=50K
50,Private,237646,HS-grad,9,Married-civ-spouse,Sales,Husband,White,Male,0,1887,55,United-States,>50K
72,Self-emp-not-inc,286750,Prof-school,15,Married-civ-spouse,Prof-specialty,Husband,White,Male,0,2246,28,United-States,>50K
80,Private,86111,Doctorate,16,Married-civ-spouse,Prof-specialty,Husband,White,Male,0,0,30,United-States,<=50K
39,Private,82566,Some-college,10,Married-civ-spouse,Exec-managerial,Husband,White,Male,0,0,60,United-States,<=50K
46,Private,94809,Some-college,10,Divorced,Priv-house-serv,Unmarried,White,Female,0,0,30,United-States,<=50K
58,Private,31732,Some-college,10,Married-civ-spouse,Sales,Husband,White,Male,0,0,45,United-States,>50K
17,Private,110798,11th,7,Never-married,Sales,Own-child,White,Female,0,0,20,United-States,<=50K
32,Private,198452,Some-college,10,Divorced,Exec-managerial,Not-in-family,White,Female,0,0,38,United-States,<=50K
49,Private,240629,HS-grad,9,Never-married,Other-service,Not-in-family,White,Male,0,0,38,United-States,<=50K
27,Local-gov,191177,HS-grad,9,Never-married,Other-service,Own-child,White,Male,0,0,45,United-States,<=50K
27,Private,116531,Bachelors,13,Never-married,Exec-managerial,Not-in-family,White,Female,0,0,40,United-States,<=50K
45,Private,97176,11th,7,Divorced,Adm-clerical,Unmarried,White,Female,0,0,16,United-States,<=50K
40,Private,124454,Assoc-voc,11,Divorced,Craft-repair,Unmarried,White,Male,0,0,50,United-States,>50K
18,Local-gov,244147,Some-college,10,Never-married,Other-service,Own-child,White,Male,0,0,15,United-States,<=50K
42,Private,245873,HS-grad,9,Married-civ-spouse,Sales,Husband,White,Male,0,0,50,United-States,<=50K
28,Private,338409,Bachelors,13,Never-married,Sales,Not-in-family,White,Male,0,0,45,United-States,<=50K
71,Private,244566,7th-8th,4,Married-civ-spouse,Transport-moving,Husband,White,Male,6514,0,40,United-States,>50K
24,Private,229954,Assoc-acdm,12,Never-married,Adm-clerical,Own-child,White,Female,0,0,40,United-States,<=50K
41,Self-emp-not-inc,197286,HS-grad,9,Married-civ-spouse,Exec-managerial,Husband,White,Male,0,0,50,United-States,<=50K
20,Private,244147,Some-college,10,Never-married,Craft-repair,Own-child,White,Male,0,0,40,United-States,<=50K
40,Private,100292,HS-grad,9,Married-civ-spouse,Sales,Husband,White,Male,0,0,52,United-States,>50K
33,Private,402848,HS-grad,9,Married-spouse-absent,Adm-clerical,Other-relative,White,Female,0,0,32,United-States,<=50K
47,Self-emp-not-inc,117310,HS-grad,9,Never-married,Other-service,Not-in-family,White,Female,0,1876,48,United-States,<=50K
35,Private,188950,HS-grad,9,Widowed,Exec-managerial,Unmarried,White,Female,0,0,30,United-States,<=50K
46,Private,37088,Prof-school,15,Married-civ-spouse,Prof-specialty,Husband,White,Male,99999,0,60,United-States,>50K
40,Private,163204,Some-college,10,Married-civ-spouse,Tech-support,Husband,White,Male,0,0,55,United-States,>50K
25,Private,371987,HS-grad,9,Divorced,Adm-clerical,Not-in-family,White,Female,0,0,40,United-States,<=50K
38,Private,298841,HS-grad,9,Divorced,Adm-clerical,Own-child,White,Female,0,0,40,United-States,<=50K
67,Self-emp-inc,51789,Some-college,10,Married-civ-spouse,Sales,Husband,White,Male,0,0,40,United-States,<=50K
21,Private,295589,HS-grad,9,Never-married,Sales,Not-in-family,White,Male,0,0,60,United-States,<=50K
18,Private,86808,HS-grad,9,Never-married,Exec-managerial,Own-child,Asian-Pac-Islander,Female,0,0,15,United-States,<=50K
27,Private,158420,HS-grad,9,Never-married,Other-service,Not-in-family,White,Female,0,0,42,United-States,<=50K
25,Private,202700,HS-grad,9,Never-married,Sales,Unmarried,White,Female,0,0,35,United-States,<=50K
33,Private,295896,Bachelors,13,Never-married,Prof-specialty,Not-in-family,Black,Male,0,0,50,United-States,>50K
36,Private,496526,Bachelors,13,Married-civ-spouse,Prof-specialty,Husband,White,Male,0,0,50,United-States,>50K
53,Private,352882,Some-college,10,Married-civ-spouse,Craft-repair,Husband,White,Male,0,0,47,United-States,>50K
23,Private,423605,Bachelors,13,Never-married,Exec-managerial,Not-in-family,White,Female,0,0,45,United-States,<=50K
55,Private,52498,Bachelors,13,Married-civ-spouse,Sales,Husband,White,Male,0,0,15,United-States,>50K
51,State-gov,68991,7th-8th,4,Married-civ-spouse,Transport-moving,Husband,White,Male,0,0,40,United-States,<=50K
38,Private,328906,Some-college,10,Married-civ-spouse,Exec-managerial,Husband,White,Male,0,0,45,United-States,<=50K
28,Self-emp-not-inc,141584,HS-grad,9,Never-married,Sales,Not-in-family,White,Male,0,0,60,United-States,<=50K
34,Private,118474,Assoc-acdm,12,Married-civ-spouse,Prof-specialty,Husband,White,Male,0,0,55,United-States,<=50K
27,Private,172009,Bachelors,13,Never-married,Exec-managerial,Not-in-family,White,Female,0,0,40,United-States,<=50K
55,Private,53776,Bachelors,13,Married-civ-spouse,Sales,Husband,White,Male,0,0,15,United-States,>50K
42,Private,327825,Some-college,10,Never-married,Other-service,Not-in-family,White,Male,0,0,40,United-States,<=50K
38,?,75024,7th-8th,4,Divorced,?,Not-in-family,White,Female,0,0,40,United-States,<=50K
56,Private,140136,Some-college,10,Married-civ-spouse,Transport-moving,Husband,Black,Male,0,0,35,United-States,>50K
46,Private,172822,11th,7,Widowed,Other-service,Not-in-family,White,Female,0,0,27,El-Salvador,<=50K
31,Private,182217,10th,6,Separated,Transport-moving,Unmarried,White,Male,0,0,40,United-States,<=50K
25,Self-emp-not-inc,121124,Bachelors,13,Never-married,Sales,Not-in-family,White,Female,0,0,40,United-States,<=50K
54,Private,104501,Some-college,10,Married-civ-spouse,Sales,Husband,White,Male,15024,0,40,United-States,>50K
46,Private,275967,Doctorate,16,Married-civ-spouse,Sales,Husband,White,Male,0,0,40,United-States,>50K
29,Private,196243,HS-grad,9,Never-married,Machine-op-inspct,Not-in-family,White,Female,0,0,40,United-States,<=50K
29,Private,196107,HS-grad,9,Never-married,Machine-op-inspct,Not-in-family,White,Female,0,0,40,United-States,<=50K
17,Private,271122,12th,8,Never-married,Other-service,Own-child,White,Female,0,0,16,United-States,<=50K
34,Private,106014,Some-college,10,Divorced,Craft-repair,Not-in-family,White,Male,0,0,60,United-States,<=50K
50,Private,128378,5th-6th,3,Married-civ-spouse,Handlers-cleaners,Husband,White,Male,0,0,55,?,<=50K
34,Private,97723,Bachelors,13,Married-civ-spouse,Prof-specialty,Husband,White,Male,0,0,40,United-States,>50K
52,Private,132996,Some-college,10,Married-civ-spouse,Craft-repair,Husband,White,Male,0,0,55,United-States,<=50K
51,Local-gov,251346,9th,5,Married-civ-spouse,Other-service,Wife,White,Female,0,0,38,Puerto-Rico,<=50K
23,Private,119721,Bachelors,13,Never-married,Exec-managerial,Not-in-family,White,Male,0,0,40,United-States,<=50K
57,Self-emp-not-inc,84231,Some-college,10,Married-civ-spouse,Other-service,Husband,White,Male,0,0,48,United-States,<=50K
26,Private,181200,Some-college,10,Married-civ-spouse,Machine-op-inspct,Wife,White,Female,0,0,40,United-States,<=50K
49,Self-emp-inc,197176,Bachelors,13,Married-civ-spouse,Exec-managerial,Husband,White,Male,0,0,50,United-States,>50K
33,Private,213813,Some-college,10,Divorced,Tech-support,Unmarried,White,Female,0,0,40,United-States,<=50K
35,Private,54595,12th,8,Never-married,Sales,Not-in-family,Black,Female,0,0,40,United-States,<=50K
53,Private,238768,Some-college,10,Married-civ-spouse,Exec-managerial,Husband,White,Male,0,0,50,United-States,>50K
52,Private,254935,HS-grad,9,Married-civ-spouse,Exec-managerial,Husband,White,Male,0,0,40,United-States,<=50K
32,Private,203463,HS-grad,9,Married-civ-spouse,Other-service,Husband,White,Male,0,0,60,United-States,<=50K
35,Local-gov,116960,Masters,14,Married-civ-spouse,Prof-specialty,Husband,White,Male,0,1887,40,United-States,>50K
37,Private,106316,HS-grad,9,Married-civ-spouse,Handlers-cleaners,Husband,White,Male,0,0,40,United-States,<=50K
62,State-gov,254935,HS-grad,9,Married-civ-spouse,Adm-clerical,Husband,White,Male,0,0,40,United-States,<=50K
36,Private,393712,Some-college,10,Divorced,Adm-clerical,Not-in-family,White,Male,0,0,45,United-States,<=50K
54,Private,216160,Masters,14,Married-civ-spouse,Exec-managerial,Husband,White,Male,0,1887,44,United-States,>50K
38,Private,156618,HS-grad,9,Separated,Sales,Not-in-family,White,Male,0,0,60,United-States,<=50K
45,Self-emp-not-inc,314092,Bachelors,13,Married-civ-spouse,Sales,Husband,White,Male,2829,0,60,United-States,<=50K
26,Private,132717,HS-grad,9,Never-married,Adm-clerical,Own-child,White,Female,0,0,40,United-States,<=50K
29,Private,271466,Assoc-voc,11,Never-married,Prof-specialty,Not-in-family,White,Male,0,0,43,United-States,<=50K
38,Private,154641,HS-grad,9,Separated,Sales,Not-in-family,White,Male,0,0,60,United-States,<=50K
34,Private,141186,Some-college,10,Married-civ-spouse,Other-service,Husband,White,Male,0,0,62,Mexico,<=50K
21,Private,225065,Some-college,10,Never-married,Adm-clerical,Not-in-family,White,Female,0,0,40,United-States,<=50K
33,Private,91163,HS-grad,9,Separated,Other-service,Other-relative,Black,Female,0,0,40,United-States,<=50K
63,Self-emp-not-inc,79011,1st-4th,2,Widowed,Other-service,Unmarried,White,Female,0,0,30,El-Salvador,<=50K
22,Private,123780,Some-college,10,Never-married,Sales,Not-in-family,White,Male,0,0,30,United-States,<=50K
49,State-gov,175109,Some-college,10,Married-civ-spouse,Prof-specialty,Husband,White,Male,0,0,50,United-States,>50K
40,Federal-gov,77332,Some-college,10,Divorced,Adm-clerical,Not-in-family,White,Female,0,0,50,United-States,<=50K
49,Local-gov,224474,Some-college,10,Divorced,Adm-clerical,Not-in-family,White,Female,0,0,44,United-States,<=50K
24,Private,284358,1st-4th,2,Never-married,Farming-fishing,Not-in-family,Other,Male,0,0,66,Mexico,<=50K
34,Private,200496,HS-grad,9,Separated,Transport-moving,Own-child,White,Male,0,0,25,Columbia,<=50K
48,Federal-gov,156618,HS-grad,9,Married-civ-spouse,Adm-clerical,Husband,Black,Male,0,0,50,United-States,>50K
47,Private,186067,Prof-school,15,Married-civ-spouse,Prof-specialty,Husband,White,Male,0,0,60,?,>50K
73,Private,29675,HS-grad,9,Widowed,Other-service,Other-relative,White,Female,0,0,12,United-States,<=50K
45,Private,101320,HS-grad,9,Divorced,Adm-clerical,Unmarried,White,Female,0,0,40,United-States,<=50K
21,Private,73679,Some-college,10,Never-married,Exec-managerial,Own-child,White,Female,0,0,40,United-States,<=50K
43,Self-emp-not-inc,64112,Some-college,10,Married-civ-spouse,Farming-fishing,Husband,White,Male,0,0,50,United-States,<=50K
39,Private,138626,Bachelors,13,Married-civ-spouse,Craft-repair,Husband,White,Male,0,0,40,United-States,>50K
39,Private,366533,HS-grad,9,Married-civ-spouse,Craft-repair,Husband,White,Male,0,0,40,United-States,<=50K
40,Private,163455,Some-college,10,Married-civ-spouse,Tech-support,Husband,White,Male,0,0,55,United-States,>50K
40,Federal-gov,77332,Some-college,10,Divorced,Adm-clerical,Not-in-family,White,Female,0,0,50,United-States,<=50K
57,Private,102442,Some-college,10,Divorced,Adm-clerical,Unmarried,White,Female,0,0,40,United-States,<=50K
33,Private,60374,Masters,14,Married-civ-spouse,Prof-specialty,Husband,White,Male,0,0,45,United-States,>50K
51,Private,103803,HS-grad,9,Married-civ-spouse,Machine-op-inspct,Husband,Black,Male,0,0,50,United-States,<=50K
35,Private,214738,Some-college,10,Divorced,Adm-clerical,Not-in-family,White,Female,0,0,45,United-States,<=50K
35,Local-gov,246891,Bachelors,13,Divorced,Prof-specialty,Not-in-family,White,Male,0,0,50,United-States,<=50K
46,Private,212840,11th,7,Married-civ-spouse,Craft-repair,Husband,White,Male,0,0,32,United-States,<=50K
37,Self-emp-not-inc,35459,HS-grad,9,Divorced,Exec-managerial,Not-in-family,Asian-Pac-Islander,Female,0,0,70,South,>50K
26,Private,127202,HS-grad,9,Divorced,Machine-op-inspct,Not-in-family,White,Male,0,0,40,United-States,<=50K
36,Private,189674,Some-college,10,Separated,Other-service,Other-relative,Black,Female,0,0,40,United-States,<=50K
31,Private,182217,10th,6,Separated,Transport-moving,Unmarried,White,Male,0,0,40,United-States,<=50K
33,Private,160369,HS-grad,9,Married-civ-spouse,Machine-op-inspct,Husband,White,Male,0,0,50,United-States,>50K
61,Private,120939,Prof-school,15,Married-civ-spouse,Transport-moving,Husband,White,Male,0,0,5,United-States,>50K
37,Private,218124,HS-grad,9,Married-civ-spouse,Craft-repair,Husband,White,Male,0,0,45,United-States,>50K
37,Private,221172,HS-grad,9,Never-married,Other-service,Own-child,Amer-Indian-Eskimo,Male,0,0,18,United-States,<=50K
57,Private,237868,HS-grad,9,Married-civ-spouse,Other-service,Husband,White,Male,0,0,40,Mexico,<=50K
41,Private,232577,HS-grad,9,Divorced,Sales,Unmarried,White,Female,0,0,40,United-States,<=50K
52,Self-emp-inc,131573,Bachelors,13,Married-civ-spouse,Exec-managerial,Husband,White,Male,0,0,50,United-States,>50K
31,Private,124318,11th,7,Married-civ-spouse,Craft-repair,Husband,White,Male,0,0,40,United-States,<=50K
41,Private,352080,Some-college,10,Married-civ-spouse,Exec-managerial,Wife,White,Female,0,1902,40,United-States,>50K
45,Private,102597,HS-grad,9,Widowed,Adm-clerical,Unmarried,White,Female,0,0,35,United-States,<=50K
33,Local-gov,299347,HS-grad,9,Never-married,Other-service,Not-in-family,Black,Male,0,0,40,United-States,<=50K
41,Private,119079,HS-grad,9,Married-civ-spouse,Sales,Husband,White,Male,0,0,49,United-States,>50K
48,Private,196116,HS-grad,9,Divorced,Adm-clerical,Not-in-family,White,Female,0,0,30,United-States,<=50K
18,Private,301814,HS-grad,9,Never-married,Sales,Not-in-family,White,Female,0,0,20,United-States,<=50K
62,Local-gov,103344,HS-grad,9,Divorced,Craft-repair,Not-in-family,White,Male,0,0,40,United-States,<=50K
57,Private,143774,Bachelors,13,Married-civ-spouse,Exec-managerial,Husband,White,Male,0,0,40,United-States,>50K
26,?,208994,Some-college,10,Never-married,?,Own-child,White,Male,0,0,12,United-States,<=50K
40,Self-emp-not-inc,211482,Bachelors,13,Divorced,Other-service,Unmarried,White,Female,0,0,20,United-States,<=50K
31,Private,182276,10th,6,Separated,Transport-moving,Unmarried,White,Male,0,0,40,United-States,<=50K
73,Private,296991,HS-grad,9,Widowed,Other-service,Other-relative,White,Female,0,0,12,United-States,<=50K
71,State-gov,100063,HS-grad,9,Married-civ-spouse,Craft-repair,Husband,Black,Male,0,0,40,United-States,<=50K
32,Private,153908,HS-grad,9,Separated,Prof-specialty,Not-in-family,White,Male,0,0,55,United-States,<=50K
29,Private,211231,Bachelors,13,Married-civ-spouse,Sales,Husband,White,Male,0,0,40,United-States,<=50K
42,Private,66118,Some-college,10,Divorced,Machine-op-inspct,Not-in-family,White,Female,0,0,40,United-States,<=50K
30,Private,113176,Some-college,10,Never-married,Other-service,Not-in-family,White,Male,0,0,24,United-States,<=50K
20,Private,229051,11th,7,Married-civ-spouse,Other-service,Husband,White,Male,0,0,40,United-States,<=50K
38,Federal-gov,338409,Some-college,10,Married-civ-spouse,Adm-clerical,Husband,Asian-Pac-Islander,Male,0,0,40,Philippines,>50K
24,Private,182460,HS-grad,9,Married-civ-spouse,Other-service,Wife,White,Female,0,0,25,United-States,<=50K
67,Self-emp-inc,116372,Bachelors,13,Widowed,Other-service,Unmarried,White,Female,0,0,35,United-States,<=50K
23,Private,134768,Bachelors,13,Never-married,Sales,Own-child,Asian-Pac-Islander,Male,0,0,40,United-States,<=50K
31,Private,121775,Assoc-acdm,12,Divorced,Adm-clerical,Unmarried,White,Female,0,0,35,Poland,<=50K
29,Private,490332,Some-college,10,Married-civ-spouse,Transport-moving,Husband,White,Male,0,0,45,United-States,>50K
34,Self-emp-not-inc,247711,HS-grad,9,Never-married,Farming-fishing,Not-in-family,White,Male,0,1974,30,United-States,<=50K
59,Local-gov,130773,Some-college,10,Widowed,Other-service,Not-in-family,White,Female,0,0,40,Poland,<=50K
21,Private,292120,HS-grad,9,Never-married,Sales,Not-in-family,White,Male,0,0,60,United-States,<=50K
34,Private,185660,HS-grad,9,Married-civ-spouse,Handlers-cleaners,Husband,White,Male,0,0,70,United-States,<=50K
34,Private,357173,Bachelors,13,Married-civ-spouse,Sales,Husband,White,Male,0,0,40,United-States,<=50K
34,Self-emp-not-inc,181008,Assoc-voc,11,Married-civ-spouse,Craft-repair,Husband,White,Male,0,0,45,United-States,<=50K
55,Private,52953,HS-grad,9,Divorced,Other-service,Unmarried,White,Female,0,0,40,United-States,<=50K
31,Private,121768,Assoc-acdm,12,Divorced,Adm-clerical,Unmarried,White,Female,0,0,35,Poland,<=50K
19,Private,151801,10th,6,Never-married,Handlers-cleaners,Own-child,White,Male,0,0,39,United-States,<=50K
20,Private,257780,Some-college,10,Never-married,Sales,Not-in-family,White,Female,0,0,35,United-States,<=50K
47,Private,263498,Bachelors,13,Never-married,Sales,Not-in-family,Black,Male,0,0,60,United-States,>50K
56,Private,229259,HS-grad,9,Divorced,Adm-clerical,Not-in-family,White,Female,0,0,40,United-States,<=50K
49,Private,138992,HS-grad,9,Married-civ-spouse,Craft-repair,Husband,White,Male,7298,0,40,United-States,>50K
38,Private,154669,HS-grad,9,Separated,Sales,Not-in-family,White,Male,0,0,60,United-States,<=50K
34,Private,191814,Assoc-voc,11,Married-civ-spouse,Craft-repair,Husband,White,Male,0,0,48,United-States,<=50K
31,Private,193042,Bachelors,13,Never-married,Tech-support,Not-in-family,White,Female,0,0,42,United-States,<=50K
30,Private,101266,HS-grad,9,Married-civ-spouse,Protective-serv,Husband,White,Male,0,0,40,United-States,<=50K
51,Local-gov,250782,9th,5,Married-civ-spouse,Other-service,Wife,White,Female,0,0,38,Puerto-Rico,<=50K
39,Private,81853,Some-college,10,Married-civ-spouse,Exec-managerial,Husband,White,Male,0,0,60,United-States,<=50K
54,Private,200471,Some-college,10,Divorced,Craft-repair,Unmarried,White,Female,0,0,48,United-States,<=50K
34,Private,118714,Assoc-acdm,12,Married-civ-spouse,Prof-specialty,Husband,White,Male,0,0,55,United-States,<=50K
31,Private,192614,Assoc-acdm,12,Never-married,Adm-clerical,Not-in-family,White,Male,2202,0,38,United-States,<=50K
18,Private,51838,Some-college,10,Never-married,Other-service,Own-child,White,Male,0,0,8,United-States,<=50K
30,Private,490332,Some-college,10,Married-civ-spouse,Transport-moving,Husband,White,Male,0,0,80,United-States,>50K
34,Private,228608,Bachelors,13,Divorced,Sales,Not-in-family,White,Female,0,0,40,United-States,<=50K
47,Private,274363,10th,6,Married-civ-spouse,Craft-repair,Husband,White,Male,0,0,35,United-States,<=50K
38,Private,163333,HS-grad,9,Married-civ-spouse,Transport-moving,Husband,White,Male,0,1740,40,United-States,<=50K
32,Private,184806,Bachelors,13,Married-civ-spouse,Craft-repair,Husband,White,Male,0,0,55,United-States,>50K
29,Private,41281,Assoc-acdm,12,Never-married,Sales,Not-in-family,White,Male,0,0,45,Mexico,<=50K
25,Private,202871,HS-grad,9,Never-married,Sales,Unmarried,White,Female,0,0,35,United-States,<=50K
27,Private,370119,9th,5,Never-married,Other-service,Own-child,White,Male,0,0,30,United-States,<=50K
29,Private,413297,Assoc-acdm,12,Never-married,Sales,Not-in-family,White,Male,0,0,45,Mexico,<=50K
44,Private,120277,Bachelors,13,Married-civ-spouse,Prof-specialty,Husband,White,Male,15024,0,50,Italy,>50K
53,Private,186067,Some-college,10,Married-civ-spouse,Farming-fishing,Husband,White,Male,0,0,40,United-States,<=50K
47,Private,152744,Prof-school,15,Married-civ-spouse,Exec-managerial,Husband,White,Male,7688,0,60,United-States,>50K
42,Private,244566,HS-grad,9,Married-civ-spouse,Sales,Husband,White,Male,0,0,50,United-States,<=50K
20,?,359972,Some-college,10,Never-married,?,Own-child,White,Female,0,0,35,United-States,<=50K
37,Private,174533,Bachelors,13,Married-civ-spouse,Farming-fishing,Husband,White,Male,0,0,45,United-States,<=50K
25,Private,165289,HS-grad,9,Never-married,Machine-op-inspct,Own-child,White,Male,4416,0,40,United-States,<=50K
67,Private,160456,11th,7,Widowed,Other-service,Not-in-family,White,Female,0,0,40,United-States,<=50K
60,Federal-gov,63526,Bachelors,13,Married-civ-spouse,Adm-clerical,Husband,Black,Male,0,0,40,United-States,>50K
64,Self-emp-not-inc,211840,HS-grad,9,Married-civ-spouse,Craft-repair,Husband,White,Male,0,0,20,United-States,<=50K
69,Self-emp-not-inc,150057,HS-grad,9,Married-civ-spouse,Farming-fishing,Husband,White,Male,0,0,40,United-States,<=50K
20,Private,212213,Some-college,10,Never-married,Other-service,Own-child,White,Female,0,0,16,United-States,<=50K
17,Private,100828,11th,7,Never-married,Other-service,Not-in-family,White,Male,0,0,20,United-States,<=50K
33,Private,226296,HS-grad,9,Married-civ-spouse,Other-service,Husband,White,Male,0,1672,50,United-States,<=50K
29,Private,72393,HS-grad,9,Never-married,Handlers-cleaners,Own-child,Asian-Pac-Islander,Male,0,0,26,United-States,<=50K
32,Private,86150,Some-college,10,Never-married,Other-service,Own-child,White,Female,0,0,38,United-States,<=50K
22,Private,112693,HS-grad,9,Married-civ-spouse,Craft-repair,Husband,White,Male,0,0,35,United-States,<=50K
51,Private,300915,Bachelors,13,Never-married,Adm-clerical,Unmarried,White,Male,0,0,20,United-States,<=50K
18,Private,127202,12th,8,Never-married,Other-service,Not-in-family,White,Female,0,0,25,United-States,<=50K
26,?,209609,Some-college,10,Never-married,?,Own-child,White,Male,0,0,12,United-States,<=50K
20,Private,224474,HS-grad,9,Never-married,Handlers-cleaners,Not-in-family,White,Male,0,0,40,United-States,<=50K
48,Local-gov,102076,Bachelors,13,Never-married,Adm-clerical,Unmarried,White,Female,0,0,35,United-States,<=50K
39,Private,222450,Bachelors,13,Married-civ-spouse,Prof-specialty,Not-in-family,White,Male,0,0,60,United-States,<=50K
28,Self-emp-not-inc,420054,HS-grad,9,Married-civ-spouse,Craft-repair,Husband,White,Male,0,0,40,Italy,<=50K
45,Local-gov,233851,HS-grad,9,Divorced,Adm-clerical,Unmarried,White,Female,0,0,35,United-States,<=50K
21,Private,61777,Some-college,10,Never-married,Craft-repair,Not-in-family,White,Male,0,0,70,United-States,<=50K
18,Private,300681,HS-grad,9,Never-married,Other-service,Own-child,White,Female,0,0,20,United-States,<=50K
46,State-gov,166416,Some-college,10,Married-civ-spouse,Exec-managerial,Husband,White,Male,0,0,40,United-States,>50K
33,Self-emp-not-inc,189265,Some-college,10,Never-married,Other-service,Not-in-family,White,Female,0,0,5,United-States,<=50K
71,Private,244341,7th-8th,4,Married-civ-spouse,Transport-moving,Husband,White,Male,6514,0,40,United-States,>50K
23,Private,209808,Some-college,10,Never-married,Other-service,Own-child,White,Female,0,0,20,United-States,<=50K
34,Private,321824,HS-grad,9,Never-married,Other-service,Not-in-family,White,Female,0,0,28,United-States,<=50K
65,Private,113293,HS-grad,9,Married-civ-spouse,Craft-repair,Husband,White,Male,0,0,40,United-States,<=50K
62,?,54595,HS-grad,9,Widowed,?,Not-in-family,White,Female,0,0,25,United-States,<=50K
51,Private,261504,HS-grad,9,Married-civ-spouse,Other-service,Husband,White,Male,0,0,40,Cuba,>50K
56,Self-emp-not-inc,156873,HS-grad,9,Married-civ-spouse,Craft-repair,Husband,White,Male,0,0,40,United-States,<=50K
48,Private,200802,Bachelors,13,Married-civ-spouse,Prof-specialty,Husband,White,Male,0,1579,40,United-States,>50K
36,Private,33487,Bachelors,13,Married-civ-spouse,Sales,Husband,White,Male,0,1887,35,United-States,>50K
48,Private,196107,HS-grad,9,Divorced,Adm-clerical,Not-in-family,White,Female,0,0,30,United-States,<=50K
43,Private,137304,Some-college,10,Married-civ-spouse,Exec-managerial,Husband,White,Male,0,0,40,United-States,>50K
65,Private,113176,HS-grad,9,Married-civ-spouse,Craft-repair,Husband,White,Male,0,0,40,United-States,<=50K
30,Private,87054,HS-grad,9,Married-civ-spouse,Craft-repair,Husband,White,Male,0,0,50,United-States,<=50K
56,Self-emp-not-inc,296991,Prof-school,15,Married-civ-spouse,Prof-specialty,Husband,White,Male,0,0,55,England,>50K
61,Federal-gov,95680,Assoc-acdm,12,Married-civ-spouse,Exec-managerial,Husband,Asian-Pac-Islander,Male,3103,0,40,United-States,>50K
40,Private,22149,Assoc-acdm,12,Married-civ-spouse,Exec-managerial,Husband,White,Male,0,0,50,United-States,>50K
45,Private,101656,10th,6,Never-married,Machine-op-inspct,Not-in-family,Asian-Pac-Islander,Male,0,0,40,Vietnam,<=50K
22,State-gov,119721,Some-college,10,Never-married,Other-service,Own-child,White,Male,0,0,10,United-States,<=50K
49,Private,125831,HS-grad,9,Married-civ-spouse,Sales,Husband,White,Male,0,0,40,United-States,<=50K
34,Private,191807,Assoc-voc,11,Married-civ-spouse,Craft-repair,Husband,White,Male,0,0,48,United-States,<=50K
47,Local-gov,170017,HS-grad,9,Divorced,Adm-clerical,Not-in-family,White,Female,0,0,40,United-States,<=50K
30,Private,337908,Assoc-acdm,12,Married-civ-spouse,Adm-clerical,Wife,Black,Female,0,0,20,United-States,<=50K
22,Private,214738,HS-grad,9,Never-married,Handlers-cleaners,Own-child,White,Male,0,0,40,United-States,<=50K
54,Local-gov,287908,Some-college,10,Married-civ-spouse,Adm-clerical,Wife,Black,Female,0,0,55,United-States,>50K
23,Private,285367,Bachelors,13,Never-married,Sales,Not-in-family,Asian-Pac-Islander,Male,0,0,50,Taiwan,<=50K
36,Private,130856,HS-grad,9,Married-civ-spouse,Machine-op-inspct,Husband,White,Male,0,0,40,United-States,>50K
54,Private,175109,HS-grad,9,Married-civ-spouse,Sales,Husband,White,Male,0,0,50,United-States,<=50K
48,Self-emp-inc,85041,Some-college,10,Never-married,Craft-repair,Not-in-family,White,Male,0,0,45,United-States,<=50K
18,Private,29675,HS-grad,9,Never-married,Handlers-cleaners,Own-child,White,Male,0,0,30,United-States,<=50K
24,Private,206974,Bachelors,13,Never-married,Adm-clerical,Own-child,White,Female,0,0,40,United-States,<=50K
39,Private,230467,Bachelors,13,Never-married,Sales,Own-child,White,Male,0,1092,40,Germany,<=50K
52,Self-emp-inc,228921,Prof-school,15,Married-civ-spouse,Prof-specialty,Husband,White,Male,0,0,40,United-States,>50K
32,Private,156410,HS-grad,9,Separated,Prof-specialty,Not-in-family,White,Male,0,0,55,United-States,<=50K
47,Private,150080,Prof-school,15,Married-civ-spouse,Exec-managerial,Husband,White,Male,7688,0,60,United-States,>50K
47,Private,59380,Some-college,10,Divorced,Adm-clerical,Unmarried,White,Female,0,0,42,United-States,<=50K
50,Private,205934,Masters,14,Married-civ-spouse,Sales,Husband,White,Male,15024,0,40,United-States,>50K
50,Private,205730,Masters,14,Married-civ-spouse,Sales,Husband,White,Male,15024,0,40,United-States,>50K
46,Private,403911,HS-grad,9,Married-civ-spouse,Craft-repair,Husband,Black,Male,0,1902,40,United-States,>50K
45,Federal-gov,126675,Masters,14,Married-civ-spouse,Prof-specialty,Husband,White,Male,0,0,45,United-States,>50K
31,Private,200471,HS-grad,9,Divorced,Adm-clerical,Not-in-family,White,Female,0,0,40,Germany,<=50K
33,Private,296090,Masters,14,Married-civ-spouse,Tech-support,Husband,White,Male,0,0,15,United-States,<=50K
21,Private,275967,Some-college,10,Never-married,Sales,Other-relative,White,Female,0,0,40,United-States,<=50K
74,?,89667,Bachelors,13,Widowed,?,Not-in-family,Other,Female,0,0,35,United-States,<=50K
33,State-gov,305874,Masters,14,Never-married,Prof-specialty,Not-in-family,White,Male,0,0,50,United-States,<=50K
20,Private,172695,Some-college,10,Never-married,Sales,Own-child,White,Female,0,0,4,United-States,<=50K
18,Private,305874,HS-grad,9,Never-married,Sales,Not-in-family,White,Female,0,0,20,United-States,<=50K
51,Private,300816,Assoc-voc,11,Married-civ-spouse,Craft-repair,Husband,White,Male,0,0,40,Canada,>50K
29,Private,161251,HS-grad,9,Married-spouse-absent,Other-service,Not-in-family,Other,Female,0,0,40,Columbia,<=50K
39,Private,149726,Some-college,10,Married-civ-spouse,Craft-repair,Husband,White,Male,0,0,55,United-States,>50K
47,Self-emp-not-inc,117310,HS-grad,9,Never-married,Other-service,Not-in-family,White,Female,0,1876,48,United-States,<=50K
50,Self-emp-not-inc,99894,5th-6th,3,Never-married,Tech-support,Not-in-family,Asian-Pac-Islander,Female,0,0,15,United-States,<=50K
46,Private,251346,1st-4th,2,Separated,Other-service,Not-in-family,White,Female,0,0,40,Mexico,<=50K
56,Self-emp-inc,303090,Some-college,10,Married-civ-spouse,Sales,Husband,White,Male,0,0,50,United-States,<=50K
48,State-gov,224700,Some-college,10,Divorced,Exec-managerial,Not-in-family,White,Female,0,0,40,United-States,<=50K
41,Private,69884,HS-grad,9,Married-civ-spouse,Craft-repair,Husband,White,Male,0,0,45,United-States,>50K
69,Private,273435,HS-grad,9,Widowed,Adm-clerical,Not-in-family,White,Female,0,0,40,United-States,<=50K
47,Private,93557,HS-grad,9,Married-civ-spouse,Farming-fishing,Husband,White,Male,0,0,40,United-States,<=50K
21,Private,328239,Some-college,10,Never-married,Other-service,Own-child,White,Male,0,0,30,United-States,<=50K
33,Self-emp-not-inc,66624,Assoc-voc,11,Divorced,Other-service,Unmarried,White,Female,0,0,99,United-States,<=50K
30,Private,157614,Bachelors,13,Never-married,Prof-specialty,Not-in-family,White,Male,0,0,50,Iran,<=50K
46,Self-emp-not-inc,226296,Bachelors,13,Separated,Other-service,Unmarried,White,Female,0,0,45,Nicaragua,<=50K
55,Private,53481,HS-grad,9,Divorced,Other-service,Unmarried,White,Female,0,0,40,United-States,<=50K
49,Private,176900,Bachelors,13,Married-civ-spouse,Exec-managerial,Husband,White,Male,0,0,50,United-States,>50K
51,Private,163921,Bachelors,13,Married-civ-spouse,Transport-moving,Husband,White,Male,0,0,56,United-States,>50K
26,Federal-gov,172047,Assoc-voc,11,Never-married,Craft-repair,Own-child,White,Male,0,0,50,Japan,<=50K
21,Private,189703,HS-grad,9,Never-married,Exec-managerial,Own-child,White,Male,0,0,40,United-States,<=50K
29,State-gov,382583,Bachelors,13,Never-married,Craft-repair,Not-in-family,White,Male,0,0,40,United-States,<=50K
30,Private,146015,HS-grad,9,Never-married,Craft-repair,Not-in-family,White,Male,0,0,45,United-States,<=50K
39,Self-emp-not-inc,190406,Bachelors,13,Married-civ-spouse,Sales,Husband,White,Male,0,0,60,United-States,<=50K
24,Private,285004,Bachelors,13,Married-civ-spouse,Prof-specialty,Husband,White,Male,0,0,40,United-States,<=50K
43,Private,285004,HS-grad,9,Married-civ-spouse,Craft-repair,Husband,White,Male,0,0,40,United-States,<=50K
21,Private,221157,Some-college,10,Never-married,Sales,Own-child,White,Male,0,0,20,United-States,<=50K
31,Private,43702,Bachelors,13,Widowed,Adm-clerical,Unmarried,White,Male,0,0,60,United-States,<=50K
21,Private,373628,Some-college,10,Never-married,Adm-clerical,Own-child,White,Male,0,0,30,United-States,<=50K
37,Private,142760,HS-grad,9,Divorced,Exec-managerial,Unmarried,White,Female,0,0,50,United-States,<=50K
27,Private,188171,HS-grad,9,Never-married,Handlers-cleaners,Own-child,White,Male,0,0,40,United-States,<=50K
39,Private,82540,Some-college,10,Married-civ-spouse,Exec-managerial,Husband,White,Male,0,0,60,United-States,<=50K
53,Private,108836,9th,5,Married-civ-spouse,Transport-moving,Husband,White,Male,0,0,40,United-States,<=50K
40,Private,200401,Bachelors,13,Separated,Sales,Not-in-family,White,Male,0,0,40,United-States,<=50K
24,Private,206827,Some-college,10,Never-married,Adm-clerical,Own-child,White,Female,0,0,30,United-States,<=50K
54,Private,198362,Some-college,10,Divorced,Craft-repair,Unmarried,White,Female,0,0,48,United-States,<=50K
29,Private,177937,HS-grad,9,Married-civ-spouse,Machine-op-inspct,Husband,White,Male,0,0,40,United-States,<=50K
25,Private,130532,10th,6,Never-married,Farming-fishing,Unmarried,Amer-Indian-Eskimo,Male,0,0,40,United-States,<=50K
28,Federal-gov,37088,Some-college,10,Never-married,Adm-clerical,Not-in-family,White,Female,0,0,40,United-States,<=50K
31,Private,272792,Assoc-voc,11,Divorced,Transport-moving,Not-in-family,White,Male,0,0,40,United-States,<=50K
28,Private,161538,Bachelors,13,Never-married,Tech-support,Not-in-family,White,Female,0,0,35,United-States,<=50K
25,Private,36039,5th-6th,3,Never-married,Adm-clerical,Not-in-family,White,Female,0,0,33,Mexico,<=50K
66,Private,33619,HS-grad,9,Married-civ-spouse,Other-service,Husband,Black,Male,0,0,4,United-States,<=50K
46,Private,251346,1st-4th,2,Separated,Other-service,Not-in-family,White,Female,0,0,40,Mexico,<=50K
25,Private,136277,Bachelors,13,Never-married,Adm-clerical,Own-child,Black,Female,0,0,40,United-States,<=50K
33,Private,150080,HS-grad,9,Married-civ-spouse,Sales,Husband,White,Male,0,0,40,United-States,>50K
51,Federal-gov,21798,Some-college,10,Divorced,Prof-specialty,Not-in-family,Black,Female,0,0,40,United-States,<=50K
31,Private,196791,Prof-school,15,Divorced,Prof-specialty,Not-in-family,White,Female,0,0,45,United-States,>50K
25,Private,130397,10th,6,Never-married,Farming-fishing,Unmarried,Amer-Indian-Eskimo,Male,0,0,40,United-States,<=50K
38,Private,154669,HS-grad,9,Separated,Sales,Not-in-family,White,Male,0,0,60,United-States,<=50K
34,Private,105803,Some-college,10,Divorced,Craft-repair,Not-in-family,White,Male,0,0,60,United-States,<=50K
35,Private,166740,Bachelors,13,Married-civ-spouse,Exec-managerial,Husband,White,Male,0,0,50,United-States,>50K
56,Self-emp-inc,217647,12th,8,Married-civ-spouse,Exec-managerial,Husband,White,Male,0,1651,40,United-States,<=50K
30,Private,87418,Bachelors,13,Married-civ-spouse,Exec-managerial,Husband,White,Male,0,0,45,United-States,>50K
31,Private,149169,12th,8,Married-civ-spouse,Craft-repair,Husband,White,Male,0,0,43,United-States,<=50K
23,Private,119838,Bachelors,13,Never-married,Exec-managerial,Not-in-family,White,Male,0,0,40,United-States,<=50K
24,Self-emp-not-inc,172047,Assoc-acdm,12,Never-married,Craft-repair,Own-child,White,Male,0,0,40,United-States,<=50K
31,Private,197038,Prof-school,15,Divorced,Prof-specialty,Not-in-family,White,Female,0,0,45,United-States,>50K
29,Local-gov,153522,Masters,14,Never-married,Prof-specialty,Other-relative,Asian-Pac-Islander,Female,1506,0,40,United-States,<=50K
20,Private,257200,Some-college,10,Never-married,Sales,Not-in-family,White,Female,0,0,35,United-States,<=50K
25,Private,339324,Bachelors,13,Never-married,Tech-support,Not-in-family,White,Male,0,0,40,United-States,<=50K
19,Private,179991,HS-grad,9,Never-married,Other-service,Own-child,White,Female,0,0,35,United-States,<=50K
35,Private,422933,Bachelors,13,Never-married,Other-service,Not-in-family,White,Male,0,0,37,United-States,<=50K
40,Private,120277,Bachelors,13,Married-civ-spouse,Sales,Husband,White,Male,0,0,45,United-States,<=50K
50,Private,218309,HS-grad,9,Married-civ-spouse,Craft-repair,Husband,White,Male,0,0,40,United-States,>50K
30,Private,112358,Bachelors,13,Married-civ-spouse,Other-service,Husband,White,Male,0,0,60,United-States,>50K
41,Private,290560,HS-grad,9,Married-civ-spouse,Craft-repair,Husband,White,Male,0,0,40,United-States,<=50K
35,Private,138992,Masters,14,Married-civ-spouse,Prof-specialty,Other-relative,White,Male,7298,0,40,United-States,>50K
51,Private,299347,Bachelors,13,Never-married,Adm-clerical,Unmarried,White,Male,0,0,20,United-States,<=50K
46,Private,364782,Prof-school,15,Married-civ-spouse,Prof-specialty,Husband,White,Male,99999,0,60,United-States,>50K
39,Private,149943,Some-college,10,Married-civ-spouse,Craft-repair,Husband,White,Male,0,0,55,United-States,>50K
50,Private,194134,HS-grad,9,Married-civ-spouse,Exec-managerial,Husband,White,Male,0,0,60,United-States,<=50K
