age,workclass,fnlwgt,education,education-num,marital-status,occupation,relationship,race,sex,capital-gain,capital-loss,hours-per-week,native-country,income
33,Private,218124,Bachelors,13,Married-civ-spouse,Sales,Husband,White,Male,0,0,80,Columbia,>50K
39,Private,192302,HS-grad,9,Married-civ-spouse,Transport-moving,Husband,White,Male,0,0,56,United-States,<=50K
24,Private,232577,HS-grad,9,Married-civ-spouse,Craft-repair,Husband,White,Male,0,0,40,United-States,<=50K
32,State-gov,71151,Bachelors,13,Married-civ-spouse,Tech-support,Husband,White,Male,0,0,20,United-States,<=50K
63,Self-emp-not-inc,795830,1st-4th,2,Widowed,Other-service,Unmarried,White,Female,0,0,30,El-Salvador,<=50K
42,Private,319637,HS-grad,9,Divorced,Adm-clerical,Unmarried,White,Female,0,0,40,United-States,<=50K
35,Private,210498,HS-grad,9,Married-civ-spouse,Sales,Husband,White,Male,0,0,55,United-States,>50K
39,Private,138705,Prof-school,15,Married-civ-spouse,Prof-specialty,Husband,Asian-Pac-Islander,Male,0,0,38,India,<=50K
43,Private,431513,Some-college,10,Married-civ-spouse,Craft-repair,Husband,White,Male,0,0,40,United-States,>50K
26,Self-emp-not-inc,253899,Bachelors,13,Divorced,Sales,Not-in-family,White,Male,0,0,40,United-States,<=50K
43,Local-gov,256861,Bachelors,13,Married-civ-spouse,Prof-specialty,Husband,White,Male,0,0,55,United-States,>50K
17,Private,376540,11th,7,Never-married,Handlers-cleaners,Own-child,White,Male,0,0,30,United-States,<=50K
18,Private,59287,HS-grad,9,Never-married,Priv-house-serv,Other-relative,White,Female,0,0,10,United-States,<=50K
52,Private,94391,HS-grad,9,Married-civ-spouse,Adm-clerical,Husband,White,Male,0,0,40,United-States,<=50K
26,Private,57101,Bachelors,13,Never-married,Exec-managerial,Not-in-family,Black,Male,0,0,50,?,<=50K
20,Private,202214,Some-college,10,Never-married,Protective-serv,Own-child,White,Male,0,0,33,United-States,<=50K
28,Private,198145,Assoc-voc,11,Married-civ-spouse,Sales,Husband,White,Male,0,0,40,United-States,<=50K
18,Private,318036,Some-college,10,Never-married,Sales,Own-child,White,Male,0,0,35,United-States,<=50K
41,Private,27804,7th-8th,4,Married-civ-spouse,Farming-fishing,Husband,White,Male,0,0,36,United-States,<=50K
33,Private,149726,HS-grad,9,Married-civ-spouse,Sales,Husband,White,Male,0,0,40,United-States,>50K
32,Private,179135,Assoc-acdm,12,Never-married,Sales,Not-in-family,Black,Female,0,0,46,Trinadad&Tobago,<=50K
38,Private,215990,HS-grad,9,Married-civ-spouse,Machine-op-inspct,Husband,Black,Male,0,1740,40,Haiti,<=50K
43,State-gov,419146,HS-grad,9,Married-civ-spouse,Transport-moving,Husband,White,Male,0,0,38,United-States,>50K
24,Private,256253,11th,7,Married-civ-spouse,Sales,Husband,White,Male,0,0,40,United-States,<=50K
26,Private,297847,11th,7,Divorced,Adm-clerical,Own-child,White,Female,0,0,40,United-States,<=50K
35,Local-gov,116960,Masters,14,Married-civ-spouse,Prof-specialty,Husband,White,Male,0,1887,40,United-States,>50K
24,Private,273402,HS-grad,9,Married-civ-spouse,Machine-op-inspct,Husband,White,Male,0,0,50,United-States,<=50K
42,Private,246981,HS-grad,9,Married-civ-spouse,Sales,Husband,White,Male,0,0,50,United-States,<=50K
50,Private,221167,HS-grad,9,Married-civ-spouse,Craft-repair,Husband,White,Male,0,0,40,United-States,>50K
79,Private,149943,Bachelors,13,Never-married,Other-service,Not-in-family,White,Female,0,0,40,United-States,<=50K
52,Private,104501,12th,8,Married-civ-spouse,Exec-managerial,Husband,White,Male,0,0,60,United-States,>50K
53,Private,195258,11th,7,Widowed,Other-service,Own-child,White,Female,0,0,47,United-States,<=50K
30,Private,176175,HS-grad,9,Divorced,Machine-op-inspct,Not-in-family,White,Male,0,0,40,United-States,<=50K
26,Self-emp-not-inc,33234,Bachelors,13,Never-married,Sales,Not-in-family,White,Male,0,0,60,United-States,>50K
68,Self-emp-not-inc,191517,Some-college,10,Widowed,Adm-clerical,Not-in-family,White,Male,0,0,40,United-States,<=50K
33,Private,149726,HS-grad,9,Married-civ-spouse,Sales,Husband,White,Male,0,0,40,United-States,>50K
33,Private,69236,HS-grad,9,Never-married,Handlers-cleaners,Not-in-family,White,Male,0,0,40,United-States,<=50K
27,Private,56658,HS-grad,9,Married-civ-spouse,Handlers-cleaners,Husband,Amer-Indian-Eskimo,Male,0,0,8,United-States,<=50K
32,Self-emp-not-inc,280728,Some-college,10,Married-civ-spouse,Sales,Husband,Amer-Indian-Eskimo,Male,0,0,60,United-States,<=50K
24,Private,46221,Some-college,10,Married-civ-spouse,Farming-fishing,Husband,White,Male,0,0,50,United-States,>50K
36,Private,247547,HS-grad,9,Married-civ-spouse,Craft-repair,Husband,White,Male,0,0,45,United-States,<=50K
32,Self-emp-inc,203523,Some-college,10,Married-civ-spouse,Sales,Husband,White,Male,0,0,99,United-States,>50K
48,Private,85341,HS-grad,9,Married-civ-spouse,Craft-repair,Husband,White,Male,0,0,40,United-States,<=50K
25,Private,393691,Some-college,10,Married-civ-spouse,Adm-clerical,Wife,Black,Female,0,0,56,United-States,>50K
44,Local-gov,608881,Bachelors,13,Divorced,Prof-specialty,Own-child,White,Female,0,0,60,United-States,<=50K
35,Local-gov,116960,Masters,14,Married-civ-spouse,Prof-specialty,Husband,White,Male,0,1887,40,United-States,>50K
32,State-gov,159589,Assoc-acdm,12,Married-civ-spouse,Craft-repair,Husband,White,Male,0,0,40,United-States,<=50K
27,Self-emp-not-inc,355802,HS-grad,9,Never-married,Sales,Not-in-family,Black,Male,0,0,40,United-States,<=50K
40,Private,103614,10th,6,Divorced,Craft-repair,Own-child,White,Male,0,0,40,United-States,<=50K
49,Private,344804,12th,8,Married-civ-spouse,Craft-repair,Husband,White,Male,0,0,40,United-States,>50K
40,Private,196797,Bachelors,13,Married-civ-spouse,Adm-clerical,Husband,White,Male,0,0,40,United-States,>50K
58,Private,190776,HS-grad,9,Married-civ-spouse,Machine-op-inspct,Husband,White,Male,0,0,40,United-States,<=50K
60,Private,177916,HS-grad,9,Divorced,Other-service,Unmarried,Black,Female,0,0,38,United-States,<=50K
42,Private,195891,HS-grad,9,Never-married,Transport-moving,Unmarried,Black,Female,0,0,38,United-States,<=50K
36,Private,354078,Bachelors,13,Married-civ-spouse,Prof-specialty,Husband,White,Male,0,0,60,United-States,>50K
74,Private,97167,HS-grad,9,Married-civ-spouse,Other-service,Husband,White,Male,0,0,15,United-States,<=50K
29,Private,161463,Assoc-acdm,12,Married-civ-spouse,Prof-specialty,Husband,White,Male,0,0,50,United-States,<=50K
28,Local-gov,307267,Assoc-acdm,12,Never-married,Adm-clerical,Not-in-family,White,Female,0,1980,40,United-States,<=50K
32,State-gov,159589,Assoc-acdm,12,Married-civ-spouse,Craft-repair,Husband,White,Male,0,0,40,United-States,<=50K
40,Self-emp-inc,141876,Bachelors,13,Married-civ-spouse,Exec-managerial,Wife,White,Female,0,0,55,United-States,>50K
51,Private,350181,Some-college,10,Divorced,Prof-specialty,Unmarried,White,Female,0,0,40,United-States,<=50K
23,State-gov,242391,Some-college,10,Never-married,Prof-specialty,Not-in-family,White,Male,0,0,40,United-States,<=50K
42,Private,417941,Assoc-acdm,12,Never-married,Tech-support,Not-in-family,White,Male,14084,0,36,United-States,>50K
32,Private,226443,HS-grad,9,Married-civ-spouse,Craft-repair,Husband,White,Male,0,0,40,United-States,>50K
32,Private,177287,HS-grad,9,Never-married,Craft-repair,Own-child,White,Male,0,0,40,United-States,<=50K
38,Private,455399,HS-grad,9,Married-civ-spouse,Craft-repair,Husband,White,Male,0,0,44,United-States,<=50K
33,Local-gov,120277,Bachelors,13,Divorced,Protective-serv,Unmarried,White,Female,0,0,60,Germany,<=50K
41,Private,111895,HS-grad,9,Married-civ-spouse,Craft-repair,Husband,White,Male,0,0,60,United-States,>50K
27,Private,204788,HS-grad,9,Never-married,Adm-clerical,Not-in-family,White,Female,0,0,40,United-States,<=50K
54,Private,420691,1st-4th,2,Married-civ-spouse,Other-service,Husband,White,Male,0,0,40,Mexico,<=50K
20,Private,183096,Some-college,10,Never-married,Sales,Own-child,Black,Male,0,0,20,United-States,<=50K
27,Private,247711,Bachelors,13,Never-married,Sales,Not-in-family,White,Female,0,2258,55,United-States,<=50K
23,Private,391937,9th,5,Never-married,Farming-fishing,Unmarried,White,Male,0,0,70,United-States,<=50K
45,Self-emp-not-inc,287372,HS-grad,9,Married-civ-spouse,Exec-managerial,Husband,Asian-Pac-Islander,Male,0,0,40,China,<=50K
34,Private,226922,Bachelors,13,Divorced,Sales,Not-in-family,White,Female,0,0,40,United-States,<=50K
37,Self-emp-not-inc,59287,HS-grad,9,Divorced,Farming-fishing,Unmarried,White,Male,0,0,56,United-States,<=50K
45,Private,216385,Masters,14,Never-married,Exec-managerial,Not-in-family,White,Female,0,2824,50,United-States,>50K
37,Private,212064,HS-grad,9,Married-civ-spouse,Craft-repair,Husband,White,Male,0,0,40,United-States,>50K
28,Private,154205,HS-grad,9,Divorced,Handlers-cleaners,Not-in-family,White,Male,0,0,40,United-States,<=50K
23,Private,346762,HS-grad,9,Never-married,Sales,Not-in-family,White,Male,0,0,40,United-States,<=50K
30,Private,271379,Bachelors,13,Married-civ-spouse,Sales,Husband,White,Male,7298,0,50,United-States,>50K
23,Private,37546,Bachelors,13,Never-married,Adm-clerical,Not-in-family,White,Male,0,0,40,United-States,<=50K
51,Private,27804,Some-college,10,Divorced,Priv-house-serv,Unmarried,Amer-Indian-Eskimo,Female,0,0,35,United-States,<=50K
33,Private,118909,Bachelors,13,Never-married,Sales,Not-in-family,White,Male,0,1590,40,United-States,<=50K
22,Private,137304,Some-college,10,Never-married,Craft-repair,Not-in-family,White,Male,0,0,40,United-States,<=50K
31,Private,181372,HS-grad,9,Divorced,Adm-clerical,Unmarried,White,Female,0,0,35,United-States,<=50K
51,Private,197380,Bachelors,13,Married-civ-spouse,Exec-managerial,Husband,White,Male,0,0,50,United-States,>50K
25,Private,138557,Some-college,10,Never-married,Other-service,Not-in-family,White,Male,2174,0,40,United-States,<=50K
80,Private,86111,Doctorate,16,Married-civ-spouse,Prof-specialty,Husband,White,Male,0,0,30,United-States,<=50K
46,Private,172695,11th,7,Widowed,Other-service,Not-in-family,White,Female,0,0,27,El-Salvador,<=50K
46,Private,87250,Bachelors,13,Separated,Tech-support,Unmarried,White,Female,0,0,40,United-States,<=50K
69,Self-emp-inc,182451,Bachelors,13,Separated,Exec-managerial,Not-in-family,White,Male,0,0,40,United-States,<=50K
29,?,41281,Bachelors,13,Married-spouse-absent,?,Not-in-family,White,Male,0,0,50,United-States,<=50K
36,Private,190997,HS-grad,9,Divorced,Craft-repair,Not-in-family,White,Male,0,0,75,United-States,<=50K
40,Private,197600,Bachelors,13,Married-civ-spouse,Adm-clerical,Husband,White,Male,0,0,40,United-States,>50K
22,Private,304960,Bachelors,13,Never-married,Adm-clerical,Not-in-family,Asian-Pac-Islander,Female,0,0,10,Vietnam,<=50K
21,Private,214542,11th,7,Never-married,Handlers-cleaners,Own-child,White,Male,0,0,40,United-States,<=50K
30,Private,49249,Some-college,10,Married-civ-spouse,Transport-moving,Husband,White,Male,0,0,80,United-States,>50K
35,Private,107991,HS-grad,9,Divorced,Craft-repair,Not-in-family,White,Male,0,0,40,United-States,<=50K
39,Private,107991,Some-college,10,Married-civ-spouse,Exec-managerial,Husband,White,Male,0,0,45,United-States,>50K
41,Private,125768,Some-college,10,Divorced,Craft-repair,Not-in-family,White,Male,0,0,40,United-States,>50K
26,Self-emp-not-inc,33355,Bachelors,13,Never-married,Sales,Not-in-family,White,Male,0,0,60,United-States,>50K
29,Private,189277,Bachelors,13,Never-married,Adm-clerical,Not-in-family,White,Female,0,0,45,United-States,<=50K
37,Federal-gov,214738,Some-college,10,Divorced,Adm-clerical,Unmarried,Black,Female,0,0,40,United-States,<=50K
56,Private,92215,9th,5,Divorced,Craft-repair,Not-in-family,White,Female,0,0,40,United-States,>50K
43,Private,43945,Some-college,10,Married-civ-spouse,Craft-repair,Husband,White,Male,0,0,40,United-States,>50K
24,Private,117381,Bachelors,13,Never-married,Exec-managerial,Own-child,White,Female,0,0,40,United-States,<=50K
27,Private,101618,HS-grad,9,Married-civ-spouse,Exec-managerial,Husband,White,Male,0,0,50,United-States,<=50K
37,Private,105803,HS-grad,9,Married-civ-spouse,Craft-repair,Husband,White,Male,2907,0,45,United-States,>50K
28,Local-gov,307267,Assoc-acdm,12,Never-married,Adm-clerical,Not-in-family,White,Female,0,1980,40,United-States,<=50K
29,Local-gov,94064,Masters,14,Married-civ-spouse,Prof-specialty,Husband,White,Male,0,0,50,United-States,<=50K
50,Private,209808,10th,6,Married-civ-spouse,Farming-fishing,Husband,White,Male,0,0,32,United-States,<=50K
19,?,199495,Some-college,10,Never-married,?,Own-child,White,Male,0,0,60,United-States,<=50K
62,Private,358355,Some-college,10,Married-civ-spouse,Transport-moving,Husband,White,Male,0,0,60,United-States,<=50K
50,Local-gov,36327,Some-college,10,Widowed,Adm-clerical,Unmarried,White,Female,0,0,40,United-States,<=50K
30,Private,176690,Assoc-voc,11,Divorced,Adm-clerical,Unmarried,White,Female,0,0,24,United-States,<=50K
18,Private,236391,Some-college,10,Never-married,Adm-clerical,Own-child,White,Male,0,0,30,United-States,<=50K
46,Private,59202,HS-grad,9,Divorced,Other-service,Not-in-family,White,Male,0,0,25,United-States,<=50K
19,Private,102723,Some-college,10,Never-married,Adm-clerical,Own-child,White,Female,0,0,40,United-States,<=50K
21,Private,163870,Some-college,10,Never-married,Handlers-cleaners,Own-child,White,Male,0,0,30,United-States,<=50K
49,Self-emp-not-inc,396633,Some-college,10,Married-civ-spouse,Prof-specialty,Husband,White,Male,0,0,40,United-States,>50K
55,Private,84817,HS-grad,9,Married-civ-spouse,Priv-house-serv,Wife,White,Female,0,0,30,United-States,<=50K
28,Private,236391,9th,5,Never-married,Priv-house-serv,Not-in-family,White,Female,0,0,35,Mexico,<=50K
24,Private,201413,HS-grad,9,Never-married,Adm-clerical,Unmarried,White,Male,0,0,60,United-States,<=50K
53,Local-gov,204788,Bachelors,13,Married-civ-spouse,Prof-specialty,Wife,White,Female,0,0,60,United-States,>50K
41,Local-gov,52262,Some-college,10,Divorced,Adm-clerical,Unmarried,White,Female,0,0,40,United-States,<=50K
25,Private,239303,Some-college,10,Married-civ-spouse,Craft-repair,Husband,White,Male,0,0,60,United-States,>50K
58,Self-emp-not-inc,143731,HS-grad,9,Married-civ-spouse,Sales,Husband,White,Male,0,0,72,United-States,>50K
60,Private,205005,HS-grad,9,Separated,Other-service,Not-in-family,White,Female,0,0,25,United-States,<=50K
34,Private,113870,Bachelors,13,Married-civ-spouse,Exec-managerial,Husband,White,Male,0,0,40,United-States,<=50K
19,Private,102723,Some-college,10,Never-married,Adm-clerical,Own-child,White,Female,0,0,40,United-States,<=50K
40,State-gov,91949,Doctorate,16,Never-married,Prof-specialty,Not-in-family,Black,Female,0,0,40,United-States,<=50K
26,Private,171095,Some-college,10,Never-married,Farming-fishing,Not-in-family,White,Female,0,0,38,United-States,<=50K
35,Private,26803,Bachelors,13,Married-civ-spouse,Tech-support,Husband,White,Male,0,1887,40,United-States,>50K
56,Local-gov,277203,Bachelors,13,Married-civ-spouse,Protective-serv,Husband,White,Male,0,0,40,United-States,>50K
21,Private,215892,11th,7,Never-married,Handlers-cleaners,Own-child,White,Male,0,0,40,United-States,<=50K
18,Private,141332,11th,7,Never-married,Sales,Own-child,Black,Male,0,0,8,United-States,<=50K
22,Private,53373,10th,6,Never-married,Machine-op-inspct,Not-in-family,White,Male,0,0,40,Mexico,<=50K
54,Private,221336,HS-grad,9,Widowed,Other-service,Unmarried,Asian-Pac-Islander,Female,0,0,40,Philippines,<=50K
28,Local-gov,304710,Assoc-acdm,12,Never-married,Adm-clerical,Not-in-family,White,Female,0,1980,40,United-States,<=50K
22,State-gov,138513,Bachelors,13,Never-married,Prof-specialty,Not-in-family,White,Male,0,0,15,United-States,<=50K
39,Private,89040,Assoc-voc,11,Married-civ-spouse,Other-service,Husband,White,Male,0,0,40,United-States,<=50K
32,Private,220066,Some-college,10,Never-married,Sales,Not-in-family,White,Female,0,0,40,United-States,<=50K
40,Private,197380,Bachelors,13,Married-civ-spouse,Adm-clerical,Husband,White,Male,0,0,40,United-States,>50K
21,?,105312,HS-grad,9,Never-married,?,Not-in-family,White,Female,0,0,20,United-States,<=50K
29,Private,57101,HS-grad,9,Married-civ-spouse,Craft-repair,Husband,White,Male,0,0,40,United-States,<=50K
35,Private,187334,Assoc-voc,11,Married-civ-spouse,Exec-managerial,Wife,White,Female,0,0,42,United-States,>50K
33,Private,118786,Bachelors,13,Never-married,Sales,Not-in-family,White,Male,0,1590,40,United-States,<=50K
30,Private,263162,9th,5,Never-married,Handlers-cleaners,Unmarried,Black,Male,0,0,40,United-States,<=50K
36,Private,354078,Bachelors,13,Married-civ-spouse,Prof-specialty,Husband,White,Male,0,0,60,United-States,>50K
69,?,632733,Some-college,10,Widowed,?,Not-in-family,White,Female,0,0,20,United-States,<=50K
21,Private,146497,Some-college,10,Married-civ-spouse,Craft-repair,Husband,White,Male,7298,0,60,United-States,>50K
27,Private,254935,Some-college,10,Divorced,Adm-clerical,Unmarried,Black,Female,0,0,36,United-States,<=50K
35,Private,95551,HS-grad,9,Separated,Exec-managerial,Not-in-family,White,Female,0,0,36,United-States,<=50K
30,Private,361742,Some-college,10,Married-civ-spouse,Exec-managerial,Husband,White,Male,0,0,50,United-States,<=50K
58,Private,127918,HS-grad,9,Divorced,Sales,Not-in-family,White,Female,0,0,24,United-States,<=50K
47,Private,149507,HS-grad,9,Married-civ-spouse,Craft-repair,Husband,White,Male,0,0,40,United-States,>50K
18,Private,51789,Some-college,10,Never-married,Other-service,Own-child,White,Male,0,0,8,United-States,<=50K
55,Private,84774,HS-grad,9,Married-civ-spouse,Priv-house-serv,Wife,White,Female,0,0,30,United-States,<=50K
39,Private,212840,Bachelors,13,Divorced,Prof-specialty,Unmarried,Black,Female,0,0,40,United-States,<=50K
41,Self-emp-inc,445382,Assoc-acdm,12,Married-civ-spouse,Craft-repair,Husband,White,Male,15024,0,60,United-States,>50K
37,Private,126569,Masters,14,Married-civ-spouse,Exec-managerial,Husband,White,Male,0,1977,40,United-States,>50K
63,?,334741,HS-grad,9,Married-civ-spouse,?,Husband,White,Male,0,0,20,United-States,<=50K
42,Private,413930,Assoc-acdm,12,Never-married,Tech-support,Not-in-family,White,Male,14084,0,36,United-States,>50K
28,State-gov,210781,HS-grad,9,Married-civ-spouse,Protective-serv,Husband,White,Male,0,0,40,United-States,<=50K
35,Self-emp-not-inc,27804,HS-grad,9,Married-civ-spouse,Craft-repair,Husband,White,Male,0,0,40,United-States,<=50K
49,Private,34377,12th,8,Married-civ-spouse,Craft-repair,Husband,White,Male,0,0,40,United-States,>50K
56,Private,193787,HS-grad,9,Separated,Craft-repair,Unmarried,White,Male,0,0,40,United-States,<=50K
17,Private,375657,11th,7,Never-married,Handlers-cleaners,Own-child,White,Male,0,0,30,United-States,<=50K
24,Private,275369,HS-grad,9,Married-civ-spouse,Machine-op-inspct,Husband,White,Male,0,0,50,United-States,<=50K
20,Private,139989,Some-college,10,Never-married,Adm-clerical,Own-child,Black,Male,0,0,40,United-States,<=50K
51,Private,122109,Some-college,10,Married-civ-spouse,Adm-clerical,Wife,White,Female,0,0,35,United-States,<=50K
46,Self-emp-inc,214413,Doctorate,16,Married-civ-spouse,Prof-specialty,Husband,White,Male,0,0,60,United-States,>50K
31,Self-emp-not-inc,23580,Some-college,10,Married-civ-spouse,Craft-repair,Husband,White,Male,0,0,60,United-States,<=50K
30,Private,175697,HS-grad,9,Married-civ-spouse,Craft-repair,Husband,White,Male,0,0,42,United-States,>50K
22,Local-gov,393480,Some-college,10,Never-married,Prof-specialty,Own-child,White,Female,594,0,25,United-States,<=50K
44,Private,99651,Masters,14,Married-civ-spouse,Exec-managerial,Husband,White,Male,5178,0,40,United-States,>50K
62,Private,201080,Masters,14,Married-civ-spouse,Exec-managerial,Husband,White,Male,0,0,55,United-States,<=50K
28,Private,65738,HS-grad,9,Married-civ-spouse,Sales,Husband,White,Male,0,0,40,United-States,<=50K
40,State-gov,269786,Assoc-voc,11,Married-civ-spouse,Other-service,Husband,Black,Male,0,0,30,United-States,<=50K
49,Local-gov,46537,HS-grad,9,Divorced,Adm-clerical,Not-in-family,White,Female,594,0,10,United-States,<=50K
45,Self-emp-not-inc,286853,HS-grad,9,Married-civ-spouse,Exec-managerial,Husband,Asian-Pac-Islander,Male,0,0,40,China,<=50K
19,Private,218124,HS-grad,9,Never-married,Adm-clerical,Other-relative,White,Female,0,0,35,United-States,<=50K
42,Private,69333,Some-college,10,Married-civ-spouse,Craft-repair,Husband,Black,Male,0,0,40,United-States,>50K
36,Private,175643,HS-grad,9,Married-civ-spouse,Craft-repair,Husband,White,Male,0,0,35,United-States,<=50K
35,Local-gov,116960,Masters,14,Married-civ-spouse,Prof-specialty,Husband,White,Male,0,1887,40,United-States,>50K
36,Federal-gov,54159,Bachelors,13,Married-civ-spouse,Exec-managerial,Husband,White,Male,0,0,45,United-States,<=50K
30,Private,261677,9th,5,Never-married,Handlers-cleaners,Unmarried,Black,Male,0,0,40,United-States,<=50K
52,Self-emp-inc,135567,HS-grad,9,Married-civ-spouse,Exec-managerial,Husband,White,Male,0,0,40,United-States,>50K
40,Private,120277,Bachelors,13,Married-civ-spouse,Sales,Husband,White,Male,0,0,45,United-States,<=50K
64,?,104756,Some-college,10,Widowed,?,Unmarried,White,Female,0,0,8,United-States,<=50K
42,Self-emp-not-inc,293926,Prof-school,15,Divorced,Prof-specialty,Unmarried,White,Male,0,0,60,United-States,>50K
47,Self-emp-not-inc,94100,Bachelors,13,Never-married,Farming-fishing,Not-in-family,White,Male,0,0,65,United-States,<=50K
40,Self-emp-inc,141702,Bachelors,13,Married-civ-spouse,Exec-managerial,Wife,White,Female,0,0,55,United-States,>50K
39,Private,117295,Some-college,10,Divorced,Transport-moving,Not-in-family,White,Male,0,0,65,United-States,<=50K
60,Private,250630,HS-grad,9,Married-civ-spouse,Other-service,Husband,White,Male,0,0,40,United-States,>50K
45,Private,215990,Masters,14,Never-married,Exec-managerial,Not-in-family,White,Female,0,2824,50,United-States,>50K
43,Private,37778,Masters,14,Divorced,Exec-managerial,Unmarried,White,Male,0,0,50,United-States,<=50K
18,Private,70021,HS-grad,9,Never-married,Handlers-cleaners,Own-child,White,Male,0,0,12,United-States,<=50K
36,Local-gov,31115,Bachelors,13,Never-married,Prof-specialty,Own-child,Black,Male,0,0,35,United-States,<=50K
49,Private,147236,HS-grad,9,Never-married,Craft-repair,Unmarried,White,Female,0,0,40,Puerto-Rico,<=50K
45,Local-gov,234428,HS-grad,9,Divorced,Adm-clerical,Unmarried,White,Female,0,0,35,United-States,<=50K
41,Local-gov,184378,Masters,14,Married-civ-spouse,Prof-specialty,Husband,White,Male,0,0,38,United-States,>50K
38,Private,236318,HS-grad,9,Married-civ-spouse,Craft-repair,Husband,White,Male,0,0,45,United-States,>50K
31,Local-gov,273402,Some-college,10,Never-married,Protective-serv,Not-in-family,Black,Male,0,0,40,United-States,<=50K
34,Private,212064,HS-grad,9,Separated,Adm-clerical,Unmarried,White,Female,7443,0,35,United-States,<=50K
24,Private,271379,Some-college,10,Never-married,Sales,Not-in-family,White,Female,0,0,25,United-States,<=50K
19,Private,453663,Some-college,10,Never-married,Adm-clerical,Own-child,White,Female,0,0,8,United-States,<=50K
43,Private,195258,HS-grad,9,Married-civ-spouse,Adm-clerical,Husband,White,Male,0,0,40,United-States,>50K
34,Private,209609,Some-college,10,Married-civ-spouse,Adm-clerical,Husband,White,Male,0,0,40,United-States,>50K
40,Federal-gov,77332,Some-college,10,Divorced,Adm-clerical,Not-in-family,White,Female,0,0,50,United-States,<=50K
29,Private,192010,Bachelors,13,Never-married,Prof-specialty,Not-in-family,White,Female,0,0,60,Poland,<=50K
40,Federal-gov,77332,Some-college,10,Divorced,Adm-clerical,Not-in-family,White,Female,0,0,50,United-States,<=50K
32,Private,53373,Some-college,10,Never-married,Tech-support,Not-in-family,Black,Male,0,0,38,United-States,<=50K
23,State-gov,186888,Bachelors,13,Never-married,Adm-clerical,Not-in-family,White,Male,0,0,16,United-States,<=50K
22,Private,31115,Bachelors,13,Never-married,Adm-clerical,Not-in-family,Asian-Pac-Islander,Female,0,0,10,Vietnam,<=50K
29,Private,191841,Bachelors,13,Never-married,Prof-specialty,Not-in-family,White,Female,0,0,60,Poland,<=50K
19,Private,247115,12th,8,Married-spouse-absent,Other-service,Own-child,Other,Female,0,0,20,United-States,<=50K
40,Private,221167,Assoc-acdm,12,Married-civ-spouse,Exec-managerial,Husband,White,Male,0,0,50,United-States,>50K
21,Private,201723,Assoc-acdm,12,Never-married,Adm-clerical,Not-in-family,White,Female,0,0,10,United-States,<=50K
23,Private,284701,Bachelors,13,Never-married,Sales,Not-in-family,Asian-Pac-Islander,Male,0,0,50,Taiwan,<=50K
56,Private,182062,HS-grad,9,Married-civ-spouse,Transport-moving,Husband,White,Male,0,0,48,United-States,>50K
39,Self-emp-not-inc,340335,Bachelors,13,Married-civ-spouse,Exec-managerial,Husband,White,Male,0,0,50,United-States,<=50K
26,Private,192010,Some-college,10,Married-civ-spouse,Exec-managerial,Wife,White,Female,0,0,25,United-States,<=50K
47,Private,104068,HS-grad,9,Divorced,Prof-specialty,Unmarried,Amer-Indian-Eskimo,Female,0,0,40,United-States,<=50K
25,Private,192773,Bachelors,13,Married-civ-spouse,Tech-support,Husband,White,Male,0,0,35,United-States,<=50K
45,Private,179135,HS-grad,9,Divorced,Adm-clerical,Not-in-family,White,Female,0,0,40,United-States,<=50K
50,Private,109277,9th,5,Married-civ-spouse,Machine-op-inspct,Husband,White,Male,0,0,48,United-States,<=50K
37,Private,256909,HS-grad,9,Married-civ-spouse,Transport-moving,Husband,White,Male,0,0,40,United-States,<=50K
26,Private,320984,Bachelors,13,Never-married,Prof-specialty,Not-in-family,White,Female,0,0,45,United-States,<=50K
30,Private,174043,HS-grad,9,Divorced,Machine-op-inspct,Not-in-family,White,Male,0,0,40,United-States,<=50K
49,Private,132576,Bachelors,13,Married-civ-spouse,Exec-managerial,Husband,White,Male,0,0,50,United-States,>50K
33,Private,110622,Some-college,10,Divorced,Craft-repair,Other-relative,Other,Female,0,0,40,United-States,<=50K
56,Self-emp-not-inc,172694,Bachelors,13,Married-civ-spouse,Prof-specialty,Husband,White,Male,7688,0,40,United-States,>50K
25,Private,193622,Some-college,10,Never-married,Prof-specialty,Unmarried,White,Female,0,0,60,United-States,<=50K
49,Self-emp-not-inc,339029,Masters,14,Married-civ-spouse,Exec-managerial,Husband,White,Male,5178,0,40,United-States,>50K
53,Self-emp-not-inc,302847,HS-grad,9,Married-civ-spouse,Sales,Husband,White,Male,0,0,35,United-States,<=50K
28,Private,110981,Some-college,10,Never-married,Other-service,Not-in-family,White,Male,0,0,40,United-States,<=50K
33,Private,171637,Bachelors,13,Married-civ-spouse,Exec-managerial,Husband,White,Male,0,0,50,United-States,>50K
22,Private,225065,Bachelors,13,Married-civ-spouse,Prof-specialty,Wife,White,Female,0,0,40,United-States,<=50K
28,State-gov,210781,HS-grad,9,Married-civ-spouse,Protective-serv,Husband,White,Male,0,0,40,United-States,<=50K
45,Private,72618,Assoc-voc,11,Divorced,Exec-managerial,Not-in-family,White,Male,0,0,60,United-States,<=50K
19,Private,247298,12th,8,Married-spouse-absent,Other-service,Own-child,Other,Female,0,0,20,United-States,<=50K
32,Private,228216,HS-grad,9,Married-civ-spouse,Craft-repair,Husband,White,Male,0,0,40,United-States,>50K
51,Federal-gov,33619,Some-college,10,Separated,Prof-specialty,Not-in-family,Black,Female,0,0,40,United-States,>50K
46,Self-emp-not-inc,225065,Bachelors,13,Separated,Other-service,Unmarried,White,Female,0,0,45,Nicaragua,<=50K
27,Private,204788,HS-grad,9,Never-married,Adm-clerical,Not-in-family,White,Female,0,0,40,United-States,<=50K
38,Private,263339,Masters,14,Married-civ-spouse,Exec-managerial,Husband,White,Male,0,0,60,United-States,>50K
56,Private,193787,HS-grad,9,Separated,Craft-repair,Unmarried,White,Male,0,0,40,United-States,<=50K
20,Federal-gov,55233,Some-college,10,Never-married,Adm-clerical,Other-relative,White,Female,0,0,40,United-States,<=50K
55,Self-emp-not-inc,119762,10th,6,Married-civ-spouse,Transport-moving,Husband,White,Male,0,0,50,United-States,<=50K
47,Local-gov,128401,Doctorate,16,Never-married,Prof-specialty,Unmarried,White,Female,0,0,40,United-States,<=50K
48,Private,246981,Some-college,10,Widowed,Adm-clerical,Not-in-family,White,Female,0,0,50,United-States,<=50K
35,Self-emp-not-inc,89360,Some-college,10,Married-civ-spouse,Exec-managerial,Husband,White,Male,3908,0,60,United-States,<=50K
50,Local-gov,283635,HS-grad,9,Married-civ-spouse,Machine-op-inspct,Husband,White,Male,4101,0,48,United-States,>50K
41,Private,130408,HS-grad,9,Divorced,Sales,Unmarried,Black,Female,0,0,38,United-States,<=50K
27,Private,254148,Some-college,10,Divorced,Adm-clerical,Unmarried,Black,Female,0,0,36,United-States,<=50K
33,Private,160369,HS-grad,9,Married-civ-spouse,Machine-op-inspct,Husband,White,Male,0,0,50,United-States,>50K
29,Private,137753,Some-college,10,Never-married,Other-service,Not-in-family,White,Female,0,0,41,United-States,>50K
53,Private,548580,Some-college,10,Married-civ-spouse,Craft-repair,Husband,White,Male,0,0,40,Guatemala,<=50K
25,Private,239155,Some-college,10,Married-civ-spouse,Craft-repair,Husband,White,Male,0,0,60,United-States,>50K
52,Private,164473,HS-grad,9,Married-civ-spouse,Other-service,Wife,White,Female,0,0,38,United-States,<=50K
20,State-gov,178506,Some-college,10,Never-married,Farming-fishing,Not-in-family,White,Male,0,0,40,United-States,<=50K
53,Private,54159,Some-college,10,Married-civ-spouse,Craft-repair,Husband,White,Male,0,0,40,Guatemala,<=50K
38,Private,163167,HS-grad,9,Married-civ-spouse,Transport-moving,Husband,White,Male,0,1740,40,United-States,<=50K
51,Private,157614,HS-grad,9,Married-civ-spouse,Transport-moving,Husband,White,Male,0,0,84,United-States,>50K
19,State-gov,116385,Assoc-acdm,12,Never-married,Adm-clerical,Own-child,White,Female,0,0,18,United-States,<=50K
39,Private,108140,Masters,14,Married-civ-spouse,Exec-managerial,Husband,White,Male,0,0,50,United-States,>50K
45,Local-gov,23438,HS-grad,9,Divorced,Adm-clerical,Unmarried,White,Female,0,0,35,United-States,<=50K
63,Private,27939,9th,5,Married-civ-spouse,Handlers-cleaners,Husband,White,Male,0,0,32,United-States,<=50K
31,Self-emp-not-inc,340939,Bachelors,13,Married-civ-spouse,Sales,Husband,White,Male,0,0,48,United-States,<=50K
50,Private,133025,HS-grad,9,Divorced,Adm-clerical,Unmarried,White,Female,0,0,35,United-States,<=50K
49,Private,155057,HS-grad,9,Married-civ-spouse,Craft-repair,Husband,White,Male,0,0,40,United-States,<=50K
32,Private,376936,Bachelors,13,Never-married,Sales,Other-relative,White,Male,0,0,32,United-States,<=50K
59,Self-emp-inc,170017,Some-college,10,Married-civ-spouse,Exec-managerial,Husband,White,Male,15024,0,60,United-States,>50K
56,Private,399087,HS-grad,9,Widowed,Adm-clerical,Not-in-family,White,Female,0,0,40,United-States,<=50K
26,Private,102476,Some-college,10,Never-married,Other-service,Own-child,White,Male,0,0,40,United-States,<=50K
26,Private,160456,Masters,14,Never-married,Prof-specialty,Not-in-family,Asian-Pac-Islander,Male,0,0,20,India,<=50K
31,Private,109428,Assoc-acdm,12,Married-civ-spouse,Adm-clerical,Wife,White,Female,0,1740,40,United-States,<=50K
23,Private,128487,Bachelors,13,Never-married,Prof-specialty,Not-in-family,White,Female,0,0,20,United-States,<=50K
23,Private,180039,Bachelors,13,Never-married,Machine-op-inspct,Own-child,White,Male,0,0,50,United-States,<=50K
34,Private,93213,Masters,14,Married-civ-spouse,Other-service,Husband,White,Male,0,0,30,United-States,<=50K
44,Local-gov,56651,Bachelors,13,Married-civ-spouse,Exec-managerial,Husband,White,Male,0,0,52,United-States,<=50K
56,Private,181912,HS-grad,9,Married-civ-spouse,Transport-moving,Husband,White,Male,0,0,48,United-States,>50K
40,Private,213081,HS-grad,9,Divorced,Sales,Unmarried,White,Female,0,0,30,United-States,<=50K
31,Private,136873,Bachelors,13,Married-civ-spouse,Exec-managerial,Husband,White,Male,0,0,55,United-States,>50K
29,State-gov,382272,Bachelors,13,Never-married,Craft-repair,Not-in-family,White,Male,0,0,40,United-States,<=50K
33,Private,169982,Bachelors,13,Married-civ-spouse,Exec-managerial,Husband,White,Male,0,0,50,United-States,>50K
28,Private,293926,HS-grad,9,Married-civ-spouse,Craft-repair,Husband,White,Male,0,1740,30,United-States,<=50K
27,Private,153976,Some-college,10,Never-married,Craft-repair,Unmarried,Other,Male,0,0,45,Ecuador,<=50K
20,State-gov,178506,Some-college,10,Never-married,Farming-fishing,Not-in-family,White,Male,0,0,40,United-States,<=50K
75,Self-emp-not-inc,106873,11th,7,Widowed,Sales,Not-in-family,White,Male,0,0,40,United-States,<=50K
39,Private,192302,Bachelors,13,Separated,Sales,Not-in-family,White,Male,0,0,50,United-States,<=50K
72,Self-emp-not-inc,287372,Prof-school,15,Married-civ-spouse,Prof-specialty,Husband,White,Male,0,2246,28,United-States,>50K
41,Private,84817,Assoc-voc,11,Divorced,Prof-specialty,Unmarried,White,Female,3887,0,40,United-States,<=50K
55,Private,116878,Doctorate,16,Married-civ-spouse,Prof-specialty,Husband,White,Male,15024,0,30,United-States,>50K
36,Private,118909,Assoc-acdm,12,Never-married,Adm-clerical,Unmarried,Black,Female,0,0,40,Jamaica,<=50K
26,Private,300290,11th,7,Divorced,Adm-clerical,Own-child,White,Female,0,0,40,United-States,<=50K
20,Private,183096,Some-college,10,Never-married,Sales,Own-child,Black,Male,0,0,20,United-States,<=50K
57,Self-emp-not-inc,354558,HS-grad,9,Married-civ-spouse,Farming-fishing,Husband,White,Male,0,0,60,United-States,>50K
43,Private,185042,5th-6th,3,Married-spouse-absent,Priv-house-serv,Other-relative,White,Female,0,0,40,El-Salvador,<=50K
27,Private,37937,HS-grad,9,Never-married,Farming-fishing,Other-relative,White,Male,0,0,40,Mexico,<=50K
39,Private,192302,Bachelors,13,Separated,Sales,Not-in-family,White,Male,0,0,50,United-States,<=50K
34,Private,145231,HS-grad,9,Married-civ-spouse,Adm-clerical,Wife,White,Female,4064,0,35,United-States,<=50K
36,Local-gov,253899,Prof-school,15,Divorced,Prof-specialty,Unmarried,White,Female,0,0,24,Germany,<=50K
58,Private,227943,HS-grad,9,Separated,Other-service,Not-in-family,White,Female,2907,0,43,United-States,<=50K
45,Private,242391,Bachelors,13,Married-civ-spouse,Exec-managerial,Husband,White,Male,0,0,60,United-States,>50K
58,State-gov,198813,Bachelors,13,Married-civ-spouse,Adm-clerical,Husband,White,Male,0,0,35,United-States,>50K
26,State-gov,239632,Bachelors,13,Married-civ-spouse,Adm-clerical,Husband,White,Male,3908,0,7,United-States,<=50K
26,Self-emp-not-inc,332689,Bachelors,13,Never-married,Sales,Not-in-family,White,Male,0,0,60,United-States,>50K
51,Private,347292,Some-college,10,Divorced,Prof-specialty,Unmarried,White,Female,0,0,40,United-States,<=50K
46,Self-emp-not-inc,225065,Bachelors,13,Separated,Other-service,Unmarried,White,Female,0,0,45,Nicaragua,<=50K
35,Private,108140,HS-grad,9,Divorced,Craft-repair,Not-in-family,White,Male,0,0,40,United-States,<=50K
48,Self-emp-not-inc,121370,Some-college,10,Married-civ-spouse,Prof-specialty,Husband,White,Male,0,0,35,United-States,>50K
43,Private,111891,Bachelors,13,Married-civ-spouse,Prof-specialty,Husband,White,Male,0,0,50,United-States,>50K
26,Private,296478,11th,7,Divorced,Adm-clerical,Own-child,White,Female,0,0,40,United-States,<=50K
48,Private,82906,Masters,14,Married-civ-spouse,Prof-specialty,Husband,White,Male,0,0,50,United-States,>50K
42,Private,325353,Assoc-acdm,12,Married-civ-spouse,Adm-clerical,Husband,White,Male,7688,0,42,United-States,>50K
53,Private,250034,Bachelors,13,Married-civ-spouse,Exec-managerial,Husband,Black,Male,0,0,50,United-States,>50K
43,Private,216867,Bachelors,13,Divorced,Adm-clerical,Unmarried,White,Female,0,0,40,Germany,<=50K
36,Private,33394,Bachelors,13,Married-civ-spouse,Sales,Husband,White,Male,0,1887,35,United-States,>50K
30,Private,176315,HS-grad,9,Divorced,Machine-op-inspct,Not-in-family,White,Male,0,0,40,United-States,<=50K
33,Private,110978,Some-college,10,Divorced,Craft-repair,Other-relative,Other,Female,0,0,40,United-States,<=50K
49,Private,136873,Masters,14,Divorced,Sales,Unmarried,Other,Female,0,0,20,Peru,<=50K
51,Private,351416,Some-college,10,Divorced,Prof-specialty,Unmarried,White,Female,0,0,40,United-States,<=50K
57,Private,169823,Bachelors,13,Married-civ-spouse,Protective-serv,Husband,White,Male,0,0,40,United-States,>50K
34,Private,200471,HS-grad,9,Separated,Transport-moving,Own-child,White,Male,0,0,25,Columbia,<=50K
22,Private,399087,5th-6th,3,Married-civ-spouse,Machine-op-inspct,Other-relative,White,Female,0,0,40,Mexico,<=50K
54,Private,50385,Bachelors,13,Divorced,Exec-managerial,Not-in-family,Black,Female,0,0,45,United-States,>50K
71,Private,93202,HS-grad,9,Divorced,Other-service,Not-in-family,White,Female,0,0,16,United-States,<=50K
54,Private,513977,Bachelors,13,Divorced,Exec-managerial,Not-in-family,Black,Female,0,0,45,United-States,>50K
52,Private,104501,Some-college,10,Married-civ-spouse,Prof-specialty,Husband,White,Male,0,0,40,Germany,>50K
47,Private,187635,Some-college,10,Married-civ-spouse,Prof-specialty,Husband,White,Male,0,0,40,United-States,<=50K
43,Private,124692,Bachelors,13,Married-civ-spouse,Sales,Husband,White,Male,0,0,40,United-States,>50K
24,Private,127139,Some-college,10,Never-married,Adm-clerical,Own-child,White,Female,0,0,40,United-States,<=50K
21,Private,221532,HS-grad,9,Never-married,Machine-op-inspct,Unmarried,White,Male,0,0,40,Mexico,<=50K
21,Self-emp-not-inc,404062,Some-college,10,Never-married,Adm-clerical,Own-child,White,Male,0,0,30,United-States,<=50K
57,Private,102442,Some-college,10,Divorced,Adm-clerical,Unmarried,White,Female,0,0,40,United-States,<=50K
20,Private,201680,Some-college,10,Never-married,Protective-serv,Own-child,White,Male,0,0,33,United-States,<=50K
38,Federal-gov,161463,Some-college,10,Married-civ-spouse,Other-service,Husband,Black,Male,0,0,40,United-States,<=50K
36,Private,353881,Bachelors,13,Married-civ-spouse,Prof-specialty,Husband,White,Male,0,0,60,United-States,>50K
18,Federal-gov,261207,HS-grad,9,Never-married,Transport-moving,Own-child,White,Male,0,0,40,United-States,<=50K
45,Self-emp-not-inc,287372,HS-grad,9,Married-civ-spouse,Exec-managerial,Husband,Asian-Pac-Islander,Male,0,0,40,China,<=50K
42,Private,325353,HS-grad,9,Divorced,Machine-op-inspct,Not-in-family,White,Male,0,0,40,United-States,<=50K
35,Private,170017,Some-college,10,Married-civ-spouse,Tech-support,Husband,White,Male,0,0,40,United-States,>50K
19,?,193051,Some-college,10,Never-married,?,Own-child,White,Female,0,0,35,United-States,<=50K
29,Private,212705,Bachelors,13,Married-civ-spouse,Sales,Husband,White,Male,0,0,40,United-States,<=50K
51,Private,197600,Bachelors,13,Married-civ-spouse,Exec-managerial,Husband,White,Male,0,0,50,United-States,>50K
27,Self-emp-inc,376540,HS-grad,9,Never-married,Sales,Not-in-family,White,Male,0,0,50,United-States,<=50K
44,Private,212888,Bachelors,13,Divorced,Exec-managerial,Unmarried,White,Female,0,0,45,United-States,<=50K
49,Local-gov,37088,Assoc-voc,11,Married-civ-spouse,Protective-serv,Husband,White,Male,0,0,56,United-States,>50K
39,Private,67083,Assoc-voc,11,Never-married,Prof-specialty,Not-in-family,White,Female,4650,0,32,United-States,<=50K
49,Local-gov,119904,Bachelors,13,Married-civ-spouse,Prof-specialty,Wife,White,Female,7688,0,30,United-States,>50K
37,Private,161141,HS-grad,9,Never-married,Handlers-cleaners,Not-in-family,White,Male,0,0,40,United-States,<=50K
75,Self-emp-not-inc,106873,11th,7,Widowed,Sales,Not-in-family,White,Male,0,0,40,United-States,<=50K
43,Private,149943,Some-college,10,Married-civ-spouse,Prof-specialty,Husband,White,Male,0,0,40,United-States,>50K
30,State-gov,144064,HS-grad,9,Married-civ-spouse,Protective-serv,Husband,White,Male,0,0,40,United-States,>50K
46,Private,121124,HS-grad,9,Divorced,Craft-repair,Not-in-family,White,Female,0,0,40,United-States,<=50K
30,Private,102320,Assoc-voc,11,Separated,Tech-support,Own-child,White,Female,0,0,40,United-States,<=50K
53,Private,177916,Bachelors,13,Married-civ-spouse,Adm-clerical,Husband,White,Male,7298,0,40,United-States,>50K
43,Private,111895,Bachelors,13,Married-civ-spouse,Prof-specialty,Husband,White,Male,0,0,50,United-States,>50K
23,Private,216636,HS-grad,9,Never-married,Transport-moving,Own-child,White,Male,0,0,40,United-States,<=50K
55,Private,116960,Doctorate,16,Married-civ-spouse,Prof-specialty,Husband,White,Male,15024,0,30,United-States,>50K
27,Private,175006,Bachelors,13,Never-married,Adm-clerical,Not-in-family,White,Female,0,0,40,United-States,<=50K
31,Self-emp-not-inc,409230,10th,6,Married-civ-spouse,Farming-fishing,Husband,White,Male,0,0,55,Portugal,>50K
38,Private,45381,HS-grad,9,Married-civ-spouse,Craft-repair,Husband,White,Male,0,0,44,United-States,<=50K
55,Local-gov,258026,Prof-school,15,Married-civ-spouse,Prof-specialty,Husband,White,Male,0,1902,40,United-States,>50K
53,Self-emp-inc,29320,Some-college,10,Married-civ-spouse,Sales,Husband,White,Male,0,0,50,United-States,>50K
30,Private,109117,Assoc-voc,11,Never-married,Handlers-cleaners,Own-child,White,Male,0,0,45,United-States,<=50K
27,Self-emp-inc,376540,HS-grad,9,Never-married,Sales,Not-in-family,White,Male,0,0,50,United-States,<=50K
26,Private,184655,Bachelors,13,Married-civ-spouse,Exec-managerial,Wife,White,Female,0,0,55,United-States,>50K
26,Private,242768,Bachelors,13,Never-married,Prof-specialty,Not-in-family,White,Male,0,0,38,United-States,<=50K
31,Private,168539,HS-grad,9,Married-civ-spouse,Adm-clerical,Own-child,White,Female,0,0,38,United-States,<=50K
18,Private,23438,11th,7,Never-married,Other-service,Own-child,White,Male,0,0,20,United-States,<=50K
20,Private,33355,5th-6th,3,Married-civ-spouse,Craft-repair,Husband,White,Male,0,0,40,Mexico,<=50K
17,?,148769,HS-grad,9,Never-married,?,Own-child,Black,Male,0,0,40,United-States,<=50K
23,State-gov,186256,Bachelors,13,Never-married,Adm-clerical,Not-in-family,White,Male,0,0,16,United-States,<=50K
43,Private,184779,5th-6th,3,Married-spouse-absent,Priv-house-serv,Other-relative,White,Female,0,0,40,El-Salvador,<=50K
50,?,87263,HS-grad,9,Married-civ-spouse,?,Husband,White,Male,0,0,55,United-States,>50K
24,Private,117789,Bachelors,13,Never-married,Exec-managerial,Own-child,White,Female,0,0,40,United-States,<=50K
46,Private,57929,HS-grad,9,Divorced,Other-service,Not-in-family,White,Male,0,0,25,United-States,<=50K
50,Private,145231,Prof-school,15,Married-civ-spouse,Prof-specialty,Husband,White,Male,0,2415,60,United-States,>50K
20,Private,228860,11th,7,Married-civ-spouse,Other-service,Husband,White,Male,0,0,40,United-States,<=50K
45,Private,176841,HS-grad,9,Never-married,Other-service,Not-in-family,White,Female,0,0,40,El-Salvador,<=50K
28,Private,206351,Some-college,10,Married-civ-spouse,Sales,Husband,White,Male,0,0,40,United-States,<=50K
31,Private,109428,Assoc-acdm,12,Married-civ-spouse,Adm-clerical,Wife,White,Female,0,1740,40,United-States,<=50K
55,Private,132576,HS-grad,9,Married-civ-spouse,Transport-moving,Husband,Black,Male,3411,0,40,Jamaica,<=50K
56,Self-emp-inc,216636,12th,8,Married-civ-spouse,Exec-managerial,Husband,White,Male,0,1651,40,United-States,<=50K
50,Private,113129,Bachelors,13,Married-civ-spouse,Sales,Husband,White,Male,0,0,40,United-States,<=50K
58,Private,226922,HS-grad,9,Separated,Other-service,Not-in-family,White,Female,2653,0,43,United-States,<=50K
30,Private,167777,Assoc-acdm,12,Never-married,Other-service,Other-relative,Asian-Pac-Islander,Male,0,0,40,Vietnam,<=50K
66,Self-emp-not-inc,176690,Bachelors,13,Divorced,Sales,Not-in-family,White,Male,3942,0,20,United-States,<=50K
35,Private,247321,HS-grad,9,Separated,Prof-specialty,Other-relative,Black,Female,0,0,40,United-States,<=50K
26,Private,322547,Bachelors,13,Never-married,Prof-specialty,Not-in-family,White,Female,0,0,45,United-States,<=50K
28,Local-gov,134737,Bachelors,13,Never-married,Adm-clerical,Not-in-family,Black,Female,4101,0,60,United-States,<=50K
33,Private,118786,Bachelors,13,Never-married,Sales,Not-in-family,White,Male,0,1590,40,United-States,<=50K
21,Private,20109,HS-grad,9,Never-married,Adm-clerical,Own-child,White,Male,0,0,40,United-States,<=50K
20,Private,74631,Some-college,10,Never-married,Sales,Not-in-family,White,Female,0,0,50,United-States,<=50K
56,Private,398931,HS-grad,9,Widowed,Adm-clerical,Not-in-family,White,Female,0,0,40,United-States,<=50K
45,Private,178623,HS-grad,9,Divorced,Adm-clerical,Not-in-family,White,Female,0,0,40,United-States,<=50K
48,Private,155057,Some-college,10,Divorced,Prof-specialty,Not-in-family,White,Male,0,0,40,United-States,>50K
27,Private,69757,Some-college,10,Never-married,Adm-clerical,Not-in-family,White,Female,0,0,60,United-States,<=50K
18,Federal-gov,280728,Some-college,10,Never-married,Sales,Own-child,White,Female,0,0,32,United-States,<=50K
31,Private,375657,Bachelors,13,Never-married,Prof-specialty,Not-in-family,White,Female,0,0,40,United-States,<=50K
29,?,413297,Bachelors,13,Married-spouse-absent,?,Not-in-family,White,Male,0,0,50,United-States,<=50K
60,Private,250238,HS-grad,9,Married-civ-spouse,Other-service,Husband,White,Male,0,0,40,United-States,>50K
27,Private,255474,Some-college,10,Divorced,Adm-clerical,Unmarried,Black,Female,0,0,36,United-States,<=50K
63,?,335481,HS-grad,9,Married-civ-spouse,?,Husband,White,Male,0,0,20,United-States,<=50K
28,Private,66095,HS-grad,9,Married-civ-spouse,Sales,Husband,White,Male,0,0,40,United-States,<=50K
33,Private,216497,HS-grad,9,Married-civ-spouse,Sales,Husband,White,Male,0,0,20,United-States,<=50K
40,Private,199495,HS-grad,9,Divorced,Other-service,Not-in-family,White,Female,0,0,40,United-States,<=50K
27,Local-gov,223529,Assoc-voc,11,Never-married,Adm-clerical,Own-child,White,Male,0,0,43,United-States,<=50K
49,Private,146679,HS-grad,9,Never-married,Craft-repair,Unmarried,White,Female,0,0,40,Puerto-Rico,<=50K
55,Private,352882,7th-8th,4,Married-civ-spouse,Transport-moving,Husband,White,Male,0,0,50,United-States,<=50K
29,Private,210444,5th-6th,3,Married-civ-spouse,Other-service,Husband,White,Male,0,0,40,Mexico,<=50K
22,Private,210794,Bachelors,13,Never-married,Adm-clerical,Own-child,White,Female,0,0,40,United-States,<=50K
19,Private,146679,Some-college,10,Never-married,Exec-managerial,Own-child,Black,Male,0,0,30,United-States,<=50K
48,Local-gov,282701,Bachelors,13,Married-civ-spouse,Prof-specialty,Husband,White,Male,0,0,40,United-States,<=50K
52,Private,94391,HS-grad,9,Married-civ-spouse,Adm-clerical,Husband,White,Male,0,0,40,United-States,<=50K
41,Private,46401,HS-grad,9,Divorced,Exec-managerial,Not-in-family,White,Male,2174,0,50,United-States,<=50K
22,Private,163665,10th,6,Never-married,Sales,Own-child,White,Male,0,0,15,United-States,<=50K
30,Private,159537,HS-grad,9,Separated,Adm-clerical,Not-in-family,White,Female,0,0,40,United-States,<=50K
58,Private,127918,HS-grad,9,Divorced,Sales,Not-in-family,White,Female,0,0,24,United-States,<=50K
37,Self-emp-not-inc,352882,HS-grad,9,Divorced,Exec-managerial,Not-in-family,Asian-Pac-Islander,Female,0,0,70,South,>50K
60,Private,178050,HS-grad,9,Divorced,Other-service,Unmarried,Black,Female,0,0,38,United-States,<=50K
28,Private,110981,Some-college,10,Never-married,Other-service,Not-in-family,White,Male,0,0,40,United-States,<=50K
24,Private,200992,HS-grad,9,Never-married,Handlers-cleaners,Own-child,White,Male,0,0,45,United-States,<=50K
23,State-gov,241805,Some-college,10,Never-married,Prof-specialty,Not-in-family,White,Male,0,0,40,United-States,<=50K
38,Private,164938,Some-college,10,Divorced,Adm-clerical,Unmarried,Other,Female,0,0,40,United-States,<=50K
38,Private,190997,Assoc-acdm,12,Divorced,Craft-repair,Unmarried,White,Female,0,0,40,United-States,<=50K
43,Private,111891,Bachelors,13,Married-civ-spouse,Prof-specialty,Husband,White,Male,0,0,50,United-States,>50K
50,Private,216145,HS-grad,9,Married-civ-spouse,Craft-repair,Husband,White,Male,0,0,40,United-States,>50K
67,?,201680,Bachelors,13,Divorced,?,Not-in-family,White,Female,0,0,60,United-States,<=50K
35,Private,111377,HS-grad,9,Separated,Transport-moving,Not-in-family,White,Male,0,0,40,United-States,<=50K
36,Private,51838,Some-college,10,Divorced,Adm-clerical,Unmarried,White,Female,0,0,40,United-States,<=50K
35,Private,108140,HS-grad,9,Divorced,Craft-repair,Not-in-family,White,Male,0,0,40,United-States,<=50K
69,Private,130060,HS-grad,9,Separated,Transport-moving,Unmarried,Black,Female,2580,0,40,United-States,<=50K
24,Private,385540,HS-grad,9,Married-civ-spouse,Sales,Husband,White,Male,0,0,40,Mexico,<=50K
43,Private,239632,HS-grad,9,Married-civ-spouse,Machine-op-inspct,Husband,White,Male,0,0,40,United-States,>50K
39,Private,108140,Masters,14,Married-civ-spouse,Exec-managerial,Husband,White,Male,0,0,50,United-States,>50K
20,Private,369084,Some-college,10,Never-married,Adm-clerical,Own-child,White,Female,0,0,35,United-States,<=50K
63,Private,282701,9th,5,Married-civ-spouse,Handlers-cleaners,Husband,White,Male,0,0,32,United-States,<=50K
36,Private,33404,Bachelors,13,Married-civ-spouse,Sales,Husband,White,Male,0,1887,35,United-States,>50K
26,Private,213921,11th,7,Never-married,Machine-op-inspct,Unmarried,White,Male,6497,0,48,United-States,<=50K
55,Self-emp-not-inc,225623,Some-college,10,Married-civ-spouse,Farming-fishing,Husband,White,Male,0,0,40,United-States,<=50K
72,Private,56630,HS-grad,9,Married-civ-spouse,Sales,Husband,White,Male,0,0,12,United-States,<=50K
42,Private,318255,HS-grad,9,Divorced,Adm-clerical,Unmarried,White,Female,0,0,40,United-States,<=50K
47,Self-emp-not-inc,85982,Masters,14,Never-married,Prof-specialty,Not-in-family,Amer-Indian-Eskimo,Female,0,0,60,United-States,<=50K
45,Private,242768,Bachelors,13,Married-civ-spouse,Exec-managerial,Husband,White,Male,0,0,60,United-States,>50K
22,Private,203635,Assoc-voc,11,Married-civ-spouse,Other-service,Husband,White,Male,0,0,44,United-States,<=50K
41,Local-gov,183735,Masters,14,Married-civ-spouse,Prof-specialty,Husband,White,Male,0,0,38,United-States,>50K
38,Private,188588,Bachelors,13,Never-married,Exec-managerial,Not-in-family,White,Male,0,1340,40,United-States,<=50K
33,Private,218309,Bachelors,13,Married-civ-spouse,Sales,Husband,White,Male,0,0,80,Columbia,>50K
45,Private,24274,Bachelors,13,Married-civ-spouse,Exec-managerial,Husband,White,Male,0,0,60,United-States,>50K
47,Local-gov,128401,Doctorate,16,Never-married,Prof-specialty,Unmarried,White,Female,0,0,40,United-States,<=50K
33,Private,177916,HS-grad,9,Divorced,Adm-clerical,Not-in-family,Black,Female,0,0,40,United-States,<=50K
17,?,147755,HS-grad,9,Never-married,?,Own-child,Black,Male,0,0,40,United-States,<=50K
46,Private,172962,11th,7,Widowed,Other-service,Not-in-family,White,Female,0,0,27,El-Salvador,<=50K
35,Private,186888,Assoc-voc,11,Married-civ-spouse,Exec-managerial,Wife,White,Female,0,0,42,United-States,>50K
45,Private,26669,Bachelors,13,Married-civ-spouse,Exec-managerial,Husband,White,Male,0,0,50,United-States,>50K
41,Local-gov,52037,Some-college,10,Divorced,Adm-clerical,Unmarried,White,Female,0,0,40,United-States,<=50K
27,Private,82242,Bachelors,13,Never-married,Exec-managerial,Other-relative,White,Male,0,0,45,Germany,<=50K
50,?,87263,HS-grad,9,Married-civ-spouse,?,Husband,White,Male,0,0,55,United-States,>50K
55,Self-emp-not-inc,79011,HS-grad,9,Married-civ-spouse,Farming-fishing,Husband,Asian-Pac-Islander,Male,0,0,70,United-States,<=50K
56,Self-emp-inc,217235,12th,8,Married-civ-spouse,Exec-managerial,Husband,White,Male,0,1651,40,United-States,<=50K
41,Private,119422,HS-grad,9,Married-civ-spouse,Tech-support,Husband,White,Male,0,0,40,United-States,<=50K
54,Private,513977,Bachelors,13,Divorced,Exec-managerial,Not-in-family,Black,Female,0,0,45,United-States,>50K
39,Private,332689,HS-grad,9,Married-civ-spouse,Transport-moving,Husband,White,Male,7298,0,48,United-States,>50K
35,Private,393480,Some-college,10,Married-civ-spouse,Exec-managerial,Husband,White,Male,0,0,40,United-States,<=50K
82,Self-emp-not-inc,181666,HS-grad,9,Divorced,Exec-managerial,Not-in-family,White,Male,0,0,12,United-States,<=50K
35,Private,210444,HS-grad,9,Married-civ-spouse,Sales,Husband,White,Male,0,0,55,United-States,>50K
35,Local-gov,215039,Some-college,10,Divorced,Adm-clerical,Unmarried,White,Female,0,0,40,United-States,<=50K
75,Self-emp-not-inc,106961,11th,7,Widowed,Sales,Not-in-family,White,Male,0,0,40,United-States,<=50K
63,?,334741,HS-grad,9,Married-civ-spouse,?,Husband,White,Male,0,0,20,United-States,<=50K
53,Self-emp-inc,291981,Some-college,10,Married-civ-spouse,Sales,Husband,White,Male,0,0,50,United-States,>50K
60,Private,178506,HS-grad,9,Divorced,Other-service,Unmarried,Black,Female,0,0,38,United-States,<=50K
56,Private,373216,HS-grad,9,Married-civ-spouse,Adm-clerical,Husband,White,Male,0,0,48,United-States,<=50K
31,Private,87891,Some-college,10,Married-civ-spouse,Adm-clerical,Husband,White,Male,0,0,40,United-States,<=50K
32,Private,78765,12th,8,Never-married,Transport-moving,Unmarried,Asian-Pac-Islander,Male,0,0,40,United-States,<=50K
36,Private,247115,HS-grad,9,Married-civ-spouse,Craft-repair,Husband,White,Male,0,0,45,United-States,<=50K
33,Federal-gov,138069,HS-grad,9,Never-married,Other-service,Not-in-family,White,Male,0,0,32,United-States,<=50K
31,Private,118941,Some-college,10,Divorced,Other-service,Own-child,White,Female,0,0,20,United-States,<=50K
28,Private,250552,Bachelors,13,Married-civ-spouse,Prof-specialty,Husband,White,Male,0,0,50,United-States,<=50K
21,Self-emp-not-inc,404062,Some-college,10,Never-married,Adm-clerical,Own-child,White,Male,0,0,30,United-States,<=50K
24,Self-emp-not-inc,171351,Assoc-acdm,12,Never-married,Craft-repair,Own-child,White,Male,0,0,40,United-States,<=50K
42,Private,262285,HS-grad,9,Married-civ-spouse,Craft-repair,Husband,White,Male,5178,0,40,United-States,>50K
23,Private,284701,Bachelors,13,Never-married,Sales,Not-in-family,Asian-Pac-Islander,Male,0,0,50,Taiwan,<=50K
45,Self-emp-inc,121124,Prof-school,15,Never-married,Craft-repair,Not-in-family,White,Male,0,0,50,United-States,>50K
30,Private,175759,HS-grad,9,Married-civ-spouse,Craft-repair,Husband,White,Male,0,0,42,United-States,>50K
39,Private,89040,Assoc-voc,11,Married-civ-spouse,Other-service,Husband,White,Male,0,0,40,United-States,<=50K
56,Private,399087,HS-grad,9,Widowed,Adm-clerical,Not-in-family,White,Female,0,0,40,United-States,<=50K
34,State-gov,250552,Bachelors,13,Never-married,Prof-specialty,Not-in-family,White,Male,0,0,48,United-States,<=50K
21,Self-emp-not-inc,404062,Some-college,10,Never-married,Adm-clerical,Own-child,White,Male,0,0,30,United-States,<=50K
43,Private,185407,5th-6th,3,Married-spouse-absent,Priv-house-serv,Other-relative,White,Female,0,0,40,El-Salvador,<=50K
35,Private,148959,Some-college,10,Never-married,Adm-clerical,Own-child,Black,Male,0,0,40,United-States,<=50K
54,Private,50385,Bachelors,13,Divorced,Exec-managerial,Not-in-family,Black,Female,0,0,45,United-States,>50K
39,Federal-gov,364782,HS-grad,9,Married-civ-spouse,Adm-clerical,Husband,Black,Male,7688,0,52,United-States,>50K
48,Private,43945,10th,6,Married-civ-spouse,Craft-repair,Husband,White,Male,0,0,65,United-States,>50K
58,Private,115605,Masters,14,Married-civ-spouse,Prof-specialty,Husband,White,Male,0,0,50,United-States,>50K
30,Private,398067,1st-4th,2,Separated,Priv-house-serv,Other-relative,White,Female,0,0,30,Mexico,<=50K
37,Self-emp-inc,95634,Some-college,10,Divorced,Craft-repair,Unmarried,White,Female,0,0,40,Canada,<=50K
41,Private,443508,Bachelors,13,Married-civ-spouse,Transport-moving,Husband,White,Male,0,0,48,Canada,>50K
27,Private,259351,5th-6th,3,Never-married,Transport-moving,Not-in-family,White,Male,0,0,40,Mexico,<=50K
30,Private,49249,Some-college,10,Married-civ-spouse,Transport-moving,Husband,White,Male,0,0,80,United-States,>50K
40,Private,213019,HS-grad,9,Divorced,Sales,Unmarried,White,Female,0,0,30,United-States,<=50K
42,Self-emp-inc,144064,Some-college,10,Never-married,Sales,Not-in-family,White,Male,0,0,60,United-States,<=50K
56,Private,92215,9th,5,Divorced,Craft-repair,Not-in-family,White,Female,0,0,40,United-States,>50K
46,Private,57929,HS-grad,9,Divorced,Other-service,Not-in-family,White,Male,0,0,25,United-States,<=50K
53,Private,239303,Some-college,10,Married-civ-spouse,Exec-managerial,Husband,White,Male,0,0,50,United-States,>50K
22,Private,182117,Some-college,10,Never-married,Craft-repair,Own-child,White,Male,0,0,40,United-States,<=50K
38,Private,236769,HS-grad,9,Married-civ-spouse,Craft-repair,Husband,White,Male,0,0,45,United-States,>50K
44,Private,99651,Masters,14,Married-civ-spouse,Exec-managerial,Husband,White,Male,5013,0,40,United-States,>50K
27,Self-emp-not-inc,632733,HS-grad,9,Married-civ-spouse,Farming-fishing,Husband,White,Male,0,0,50,United-States,<=50K
21,?,175109,Some-college,10,Never-married,?,Own-child,White,Female,0,0,40,United-States,<=50K
38,Private,236769,HS-grad,9,Married-civ-spouse,Craft-repair,Husband,White,Male,0,0,45,United-States,>50K
25,Private,257910,Bachelors,13,Never-married,Prof-specialty,Not-in-family,White,Male,0,0,45,United-States,<=50K
34,Private,113530,Bachelors,13,Married-civ-spouse,Exec-managerial,Husband,White,Male,0,0,40,United-States,<=50K
57,Private,102442,Some-college,10,Divorced,Adm-clerical,Unmarried,White,Female,0,0,40,United-States,<=50K
61,Private,87032,HS-grad,9,Widowed,Adm-clerical,Not-in-family,White,Female,0,0,40,United-States,<=50K
30,Private,159537,HS-grad,9,Separated,Adm-clerical,Not-in-family,White,Female,0,0,40,United-States,<=50K
55,Private,354558,7th-8th,4,Married-civ-spouse,Transport-moving,Husband,White,Male,0,0,50,United-States,<=50K
28,Private,252529,Bachelors,13,Married-civ-spouse,Prof-specialty,Husband,White,Male,0,0,50,United-States,<=50K
25,Private,193622,Some-college,10,Never-married,Prof-specialty,Unmarried,White,Female,0,0,60,United-States,<=50K
28,Private,300915,Bachelors,13,Married-civ-spouse,Prof-specialty,Husband,White,Male,0,1902,43,United-States,>50K
25,Private,141332,Bachelors,13,Never-married,Prof-specialty,Own-child,White,Male,0,0,40,United-States,<=50K
42,Private,32367,Assoc-acdm,12,Married-civ-spouse,Adm-clerical,Husband,White,Male,7688,0,42,United-States,>50K
20,Federal-gov,56559,Some-college,10,Never-married,Adm-clerical,Other-relative,White,Female,0,0,40,United-States,<=50K
33,Private,69311,HS-grad,9,Never-married,Handlers-cleaners,Not-in-family,White,Male,0,0,40,United-States,<=50K
54,Self-emp-not-inc,57101,HS-grad,9,Married-civ-spouse,Craft-repair,Husband,White,Male,0,0,35,United-States,<=50K
73,Private,187513,Some-college,10,Married-civ-spouse,Protective-serv,Husband,White,Male,0,0,40,United-States,<=50K
55,?,226922,Assoc-acdm,12,Married-spouse-absent,?,Not-in-family,White,Female,0,0,5,United-States,<=50K
41,Private,85041,Assoc-voc,11,Divorced,Prof-specialty,Unmarried,White,Female,3887,0,40,United-States,<=50K
28,Private,151584,HS-grad,9,Divorced,Handlers-cleaners,Not-in-family,White,Male,0,0,40,United-States,<=50K
19,Private,45381,Some-college,10,Never-married,Adm-clerical,Own-child,White,Female,0,0,8,United-States,<=50K
59,Private,217460,HS-grad,9,Widowed,Other-service,Not-in-family,White,Female,0,0,10,United-States,<=50K
42,Private,263339,HS-grad,9,Married-civ-spouse,Craft-repair,Husband,White,Male,5178,0,40,United-States,>50K
33,Private,179135,HS-grad,9,Divorced,Adm-clerical,Not-in-family,Black,Female,0,0,40,United-States,<=50K
35,Private,209547,HS-grad,9,Married-civ-spouse,Transport-moving,Husband,White,Male,0,0,60,United-States,<=50K
35,?,37546,9th,5,Married-civ-spouse,?,Wife,White,Female,0,0,35,United-States,<=50K
74,Private,97167,HS-grad,9,Married-civ-spouse,Other-service,Husband,White,Male,0,0,15,United-States,<=50K
34,Private,34572,HS-grad,9,Never-married,Handlers-cleaners,Not-in-family,White,Male,0,0,60,United-States,<=50K
35,Local-gov,72338,HS-grad,9,Divorced,Farming-fishing,Own-child,Asian-Pac-Islander,Male,0,0,56,United-States,<=50K
44,Private,32172,HS-grad,9,Separated,Machine-op-inspct,Own-child,Black,Male,0,0,40,United-States,<=50K
22,?,287831,Some-college,10,Never-married,?,Not-in-family,White,Male,0,0,15,United-States,<=50K
51,Federal-gov,335481,Some-college,10,Separated,Prof-specialty,Not-in-family,Black,Female,0,0,40,United-States,>50K
29,Private,163434,HS-grad,9,Divorced,Sales,Own-child,White,Male,0,0,40,United-States,<=50K
51,Private,145463,Masters,14,Married-civ-spouse,Exec-managerial,Husband,White,Male,99999,0,50,?,>50K
29,Private,161463,Assoc-acdm,12,Married-civ-spouse,Prof-specialty,Husband,White,Male,0,0,50,United-States,<=50K
44,Self-emp-not-inc,207066,HS-grad,9,Married-civ-spouse,Machine-op-inspct,Wife,White,Female,0,0,45,United-States,<=50K
51,Local-gov,99064,Masters,14,Married-civ-spouse,Prof-specialty,Husband,White,Male,0,0,35,United-States,<=50K
26,Federal-gov,73047,Some-college,10,Married-civ-spouse,Exec-managerial,Husband,White,Male,0,0,32,United-States,<=50K
41,Self-emp-inc,446559,Assoc-acdm,12,Married-civ-spouse,Craft-repair,Husband,White,Male,15024,0,60,United-States,>50K
59,Self-emp-not-inc,114760,Some-college,10,Married-civ-spouse,Craft-repair,Husband,White,Male,0,0,20,United-States,>50K
45,Self-emp-not-inc,285575,HS-grad,9,Married-civ-spouse,Exec-managerial,Husband,Asian-Pac-Islander,Male,0,0,40,China,<=50K
41,Private,352812,Some-college,10,Married-civ-spouse,Exec-managerial,Wife,White,Female,0,1902,40,United-States,>50K
26,Self-emp-inc,189502,Bachelors,13,Married-civ-spouse,Sales,Husband,White,Male,0,0,80,United-States,>50K
28,Private,253250,Bachelors,13,Married-civ-spouse,Prof-specialty,Husband,White,Male,0,0,50,United-States,<=50K
33,Private,91163,HS-grad,9,Separated,Other-service,Other-relative,Black,Female,0,0,40,United-States,<=50K
25,Private,130793,Some-college,10,Divorced,Other-service,Not-in-family,White,Male,0,0,30,United-States,<=50K
47,Private,140752,HS-grad,9,Married-civ-spouse,Exec-managerial,Husband,White,Male,0,0,40,United-States,>50K
35,Private,106961,HS-grad,9,Married-civ-spouse,Sales,Husband,White,Male,0,0,60,United-States,<=50K
51,Private,158948,HS-grad,9,Married-civ-spouse,Transport-moving,Husband,White,Male,0,0,84,United-States,>50K
27,Private,101618,HS-grad,9,Married-civ-spouse,Exec-managerial,Husband,White,Male,0,0,50,United-States,<=50K
40,Private,122215,Assoc-acdm,12,Married-civ-spouse,Sales,Husband,White,Male,0,0,40,United-States,>50K
51,Private,352882,Some-college,10,Divorced,Prof-specialty,Unmarried,White,Female,0,0,40,United-States,<=50K
52,Private,250034,Masters,14,Married-civ-spouse,Exec-managerial,Husband,White,Male,15024,0,50,United-States,>50K
45,Private,179135,HS-grad,9,Divorced,Adm-clerical,Not-in-family,White,Female,0,0,40,United-States,<=50K
39,Private,108140,Masters,14,Married-civ-spouse,Exec-managerial,Husband,White,Male,0,0,50,United-States,>50K
47,Private,147236,Some-college,10,Separated,Adm-clerical,Unmarried,White,Female,0,0,16,Germany,<=50K
42,Private,32981,HS-grad,9,Divorced,Machine-op-inspct,Not-in-family,White,Male,0,0,40,United-States,<=50K
46,Private,353881,9th,5,Divorced,Other-service,Unmarried,White,Female,0,0,40,United-States,<=50K
44,Self-emp-inc,220230,HS-grad,9,Married-civ-spouse,Other-service,Husband,Black,Male,0,0,48,United-States,<=50K
53,Self-emp-inc,220783,Some-college,10,Widowed,Sales,Not-in-family,White,Female,0,0,60,United-States,<=50K
43,Self-emp-not-inc,160261,Some-college,10,Never-married,Sales,Not-in-family,White,Male,0,0,65,United-States,<=50K
44,Private,201680,Bachelors,13,Married-civ-spouse,Exec-managerial,Husband,White,Male,15024,0,45,United-States,>50K
25,Private,192939,Bachelors,13,Married-civ-spouse,Tech-support,Husband,White,Male,0,0,35,United-States,<=50K
52,Federal-gov,307267,Bachelors,13,Married-civ-spouse,Exec-managerial,Husband,White,Male,0,0,45,United-States,>50K
25,Private,201310,Some-college,10,Never-married,Other-service,Unmarried,Black,Female,0,0,40,United-States,<=50K
26,Private,214413,11th,7,Never-married,Machine-op-inspct,Unmarried,White,Male,6497,0,48,United-States,<=50K
43,Private,194668,HS-grad,9,Married-civ-spouse,Adm-clerical,Husband,White,Male,0,0,40,United-States,>50K
26,Private,184806,Bachelors,13,Married-civ-spouse,Exec-managerial,Wife,White,Female,0,0,55,United-States,>50K
53,Local-gov,205005,Bachelors,13,Married-civ-spouse,Prof-specialty,Wife,White,Female,0,0,60,United-States,>50K
50,Private,337505,HS-grad,9,Married-civ-spouse,Machine-op-inspct,Husband,White,Male,0,1485,40,United-States,<=50K
50,Private,113129,Bachelors,13,Married-civ-spouse,Sales,Husband,White,Male,0,0,40,United-States,<=50K
54,Self-emp-inc,96460,HS-grad,9,Married-civ-spouse,Exec-managerial,Husband,White,Male,7688,0,60,United-States,>50K
30,Private,113163,Some-college,10,Never-married,Other-service,Not-in-family,White,Male,0,0,24,United-States,<=50K
37,Private,138069,HS-grad,9,Separated,Craft-repair,Unmarried,White,Female,0,0,40,United-States,<=50K
46,Self-emp-inc,256909,HS-grad,9,Married-spouse-absent,Farming-fishing,Not-in-family,White,Male,3137,0,45,United-States,<=50K
26,Self-emp-not-inc,33355,Bachelors,13,Never-married,Sales,Not-in-family,White,Male,0,0,60,United-States,>50K
17,Private,104232,10th,6,Never-married,Other-service,Own-child,White,Male,0,0,10,United-States,<=50K
59,Local-gov,93211,Bachelors,13,Married-civ-spouse,Exec-managerial,Wife,White,Female,0,0,22,United-States,>50K
39,Private,140644,Prof-school,15,Married-civ-spouse,Prof-specialty,Husband,Asian-Pac-Islander,Male,0,0,38,India,<=50K
21,Private,320984,Some-college,10,Never-married,Prof-specialty,Own-child,White,Male,0,0,30,United-States,<=50K
25,Private,182661,Some-college,10,Never-married,Adm-clerical,Not-in-family,White,Female,0,0,50,United-States,<=50K
40,Private,200352,Bachelors,13,Separated,Sales,Not-in-family,White,Male,0,0,40,United-States,<=50K
47,Private,152951,Prof-school,15,Married-civ-spouse,Exec-managerial,Husband,White,Male,7688,0,60,United-States,>50K
29,Private,228686,Some-college,10,Married-civ-spouse,Exec-managerial,Husband,White,Male,0,1887,50,United-States,>50K
82,?,295896,7th-8th,4,Widowed,?,Not-in-family,White,Male,0,0,5,United-States,<=50K
21,Private,113176,Some-college,10,Never-married,Adm-clerical,Own-child,White,Male,0,0,50,United-States,<=50K
36,Private,237943,Bachelors,13,Married-civ-spouse,Prof-specialty,Husband,White,Male,0,1977,45,United-States,>50K
52,Self-emp-not-inc,210377,10th,6,Married-civ-spouse,Exec-managerial,Wife,Black,Female,0,0,40,United-States,<=50K
35,Private,169853,Some-college,10,Married-civ-spouse,Tech-support,Husband,White,Male,0,0,40,United-States,>50K
21,Private,215039,11th,7,Never-married,Handlers-cleaners,Own-child,White,Male,0,0,40,United-States,<=50K
26,Private,358975,Some-college,10,Never-married,Priv-house-serv,Not-in-family,White,Female,0,0,50,Hungary,<=50K
48,Private,23438,HS-grad,9,Married-civ-spouse,Exec-managerial,Husband,White,Male,0,0,50,United-States,<=50K
42,Private,182926,Some-college,10,Divorced,Exec-managerial,Own-child,White,Female,0,0,40,United-States,<=50K
22,Private,366929,Some-college,10,Never-married,Craft-repair,Own-child,White,Male,0,0,40,United-States,<=50K
38,Private,164938,Some-college,10,Divorced,Adm-clerical,Unmarried,Other,Female,0,0,40,United-States,<=50K
46,Local-gov,359193,Some-college,10,Divorced,Adm-clerical,Unmarried,White,Female,0,0,45,United-States,<=50K
24,Private,199539,Assoc-acdm,12,Never-married,Handlers-cleaners,Own-child,White,Male,0,0,30,United-States,<=50K
56,Private,374716,HS-grad,9,Married-civ-spouse,Adm-clerical,Husband,White,Male,0,0,48,United-States,<=50K
22,Private,107882,HS-grad,9,Never-married,Prof-specialty,Own-child,White,Female,0,0,20,United-States,<=50K
28,Private,404062,10th,6,Never-married,Farming-fishing,Other-relative,White,Male,0,0,35,Mexico,<=50K
69,Self-emp-not-inc,240810,Prof-school,15,Married-civ-spouse,Prof-specialty,Husband,White,Male,99999,0,40,United-States,>50K
22,Private,303692,Bachelors,13,Never-married,Adm-clerical,Not-in-family,Asian-Pac-Islander,Female,0,0,10,Vietnam,<=50K
51,Private,157569,HS-grad,9,Married-civ-spouse,Transport-moving,Husband,White,Male,0,0,84,United-States,>50K
47,Private,59924,Some-college,10,Divorced,Adm-clerical,Unmarried,White,Female,0,0,42,United-States,<=50K
26,Private,413930,Bachelors,13,Never-married,Exec-managerial,Not-in-family,White,Female,0,0,40,United-States,<=50K
37,Self-emp-not-inc,182661,HS-grad,9,Married-civ-spouse,Prof-specialty,Husband,White,Male,3137,0,30,United-States,<=50K
26,Private,246981,Assoc-voc,11,Divorced,Craft-repair,Own-child,White,Male,0,0,40,United-States,<=50K
45,Self-emp-not-inc,33234,Bachelors,13,Married-civ-spouse,Sales,Husband,White,Male,0,0,40,United-States,>50K
30,Local-gov,380560,HS-grad,9,Separated,Other-service,Unmarried,White,Male,0,0,40,United-States,>50K
36,State-gov,77146,Masters,14,Never-married,Prof-specialty,Not-in-family,White,Male,0,0,40,United-States,<=50K
18,Private,138513,11th,7,Never-married,Handlers-cleaners,Own-child,White,Male,0,0,40,United-States,<=50K
24,Local-gov,117023,Bachelors,13,Never-married,Prof-specialty,Own-child,White,Female,0,0,40,United-States,<=50K
34,Self-emp-inc,513977,HS-grad,9,Divorced,Craft-repair,Not-in-family,Black,Male,0,0,50,United-States,<=50K
63,Self-emp-not-inc,795830,1st-4th,2,Widowed,Other-service,Unmarried,White,Female,0,0,30,El-Salvador,<=50K
43,Federal-gov,250034,Masters,14,Married-civ-spouse,Handlers-cleaners,Husband,White,Male,5013,0,12,United-States,<=50K
36,State-gov,96468,Masters,14,Never-married,Prof-specialty,Own-child,White,Female,0,0,40,United-States,<=50K
26,Private,192010,Some-college,10,Married-civ-spouse,Exec-managerial,Wife,White,Female,0,0,25,United-States,<=50K
36,Private,354558,Bachelors,13,Married-civ-spouse,Prof-specialty,Husband,White,Male,0,0,60,United-States,>50K
40,Private,213620,HS-grad,9,Divorced,Sales,Unmarried,White,Female,0,0,30,United-States,<=50K
29,Private,568490,HS-grad,9,Married-civ-spouse,Craft-repair,Husband,White,Male,0,0,40,United-States,<=50K
42,Private,247115,HS-grad,9,Married-civ-spouse,Machine-op-inspct,Husband,White,Male,0,0,40,United-States,>50K
72,?,116960,HS-grad,9,Married-civ-spouse,?,Husband,White,Male,0,0,8,United-States,<=50K
28,Private,66473,HS-grad,9,Married-civ-spouse,Sales,Husband,White,Male,0,0,40,United-States,<=50K
33,Private,118786,Bachelors,13,Never-married,Sales,Not-in-family,White,Male,0,1590,40,United-States,<=50K
30,Private,159537,HS-grad,9,Separated,Adm-clerical,Not-in-family,White,Female,0,0,40,United-States,<=50K
56,Private,224474,HS-grad,9,Married-civ-spouse,Prof-specialty,Husband,White,Male,0,0,40,United-States,<=50K
30,Private,102320,Assoc-voc,11,Separated,Tech-support,Own-child,White,Female,0,0,40,United-States,<=50K
49,Private,156015,HS-grad,9,Married-civ-spouse,Craft-repair,Husband,White,Male,0,0,40,United-States,<=50K
26,Local-gov,73679,HS-grad,9,Never-married,Handlers-cleaners,Own-child,Amer-Indian-Eskimo,Male,0,0,30,United-States,<=50K
17,Private,183735,11th,7,Never-married,Sales,Own-child,White,Female,0,0,13,United-States,<=50K
21,Private,113163,Some-college,10,Never-married,Adm-clerical,Own-child,White,Male,0,0,50,United-States,<=50K
26,Private,322658,Bachelors,13,Never-married,Prof-specialty,Not-in-family,White,Female,0,0,45,United-States,<=50K
20,Private,413297,Some-college,10,Never-married,Prof-specialty,Not-in-family,White,Female,0,0,40,United-States,<=50K
27,Private,154891,Some-college,10,Married-civ-spouse,Prof-specialty,Husband,White,Male,0,0,50,United-States,>50K
20,Private,41356,Some-college,10,Never-married,Prof-specialty,Not-in-family,White,Female,0,0,40,United-States,<=50K
30,Self-emp-not-inc,113364,Some-college,10,Never-married,Craft-repair,Own-child,White,Male,0,0,30,United-States,<=50K
31,Private,180859,HS-grad,9,Divorced,Adm-clerical,Unmarried,White,Female,0,0,35,United-States,<=50K
43,Private,160786,HS-grad,9,Married-civ-spouse,Other-service,Husband,Black,Male,0,0,40,United-States,>50K
48,Private,85341,HS-grad,9,Married-civ-spouse,Craft-repair,Husband,White,Male,0,0,40,United-States,<=50K
33,Private,53373,10th,6,Never-married,Other-service,Unmarried,White,Male,0,0,40,United-States,<=50K
45,Private,462964,11th,7,Widowed,Other-service,Not-in-family,Black,Female,0,0,20,United-States,<=50K
32,Private,215990,Some-college,10,Never-married,Craft-repair,Not-in-family,White,Male,4787,0,45,United-States,<=50K
42,Self-emp-inc,78765,Some-college,10,Divorced,Exec-managerial,Unmarried,White,Male,0,0,90,United-States,>50K
54,Self-emp-not-inc,363130,7th-8th,4,Married-civ-spouse,Machine-op-inspct,Husband,White,Male,0,0,50,United-States,<=50K
26,Private,41834,Bachelors,13,Never-married,Exec-managerial,Not-in-family,White,Female,0,0,40,United-States,<=50K
38,Private,285004,Prof-school,15,Never-married,Prof-specialty,Not-in-family,White,Male,0,0,50,United-States,<=50K
34,?,34572,11th,7,Divorced,?,Own-child,White,Male,0,0,84,United-States,<=50K
55,Self-emp-not-inc,78765,HS-grad,9,Married-civ-spouse,Farming-fishing,Husband,Asian-Pac-Islander,Male,0,0,70,United-States,<=50K
42,Private,173005,Masters,14,Married-civ-spouse,Prof-specialty,Husband,White,Male,0,0,40,United-States,<=50K
47,Private,187635,Some-college,10,Married-civ-spouse,Prof-specialty,Husband,White,Male,0,0,40,United-States,<=50K
43,Private,216385,Bachelors,13,Divorced,Adm-clerical,Unmarried,White,Female,0,0,40,Germany,<=50K
45,Private,105381,Some-college,10,Divorced,Machine-op-inspct,Not-in-family,White,Female,0,0,40,United-States,<=50K
44,Local-gov,56651,Bachelors,13,Married-civ-spouse,Exec-managerial,Husband,White,Male,0,0,52,United-States,<=50K
49,Private,187098,Masters,14,Married-civ-spouse,Exec-managerial,Husband,White,Male,15024,0,50,United-States,>50K
69,?,628797,Some-college,10,Widowed,?,Not-in-family,White,Female,0,0,20,United-States,<=50K
38,Private,199689,Bachelors,13,Married-civ-spouse,Exec-managerial,Husband,White,Male,0,0,50,United-States,<=50K
22,?,287737,Some-college,10,Never-married,?,Not-in-family,White,Male,0,0,15,United-States,<=50K
56,Private,373448,HS-grad,9,Married-civ-spouse,Adm-clerical,Husband,White,Male,0,0,48,United-States,<=50K
49,Private,93557,HS-grad,9,Married-civ-spouse,Exec-managerial,Husband,White,Male,0,0,48,United-States,>50K
30,Private,49325,Some-college,10,Married-civ-spouse,Transport-moving,Husband,White,Male,0,0,80,United-States,>50K
40,Private,219718,HS-grad,9,Divorced,Tech-support,Unmarried,White,Female,0,0,40,United-States,<=50K
45,Private,46221,11th,7,Widowed,Other-service,Not-in-family,Black,Female,0,0,20,United-States,<=50K
50,Private,30827,Bachelors,13,Married-civ-spouse,Sales,Husband,White,Male,0,0,45,United-States,>50K
20,Private,184655,Some-college,10,Never-married,Tech-support,Own-child,White,Female,0,0,20,United-States,<=50K
28,Local-gov,136277,Bachelors,13,Never-married,Adm-clerical,Not-in-family,Black,Female,4101,0,60,United-States,<=50K
70,Self-emp-inc,24274,9th,5,Divorced,Sales,Not-in-family,White,Male,0,0,45,United-States,<=50K
35,Local-gov,116960,Masters,14,Married-civ-spouse,Prof-specialty,Husband,White,Male,0,1887,40,United-States,>50K
25,Private,141876,Bachelors,13,Never-married,Prof-specialty,Own-child,White,Male,0,0,40,United-States,<=50K
41,Private,169104,Prof-school,15,Married-civ-spouse,Prof-specialty,Husband,White,Male,0,0,46,United-States,>50K
72,Self-emp-not-inc,286853,Prof-school,15,Married-civ-spouse,Prof-specialty,Husband,White,Male,0,2246,28,United-States,>50K
80,Private,86111,Doctorate,16,Married-civ-spouse,Prof-specialty,Husband,White,Male,0,0,30,United-States,<=50K
28,Private,66473,HS-grad,9,Divorced,Machine-op-inspct,Own-child,White,Male,0,0,40,United-States,<=50K
50,Self-emp-not-inc,93705,Some-college,10,Divorced,Sales,Not-in-family,White,Female,0,0,40,United-States,<=50K
53,Self-emp-inc,290640,Some-college,10,Married-civ-spouse,Sales,Husband,White,Male,0,0,50,United-States,>50K
17,Private,21792,11th,7,Never-married,Sales,Own-child,White,Female,0,0,20,United-States,<=50K
32,Private,198362,Some-college,10,Divorced,Exec-managerial,Not-in-family,White,Female,0,0,38,United-States,<=50K
33,Federal-gov,137814,HS-grad,9,Never-married,Other-service,Not-in-family,White,Male,0,0,32,United-States,<=50K
23,Private,347292,HS-grad,9,Never-married,Sales,Not-in-family,White,Male,0,0,40,United-States,<=50K
23,Private,179423,Bachelors,13,Never-married,Adm-clerical,Not-in-family,White,Female,0,0,5,United-States,<=50K
46,Private,353881,9th,5,Divorced,Other-service,Unmarried,White,Female,0,0,40,United-States,<=50K
37,Private,175109,Masters,14,Divorced,Exec-managerial,Unmarried,White,Male,0,0,60,United-States,>50K
22,Federal-gov,281025,Some-college,10,Never-married,Transport-moving,Own-child,White,Male,0,0,4,United-States,<=50K
62,Private,35783,Some-college,10,Married-civ-spouse,Transport-moving,Husband,White,Male,0,0,60,United-States,<=50K
38,Private,283635,Prof-school,15,Never-married,Prof-specialty,Not-in-family,White,Male,0,0,50,United-States,<=50K
56,Self-emp-not-inc,172618,Bachelors,13,Married-civ-spouse,Prof-specialty,Husband,White,Male,7688,0,40,United-States,>50K
23,Private,200997,10th,6,Never-married,Machine-op-inspct,Not-in-family,White,Female,0,0,40,United-States,<=50K
44,Private,446559,HS-grad,9,Married-civ-spouse,Farming-fishing,Husband,White,Male,0,0,70,United-States,<=50K
31,Private,363130,Some-college,10,Married-civ-spouse,Exec-managerial,Husband,Black,Male,0,0,40,United-States,>50K
41,Private,119033,HS-grad,9,Married-civ-spouse,Sales,Husband,White,Male,0,0,49,United-States,>50K
36,Private,95551,HS-grad,9,Separated,Exec-managerial,Not-in-family,White,Female,0,0,36,United-States,<=50K
36,Private,297847,HS-grad,9,Never-married,Other-service,Not-in-family,Black,Female,0,2001,40,United-States,<=50K
61,Private,87032,HS-grad,9,Widowed,Adm-clerical,Not-in-family,White,Female,0,0,40,United-States,<=50K
46,Private,37088,Prof-school,15,Married-civ-spouse,Prof-specialty,Husband,White,Male,99999,0,60,United-States,>50K
35,Private,170017,Some-college,10,Married-civ-spouse,Tech-support,Husband,White,Male,0,0,40,United-States,>50K
36,Private,51838,Some-college,10,Divorced,Adm-clerical,Unmarried,White,Female,0,0,40,United-States,<=50K
45,Local-gov,233891,HS-grad,9,Divorced,Adm-clerical,Unmarried,White,Female,0,0,35,United-States,<=50K
67,Self-emp-inc,51789,Some-college,10,Married-civ-spouse,Sales,Husband,White,Male,0,0,40,United-States,<=50K
21,Private,65038,HS-grad,9,Never-married,Machine-op-inspct,Own-child,White,Male,0,0,40,United-States,<=50K
26,Private,213620,HS-grad,9,Never-married,Adm-clerical,Unmarried,Black,Female,0,0,40,Jamaica,<=50K
46,Self-emp-not-inc,102869,HS-grad,9,Married-civ-spouse,Sales,Husband,White,Male,0,0,40,United-States,>50K
33,Private,168981,HS-grad,9,Never-married,Sales,Own-child,White,Female,0,0,40,United-States,<=50K
25,Private,396633,Some-college,10,Married-civ-spouse,Adm-clerical,Wife,Black,Female,0,0,56,United-States,>50K
50,Private,30731,Bachelors,13,Married-civ-spouse,Sales,Husband,White,Male,0,0,45,United-States,>50K
54,Private,42017,Some-college,10,Married-civ-spouse,Prof-specialty,Husband,White,Male,0,0,40,United-States,>50K
27,Private,96219,Bachelors,13,Never-married,Adm-clerical,Not-in-family,White,Female,0,0,45,United-States,<=50K
55,Private,52888,Bachelors,13,Married-civ-spouse,Sales,Husband,White,Male,0,0,15,United-States,>50K
47,State-gov,187635,Assoc-voc,11,Married-civ-spouse,Tech-support,Husband,White,Male,0,0,48,United-States,>50K
35,Self-emp-not-inc,89508,Some-college,10,Married-civ-spouse,Exec-managerial,Husband,White,Male,3908,0,60,United-States,<=50K
28,Self-emp-not-inc,141058,HS-grad,9,Never-married,Sales,Not-in-family,White,Male,0,0,60,United-States,<=50K
31,Private,111483,Bachelors,13,Married-civ-spouse,Exec-managerial,Husband,White,Male,0,0,70,United-States,>50K
29,Private,192302,Bachelors,13,Never-married,Prof-specialty,Not-in-family,White,Female,0,0,60,Poland,<=50K
55,Private,535852,Bachelors,13,Married-civ-spouse,Sales,Husband,White,Male,0,0,15,United-States,>50K
37,Private,206974,Some-college,10,Never-married,Exec-managerial,Not-in-family,White,Male,0,0,40,United-States,<=50K
67,?,201657,Bachelors,13,Divorced,?,Not-in-family,White,Female,0,0,60,United-States,<=50K
51,Self-emp-not-inc,160724,Bachelors,13,Married-civ-spouse,Sales,Husband,Asian-Pac-Islander,Male,0,2415,40,China,>50K
45,Private,163167,Bachelors,13,Never-married,Prof-specialty,Not-in-family,White,Female,0,0,40,Germany,<=50K
34,Private,361497,11th,7,Married-civ-spouse,Transport-moving,Husband,White,Male,0,0,40,United-States,<=50K
79,Private,149704,Bachelors,13,Never-married,Other-service,Not-in-family,White,Female,0,0,40,United-States,<=50K
21,Private,146679,Some-college,10,Married-civ-spouse,Craft-repair,Husband,White,Male,7298,0,60,United-States,>50K
36,Private,332689,Bachelors,13,Married-civ-spouse,Sales,Husband,White,Male,0,1887,35,United-States,>50K
19,?,257910,HS-grad,9,Never-married,?,Not-in-family,White,Female,0,0,16,United-States,<=50K
25,Private,201729,HS-grad,9,Never-married,Sales,Unmarried,White,Female,0,0,35,United-States,<=50K
17,Private,271122,12th,8,Never-married,Other-service,Own-child,White,Female,0,0,16,United-States,<=50K
25,Private,130773,Some-college,10,Divorced,Other-service,Not-in-family,White,Male,0,0,30,United-States,<=50K
54,Private,42017,1st-4th,2,Married-civ-spouse,Other-service,Husband,White,Male,0,0,40,Mexico,<=50K
34,Private,300915,Bachelors,13,Married-civ-spouse,Sales,Husband,White,Male,0,0,50,United-States,>50K
28,Private,110981,Some-college,10,Never-married,Other-service,Not-in-family,White,Male,0,0,40,United-States,<=50K
52,Private,163870,HS-grad,9,Married-civ-spouse,Other-service,Wife,White,Female,0,0,38,United-States,<=50K
37,Private,125831,HS-grad,9,Never-married,Craft-repair,Own-child,White,Male,0,0,40,United-States,<=50K
57,Self-emp-not-inc,258026,Bachelors,13,Married-civ-spouse,Exec-managerial,Husband,White,Male,0,0,50,United-States,<=50K
26,Private,181557,Some-college,10,Married-civ-spouse,Machine-op-inspct,Wife,White,Female,0,0,40,United-States,<=50K
45,Self-emp-not-inc,332689,Bachelors,13,Married-civ-spouse,Sales,Husband,White,Male,0,0,40,United-States,>50K
38,Private,165302,Some-college,10,Divorced,Adm-clerical,Unmarried,Other,Female,0,0,40,United-States,<=50K
36,Private,250238,1st-4th,2,Never-married,Other-service,Other-relative,Other,Female,0,0,40,El-Salvador,<=50K
41,Private,352812,Some-college,10,Married-civ-spouse,Exec-managerial,Wife,White,Female,0,1902,40,United-States,>50K
61,Private,275369,HS-grad,9,Married-civ-spouse,Craft-repair,Husband,White,Male,0,0,40,United-States,<=50K
35,Private,106961,HS-grad,9,Married-civ-spouse,Sales,Husband,White,Male,0,0,60,United-States,<=50K
55,Local-gov,258121,Prof-school,15,Married-civ-spouse,Prof-specialty,Husband,White,Male,0,1902,40,United-States,>50K
32,Private,171216,HS-grad,9,Married-civ-spouse,Craft-repair,Husband,White,Male,0,0,50,United-States,<=50K
53,Self-emp-not-inc,303692,HS-grad,9,Married-civ-spouse,Sales,Husband,White,Male,0,0,35,United-States,<=50K
42,Private,548580,Some-college,10,Divorced,Farming-fishing,Not-in-family,White,Male,0,0,40,United-States,<=50K
47,Private,147430,HS-grad,9,Married-civ-spouse,Craft-repair,Husband,White,Male,0,0,40,United-States,>50K
34,Private,351416,HS-grad,9,Never-married,Handlers-cleaners,Not-in-family,White,Male,0,0,60,United-States,<=50K
35,Self-emp-not-inc,377017,Assoc-voc,11,Married-civ-spouse,Farming-fishing,Husband,White,Male,3103,0,55,United-States,<=50K
25,Private,109419,HS-grad,9,Never-married,Adm-clerical,Own-child,White,Female,0,0,40,United-States,<=50K
25,Private,257910,Bachelors,13,Never-married,Prof-specialty,Not-in-family,White,Male,0,0,45,United-States,<=50K
30,Private,303692,HS-grad,9,Separated,Transport-moving,Not-in-family,White,Male,0,0,44,United-States,<=50K
34,Private,141702,Some-college,10,Married-civ-spouse,Other-service,Husband,White,Male,0,0,62,Mexico,<=50K
22,Private,109815,Some-college,10,Never-married,Adm-clerical,Not-in-family,White,Female,0,0,40,United-States,<=50K
33,Private,91163,HS-grad,9,Separated,Other-service,Other-relative,Black,Female,0,0,40,United-States,<=50K
63,Self-emp-not-inc,79190,1st-4th,2,Widowed,Other-service,Unmarried,White,Female,0,0,30,El-Salvador,<=50K
20,Private,208358,Some-college,10,Never-married,Prof-specialty,Own-child,White,Male,0,0,25,United-States,<=50K
49,State-gov,175109,Some-college,10,Married-civ-spouse,Prof-specialty,Husband,White,Male,0,0,50,United-States,>50K
62,Private,82906,Bachelors,13,Married-civ-spouse,Exec-managerial,Wife,White,Female,401,0,35,England,<=50K
27,Private,69757,Some-college,10,Never-married,Adm-clerical,Not-in-family,White,Female,0,0,60,United-States,<=50K
18,Private,141876,11th,7,Never-married,Sales,Own-child,Black,Male,0,0,8,United-States,<=50K
34,Private,200496,HS-grad,9,Separated,Transport-moving,Own-child,White,Male,0,0,25,Columbia,<=50K
52,Self-emp-inc,75619,HS-grad,9,Married-civ-spouse,Sales,Husband,Asian-Pac-Islander,Male,0,0,40,United-States,>50K
56,Private,360032,Masters,14,Married-civ-spouse,Exec-managerial,Husband,White,Male,0,0,60,England,>50K
73,Private,29675,HS-grad,9,Widowed,Other-service,Other-relative,White,Female,0,0,12,United-States,<=50K
50,Private,113364,HS-grad,9,Divorced,Adm-clerical,Not-in-family,White,Female,0,0,40,United-States,<=50K
25,Private,193787,Some-college,10,Never-married,Prof-specialty,Unmarried,White,Female,0,0,60,United-States,<=50K
43,Self-emp-inc,32172,Some-college,10,Married-civ-spouse,Machine-op-inspct,Husband,White,Male,0,0,50,United-States,<=50K
46,Private,164938,HS-grad,9,Married-civ-spouse,Craft-repair,Husband,White,Male,0,0,40,United-States,>50K
40,Private,383300,HS-grad,9,Married-civ-spouse,Handlers-cleaners,Husband,White,Male,0,0,40,United-States,<=50K
37,Private,194668,Some-college,10,Married-civ-spouse,Transport-moving,Husband,White,Male,0,0,45,United-States,>50K
40,Federal-gov,77332,Some-college,10,Divorced,Adm-clerical,Not-in-family,White,Female,0,0,50,United-States,<=50K
31,Private,196797,Prof-school,15,Divorced,Prof-specialty,Not-in-family,White,Female,0,0,45,United-States,>50K
43,Private,29320,Bachelors,13,Married-civ-spouse,Sales,Husband,White,Male,0,0,40,United-States,>50K
45,Self-emp-not-inc,285575,HS-grad,9,Married-civ-spouse,Exec-managerial,Husband,Asian-Pac-Islander,Male,0,0,40,China,<=50K
42,Private,183096,Some-college,10,Divorced,Exec-managerial,Own-child,White,Female,0,0,40,United-States,<=50K
24,Private,199694,Assoc-acdm,12,Never-married,Handlers-cleaners,Own-child,White,Male,0,0,30,United-States,<=50K
41,Private,276709,7th-8th,4,Married-civ-spouse,Farming-fishing,Husband,White,Male,0,0,36,United-States,<=50K
37,Self-emp-not-inc,353881,HS-grad,9,Divorced,Exec-managerial,Not-in-family,Asian-Pac-Islander,Female,0,0,70,South,>50K
29,Private,163204,HS-grad,9,Divorced,Sales,Own-child,White,Male,0,0,40,United-States,<=50K
21,Private,57298,Some-college,10,Never-married,Sales,Own-child,White,Female,0,0,35,United-States,<=50K
31,Private,182237,10th,6,Separated,Transport-moving,Unmarried,White,Male,0,0,40,United-States,<=50K
32,Private,267790,HS-grad,9,Married-civ-spouse,Exec-managerial,Husband,White,Male,0,0,50,United-States,>50K
37,Private,194501,Some-college,10,Married-civ-spouse,Transport-moving,Husband,White,Male,0,0,45,United-States,>50K
42,Private,197749,HS-grad,9,Married-civ-spouse,Adm-clerical,Husband,White,Male,0,0,40,United-States,>50K
37,Private,22149,HS-grad,9,Never-married,Other-service,Own-child,Amer-Indian-Eskimo,Male,0,0,18,United-States,<=50K
39,Private,172401,HS-grad,9,Married-civ-spouse,Other-service,Husband,White,Male,5178,0,40,United-States,<=50K
40,Private,218903,HS-grad,9,Divorced,Tech-support,Unmarried,White,Female,0,0,40,United-States,<=50K
48,State-gov,443508,Masters,14,Married-civ-spouse,Prof-specialty,Husband,White,Male,0,0,61,United-States,>50K
25,Private,207875,7th-8th,4,Married-civ-spouse,Handlers-cleaners,Husband,White,Male,0,0,40,Mexico,<=50K
34,Private,287372,Some-college,10,Married-civ-spouse,Exec-managerial,Wife,White,Female,0,1485,40,United-States,>50K
31,Private,106437,HS-grad,9,Never-married,Adm-clerical,Not-in-family,White,Female,0,0,40,United-States,<=50K
35,Private,66687,HS-grad,9,Married-civ-spouse,Other-service,Husband,Asian-Pac-Islander,Male,0,0,40,China,<=50K
52,Self-emp-inc,135567,HS-grad,9,Married-civ-spouse,Exec-managerial,Husband,White,Male,0,0,40,United-States,>50K
50,Private,134737,HS-grad,9,Divorced,Adm-clerical,Unmarried,White,Female,0,0,35,United-States,<=50K
23,Private,242391,HS-grad,9,Never-married,Other-service,Not-in-family,White,Female,0,0,30,United-States,<=50K
30,Private,176064,HS-grad,9,Divorced,Craft-repair,Unmarried,White,Male,0,0,55,United-States,<=50K
49,Private,132576,Bachelors,13,Married-civ-spouse,Exec-managerial,Husband,White,Male,0,0,50,United-States,>50K
35,Private,147755,Some-college,10,Never-married,Adm-clerical,Own-child,Black,Male,0,0,40,United-States,<=50K
31,Private,220993,Prof-school,15,Divorced,Tech-support,Not-in-family,White,Female,0,0,35,United-States,<=50K
31,Private,182451,10th,6,Separated,Transport-moving,Unmarried,White,Male,0,0,40,United-States,<=50K
73,Private,29675,HS-grad,9,Widowed,Other-service,Other-relative,White,Female,0,0,12,United-States,<=50K
71,State-gov,100063,HS-grad,9,Married-civ-spouse,Craft-repair,Husband,Black,Male,0,0,40,United-States,<=50K
24,Private,200790,HS-grad,9,Never-married,Handlers-cleaners,Own-child,White,Male,0,0,45,United-States,<=50K
28,Private,250552,Bachelors,13,Married-civ-spouse,Prof-specialty,Husband,White,Male,0,0,50,United-States,<=50K
41,Local-gov,266645,Some-college,10,Divorced,Exec-managerial,Not-in-family,White,Female,0,0,40,United-States,<=50K
20,Private,183096,Some-college,10,Never-married,Sales,Own-child,Black,Male,0,0,20,United-States,<=50K
34,Private,303867,Bachelors,13,Married-civ-spouse,Sales,Husband,White,Male,0,0,50,United-States,>50K
38,Federal-gov,33794,Some-college,10,Married-civ-spouse,Adm-clerical,Husband,Asian-Pac-Islander,Male,0,0,40,Philippines,>50K
55,Private,84817,HS-grad,9,Married-civ-spouse,Priv-house-serv,Wife,White,Female,0,0,30,United-States,<=50K
69,Private,102874,HS-grad,9,Widowed,Adm-clerical,Not-in-family,White,Female,0,0,24,United-States,<=50K
19,Private,147002,Some-college,10,Never-married,Exec-managerial,Own-child,Black,Male,0,0,30,United-States,<=50K
30,Private,176315,Assoc-voc,11,Divorced,Adm-clerical,Unmarried,White,Female,0,0,24,United-States,<=50K
30,Private,49325,Some-college,10,Married-civ-spouse,Transport-moving,Husband,White,Male,0,0,80,United-States,>50K
38,Private,188729,Bachelors,13,Never-married,Exec-managerial,Not-in-family,White,Male,0,1485,40,United-States,<=50K
64,?,104756,Some-college,10,Widowed,?,Unmarried,White,Female,0,0,8,United-States,<=50K
25,Private,180532,HS-grad,9,Never-married,Craft-repair,Not-in-family,White,Male,0,0,75,United-States,<=50K
44,Private,445382,HS-grad,9,Married-civ-spouse,Farming-fishing,Husband,White,Male,0,0,70,United-States,<=50K
30,Private,49249,Assoc-voc,11,Married-civ-spouse,Handlers-cleaners,Husband,White,Male,0,0,40,Mexico,<=50K
35,Self-emp-not-inc,128700,7th-8th,4,Married-civ-spouse,Farming-fishing,Husband,White,Male,0,0,40,United-States,<=50K
71,Private,93202,HS-grad,9,Divorced,Other-service,Not-in-family,White,Female,0,0,16,United-States,<=50K
31,Private,181666,HS-grad,9,Divorced,Adm-clerical,Unmarried,White,Female,0,0,35,United-States,<=50K
33,Private,53373,10th,6,Never-married,Other-service,Unmarried,White,Male,0,0,40,United-States,<=50K
20,Private,413297,Some-college,10,Never-married,Prof-specialty,Not-in-family,White,Female,0,0,40,United-States,<=50K
53,Federal-gov,442478,Bachelors,13,Married-civ-spouse,Adm-clerical,Husband,Black,Male,0,0,40,United-States,>50K
50,Private,113176,HS-grad,9,Divorced,Adm-clerical,Not-in-family,White,Female,0,0,40,United-States,<=50K
42,Private,263162,HS-grad,9,Married-civ-spouse,Craft-repair,Husband,White,Male,5013,0,40,United-States,>50K
28,Private,110981,Some-college,10,Never-married,Other-service,Not-in-family,White,Male,0,0,40,United-States,<=50K
38,Private,200352,Bachelors,13,Married-civ-spouse,Exec-managerial,Husband,White,Male,0,0,50,United-States,<=50K
45,Private,161954,Bachelors,13,Never-married,Prof-specialty,Not-in-family,White,Female,0,0,40,Germany,<=50K
27,Private,101618,HS-grad,9,Married-civ-spouse,Exec-managerial,Husband,White,Male,0,0,50,United-States,<=50K
47,Local-gov,128162,Doctorate,16,Never-married,Prof-specialty,Unmarried,White,Female,0,0,40,United-States,<=50K
30,Private,361742,Some-college,10,Married-civ-spouse,Exec-managerial,Husband,White,Male,0,0,50,United-States,<=50K
45,Private,105381,Some-college,10,Divorced,Machine-op-inspct,Not-in-family,White,Female,0,0,40,United-States,<=50K
22,Private,203635,Assoc-voc,11,Married-civ-spouse,Other-service,Husband,White,Male,0,0,44,United-States,<=50K
26,Private,213921,11th,7,Never-married,Machine-op-inspct,Unmarried,White,Male,6497,0,48,United-States,<=50K
22,Private,36943,Some-college,10,Never-married,Craft-repair,Own-child,White,Male,0,0,40,United-States,<=50K
37,Private,194501,Some-college,10,Married-civ-spouse,Transport-moving,Husband,White,Male,0,0,45,United-States,>50K
25,Private,37088,Assoc-acdm,12,Divorced,Other-service,Not-in-family,White,Female,0,0,32,United-States,<=50K
43,Federal-gov,25005,Masters,14,Married-civ-spouse,Handlers-cleaners,Husband,White,Male,5013,0,12,United-States,<=50K
38,Private,163333,HS-grad,9,Married-civ-spouse,Transport-moving,Husband,White,Male,0,1740,40,United-States,<=50K
26,Self-emp-inc,189502,Bachelors,13,Married-civ-spouse,Sales,Husband,White,Male,0,0,80,United-States,>50K
52,Private,20109,Bachelors,13,Divorced,Exec-managerial,Not-in-family,White,Male,0,0,40,?,<=50K
25,Private,203635,HS-grad,9,Never-married,Sales,Unmarried,White,Female,0,0,35,United-States,<=50K
21,Private,214738,11th,7,Never-married,Handlers-cleaners,Own-child,White,Male,0,0,40,United-States,<=50K
27,Private,82242,Bachelors,13,Never-married,Exec-managerial,Other-relative,White,Male,0,0,45,Germany,<=50K
60,Local-gov,195409,Masters,14,Married-civ-spouse,Prof-specialty,Husband,White,Male,15024,0,52,United-States,>50K
49,Private,185619,Some-college,10,Married-civ-spouse,Prof-specialty,Husband,White,Male,5013,0,30,United-States,<=50K
47,Private,152951,Prof-school,15,Married-civ-spouse,Exec-managerial,Husband,White,Male,7688,0,60,United-States,>50K
50,Private,337001,HS-grad,9,Married-civ-spouse,Machine-op-inspct,Husband,White,Male,0,1485,40,United-States,<=50K
19,?,193081,Some-college,10,Never-married,?,Own-child,White,Female,0,0,35,United-States,<=50K
52,Private,256909,Bachelors,13,Married-civ-spouse,Exec-managerial,Husband,White,Male,0,0,50,United-States,<=50K
46,Self-emp-inc,257910,HS-grad,9,Married-spouse-absent,Farming-fishing,Not-in-family,White,Male,3137,0,45,United-States,<=50K
67,Private,160456,11th,7,Widowed,Other-service,Not-in-family,White,Female,0,0,40,United-States,<=50K
53,Federal-gov,439263,Bachelors,13,Married-civ-spouse,Adm-clerical,Husband,Black,Male,0,0,40,United-States,>50K
69,Private,272531,HS-grad,9,Widowed,Adm-clerical,Not-in-family,White,Female,0,0,40,United-States,<=50K
64,Self-emp-not-inc,211482,HS-grad,9,Married-civ-spouse,Craft-repair,Husband,White,Male,0,0,20,United-States,<=50K
22,Private,109815,Some-college,10,Never-married,Adm-clerical,Not-in-family,White,Female,0,0,40,United-States,<=50K
17,Private,104232,10th,6,Never-married,Other-service,Own-child,White,Male,0,0,10,United-States,<=50K
50,Private,337606,HS-grad,9,Married-civ-spouse,Machine-op-inspct,Husband,White,Male,0,1485,40,United-States,<=50K
44,Private,325353,HS-grad,9,Separated,Machine-op-inspct,Own-child,Black,Male,0,0,40,United-States,<=50K
21,Private,73392,Some-college,10,Never-married,Exec-managerial,Own-child,White,Female,0,0,40,United-States,<=50K
36,Private,175643,HS-grad,9,Married-civ-spouse,Craft-repair,Husband,White,Male,0,0,35,United-States,<=50K
29,Private,309778,Bachelors,13,Never-married,Craft-repair,Not-in-family,White,Male,0,0,40,United-States,<=50K
23,Private,128162,Bachelors,13,Never-married,Prof-specialty,Not-in-family,White,Female,0,0,20,United-States,<=50K
22,?,287988,Some-college,10,Never-married,?,Not-in-family,White,Male,0,0,15,United-States,<=50K
20,Private,318255,HS-grad,9,Never-married,Other-service,Not-in-family,White,Male,0,0,40,United-States,<=50K
58,Local-gov,283037,Bachelors,13,Never-married,Prof-specialty,Not-in-family,White,Female,0,0,40,United-States,<=50K
33,Private,53481,10th,6,Never-married,Other-service,Unmarried,White,Male,0,0,40,United-States,<=50K
41,Private,69333,HS-grad,9,Married-civ-spouse,Craft-repair,Husband,White,Male,0,0,45,United-States,>50K
20,Private,163167,HS-grad,9,Never-married,Handlers-cleaners,Own-child,White,Female,0,0,20,United-States,<=50K
18,Private,51415,Some-college,10,Never-married,Other-service,Own-child,White,Male,0,0,8,United-States,<=50K
28,Private,66095,HS-grad,9,Married-civ-spouse,Sales,Husband,White,Male,0,0,40,United-States,<=50K
58,State-gov,198362,Bachelors,13,Married-civ-spouse,Adm-clerical,Husband,White,Male,0,0,35,United-States,>50K
30,Self-emp-not-inc,113364,Some-college,10,Never-married,Craft-repair,Own-child,White,Male,0,0,30,United-States,<=50K
30,Private,271312,Bachelors,13,Married-civ-spouse,Sales,Husband,White,Male,7298,0,50,United-States,>50K
26,Private,340335,Bachelors,13,Never-married,Adm-clerical,Not-in-family,White,Female,0,0,40,United-States,<=50K
36,Private,150675,HS-grad,9,Never-married,Machine-op-inspct,Not-in-family,White,Female,0,0,30,United-States,<=50K
52,Private,145409,HS-grad,9,Married-civ-spouse,Craft-repair,Husband,White,Male,0,0,40,United-States,<=50K
45,Private,176175,HS-grad,9,Never-married,Other-service,Not-in-family,White,Female,0,0,40,El-Salvador,<=50K
51,Private,261677,HS-grad,9,Married-civ-spouse,Other-service,Husband,White,Male,0,0,40,Cuba,>50K
42,Self-emp-not-inc,307267,HS-grad,9,Married-civ-spouse,Craft-repair,Husband,White,Male,0,0,35,United-States,<=50K
48,Private,202214,Bachelors,13,Married-civ-spouse,Prof-specialty,Husband,White,Male,0,1590,40,United-States,>50K
36,Private,33474,Bachelors,13,Married-civ-spouse,Sales,Husband,White,Male,0,1887,35,United-States,>50K
50,Private,113176,HS-grad,9,Divorced,Adm-clerical,Not-in-family,White,Female,0,0,40,United-States,<=50K
38,Federal-gov,69019,Some-college,10,Married-civ-spouse,Exec-managerial,Husband,White,Male,0,0,40,United-States,>50K
35,Private,108140,HS-grad,9,Divorced,Craft-repair,Not-in-family,White,Male,0,0,40,United-States,<=50K
48,Private,85041,HS-grad,9,Married-civ-spouse,Craft-repair,Husband,White,Male,0,0,40,United-States,<=50K
49,State-gov,175232,Some-college,10,Married-civ-spouse,Prof-specialty,Husband,White,Male,0,0,50,United-States,>50K
40,Private,122609,Assoc-acdm,12,Married-civ-spouse,Sales,Husband,White,Male,0,0,40,United-States,>50K
34,Private,199694,Assoc-voc,11,Married-civ-spouse,Craft-repair,Husband,White,Male,0,0,48,United-States,>50K
28,Private,106437,Bachelors,13,Never-married,Sales,Own-child,White,Male,0,0,2,United-States,<=50K
20,State-gov,178050,Some-college,10,Never-married,Farming-fishing,Not-in-family,White,Male,0,0,40,United-States,<=50K
56,Private,225065,HS-grad,9,Married-civ-spouse,Prof-specialty,Husband,White,Male,0,0,40,United-States,<=50K
38,Private,199694,Bachelors,13,Married-civ-spouse,Exec-managerial,Husband,White,Male,0,0,50,United-States,<=50K
45,Private,178517,HS-grad,9,Divorced,Adm-clerical,Not-in-family,White,Female,0,0,40,United-States,<=50K
19,Private,247298,12th,8,Married-spouse-absent,Other-service,Own-child,Other,Female,0,0,20,United-States,<=50K
28,State-gov,210498,HS-grad,9,Married-civ-spouse,Protective-serv,Husband,White,Male,0,0,40,United-States,<=50K
25,Private,396633,Some-college,10,Married-civ-spouse,Adm-clerical,Wife,Black,Female,0,0,56,United-States,>50K
23,Private,285004,Bachelors,13,Never-married,Sales,Not-in-family,Asian-Pac-Islander,Male,0,0,50,Taiwan,<=50K
47,Private,139989,HS-grad,9,Married-civ-spouse,Exec-managerial,Husband,White,Male,0,0,40,United-States,>50K
35,Private,106961,HS-grad,9,Married-civ-spouse,Sales,Husband,White,Male,0,0,60,United-States,<=50K
37,Private,206351,Some-college,10,Never-married,Exec-managerial,Not-in-family,White,Male,0,0,40,United-States,<=50K
18,Private,71151,HS-grad,9,Never-married,Handlers-cleaners,Own-child,White,Male,0,0,12,United-States,<=50K
22,Private,210781,Bachelors,13,Never-married,Adm-clerical,Own-child,White,Female,0,0,40,United-States,<=50K
38,Private,189277,Bachelors,13,Never-married,Exec-managerial,Not-in-family,White,Male,0,1340,40,United-States,<=50K
43,Self-emp-inc,208277,Prof-school,15,Married-civ-spouse,Prof-specialty,Husband,White,Male,0,0,25,United-States,>50K
34,Private,347292,HS-grad,9,Never-married,Handlers-cleaners,Not-in-family,White,Male,0,0,60,United-States,<=50K
47,Private,150519,Prof-school,15,Married-civ-spouse,Exec-managerial,Husband,White,Male,7688,0,60,United-States,>50K
46,Local-gov,359193,Some-college,10,Divorced,Adm-clerical,Unmarried,White,Female,0,0,45,United-States,<=50K
60,Local-gov,195409,Masters,14,Married-civ-spouse,Prof-specialty,Husband,White,Male,15024,0,52,United-States,>50K
55,Private,116878,Doctorate,16,Married-civ-spouse,Prof-specialty,Husband,White,Male,15024,0,30,United-States,>50K
51,Private,261677,HS-grad,9,Married-civ-spouse,Other-service,Husband,White,Male,0,0,40,Cuba,>50K
46,Private,149507,Bachelors,13,Divorced,Prof-specialty,Not-in-family,White,Male,0,0,45,England,>50K
42,Private,320984,HS-grad,9,Divorced,Adm-clerical,Unmarried,White,Female,0,0,40,United-States,<=50K
34,Private,93213,Masters,14,Married-civ-spouse,Other-service,Husband,White,Male,0,0,30,United-States,<=50K
25,Private,193622,Some-college,10,Never-married,Prof-specialty,Unmarried,White,Female,0,0,60,United-States,<=50K
64,?,104756,Some-college,10,Widowed,?,Unmarried,White,Female,0,0,8,United-States,<=50K
22,State-gov,138105,Bachelors,13,Never-married,Prof-specialty,Not-in-family,White,Male,0,0,15,United-States,<=50K
21,Private,275395,Some-college,10,Never-married,Sales,Other-relative,White,Female,0,0,40,United-States,<=50K
18,Private,59287,HS-grad,9,Never-married,Priv-house-serv,Other-relative,White,Female,0,0,10,United-States,<=50K
39,Private,236769,Bachelors,13,Married-civ-spouse,Sales,Husband,White,Male,0,0,30,United-States,>50K
32,Private,178517,Assoc-acdm,12,Never-married,Sales,Not-in-family,Black,Female,0,0,46,Trinadad&Tobago,<=50K
43,Private,149943,Some-college,10,Married-civ-spouse,Prof-specialty,Husband,White,Male,0,0,40,United-States,>50K
26,Private,110103,HS-grad,9,Never-married,Other-service,Not-in-family,White,Female,0,1762,40,United-States,<=50K
32,Private,180039,Assoc-acdm,12,Never-married,Sales,Not-in-family,Black,Female,0,0,46,Trinadad&Tobago,<=50K
54,Private,185015,1st-4th,2,Separated,Priv-house-serv,Other-relative,White,Female,0,0,40,Mexico,<=50K
60,Self-emp-not-inc,166153,Some-college,10,Married-civ-spouse,Sales,Husband,White,Male,0,0,50,United-States,<=50K
51,State-gov,42017,Some-college,10,Divorced,Prof-specialty,Not-in-family,White,Female,0,0,40,United-States,<=50K
41,Private,69333,HS-grad,9,Married-civ-spouse,Craft-repair,Husband,White,Male,0,0,45,United-States,>50K
41,Private,109815,HS-grad,9,Never-married,Sales,Not-in-family,White,Female,0,0,40,United-States,<=50K
48,Private,85041,HS-grad,9,Married-civ-spouse,Craft-repair,Husband,White,Male,0,0,40,United-States,<=50K
20,Private,209547,Some-college,10,Never-married,Prof-specialty,Own-child,White,Male,0,0,25,United-States,<=50K
33,Local-gov,120508,Bachelors,13,Divorced,Protective-serv,Unmarried,White,Female,0,0,60,Germany,<=50K
29,Private,30731,Bachelors,13,Never-married,Craft-repair,Not-in-family,White,Male,0,0,40,United-States,<=50K
46,Self-emp-not-inc,225623,Bachelors,13,Separated,Other-service,Unmarried,White,Female,0,0,45,Nicaragua,<=50K
71,Private,93202,HS-grad,9,Divorced,Other-service,Not-in-family,White,Female,0,0,16,United-States,<=50K
51,Local-gov,168539,Bachelors,13,Married-civ-spouse,Exec-managerial,Husband,White,Male,0,0,50,United-States,>50K
46,Self-emp-inc,214627,Doctorate,16,Married-civ-spouse,Prof-specialty,Husband,White,Male,0,0,60,United-States,>50K
27,Private,82242,Bachelors,13,Never-married,Exec-managerial,Other-relative,White,Male,0,0,45,Germany,<=50K
21,Private,228649,HS-grad,9,Never-married,Craft-repair,Own-child,White,Male,0,0,40,United-States,<=50K
37,State-gov,472411,Bachelors,13,Never-married,Prof-specialty,Not-in-family,White,Male,0,0,38,United-States,<=50K
46,Private,160724,HS-grad,9,Married-civ-spouse,Craft-repair,Husband,White,Male,0,0,40,United-States,>50K
26,Self-emp-inc,189834,Bachelors,13,Married-civ-spouse,Sales,Husband,White,Male,0,0,80,United-States,>50K
30,Private,49249,Assoc-voc,11,Married-civ-spouse,Handlers-cleaners,Husband,White,Male,0,0,40,Mexico,<=50K
38,Private,453663,HS-grad,9,Married-civ-spouse,Craft-repair,Husband,White,Male,0,0,44,United-States,<=50K
19,Private,229335,Some-college,10,Never-married,Prof-specialty,Own-child,White,Male,0,0,11,United-States,<=50K
23,Private,391937,9th,5,Never-married,Farming-fishing,Unmarried,White,Male,0,0,70,United-States,<=50K
19,?,198362,Some-college,10,Never-married,?,Own-child,White,Male,0,0,60,United-States,<=50K
34,Private,210781,HS-grad,9,Separated,Adm-clerical,Unmarried,White,Female,7443,0,35,United-States,<=50K
32,Private,177675,HS-grad,9,Never-married,Craft-repair,Own-child,White,Male,0,0,40,United-States,<=50K
32,Private,52537,Some-college,10,Never-married,Tech-support,Not-in-family,Black,Male,0,0,38,United-States,<=50K
53,Private,108836,9th,5,Married-civ-spouse,Transport-moving,Husband,White,Male,0,0,40,United-States,<=50K
40,Private,200471,Bachelors,13,Separated,Sales,Not-in-family,White,Male,0,0,40,United-States,<=50K
47,Private,146497,Some-college,10,Separated,Adm-clerical,Unmarried,White,Female,0,0,16,Germany,<=50K
49,Private,187513,Some-college,10,Divorced,Adm-clerical,Unmarried,White,Female,0,0,40,United-States,<=50K
33,Private,216867,HS-grad,9,Married-civ-spouse,Sales,Husband,White,Male,0,0,20,United-States,<=50K
29,Federal-gov,197033,Bachelors,13,Never-married,Prof-specialty,Not-in-family,Black,Male,0,0,40,United-States,<=50K
20,Federal-gov,56630,Some-college,10,Never-married,Adm-clerical,Other-relative,White,Female,0,0,40,United-States,<=50K
39,Private,117381,Some-college,10,Divorced,Transport-moving,Not-in-family,White,Male,0,0,65,United-States,<=50K
23,Private,128700,Bachelors,13,Never-married,Prof-specialty,Not-in-family,White,Female,0,0,20,United-States,<=50K
28,Local-gov,304710,Assoc-acdm,12,Never-married,Adm-clerical,Not-in-family,White,Female,0,1980,40,United-States,<=50K
66,Private,33619,HS-grad,9,Married-civ-spouse,Other-service,Husband,Black,Male,0,0,4,United-States,<=50K
46,Private,172962,11th,7,Widowed,Other-service,Not-in-family,White,Female,0,0,27,El-Salvador,<=50K
22,Private,304710,Bachelors,13,Never-married,Adm-clerical,Not-in-family,Asian-Pac-Islander,Female,0,0,10,Vietnam,<=50K
33,Private,149943,HS-grad,9,Married-civ-spouse,Sales,Husband,White,Male,0,0,40,United-States,>50K
34,Private,110622,Masters,14,Divorced,Exec-managerial,Other-relative,Asian-Pac-Islander,Female,0,0,40,South,<=50K
45,Local-gov,213921,Bachelors,13,Divorced,Prof-specialty,Not-in-family,White,Female,0,0,50,United-States,>50K
37,Private,221532,HS-grad,9,Never-married,Other-service,Own-child,Amer-Indian-Eskimo,Male,0,0,18,United-States,<=50K
28,Self-emp-not-inc,141702,HS-grad,9,Never-married,Sales,Not-in-family,White,Male,0,0,60,United-States,<=50K
48,Private,189277,Some-college,10,Divorced,Handlers-cleaners,Own-child,White,Male,2176,0,40,United-States,<=50K
38,Private,210498,HS-grad,9,Married-civ-spouse,Craft-repair,Husband,White,Male,0,0,40,United-States,>50K
56,Self-emp-inc,217235,12th,8,Married-civ-spouse,Exec-managerial,Husband,White,Male,0,1651,40,United-States,<=50K
49,Private,344804,12th,8,Married-civ-spouse,Craft-repair,Husband,White,Male,0,0,40,United-States,>50K
36,Private,171351,9th,5,Married-civ-spouse,Handlers-cleaners,Husband,White,Male,0,0,40,United-States,<=50K
23,Private,180039,Bachelors,13,Never-married,Machine-op-inspct,Own-child,White,Male,0,0,50,United-States,<=50K
22,Private,220269,Bachelors,13,Never-married,Adm-clerical,Own-child,White,Male,0,0,40,United-States,<=50K
35,Private,175643,Assoc-voc,11,Divorced,Prof-specialty,Unmarried,White,Female,0,0,40,United-States,>50K
34,Private,110622,Masters,14,Divorced,Exec-managerial,Other-relative,Asian-Pac-Islander,Female,0,0,40,South,<=50K
28,Private,122215,Some-college,10,Never-married,Tech-support,Not-in-family,White,Female,4865,0,40,United-States,<=50K
24,Private,188274,Assoc-acdm,12,Never-married,Prof-specialty,Own-child,White,Male,0,0,40,United-States,<=50K
37,Private,256362,HS-grad,9,Married-civ-spouse,Transport-moving,Husband,White,Male,0,0,40,United-States,<=50K
47,Private,343579,1st-4th,2,Married-spouse-absent,Farming-fishing,Not-in-family,White,Male,0,0,12,Mexico,<=50K
42,Private,246367,HS-grad,9,Married-civ-spouse,Sales,Husband,White,Male,0,0,50,United-States,<=50K
50,Private,216867,HS-grad,9,Married-civ-spouse,Craft-repair,Husband,White,Male,0,0,40,United-States,>50K
31,Private,111891,Bachelors,13,Married-civ-spouse,Exec-managerial,Husband,White,Male,0,0,70,United-States,>50K
48,Private,85341,HS-grad,9,Married-civ-spouse,Craft-repair,Husband,White,Male,0,0,40,United-States,<=50K
31,Private,1033222,Bachelors,13,Never-married,Adm-clerical,Not-in-family,White,Male,8614,0,40,United-States,>50K
35,Private,232577,11th,7,Separated,Other-service,Unmarried,White,Male,0,0,20,United-States,<=50K
46,Private,36943,Prof-school,15,Married-civ-spouse,Prof-specialty,Husband,White,Male,99999,0,60,United-States,>50K
25,Private,238481,Some-college,10,Married-civ-spouse,Craft-repair,Husband,White,Male,0,0,60,United-States,>50K
44,Private,45093,HS-grad,9,Married-civ-spouse,Farming-fishing,Husband,White,Male,0,0,70,United-States,<=50K
