age,workclass,fnlwgt,education,education-num,marital-status,occupation,relationship,race,sex,capital-gain,capital-loss,hours-per-week,native-country,income
49,Local-gov,37028,Assoc-voc,11,Married-civ-spouse,Protective-serv,Husband,White,Male,0,0,56,United-States,>50K
39,Private,191814,HS-grad,9,Married-civ-spouse,Transport-moving,Husband,White,Male,0,0,56,United-States,<=50K
27,Private,213225,HS-grad,9,Married-civ-spouse,Craft-repair,Husband,White,Male,0,0,40,United-States,<=50K
39,State-gov,318036,Bachelors,13,Married-civ-spouse,Exec-managerial,Husband,White,Male,0,0,40,United-States,<=50K
49,Private,146679,Assoc-voc,11,Married-civ-spouse,Machine-op-inspct,Wife,White,Female,0,0,40,Peru,<=50K
39,Private,238255,HS-grad,9,Divorced,Adm-clerical,Unmarried,White,Female,0,0,40,United-States,<=50K
48,Private,355686,Bachelors,13,Married-civ-spouse,Prof-specialty,Husband,White,Male,0,0,45,Canada,>50K
39,Private,139057,Prof-school,15,Married-civ-spouse,Prof-specialty,Husband,Asian-Pac-Islander,Male,0,0,38,India,<=50K
49,Local-gov,327406,Some-college,10,Married-civ-spouse,Protective-serv,Husband,White,Male,0,0,44,United-States,>50K
30,Private,26543,Bachelors,13,Divorced,Other-service,Not-in-family,White,Male,0,0,40,United-States,<=50K
38,Private,271282,HS-grad,9,Married-civ-spouse,Farming-fishing,Husband,White,Male,0,0,43,United-States,<=50K
17,Private,281219,9th,5,Never-married,Other-service,Own-child,White,Male,0,0,16,United-States,<=50K
19,Private,219867,HS-grad,9,Never-married,Adm-clerical,Other-relative,White,Female,0,0,35,United-States,<=50K
36,Federal-gov,67433,HS-grad,9,Married-civ-spouse,Adm-clerical,Husband,White,Male,0,0,40,United-States,<=50K
22,?,283613,HS-grad,9,Never-married,?,Unmarried,Black,Male,0,0,45,United-States,<=50K
46,Federal-gov,55237,Some-college,10,Divorced,Machine-op-inspct,Unmarried,White,Male,0,0,40,United-States,<=50K
29,Private,182643,Assoc-voc,11,Married-civ-spouse,Machine-op-inspct,Husband,White,Male,0,0,40,United-States,<=50K
46,Federal-gov,55237,Some-college,10,Divorced,Machine-op-inspct,Unmarried,White,Male,0,0,40,United-States,<=50K
52,Private,93127,11th,7,Married-civ-spouse,Other-service,Husband,White,Male,0,0,32,United-States,<=50K
39,Self-emp-not-inc,140752,HS-grad,9,Married-civ-spouse,Sales,Husband,White,Male,0,0,50,United-States,>50K
34,Private,110622,Bachelors,13,Never-married,Exec-managerial,Not-in-family,Asian-Pac-Islander,Female,0,0,40,Philippines,<=50K
37,Private,220993,HS-grad,9,Never-married,Other-service,Own-child,Amer-Indian-Eskimo,Male,0,0,18,United-States,<=50K
47,State-gov,187802,Assoc-voc,11,Married-civ-spouse,Tech-support,Husband,White,Male,0,0,48,United-States,>50K
25,Local-gov,45487,Bachelors,13,Married-civ-spouse,Prof-specialty,Husband,White,Male,0,0,60,United-States,<=50K
17,?,145258,11th,7,Never-married,?,Other-relative,White,Female,0,0,25,United-States,<=50K
31,Private,20109,Bachelors,13,Married-civ-spouse,Sales,Husband,White,Male,0,1902,45,United-States,>50K
34,Self-emp-not-inc,245310,HS-grad,9,Married-civ-spouse,Farming-fishing,Husband,White,Male,0,0,45,United-States,<=50K
42,Private,245873,HS-grad,9,Married-civ-spouse,Sales,Husband,White,Male,0,0,50,United-States,<=50K
46,Private,187370,HS-grad,9,Divorced,Craft-repair,Other-relative,White,Male,0,0,48,United-States,>50K
25,Private,136277,Bachelors,13,Never-married,Adm-clerical,Own-child,Black,Female,0,0,40,United-States,<=50K
53,Federal-gov,117847,Assoc-acdm,12,Married-civ-spouse,Adm-clerical,Husband,White,Male,0,0,40,United-States,<=50K
50,Local-gov,364986,Some-college,10,Widowed,Adm-clerical,Unmarried,White,Female,0,0,40,United-States,<=50K
30,Private,26543,Bachelors,13,Divorced,Other-service,Not-in-family,White,Male,0,0,40,United-States,<=50K
30,Private,109117,Assoc-voc,11,Never-married,Handlers-cleaners,Own-child,White,Male,0,0,45,United-States,<=50K
18,Private,51789,Some-college,10,Never-married,Other-service,Own-child,White,Male,0,0,8,United-States,<=50K
19,Private,134252,HS-grad,9,Never-married,Other-service,Own-child,White,Male,0,0,35,United-States,<=50K
21,Private,64112,HS-grad,9,Never-married,Machine-op-inspct,Own-child,White,Male,0,0,40,United-States,<=50K
51,Private,282609,HS-grad,9,Married-civ-spouse,Machine-op-inspct,Husband,Black,Male,3137,0,40,United-States,<=50K
29,Self-emp-not-inc,75435,Some-college,10,Married-civ-spouse,Prof-specialty,Husband,Amer-Indian-Eskimo,Male,0,0,40,United-States,<=50K
37,Private,77820,Bachelors,13,Married-civ-spouse,Exec-managerial,Husband,White,Male,0,0,50,United-States,>50K
27,Private,214627,HS-grad,9,Married-civ-spouse,Craft-repair,Husband,White,Male,0,0,40,United-States,<=50K
45,Self-emp-inc,120939,Prof-school,15,Never-married,Craft-repair,Not-in-family,White,Male,0,0,50,United-States,>50K
29,Private,273569,HS-grad,9,Married-civ-spouse,Adm-clerical,Husband,White,Male,0,0,30,Mexico,<=50K
42,Private,66095,Some-college,10,Divorced,Machine-op-inspct,Not-in-family,White,Female,0,0,40,United-States,<=50K
50,Private,317625,Assoc-acdm,12,Divorced,Sales,Not-in-family,White,Female,0,0,40,United-States,<=50K
35,Local-gov,116960,Masters,14,Married-civ-spouse,Prof-specialty,Husband,White,Male,0,1887,40,United-States,>50K
39,State-gov,318918,Bachelors,13,Married-civ-spouse,Exec-managerial,Husband,White,Male,0,0,40,United-States,<=50K
38,Private,297188,HS-grad,9,Married-civ-spouse,Transport-moving,Husband,Asian-Pac-Islander,Male,0,0,40,China,<=50K
43,Private,154205,Assoc-acdm,12,Divorced,Craft-repair,Not-in-family,White,Male,0,0,40,United-States,<=50K
51,Private,306538,Assoc-voc,11,Married-civ-spouse,Craft-repair,Husband,White,Male,0,0,40,Canada,>50K
32,Private,184806,Bachelors,13,Married-civ-spouse,Craft-repair,Husband,White,Male,0,0,55,United-States,>50K
53,Local-gov,204751,HS-grad,9,Married-civ-spouse,Exec-managerial,Husband,White,Male,0,0,60,United-States,<=50K
36,State-gov,243240,HS-grad,9,Divorced,Adm-clerical,Own-child,Black,Female,0,0,40,United-States,<=50K
30,Private,166740,HS-grad,9,Never-married,Sales,Unmarried,White,Female,0,0,35,Mexico,<=50K
36,Self-emp-not-inc,40856,Prof-school,15,Married-civ-spouse,Prof-specialty,Husband,White,Male,0,0,60,United-States,>50K
38,Federal-gov,236696,HS-grad,9,Married-civ-spouse,Craft-repair,Husband,White,Male,0,0,40,United-States,<=50K
42,Private,169995,Some-college,10,Married-civ-spouse,Prof-specialty,Husband,White,Male,0,0,45,United-States,<=50K
17,?,145714,11th,7,Never-married,?,Other-relative,White,Female,0,0,25,United-States,<=50K
39,Self-emp-not-inc,83242,Some-college,10,Married-civ-spouse,Farming-fishing,Husband,White,Male,0,0,60,United-States,<=50K
51,Private,245317,Some-college,10,Married-civ-spouse,Adm-clerical,Wife,White,Female,0,0,40,United-States,<=50K
40,Private,181372,Some-college,10,Married-civ-spouse,Other-service,Wife,White,Female,0,0,40,Scotland,<=50K
30,State-gov,714597,Some-college,10,Never-married,Protective-serv,Not-in-family,Black,Male,0,0,45,United-States,<=50K
29,Private,82242,Prof-school,15,Never-married,Prof-specialty,Unmarried,White,Male,27828,0,45,Germany,>50K
39,Private,132717,Doctorate,16,Married-civ-spouse,Exec-managerial,Husband,White,Male,0,0,42,United-States,>50K
29,Private,131088,HS-grad,9,Never-married,Handlers-cleaners,Own-child,White,Male,0,0,25,United-States,<=50K
34,Self-emp-not-inc,247321,HS-grad,9,Married-civ-spouse,Farming-fishing,Husband,White,Male,0,0,45,United-States,<=50K
46,Private,116952,7th-8th,4,Married-civ-spouse,Prof-specialty,Wife,White,Female,0,0,45,United-States,<=50K
38,Private,117012,HS-grad,9,Married-civ-spouse,Machine-op-inspct,Husband,White,Male,0,0,65,United-States,>50K
28,Private,496526,HS-grad,9,Never-married,Adm-clerical,Not-in-family,White,Female,0,0,40,United-States,<=50K
50,Private,303588,Bachelors,13,Married-civ-spouse,Prof-specialty,Husband,White,Male,0,0,40,United-States,<=50K
22,Private,73091,Some-college,10,Never-married,Other-service,Own-child,Asian-Pac-Islander,Male,0,0,24,United-States,<=50K
32,Private,203674,Assoc-acdm,12,Divorced,Prof-specialty,Unmarried,White,Female,0,880,36,United-States,<=50K
23,Private,387116,9th,5,Never-married,Farming-fishing,Unmarried,White,Male,0,0,70,United-States,<=50K
28,Private,408427,HS-grad,9,Married-civ-spouse,Adm-clerical,Husband,Black,Male,0,0,40,United-States,<=50K
31,Private,221533,Prof-school,15,Divorced,Tech-support,Not-in-family,White,Female,0,0,35,United-States,<=50K
59,Self-emp-inc,171748,Masters,14,Divorced,Prof-specialty,Unmarried,White,Male,0,0,55,United-States,<=50K
32,Private,204751,Assoc-acdm,12,Divorced,Prof-specialty,Unmarried,White,Female,0,880,36,United-States,<=50K
32,Private,226500,HS-grad,9,Married-civ-spouse,Craft-repair,Husband,White,Male,0,0,40,United-States,>50K
29,Private,188729,HS-grad,9,Divorced,Farming-fishing,Not-in-family,White,Male,0,0,40,United-States,<=50K
20,Private,315776,HS-grad,9,Never-married,Other-service,Not-in-family,White,Male,0,0,40,United-States,<=50K
35,Private,240810,Bachelors,13,Married-civ-spouse,Exec-managerial,Husband,White,Male,7688,0,40,United-States,>50K
22,Private,220220,Bachelors,13,Never-married,Adm-clerical,Own-child,White,Male,0,0,40,United-States,<=50K
34,Local-gov,198953,Some-college,10,Divorced,Protective-serv,Unmarried,Black,Female,0,0,40,United-States,<=50K
46,Private,170983,Bachelors,13,Divorced,Machine-op-inspct,Not-in-family,White,Male,0,1590,40,?,<=50K
22,Private,287831,Bachelors,13,Never-married,Exec-managerial,Own-child,White,Male,0,0,45,United-States,<=50K
31,Private,181372,HS-grad,9,Divorced,Adm-clerical,Unmarried,White,Female,0,0,35,United-States,<=50K
51,Private,249449,Bachelors,13,Married-civ-spouse,Exec-managerial,Husband,White,Male,0,0,55,United-States,>50K
26,Private,45834,Some-college,10,Never-married,Adm-clerical,Own-child,White,Male,2407,0,40,United-States,<=50K
62,?,83439,7th-8th,4,Married-civ-spouse,?,Husband,White,Male,0,0,40,United-States,<=50K
23,Private,30687,Masters,14,Never-married,Other-service,Not-in-family,White,Female,0,0,10,United-States,<=50K
20,Private,356838,9th,5,Never-married,Machine-op-inspct,Unmarried,White,Female,0,0,40,United-States,<=50K
37,Private,180280,Bachelors,13,Never-married,Sales,Not-in-family,White,Male,0,0,45,United-States,<=50K
22,?,99543,Some-college,10,Never-married,?,Own-child,White,Male,0,0,20,United-States,<=50K
29,Private,187802,HS-grad,9,Divorced,Farming-fishing,Not-in-family,White,Male,0,0,40,United-States,<=50K
43,Federal-gov,145258,Bachelors,13,Married-civ-spouse,Adm-clerical,Husband,White,Male,0,0,42,United-States,>50K
25,Private,136277,Bachelors,13,Never-married,Adm-clerical,Own-child,Black,Female,0,0,40,United-States,<=50K
21,Private,215014,11th,7,Never-married,Handlers-cleaners,Own-child,White,Male,0,0,40,United-States,<=50K
50,Private,92079,Some-college,10,Married-civ-spouse,Tech-support,Husband,White,Male,0,0,45,United-States,>50K
35,Private,102976,HS-grad,9,Divorced,Exec-managerial,Not-in-family,White,Male,0,0,50,United-States,<=50K
43,Private,137814,Some-college,10,Married-civ-spouse,Exec-managerial,Husband,White,Male,0,0,40,United-States,>50K
41,Private,125491,Some-college,10,Divorced,Craft-repair,Not-in-family,White,Male,0,0,40,United-States,>50K
22,Private,160916,Some-college,10,Never-married,Sales,Other-relative,White,Male,0,0,38,United-States,<=50K
27,Private,175262,Bachelors,13,Never-married,Adm-clerical,Not-in-family,White,Female,0,0,40,United-States,<=50K
33,Private,110978,Some-college,10,Divorced,Craft-repair,Other-relative,Other,Female,0,0,40,United-States,<=50K
31,Private,196791,Prof-school,15,Divorced,Prof-specialty,Not-in-family,White,Female,0,0,45,United-States,>50K
36,Private,61778,Some-college,10,Married-civ-spouse,Craft-repair,Husband,White,Male,0,0,60,United-States,>50K
25,Private,109117,HS-grad,9,Never-married,Adm-clerical,Own-child,White,Female,0,0,40,United-States,<=50K
40,Self-emp-inc,102226,HS-grad,9,Married-civ-spouse,Exec-managerial,Husband,White,Male,0,0,40,United-States,<=50K
41,Private,106159,HS-grad,9,Never-married,Machine-op-inspct,Own-child,White,Male,13550,0,48,United-States,>50K
28,Private,307294,12th,8,Never-married,Prof-specialty,Unmarried,White,Female,0,0,40,United-States,<=50K
42,Private,44780,Bachelors,13,Married-civ-spouse,Sales,Husband,White,Male,0,0,60,United-States,<=50K
49,Private,313321,7th-8th,4,Married-civ-spouse,Craft-repair,Husband,White,Male,0,0,40,United-States,<=50K
18,Local-gov,243240,Some-college,10,Never-married,Other-service,Own-child,White,Male,0,0,15,United-States,<=50K
47,Private,149507,HS-grad,9,Married-civ-spouse,Transport-moving,Husband,White,Male,0,0,60,United-States,<=50K
28,Federal-gov,366425,Some-college,10,Never-married,Adm-clerical,Not-in-family,White,Female,0,0,40,United-States,<=50K
30,Private,176486,Assoc-voc,11,Divorced,Adm-clerical,Unmarried,White,Female,0,0,24,United-States,<=50K
19,Private,143774,Some-college,10,Never-married,Adm-clerical,Own-child,White,Male,0,0,18,United-States,<=50K
41,Private,34965,HS-grad,9,Divorced,Machine-op-inspct,Not-in-family,White,Male,0,0,40,United-States,<=50K
23,Private,131620,Some-college,10,Never-married,Adm-clerical,Not-in-family,White,Female,0,0,40,United-States,<=50K
30,Private,113176,Some-college,10,Never-married,Other-service,Not-in-family,White,Male,0,0,24,United-States,<=50K
24,Private,461678,Some-college,10,Married-civ-spouse,Farming-fishing,Husband,White,Male,0,0,50,United-States,>50K
46,Private,75435,HS-grad,9,Married-civ-spouse,Priv-house-serv,Wife,White,Female,0,0,40,United-States,<=50K
23,Private,175710,11th,7,Never-married,Farming-fishing,Other-relative,White,Female,0,0,40,Puerto-Rico,<=50K
18,Self-emp-not-inc,132879,HS-grad,9,Never-married,Farming-fishing,Own-child,White,Male,0,0,40,United-States,<=50K
54,Private,143774,Some-college,10,Married-civ-spouse,Sales,Wife,White,Female,0,0,40,United-States,>50K
41,Local-gov,267790,Some-college,10,Divorced,Exec-managerial,Not-in-family,White,Female,0,0,40,United-States,<=50K
42,Private,212944,Some-college,10,Married-civ-spouse,Sales,Husband,White,Male,0,0,60,United-States,>50K
45,Self-emp-inc,139268,HS-grad,9,Married-civ-spouse,Sales,Husband,White,Male,0,0,50,United-States,>50K
45,Private,72393,HS-grad,9,Never-married,Sales,Own-child,White,Female,0,0,35,United-States,<=50K
30,Private,122194,Bachelors,13,Married-civ-spouse,Farming-fishing,Husband,White,Male,0,0,40,United-States,<=50K
23,Private,132704,Some-college,10,Never-married,Adm-clerical,Not-in-family,White,Female,0,0,40,United-States,<=50K
26,Private,488720,Some-college,10,Never-married,Exec-managerial,Not-in-family,White,Female,0,0,40,United-States,<=50K
26,Private,171114,Some-college,10,Never-married,Farming-fishing,Not-in-family,White,Female,0,0,38,United-States,<=50K
46,Private,402848,HS-grad,9,Married-civ-spouse,Craft-repair,Husband,Black,Male,0,1902,40,United-States,>50K
49,Private,340880,Masters,14,Married-civ-spouse,Sales,Husband,White,Male,0,0,40,United-States,>50K
20,Private,104164,HS-grad,9,Never-married,Handlers-cleaners,Own-child,White,Male,0,0,40,United-States,<=50K
30,Private,169104,Assoc-acdm,12,Never-married,Other-service,Other-relative,Asian-Pac-Islander,Male,0,0,40,Vietnam,<=50K
17,Private,79662,10th,6,Never-married,Priv-house-serv,Other-relative,White,Male,0,0,30,United-States,<=50K
40,Local-gov,232220,HS-grad,9,Never-married,Adm-clerical,Unmarried,Black,Female,0,0,35,United-States,<=50K
36,Private,361493,Assoc-voc,11,Separated,Adm-clerical,Unmarried,Black,Female,0,0,40,United-States,<=50K
22,State-gov,119838,Some-college,10,Never-married,Other-service,Own-child,White,Male,0,0,10,United-States,<=50K
39,Private,35890,Assoc-acdm,12,Married-civ-spouse,Machine-op-inspct,Husband,White,Male,0,0,40,United-States,<=50K
37,State-gov,59200,HS-grad,9,Never-married,Adm-clerical,Other-relative,White,Female,0,0,40,United-States,<=50K
49,Self-emp-not-inc,111243,Bachelors,13,Married-civ-spouse,Craft-repair,Husband,White,Male,0,0,50,United-States,>50K
21,?,105312,HS-grad,9,Never-married,?,Not-in-family,White,Female,0,0,20,United-States,<=50K
27,Private,216145,HS-grad,9,Married-civ-spouse,Craft-repair,Husband,White,Male,0,0,40,United-States,<=50K
51,Local-gov,206139,Masters,14,Married-civ-spouse,Prof-specialty,Wife,White,Female,0,0,32,United-States,>50K
28,Local-gov,175109,Assoc-acdm,12,Married-civ-spouse,Protective-serv,Husband,White,Male,0,2002,40,England,<=50K
22,Private,73091,Some-college,10,Never-married,Other-service,Own-child,Asian-Pac-Islander,Male,0,0,24,United-States,<=50K
34,Private,301251,Bachelors,13,Married-civ-spouse,Sales,Husband,White,Male,0,0,50,United-States,>50K
18,?,172695,Some-college,10,Never-married,?,Own-child,Black,Female,0,0,24,United-States,<=50K
47,Self-emp-inc,77660,Some-college,10,Married-civ-spouse,Exec-managerial,Husband,White,Male,14344,0,50,United-States,>50K
27,Private,254935,Some-college,10,Divorced,Adm-clerical,Unmarried,Black,Female,0,0,36,United-States,<=50K
35,Private,95551,HS-grad,9,Separated,Exec-managerial,Not-in-family,White,Female,0,0,36,United-States,<=50K
34,Private,42596,Some-college,10,Married-civ-spouse,Exec-managerial,Husband,White,Male,0,0,45,United-States,<=50K
63,Private,102412,HS-grad,9,Divorced,Sales,Not-in-family,White,Female,0,0,40,United-States,<=50K
47,Private,168337,HS-grad,9,Married-civ-spouse,Machine-op-inspct,Husband,White,Male,0,0,48,United-States,>50K
25,Private,350181,Some-college,10,Never-married,Sales,Other-relative,White,Male,0,0,40,United-States,<=50K
55,Private,84774,HS-grad,9,Married-civ-spouse,Priv-house-serv,Wife,White,Female,0,0,30,United-States,<=50K
34,Local-gov,199251,Some-college,10,Divorced,Protective-serv,Unmarried,Black,Female,0,0,40,United-States,<=50K
51,Private,106728,Bachelors,13,Married-civ-spouse,Exec-managerial,Husband,White,Male,5178,0,60,United-States,>50K
43,Private,110798,Bachelors,13,Married-civ-spouse,Prof-specialty,Husband,White,Male,0,1902,40,United-States,>50K
75,?,114204,Some-college,10,Married-civ-spouse,?,Husband,White,Male,0,0,13,United-States,<=50K
40,Private,198660,Prof-school,15,Married-civ-spouse,Prof-specialty,Wife,White,Female,15024,0,30,United-States,>50K
71,State-gov,210673,HS-grad,9,Married-civ-spouse,Protective-serv,Husband,White,Male,0,0,28,United-States,<=50K
50,State-gov,247321,HS-grad,9,Married-civ-spouse,Handlers-cleaners,Husband,White,Male,0,0,40,United-States,<=50K
37,Private,77820,Bachelors,13,Married-civ-spouse,Exec-managerial,Husband,White,Male,0,0,50,United-States,>50K
56,Private,193746,HS-grad,9,Separated,Craft-repair,Unmarried,White,Male,0,0,40,United-States,<=50K
17,Private,37792,11th,7,Never-married,Handlers-cleaners,Own-child,White,Male,0,0,30,United-States,<=50K
38,Federal-gov,236543,HS-grad,9,Married-civ-spouse,Craft-repair,Husband,White,Male,0,0,40,United-States,<=50K
22,State-gov,119838,Some-college,10,Never-married,Other-service,Own-child,White,Male,0,0,10,United-States,<=50K
37,Private,199251,Some-college,10,Married-civ-spouse,Other-service,Wife,White,Female,0,0,40,United-States,<=50K
39,Self-emp-not-inc,139347,HS-grad,9,Married-civ-spouse,Sales,Husband,White,Male,0,0,50,United-States,>50K
37,Self-emp-not-inc,421065,Some-college,10,Married-civ-spouse,Farming-fishing,Husband,White,Male,0,0,84,United-States,<=50K
20,Private,104068,HS-grad,9,Never-married,Handlers-cleaners,Own-child,White,Male,0,0,40,United-States,<=50K
26,Private,347890,Some-college,10,Divorced,Adm-clerical,Not-in-family,White,Female,0,0,40,United-States,<=50K
42,Private,323790,Assoc-acdm,12,Married-civ-spouse,Adm-clerical,Husband,White,Male,7688,0,42,United-States,>50K
47,Self-emp-not-inc,109421,Bachelors,13,Married-civ-spouse,Exec-managerial,Husband,White,Male,0,0,50,United-States,<=50K
28,Private,66095,HS-grad,9,Married-civ-spouse,Sales,Husband,White,Male,0,0,40,United-States,<=50K
71,State-gov,100063,HS-grad,9,Married-civ-spouse,Craft-repair,Husband,Black,Male,0,0,40,United-States,<=50K
35,Private,161463,Assoc-voc,11,Divorced,Adm-clerical,Not-in-family,White,Female,6849,0,40,United-States,<=50K
35,Private,67083,HS-grad,9,Married-civ-spouse,Other-service,Husband,Asian-Pac-Islander,Male,0,0,40,China,<=50K
18,Private,29488,HS-grad,9,Never-married,Other-service,Own-child,White,Female,0,0,20,United-States,<=50K
45,Private,154538,Some-college,10,Married-civ-spouse,Adm-clerical,Husband,Black,Male,0,0,40,United-States,>50K
32,Private,154087,HS-grad,9,Married-civ-spouse,Exec-managerial,Husband,White,Male,0,0,40,United-States,<=50K
55,Private,110748,Bachelors,13,Married-civ-spouse,Exec-managerial,Husband,White,Male,0,1887,40,United-States,>50K
25,Local-gov,45474,Bachelors,13,Married-civ-spouse,Prof-specialty,Husband,White,Male,0,0,60,United-States,<=50K
31,Private,153682,Assoc-acdm,12,Never-married,Craft-repair,Own-child,Other,Male,0,0,50,United-States,<=50K
52,Self-emp-inc,135102,HS-grad,9,Married-civ-spouse,Exec-managerial,Husband,White,Male,0,0,40,United-States,>50K
28,Private,206351,Some-college,10,Married-civ-spouse,Sales,Husband,White,Male,0,0,40,United-States,<=50K
44,Private,231347,Assoc-acdm,12,Widowed,Adm-clerical,Unmarried,White,Female,0,0,40,United-States,<=50K
47,Self-emp-inc,101926,Bachelors,13,Divorced,Exec-managerial,Not-in-family,White,Male,0,0,70,United-States,>50K
45,Private,72618,Assoc-voc,11,Divorced,Exec-managerial,Not-in-family,White,Male,0,0,60,United-States,<=50K
40,Self-emp-inc,141545,Bachelors,13,Married-civ-spouse,Exec-managerial,Wife,White,Female,0,0,55,United-States,>50K
62,Local-gov,136787,HS-grad,9,Divorced,Transport-moving,Other-relative,White,Male,0,0,40,United-States,<=50K
56,Private,75785,HS-grad,9,Married-civ-spouse,Exec-managerial,Husband,White,Male,0,0,40,United-States,>50K
69,Private,229335,Bachelors,13,Widowed,Prof-specialty,Not-in-family,White,Male,0,2282,40,United-States,>50K
26,Private,226894,11th,7,Divorced,Handlers-cleaners,Not-in-family,White,Male,0,0,40,United-States,<=50K
19,Private,68552,HS-grad,9,Never-married,Handlers-cleaners,Own-child,White,Male,0,0,30,United-States,<=50K
50,Private,112776,Bachelors,13,Married-civ-spouse,Sales,Husband,White,Male,0,0,40,United-States,<=50K
47,Private,148429,HS-grad,9,Married-civ-spouse,Machine-op-inspct,Wife,White,Female,0,0,40,Columbia,<=50K
64,Local-gov,78954,HS-grad,9,Divorced,Adm-clerical,Not-in-family,White,Female,0,0,40,United-States,<=50K
56,Local-gov,276709,Bachelors,13,Married-civ-spouse,Protective-serv,Husband,White,Male,0,0,40,United-States,>50K
50,Private,193622,HS-grad,9,Married-civ-spouse,Exec-managerial,Husband,White,Male,0,0,60,United-States,<=50K
42,Private,169435,Some-college,10,Married-civ-spouse,Prof-specialty,Husband,White,Male,0,0,45,United-States,<=50K
31,Private,47151,HS-grad,9,Never-married,Other-service,Not-in-family,White,Female,0,0,56,United-States,<=50K
18,Private,301251,HS-grad,9,Never-married,Sales,Not-in-family,White,Female,0,0,20,United-States,<=50K
23,Private,132053,Some-college,10,Never-married,Adm-clerical,Not-in-family,White,Female,0,0,40,United-States,<=50K
47,Private,206139,HS-grad,9,Married-civ-spouse,Craft-repair,Husband,White,Male,0,0,56,United-States,>50K
34,Private,209768,Some-college,10,Married-civ-spouse,Adm-clerical,Husband,White,Male,0,0,40,United-States,>50K
40,Federal-gov,77332,Some-college,10,Divorced,Adm-clerical,Not-in-family,White,Female,0,0,50,United-States,<=50K
25,Private,40915,Bachelors,13,Never-married,Prof-specialty,Not-in-family,White,Female,0,0,40,United-States,<=50K
42,Private,66118,Some-college,10,Divorced,Machine-op-inspct,Not-in-family,White,Female,0,0,40,United-States,<=50K
27,Private,93206,Some-college,10,Never-married,Handlers-cleaners,Own-child,Asian-Pac-Islander,Male,0,0,40,United-States,<=50K
23,State-gov,186634,Bachelors,13,Never-married,Adm-clerical,Not-in-family,White,Male,0,0,16,United-States,<=50K
23,Private,126540,Some-college,10,Never-married,Other-service,Not-in-family,Asian-Pac-Islander,Female,0,0,35,Vietnam,<=50K
41,Private,254148,Assoc-voc,11,Never-married,Prof-specialty,Not-in-family,White,Female,0,0,60,United-States,<=50K
32,Private,102986,5th-6th,3,Married-civ-spouse,Machine-op-inspct,Wife,Asian-Pac-Islander,Female,0,0,40,Laos,>50K
52,Private,104501,12th,8,Married-civ-spouse,Exec-managerial,Husband,White,Male,0,0,60,United-States,>50K
21,Private,201520,Assoc-acdm,12,Never-married,Adm-clerical,Not-in-family,White,Female,0,0,10,United-States,<=50K
31,Self-emp-not-inc,340880,Bachelors,13,Married-civ-spouse,Sales,Husband,White,Male,0,0,48,United-States,<=50K
66,Self-emp-not-inc,34218,HS-grad,9,Married-civ-spouse,Transport-moving,Husband,White,Male,0,0,50,United-States,>50K
53,Self-emp-not-inc,261677,7th-8th,4,Married-civ-spouse,Machine-op-inspct,Husband,White,Male,0,0,40,United-States,<=50K
26,Private,191935,Some-college,10,Married-civ-spouse,Exec-managerial,Wife,White,Female,0,0,25,United-States,<=50K
47,Private,104068,HS-grad,9,Divorced,Prof-specialty,Unmarried,Amer-Indian-Eskimo,Female,0,0,40,United-States,<=50K
26,Local-gov,33619,Bachelors,13,Married-civ-spouse,Prof-specialty,Husband,White,Male,0,0,28,El-Salvador,<=50K
35,Private,340260,HS-grad,9,Divorced,Craft-repair,Unmarried,White,Female,0,0,48,United-States,<=50K
52,Private,202956,7th-8th,4,Married-civ-spouse,Craft-repair,Husband,White,Male,0,0,40,United-States,<=50K
55,Self-emp-inc,79682,HS-grad,9,Married-civ-spouse,Transport-moving,Husband,White,Male,0,0,60,United-States,<=50K
41,Private,254148,Assoc-voc,11,Never-married,Prof-specialty,Not-in-family,White,Female,0,0,60,United-States,<=50K
39,Private,190466,HS-grad,9,Divorced,Craft-repair,Own-child,White,Male,2174,0,40,United-States,<=50K
51,Private,249449,Bachelors,13,Married-civ-spouse,Exec-managerial,Husband,White,Male,0,0,55,United-States,>50K
24,Private,201865,Some-college,10,Never-married,Adm-clerical,Own-child,Black,Female,0,0,40,United-States,<=50K
49,Self-emp-not-inc,219867,Bachelors,13,Married-civ-spouse,Sales,Husband,White,Male,15024,0,40,United-States,>50K
44,Private,173584,Some-college,10,Married-civ-spouse,Transport-moving,Husband,White,Male,0,0,40,United-States,<=50K
49,Private,186634,Masters,14,Married-civ-spouse,Exec-managerial,Husband,White,Male,15024,0,50,United-States,>50K
47,State-gov,189834,HS-grad,9,Married-civ-spouse,Other-service,Husband,White,Male,0,0,40,United-States,<=50K
30,Private,113129,Some-college,10,Never-married,Other-service,Not-in-family,White,Male,0,0,24,United-States,<=50K
36,Private,136787,Bachelors,13,Married-civ-spouse,Craft-repair,Husband,White,Male,0,0,48,United-States,>50K
25,Private,47039,10th,6,Married-civ-spouse,Other-service,Wife,White,Female,0,0,40,United-States,<=50K
47,State-gov,189462,HS-grad,9,Married-civ-spouse,Other-service,Husband,White,Male,0,0,40,United-States,<=50K
45,Private,72618,Assoc-voc,11,Divorced,Exec-managerial,Not-in-family,White,Male,0,0,60,United-States,<=50K
19,Private,247321,12th,8,Married-spouse-absent,Other-service,Own-child,Other,Female,0,0,20,United-States,<=50K
51,Private,33619,HS-grad,9,Married-civ-spouse,Craft-repair,Husband,White,Male,0,1902,40,United-States,>50K
32,Private,102986,5th-6th,3,Married-civ-spouse,Machine-op-inspct,Wife,Asian-Pac-Islander,Female,0,0,40,Laos,>50K
24,State-gov,215990,Bachelors,13,Never-married,Tech-support,Not-in-family,White,Female,0,0,40,United-States,<=50K
31,Private,375657,Bachelors,13,Never-married,Prof-specialty,Not-in-family,White,Female,0,0,40,United-States,<=50K
71,Self-emp-inc,66118,Bachelors,13,Married-civ-spouse,Exec-managerial,Husband,White,Male,0,2392,60,United-States,>50K
28,Self-emp-not-inc,181372,HS-grad,9,Never-married,Exec-managerial,Own-child,White,Male,0,0,40,United-States,<=50K
20,Private,358682,9th,5,Never-married,Machine-op-inspct,Unmarried,White,Female,0,0,40,United-States,<=50K
66,Private,85572,10th,6,Widowed,Transport-moving,Not-in-family,White,Female,0,0,11,United-States,<=50K
47,Local-gov,128401,Doctorate,16,Never-married,Prof-specialty,Unmarried,White,Female,0,0,40,United-States,<=50K
44,Private,229954,Assoc-acdm,12,Widowed,Adm-clerical,Unmarried,White,Female,0,0,40,United-States,<=50K
37,Private,224566,HS-grad,9,Married-civ-spouse,Sales,Husband,White,Male,0,0,50,United-States,<=50K
48,Local-gov,68552,Masters,14,Married-civ-spouse,Prof-specialty,Husband,White,Male,7688,0,50,United-States,>50K
41,Private,130397,HS-grad,9,Divorced,Sales,Unmarried,Black,Female,0,0,38,United-States,<=50K
31,Private,385959,Some-college,10,Never-married,Adm-clerical,Not-in-family,Black,Female,0,0,36,Jamaica,<=50K
30,Private,175837,HS-grad,9,Married-civ-spouse,Craft-repair,Husband,White,Male,0,0,42,United-States,>50K
21,Private,145389,Some-college,10,Never-married,Prof-specialty,Not-in-family,White,Female,0,0,25,United-States,<=50K
52,Self-emp-inc,225890,HS-grad,9,Married-civ-spouse,Sales,Husband,White,Male,0,0,50,Cuba,<=50K
42,Private,212783,Some-college,10,Married-civ-spouse,Sales,Husband,White,Male,0,0,60,United-States,>50K
47,Self-emp-not-inc,117802,HS-grad,9,Never-married,Other-service,Not-in-family,White,Female,0,1876,48,United-States,<=50K
19,Private,256173,HS-grad,9,Never-married,Craft-repair,Other-relative,White,Male,0,0,35,United-States,<=50K
53,Private,54318,Some-college,10,Married-civ-spouse,Craft-repair,Husband,White,Male,0,0,40,Guatemala,<=50K
27,Private,141388,HS-grad,9,Married-civ-spouse,Transport-moving,Husband,White,Male,0,1902,45,United-States,<=50K
51,Private,158352,HS-grad,9,Married-civ-spouse,Transport-moving,Husband,White,Male,0,0,84,United-States,>50K
22,State-gov,309974,Some-college,10,Never-married,Adm-clerical,Not-in-family,White,Female,0,0,15,United-States,<=50K
39,Private,132717,Doctorate,16,Married-civ-spouse,Exec-managerial,Husband,White,Male,0,0,42,United-States,>50K
64,Local-gov,78954,HS-grad,9,Divorced,Adm-clerical,Not-in-family,White,Female,0,0,40,United-States,<=50K
52,Private,75619,Some-college,10,Married-civ-spouse,Tech-support,Husband,White,Male,0,0,40,United-States,<=50K
35,Self-emp-not-inc,190483,Bachelors,13,Married-civ-spouse,Farming-fishing,Husband,White,Male,0,0,45,United-States,<=50K
53,Private,238255,HS-grad,9,Divorced,Adm-clerical,Unmarried,White,Female,0,0,40,United-States,<=50K
49,Private,157466,HS-grad,9,Married-civ-spouse,Craft-repair,Husband,White,Male,0,0,40,United-States,<=50K
42,Self-emp-not-inc,200471,Prof-school,15,Never-married,Prof-specialty,Not-in-family,White,Male,0,0,38,United-States,<=50K
60,Federal-gov,120268,Some-college,10,Married-civ-spouse,Adm-clerical,Husband,White,Male,7298,0,40,United-States,>50K
56,Private,398959,HS-grad,9,Widowed,Adm-clerical,Not-in-family,White,Female,0,0,40,United-States,<=50K
22,Private,160398,Some-college,10,Never-married,Sales,Other-relative,White,Male,0,0,38,United-States,<=50K
22,Private,170850,11th,7,Never-married,Craft-repair,Not-in-family,Amer-Indian-Eskimo,Male,0,0,40,United-States,<=50K
27,Private,194352,Prof-school,15,Never-married,Prof-specialty,Own-child,White,Female,0,0,40,United-States,<=50K
19,Private,129525,10th,6,Never-married,Other-service,Other-relative,White,Female,0,0,30,United-States,<=50K
18,Private,135289,Some-college,10,Never-married,Adm-clerical,Own-child,White,Male,0,0,40,United-States,<=50K
34,Private,35626,Bachelors,13,Married-civ-spouse,Sales,Husband,White,Male,0,0,40,United-States,<=50K
44,Local-gov,55674,Bachelors,13,Married-civ-spouse,Exec-managerial,Husband,White,Male,0,0,52,United-States,<=50K
66,Self-emp-not-inc,340939,HS-grad,9,Married-civ-spouse,Transport-moving,Husband,White,Male,0,0,50,United-States,>50K
66,Local-gov,376506,Doctorate,16,Divorced,Prof-specialty,Not-in-family,White,Female,3273,0,40,United-States,<=50K
31,Private,170983,Bachelors,13,Married-civ-spouse,Exec-managerial,Husband,White,Male,0,0,60,United-States,>50K
23,State-gov,186634,Bachelors,13,Never-married,Adm-clerical,Not-in-family,White,Male,0,0,16,United-States,<=50K
49,Self-emp-not-inc,110978,Bachelors,13,Married-civ-spouse,Craft-repair,Husband,White,Male,0,0,50,United-States,>50K
53,Local-gov,135289,HS-grad,9,Married-civ-spouse,Other-service,Husband,White,Male,0,2002,45,United-States,<=50K
20,?,34965,Some-college,10,Never-married,?,Own-child,Amer-Indian-Eskimo,Male,0,0,72,United-States,<=50K
20,State-gov,178517,Some-college,10,Never-married,Farming-fishing,Not-in-family,White,Male,0,0,40,United-States,<=50K
82,?,295621,7th-8th,4,Widowed,?,Not-in-family,White,Male,0,0,5,United-States,<=50K
30,Private,226443,10th,6,Divorced,Transport-moving,Own-child,White,Male,0,0,40,United-States,<=50K
72,Self-emp-not-inc,28738,Prof-school,15,Married-civ-spouse,Prof-specialty,Husband,White,Male,0,2246,28,United-States,>50K
58,Private,329530,Some-college,10,Divorced,Adm-clerical,Not-in-family,White,Female,0,0,40,United-States,<=50K
55,Private,116878,Doctorate,16,Married-civ-spouse,Prof-specialty,Husband,White,Male,15024,0,30,United-States,>50K
25,Private,136277,Bachelors,13,Never-married,Adm-clerical,Own-child,Black,Female,0,0,40,United-States,<=50K
30,Private,249332,12th,8,Divorced,Other-service,Not-in-family,White,Female,0,0,40,United-States,<=50K
37,Private,29261,HS-grad,9,Divorced,Machine-op-inspct,Not-in-family,White,Male,0,0,40,United-States,<=50K
28,Self-emp-not-inc,332689,HS-grad,9,Married-civ-spouse,Farming-fishing,Husband,White,Male,0,0,70,United-States,>50K
24,Private,440138,HS-grad,9,Never-married,Priv-house-serv,Not-in-family,White,Female,0,0,45,England,<=50K
20,Private,47771,HS-grad,9,Never-married,Handlers-cleaners,Own-child,White,Male,0,0,40,United-States,<=50K
43,Local-gov,174201,Masters,14,Married-civ-spouse,Prof-specialty,Husband,White,Male,0,0,50,United-States,<=50K
26,Private,111243,HS-grad,9,Never-married,Adm-clerical,Unmarried,White,Female,0,0,35,United-States,<=50K
38,Federal-gov,306538,Some-college,10,Divorced,Adm-clerical,Unmarried,White,Female,0,0,40,United-States,<=50K
47,Private,121775,HS-grad,9,Divorced,Adm-clerical,Not-in-family,White,Female,0,0,40,United-States,<=50K
59,?,374969,HS-grad,9,Married-civ-spouse,?,Husband,White,Male,0,0,41,United-States,>50K
58,State-gov,198286,Bachelors,13,Married-civ-spouse,Adm-clerical,Husband,White,Male,0,0,35,United-States,>50K
35,State-gov,287480,Bachelors,13,Never-married,Adm-clerical,Not-in-family,White,Female,3908,0,40,United-States,<=50K
49,Private,423222,Masters,14,Married-civ-spouse,Sales,Husband,White,Male,0,0,50,United-States,>50K
38,Private,367306,Some-college,10,Divorced,Sales,Unmarried,White,Female,0,0,38,United-States,<=50K
26,Private,214303,HS-grad,9,Never-married,Other-service,Unmarried,White,Female,0,0,20,United-States,<=50K
23,Self-emp-not-inc,188925,HS-grad,9,Married-civ-spouse,Handlers-cleaners,Own-child,White,Male,0,0,40,United-States,<=50K
59,Self-emp-not-inc,114865,Some-college,10,Married-civ-spouse,Craft-repair,Husband,White,Male,0,0,20,United-States,>50K
30,Private,206351,Assoc-voc,11,Married-civ-spouse,Machine-op-inspct,Husband,White,Male,0,0,40,United-States,>50K
21,Private,462964,HS-grad,9,Married-spouse-absent,Adm-clerical,Own-child,White,Female,0,0,40,United-States,<=50K
48,Private,83242,Masters,14,Married-civ-spouse,Prof-specialty,Husband,White,Male,0,0,50,United-States,>50K
38,Private,236543,Bachelors,13,Married-civ-spouse,Exec-managerial,Husband,White,Male,7688,0,40,United-States,>50K
52,Self-emp-inc,74712,HS-grad,9,Married-civ-spouse,Sales,Husband,Asian-Pac-Islander,Male,0,0,40,United-States,>50K
40,State-gov,212213,Bachelors,13,Divorced,Adm-clerical,Other-relative,Black,Female,0,0,32,United-States,<=50K
34,Private,617917,Bachelors,13,Married-civ-spouse,Sales,Husband,White,Male,0,1887,40,United-States,>50K
35,Private,268553,HS-grad,9,Divorced,Other-service,Not-in-family,White,Female,0,0,45,United-States,<=50K
40,Private,190747,Some-college,10,Divorced,Exec-managerial,Other-relative,Black,Female,0,0,55,United-States,<=50K
46,Private,386019,Bachelors,13,Divorced,Prof-specialty,Unmarried,Black,Female,0,0,32,United-States,<=50K
38,Private,37028,Some-college,10,Divorced,Sales,Unmarried,White,Female,0,0,38,United-States,<=50K
63,Self-emp-inc,164938,HS-grad,9,Married-civ-spouse,Exec-managerial,Husband,White,Male,0,0,40,United-States,<=50K
35,Private,111377,HS-grad,9,Separated,Transport-moving,Not-in-family,White,Male,0,0,40,United-States,<=50K
23,Private,175856,11th,7,Never-married,Farming-fishing,Other-relative,White,Female,0,0,40,Scotland,<=50K
53,Private,341439,Masters,14,Never-married,Exec-managerial,Not-in-family,White,Female,0,0,60,United-States,>50K
53,Private,99476,HS-grad,9,Divorced,Other-service,Not-in-family,White,Female,0,0,38,United-States,<=50K
40,Private,163455,Bachelors,13,Divorced,Exec-managerial,Not-in-family,White,Female,10520,0,40,United-States,>50K
37,Self-emp-inc,151459,Prof-school,15,Married-civ-spouse,Prof-specialty,Husband,White,Male,0,0,60,United-States,>50K
59,Self-emp-not-inc,124771,Bachelors,13,Married-civ-spouse,Farming-fishing,Husband,White,Male,0,0,30,United-States,<=50K
31,Private,19302,Bachelors,13,Married-civ-spouse,Prof-specialty,Husband,White,Male,0,0,40,United-States,>50K
23,Private,125461,Some-college,10,Never-married,Other-service,Not-in-family,Asian-Pac-Islander,Female,0,0,35,Vietnam,<=50K
21,Private,221550,HS-grad,9,Never-married,Machine-op-inspct,Unmarried,White,Male,0,0,40,Mexico,<=50K
46,Self-emp-not-inc,231347,Some-college,10,Separated,Prof-specialty,Not-in-family,White,Male,0,0,20,United-States,<=50K
57,Private,102442,Some-college,10,Divorced,Adm-clerical,Unmarried,White,Female,0,0,40,United-States,<=50K
19,Private,132986,HS-grad,9,Never-married,Other-service,Own-child,White,Male,0,0,35,United-States,<=50K
26,Private,160261,Masters,14,Never-married,Prof-specialty,Not-in-family,Asian-Pac-Islander,Male,0,0,20,India,<=50K
29,Private,91189,Bachelors,13,Married-civ-spouse,Machine-op-inspct,Husband,White,Male,0,0,48,United-States,<=50K
45,Private,239947,HS-grad,9,Never-married,Transport-moving,Not-in-family,White,Male,0,0,40,United-States,<=50K
35,Private,67083,HS-grad,9,Married-civ-spouse,Other-service,Husband,Asian-Pac-Islander,Male,0,0,40,China,<=50K
41,Private,34393,HS-grad,9,Divorced,Machine-op-inspct,Not-in-family,White,Male,0,0,40,United-States,<=50K
43,Private,137126,Some-college,10,Married-civ-spouse,Exec-managerial,Husband,White,Male,0,0,40,United-States,>50K
75,?,114760,Some-college,10,Married-civ-spouse,?,Husband,White,Male,0,0,13,United-States,<=50K
42,Private,188798,Bachelors,13,Married-civ-spouse,Prof-specialty,Husband,White,Male,0,0,40,United-States,<=50K
53,Self-emp-not-inc,257940,7th-8th,4,Married-civ-spouse,Machine-op-inspct,Husband,White,Male,0,0,40,United-States,<=50K
24,Private,290763,HS-grad,9,Married-civ-spouse,Sales,Husband,White,Male,0,0,50,United-States,<=50K
37,Private,45093,Assoc-acdm,12,Divorced,Exec-managerial,Not-in-family,White,Female,0,0,40,United-States,<=50K
32,Private,155232,Bachelors,13,Divorced,Protective-serv,Not-in-family,Black,Male,0,0,60,United-States,>50K
39,Private,67433,Assoc-voc,11,Never-married,Prof-specialty,Not-in-family,White,Female,4650,0,32,United-States,<=50K
27,Private,213225,Bachelors,13,Married-civ-spouse,Prof-specialty,Wife,White,Female,7298,0,45,England,>50K
25,Private,164970,HS-grad,9,Never-married,Machine-op-inspct,Own-child,White,Male,4416,0,40,United-States,<=50K
73,Self-emp-not-inc,161251,HS-grad,9,Widowed,Craft-repair,Not-in-family,White,Male,0,0,24,United-States,<=50K
43,Private,136819,Some-college,10,Married-civ-spouse,Exec-managerial,Husband,White,Male,0,0,40,United-States,>50K
50,Self-emp-not-inc,91103,HS-grad,9,Married-civ-spouse,Craft-repair,Husband,White,Male,0,0,51,United-States,>50K
46,Private,120508,HS-grad,9,Divorced,Craft-repair,Not-in-family,White,Female,0,0,40,United-States,<=50K
17,Private,119079,11th,7,Never-married,Sales,Other-relative,White,Female,0,0,24,United-States,<=50K
61,Private,190955,Bachelors,13,Married-civ-spouse,Exec-managerial,Husband,White,Male,7688,0,40,United-States,>50K
43,Federal-gov,111483,Assoc-voc,11,Married-civ-spouse,Prof-specialty,Husband,White,Male,3137,0,40,United-States,>50K
23,Self-emp-not-inc,190997,HS-grad,9,Never-married,Transport-moving,Own-child,White,Male,0,0,40,United-States,<=50K
61,Private,191283,Bachelors,13,Married-civ-spouse,Exec-managerial,Husband,White,Male,7688,0,40,United-States,>50K
34,Private,28031,Bachelors,13,Married-spouse-absent,Adm-clerical,Not-in-family,White,Female,0,0,25,United-States,<=50K
48,Private,162256,Bachelors,13,Divorced,Exec-managerial,Not-in-family,White,Female,0,0,50,United-States,>50K
41,Self-emp-not-inc,198145,HS-grad,9,Married-civ-spouse,Exec-managerial,Husband,White,Male,0,0,50,United-States,<=50K
55,Local-gov,257940,Prof-school,15,Married-civ-spouse,Prof-specialty,Husband,White,Male,0,1902,40,United-States,>50K
60,Private,165667,Some-college,10,Married-civ-spouse,Handlers-cleaners,Husband,White,Male,0,0,40,United-States,<=50K
41,Private,167375,Bachelors,13,Never-married,Adm-clerical,Not-in-family,White,Male,0,0,52,United-States,<=50K
27,Private,309974,Bachelors,13,Divorced,Prof-specialty,Not-in-family,White,Male,0,0,50,United-States,<=50K
27,Private,212944,Bachelors,13,Married-civ-spouse,Prof-specialty,Wife,White,Female,7298,0,45,England,>50K
32,Private,216149,Some-college,10,Never-married,Craft-repair,Not-in-family,White,Male,4650,0,45,United-States,<=50K
31,Private,264600,HS-grad,9,Never-married,Adm-clerical,Not-in-family,White,Female,0,0,40,Germany,<=50K
17,Private,279173,9th,5,Never-married,Other-service,Own-child,White,Male,0,0,16,United-States,<=50K
41,Private,440138,7th-8th,4,Married-civ-spouse,Craft-repair,Husband,White,Male,0,0,40,?,<=50K
17,?,148644,HS-grad,9,Never-married,?,Own-child,Black,Male,0,0,40,United-States,<=50K
23,State-gov,186539,Bachelors,13,Never-married,Adm-clerical,Not-in-family,White,Male,0,0,16,United-States,<=50K
28,Private,175262,Bachelors,13,Never-married,Adm-clerical,Not-in-family,White,Female,0,0,30,?,<=50K
38,Self-emp-not-inc,199698,HS-grad,9,Married-civ-spouse,Craft-repair,Husband,White,Male,0,0,60,United-States,<=50K
23,Private,202956,Bachelors,13,Never-married,Prof-specialty,Not-in-family,White,Female,0,0,40,United-States,<=50K
41,Private,347890,HS-grad,9,Divorced,Machine-op-inspct,Not-in-family,White,Male,0,0,40,United-States,<=50K
54,Private,216149,Masters,14,Married-civ-spouse,Exec-managerial,Husband,White,Male,0,1887,44,United-States,>50K
31,Private,196545,11th,7,Married-civ-spouse,Craft-repair,Husband,White,Male,0,0,40,United-States,<=50K
24,Private,440138,HS-grad,9,Never-married,Priv-house-serv,Not-in-family,White,Female,0,0,45,England,<=50K
60,Local-gov,134737,Some-college,10,Married-civ-spouse,Protective-serv,Husband,White,Male,0,0,40,United-States,<=50K
40,Private,182217,Some-college,10,Married-civ-spouse,Other-service,Wife,White,Female,0,0,40,Scotland,<=50K
55,Private,132887,HS-grad,9,Married-civ-spouse,Transport-moving,Husband,Black,Male,3411,0,40,Jamaica,<=50K
31,Private,196125,11th,7,Married-civ-spouse,Craft-repair,Husband,White,Male,0,0,40,United-States,<=50K
50,Private,112967,Bachelors,13,Married-civ-spouse,Sales,Husband,White,Male,0,0,40,United-States,<=50K
31,Local-gov,220669,Bachelors,13,Never-married,Prof-specialty,Own-child,White,Female,6849,0,40,United-States,<=50K
45,Private,101656,10th,6,Never-married,Machine-op-inspct,Not-in-family,Asian-Pac-Islander,Male,0,0,40,Vietnam,<=50K
58,Private,132704,Bachelors,13,Divorced,Adm-clerical,Not-in-family,White,Male,3273,0,40,United-States,<=50K
19,Private,179462,HS-grad,9,Never-married,Other-service,Own-child,White,Female,0,0,35,United-States,<=50K
31,Private,37546,Bachelors,13,Never-married,Prof-specialty,Not-in-family,White,Female,0,0,40,United-States,<=50K
29,Local-gov,151141,Masters,14,Never-married,Prof-specialty,Other-relative,Asian-Pac-Islander,Female,1506,0,40,United-States,<=50K
33,Private,118605,Bachelors,13,Never-married,Sales,Not-in-family,White,Male,0,1590,40,United-States,<=50K
19,Private,256173,HS-grad,9,Never-married,Craft-repair,Other-relative,White,Male,0,0,35,United-States,<=50K
21,Private,276709,Some-college,10,Never-married,Sales,Other-relative,White,Female,0,0,40,United-States,<=50K
56,Private,398959,HS-grad,9,Widowed,Adm-clerical,Not-in-family,White,Female,0,0,40,United-States,<=50K
56,Private,228921,HS-grad,9,Divorced,Adm-clerical,Not-in-family,White,Female,0,0,40,United-States,<=50K
48,Private,83407,Masters,14,Married-civ-spouse,Prof-specialty,Husband,White,Male,0,0,50,United-States,>50K
38,Private,34996,Some-college,10,Separated,Other-service,Unmarried,White,Female,0,0,40,United-States,<=50K
18,Federal-gov,28053,Some-college,10,Never-married,Sales,Own-child,White,Female,0,0,32,United-States,<=50K
46,Private,87250,Bachelors,13,Separated,Tech-support,Unmarried,White,Female,0,0,40,United-States,<=50K
26,Private,195398,HS-grad,9,Never-married,Sales,Own-child,White,Male,0,0,40,United-States,<=50K
56,Private,75785,HS-grad,9,Married-civ-spouse,Exec-managerial,Husband,White,Male,0,0,40,United-States,>50K
27,Private,255098,Some-college,10,Divorced,Adm-clerical,Unmarried,Black,Female,0,0,36,United-States,<=50K
68,?,140790,7th-8th,4,Married-civ-spouse,?,Husband,White,Male,0,0,8,United-States,<=50K
37,Private,218309,HS-grad,9,Married-civ-spouse,Other-service,Husband,White,Male,0,0,40,United-States,<=50K
51,Private,193132,HS-grad,9,Married-civ-spouse,Protective-serv,Husband,White,Male,0,0,40,United-States,<=50K
35,Private,268553,HS-grad,9,Divorced,Other-service,Not-in-family,White,Female,0,0,45,United-States,<=50K
33,Self-emp-not-inc,99761,Bachelors,13,Never-married,Other-service,Not-in-family,White,Female,0,0,15,United-States,<=50K
26,Private,214275,HS-grad,9,Never-married,Other-service,Unmarried,White,Female,0,0,20,United-States,<=50K
55,Private,353881,7th-8th,4,Married-civ-spouse,Transport-moving,Husband,White,Male,0,0,50,United-States,<=50K
41,Private,116493,Bachelors,13,Married-civ-spouse,Handlers-cleaners,Husband,White,Male,0,0,40,Germany,<=50K
24,Private,206974,Bachelors,13,Never-married,Adm-clerical,Own-child,White,Female,0,0,40,United-States,<=50K
43,State-gov,187802,Some-college,10,Separated,Craft-repair,Not-in-family,White,Male,0,0,37,United-States,<=50K
48,Local-gov,282609,Bachelors,13,Married-civ-spouse,Prof-specialty,Husband,White,Male,0,0,40,United-States,<=50K
33,Private,339029,HS-grad,9,Married-civ-spouse,Craft-repair,Husband,White,Male,0,0,40,United-States,<=50K
39,Private,190483,HS-grad,9,Divorced,Craft-repair,Own-child,White,Male,2174,0,40,United-States,<=50K
31,Private,60374,10th,6,Never-married,Other-service,Not-in-family,White,Male,0,0,40,United-States,<=50K
37,State-gov,59200,HS-grad,9,Never-married,Adm-clerical,Other-relative,White,Female,0,0,40,United-States,<=50K
63,Private,102412,HS-grad,9,Divorced,Sales,Not-in-family,White,Female,0,0,40,United-States,<=50K
29,Private,163708,Bachelors,13,Married-civ-spouse,Adm-clerical,Wife,Asian-Pac-Islander,Female,0,0,45,United-States,>50K
63,Local-gov,214627,HS-grad,9,Divorced,Other-service,Unmarried,Black,Female,0,0,55,United-States,<=50K
43,Private,113129,Some-college,10,Married-civ-spouse,Protective-serv,Husband,White,Male,0,0,40,United-States,<=50K
20,Private,222289,HS-grad,9,Never-married,Handlers-cleaners,Not-in-family,White,Male,0,0,40,United-States,<=50K
29,State-gov,24515,Some-college,10,Never-married,Prof-specialty,Not-in-family,White,Male,0,0,35,United-States,<=50K
38,Federal-gov,476558,HS-grad,9,Never-married,Adm-clerical,Own-child,Black,Female,0,0,40,United-States,<=50K
31,Private,37546,Bachelors,13,Never-married,Prof-specialty,Not-in-family,White,Female,0,0,40,United-States,<=50K
53,Private,129173,Bachelors,13,Married-civ-spouse,Exec-managerial,Husband,White,Male,0,0,50,United-States,>50K
56,Private,75619,HS-grad,9,Married-civ-spouse,Exec-managerial,Husband,White,Male,0,0,40,United-States,>50K
32,Private,281315,Assoc-voc,11,Divorced,Sales,Unmarried,White,Female,0,0,40,United-States,<=50K
47,Private,148884,HS-grad,9,Married-civ-spouse,Transport-moving,Husband,White,Male,0,0,60,United-States,<=50K
26,Private,34393,Some-college,10,Divorced,Adm-clerical,Not-in-family,White,Female,0,0,40,United-States,<=50K
34,Self-emp-inc,157569,HS-grad,9,Married-civ-spouse,Adm-clerical,Husband,White,Male,0,0,45,United-States,<=50K
23,Private,55674,Bachelors,13,Never-married,Protective-serv,Not-in-family,White,Female,3103,0,40,United-States,<=50K
42,Private,245317,HS-grad,9,Married-civ-spouse,Sales,Husband,White,Male,0,0,50,United-States,<=50K
56,Private,75839,HS-grad,9,Married-civ-spouse,Exec-managerial,Husband,White,Male,0,0,40,United-States,>50K
39,Private,108140,Masters,14,Married-civ-spouse,Exec-managerial,Husband,White,Male,0,0,50,United-States,>50K
21,Private,73679,Some-college,10,Never-married,Exec-managerial,Own-child,White,Female,0,0,40,United-States,<=50K
53,Federal-gov,117963,Assoc-acdm,12,Married-civ-spouse,Adm-clerical,Husband,White,Male,0,0,40,United-States,<=50K
30,Private,176486,Assoc-voc,11,Divorced,Adm-clerical,Unmarried,White,Female,0,0,24,United-States,<=50K
22,Private,194630,Bachelors,13,Never-married,Sales,Not-in-family,White,Male,0,0,45,United-States,<=50K
70,Self-emp-not-inc,150886,Some-college,10,Married-civ-spouse,Craft-repair,Husband,White,Male,0,0,25,United-States,<=50K
80,Private,86111,Doctorate,16,Married-civ-spouse,Prof-specialty,Husband,White,Male,0,0,30,United-States,<=50K
35,Private,339482,HS-grad,9,Divorced,Craft-repair,Unmarried,White,Female,0,0,48,United-States,<=50K
46,Private,38389,Bachelors,13,Divorced,Prof-specialty,Unmarried,Black,Female,0,0,32,United-States,<=50K
41,Self-emp-not-inc,334277,Bachelors,13,Married-civ-spouse,Exec-managerial,Husband,White,Male,0,0,55,United-States,>50K
53,Federal-gov,117963,Assoc-acdm,12,Married-civ-spouse,Adm-clerical,Husband,White,Male,0,0,40,United-States,<=50K
41,Local-gov,234537,Prof-school,15,Married-civ-spouse,Prof-specialty,Husband,White,Male,0,0,50,United-States,>50K
33,Private,118605,Bachelors,13,Never-married,Sales,Not-in-family,White,Male,0,1590,40,United-States,<=50K
30,Local-gov,154538,Bachelors,13,Married-civ-spouse,Protective-serv,Husband,White,Male,0,0,72,United-States,>50K
51,Private,249332,Bachelors,13,Married-civ-spouse,Exec-managerial,Husband,White,Male,0,0,55,United-States,>50K
47,Local-gov,127918,Doctorate,16,Never-married,Prof-specialty,Unmarried,White,Female,0,0,40,United-States,<=50K
35,Private,26669,HS-grad,9,Divorced,Other-service,Not-in-family,White,Female,0,0,45,United-States,<=50K
20,?,347890,Some-college,10,Never-married,?,Own-child,Amer-Indian-Eskimo,Male,0,0,72,United-States,<=50K
42,Self-emp-not-inc,200598,Prof-school,15,Never-married,Prof-specialty,Not-in-family,White,Male,0,0,38,United-States,<=50K
65,Private,282779,Masters,14,Married-civ-spouse,Adm-clerical,Other-relative,White,Female,0,0,40,United-States,>50K
62,Private,244522,9th,5,Married-civ-spouse,Exec-managerial,Husband,White,Male,0,0,40,United-States,<=50K
46,Private,94809,Some-college,10,Divorced,Priv-house-serv,Unmarried,White,Female,0,0,30,United-States,<=50K
27,Private,42596,Bachelors,13,Never-married,Craft-repair,Not-in-family,White,Male,0,0,50,United-States,<=50K
59,?,37546,HS-grad,9,Married-civ-spouse,?,Husband,White,Male,0,0,41,United-States,>50K
55,Self-emp-not-inc,78954,HS-grad,9,Married-civ-spouse,Farming-fishing,Husband,Asian-Pac-Islander,Male,0,0,70,United-States,<=50K
56,Self-emp-inc,216907,12th,8,Married-civ-spouse,Exec-managerial,Husband,White,Male,0,1651,40,United-States,<=50K
49,Private,125461,HS-grad,9,Married-civ-spouse,Sales,Husband,White,Male,0,0,40,United-States,<=50K
29,Private,164938,Bachelors,13,Married-civ-spouse,Adm-clerical,Wife,Asian-Pac-Islander,Female,0,0,45,United-States,>50K
50,Private,26803,HS-grad,9,Married-civ-spouse,Transport-moving,Husband,White,Male,7298,0,40,United-States,>50K
44,Local-gov,568490,Bachelors,13,Married-civ-spouse,Exec-managerial,Husband,White,Male,0,0,52,United-States,<=50K
44,Private,216636,HS-grad,9,Divorced,Other-service,Not-in-family,White,Male,0,0,37,United-States,<=50K
26,Local-gov,177119,HS-grad,9,Married-civ-spouse,Tech-support,Husband,White,Male,0,0,75,United-States,>50K
29,Private,201122,Some-college,10,Never-married,Adm-clerical,Not-in-family,White,Female,0,0,40,United-States,<=50K
27,Private,261677,5th-6th,3,Never-married,Transport-moving,Not-in-family,White,Male,0,0,40,Mexico,<=50K
82,?,29488,7th-8th,4,Widowed,?,Not-in-family,White,Male,0,0,5,United-States,<=50K
32,Private,198953,Some-college,10,Married-civ-spouse,Craft-repair,Husband,White,Male,0,0,40,United-States,<=50K
63,Local-gov,215014,HS-grad,9,Divorced,Other-service,Unmarried,Black,Female,0,0,55,United-States,<=50K
52,Private,160916,HS-grad,9,Married-civ-spouse,Adm-clerical,Husband,White,Male,0,0,48,United-States,<=50K
29,Private,37028,Some-college,10,Married-civ-spouse,Craft-repair,Husband,White,Male,0,0,40,United-States,<=50K
59,Private,218184,HS-grad,9,Married-civ-spouse,Transport-moving,Husband,Black,Male,0,0,40,United-States,>50K
32,Private,154087,HS-grad,9,Married-civ-spouse,Exec-managerial,Husband,White,Male,0,0,40,United-States,<=50K
35,Private,111377,HS-grad,9,Separated,Transport-moving,Not-in-family,White,Male,0,0,40,United-States,<=50K
33,Private,112584,Some-college,10,Divorced,Sales,Not-in-family,White,Female,0,0,25,United-States,<=50K
34,Private,355320,Bachelors,13,Married-civ-spouse,Sales,Husband,White,Male,0,0,40,United-States,<=50K
20,Private,46814,Some-college,10,Never-married,Craft-repair,Own-child,White,Male,0,0,40,United-States,<=50K
24,Self-emp-not-inc,171705,Assoc-acdm,12,Never-married,Craft-repair,Own-child,White,Male,0,0,40,United-States,<=50K
38,Private,235951,Bachelors,13,Married-civ-spouse,Exec-managerial,Husband,White,Male,7688,0,40,United-States,>50K
39,Private,139057,Prof-school,15,Married-civ-spouse,Prof-specialty,Husband,Asian-Pac-Islander,Male,0,0,38,India,<=50K
69,Private,228457,Bachelors,13,Widowed,Prof-specialty,Not-in-family,White,Male,0,2282,40,United-States,>50K
30,Private,175856,HS-grad,9,Married-civ-spouse,Craft-repair,Husband,White,Male,0,0,42,United-States,>50K
39,Private,358682,Assoc-acdm,12,Married-civ-spouse,Machine-op-inspct,Husband,White,Male,0,0,40,United-States,<=50K
57,Private,96346,HS-grad,9,Widowed,Prof-specialty,Not-in-family,White,Female,0,0,57,United-States,<=50K
25,Private,178768,7th-8th,4,Never-married,Handlers-cleaners,Unmarried,White,Male,0,0,40,United-States,<=50K
20,Private,293510,Some-college,10,Never-married,Craft-repair,Not-in-family,White,Male,0,0,40,United-States,<=50K
34,Private,123780,11th,7,Married-civ-spouse,Machine-op-inspct,Own-child,White,Female,0,0,40,United-States,<=50K
47,Local-gov,331539,11th,7,Married-spouse-absent,Craft-repair,Not-in-family,Black,Male,0,0,40,United-States,<=50K
58,Private,330080,Some-college,10,Divorced,Adm-clerical,Not-in-family,White,Female,0,0,40,United-States,<=50K
59,?,37546,HS-grad,9,Married-civ-spouse,?,Husband,White,Male,0,0,41,United-States,>50K
63,Private,265932,10th,6,Married-civ-spouse,Adm-clerical,Husband,White,Male,0,0,45,United-States,<=50K
53,Private,239284,Some-college,10,Married-civ-spouse,Exec-managerial,Husband,White,Male,0,0,50,United-States,>50K
50,Private,46401,Bachelors,13,Married-spouse-absent,Sales,Not-in-family,White,Female,0,0,20,Germany,<=50K
31,Private,221157,Prof-school,15,Divorced,Tech-support,Not-in-family,White,Female,0,0,35,United-States,<=50K
38,Private,268620,Assoc-voc,11,Married-civ-spouse,Transport-moving,Husband,White,Male,0,0,70,United-States,<=50K
23,Private,44402,Some-college,10,Never-married,Transport-moving,Own-child,White,Male,0,0,15,United-States,<=50K
55,Private,32650,Some-college,10,Divorced,Sales,Not-in-family,White,Male,0,0,65,United-States,>50K
40,Private,212944,HS-grad,9,Divorced,Sales,Unmarried,White,Female,0,0,30,United-States,<=50K
43,Private,171114,Some-college,10,Divorced,Adm-clerical,Not-in-family,White,Male,0,0,45,United-States,<=50K
40,Private,163215,Bachelors,13,Divorced,Exec-managerial,Not-in-family,White,Female,10520,0,40,United-States,>50K
49,Self-emp-not-inc,172962,HS-grad,9,Divorced,Sales,Not-in-family,White,Male,0,0,40,United-States,<=50K
57,Private,205100,Some-college,10,Married-civ-spouse,Craft-repair,Husband,White,Male,0,0,40,United-States,>50K
30,Private,174575,Some-college,10,Never-married,Craft-repair,Own-child,White,Male,0,0,40,United-States,<=50K
33,Private,301251,HS-grad,9,Married-civ-spouse,Craft-repair,Husband,White,Male,0,0,60,United-States,>50K
48,Local-gov,68552,Masters,14,Married-civ-spouse,Prof-specialty,Husband,White,Male,7688,0,50,United-States,>50K
27,Self-emp-not-inc,64112,HS-grad,9,Married-civ-spouse,Farming-fishing,Husband,White,Male,0,0,50,United-States,<=50K
21,?,177119,Some-college,10,Never-married,?,Own-child,White,Female,0,0,40,United-States,<=50K
45,Private,190997,HS-grad,9,Married-civ-spouse,Machine-op-inspct,Husband,White,Male,0,0,45,United-States,>50K
18,Private,530099,Some-college,10,Never-married,Other-service,Own-child,White,Male,0,0,8,United-States,<=50K
41,Private,116391,Bachelors,13,Married-civ-spouse,Handlers-cleaners,Husband,White,Male,0,0,40,Germany,<=50K
57,Private,102442,Some-college,10,Divorced,Adm-clerical,Unmarried,White,Female,0,0,40,United-States,<=50K
57,Private,96346,HS-grad,9,Widowed,Prof-specialty,Not-in-family,White,Female,0,0,57,United-States,<=50K
24,Private,190621,HS-grad,9,Never-married,Adm-clerical,Own-child,White,Female,0,0,40,United-States,<=50K
55,Private,355320,7th-8th,4,Married-civ-spouse,Transport-moving,Husband,White,Male,0,0,50,United-States,<=50K
31,Private,196791,11th,7,Married-civ-spouse,Craft-repair,Husband,White,Male,0,0,40,United-States,<=50K
31,Private,295621,Masters,14,Never-married,Prof-specialty,Not-in-family,White,Female,0,0,60,United-States,<=50K
28,Private,300915,Bachelors,13,Married-civ-spouse,Prof-specialty,Husband,White,Male,0,1902,43,United-States,>50K
46,State-gov,102628,Masters,14,Widowed,Protective-serv,Unmarried,White,Male,0,0,40,United-States,<=50K
49,Federal-gov,57758,Bachelors,13,Married-civ-spouse,Exec-managerial,Husband,White,Male,7298,0,40,United-States,>50K
31,Private,393480,Some-college,10,Never-married,Adm-clerical,Not-in-family,Black,Female,0,0,36,Jamaica,<=50K
31,Private,98639,HS-grad,9,Never-married,Craft-repair,Unmarried,White,Male,0,0,40,United-States,<=50K
53,Private,99476,HS-grad,9,Divorced,Other-service,Not-in-family,White,Female,0,0,38,United-States,<=50K
60,Federal-gov,129525,Some-college,10,Married-civ-spouse,Tech-support,Husband,White,Male,0,0,40,United-States,<=50K
34,Private,28031,Bachelors,13,Married-spouse-absent,Adm-clerical,Not-in-family,White,Female,0,0,25,United-States,<=50K
40,Self-emp-inc,508548,Assoc-acdm,12,Divorced,Sales,Unmarried,White,Female,1506,0,40,United-States,<=50K
20,Private,222130,HS-grad,9,Never-married,Handlers-cleaners,Not-in-family,White,Male,0,0,40,United-States,<=50K
21,Private,464484,HS-grad,9,Married-spouse-absent,Adm-clerical,Own-child,White,Female,0,0,40,United-States,<=50K
66,Private,283613,HS-grad,9,Widowed,Sales,Not-in-family,White,Female,0,0,40,United-States,<=50K
52,Self-emp-inc,234286,HS-grad,9,Married-civ-spouse,Exec-managerial,Husband,White,Male,15024,0,40,United-States,>50K
21,Private,221533,HS-grad,9,Never-married,Other-service,Own-child,Black,Female,0,0,30,United-States,<=50K
28,Private,179991,HS-grad,9,Married-civ-spouse,Transport-moving,Husband,White,Male,0,0,70,United-States,<=50K
46,Private,116952,7th-8th,4,Married-civ-spouse,Prof-specialty,Wife,White,Female,0,0,45,United-States,<=50K
61,Private,273803,HS-grad,9,Married-civ-spouse,Craft-repair,Husband,White,Male,0,0,40,United-States,<=50K
39,Private,192337,HS-grad,9,Married-civ-spouse,Transport-moving,Husband,White,Male,0,0,56,United-States,<=50K
35,Local-gov,72393,HS-grad,9,Divorced,Farming-fishing,Own-child,Asian-Pac-Islander,Male,0,0,56,United-States,<=50K
31,Private,376506,HS-grad,9,Never-married,Machine-op-inspct,Own-child,Black,Male,0,0,40,United-States,<=50K
25,Private,183470,11th,7,Never-married,Craft-repair,Own-child,White,Male,0,0,40,United-States,<=50K
43,Local-gov,323790,Some-college,10,Never-married,Exec-managerial,Not-in-family,White,Female,0,0,12,United-States,<=50K
40,Private,196791,HS-grad,9,Divorced,Transport-moving,Unmarried,White,Male,0,0,45,United-States,<=50K
51,Private,145714,Masters,14,Married-civ-spouse,Exec-managerial,Husband,White,Male,99999,0,50,?,>50K
37,Private,143267,Some-college,10,Married-civ-spouse,Craft-repair,Husband,White,Male,0,0,40,United-States,<=50K
57,Private,123965,HS-grad,9,Married-civ-spouse,Adm-clerical,Wife,White,Female,0,0,45,United-States,<=50K
47,Local-gov,28738,Masters,14,Married-civ-spouse,Prof-specialty,Husband,White,Male,0,0,40,United-States,<=50K
44,Private,71269,Some-college,10,Divorced,Exec-managerial,Not-in-family,White,Male,0,0,50,United-States,<=50K
44,Private,201865,Bachelors,13,Married-civ-spouse,Exec-managerial,Husband,White,Male,15024,0,45,United-States,>50K
44,State-gov,111483,Masters,14,Married-civ-spouse,Prof-specialty,Husband,White,Male,0,0,40,United-States,>50K
71,Self-emp-not-inc,32172,HS-grad,9,Married-civ-spouse,Farming-fishing,Husband,Amer-Indian-Eskimo,Male,0,0,35,United-States,<=50K
41,Private,351760,Some-college,10,Married-civ-spouse,Exec-managerial,Wife,White,Female,0,1902,40,United-States,>50K
37,Private,226443,Bachelors,13,Married-civ-spouse,Sales,Husband,White,Male,0,0,55,United-States,>50K
37,Private,216907,11th,7,Married-civ-spouse,Craft-repair,Husband,White,Male,0,0,45,United-States,<=50K
64,Local-gov,78866,HS-grad,9,Divorced,Adm-clerical,Not-in-family,White,Female,0,0,40,United-States,<=50K
46,Federal-gov,55237,Some-college,10,Divorced,Machine-op-inspct,Unmarried,White,Male,0,0,40,United-States,<=50K
46,Self-emp-not-inc,102869,HS-grad,9,Married-civ-spouse,Sales,Husband,White,Male,0,0,40,United-States,>50K
28,Private,179991,HS-grad,9,Married-civ-spouse,Transport-moving,Husband,White,Male,0,0,70,United-States,<=50K
35,Private,89508,HS-grad,9,Married-civ-spouse,Transport-moving,Husband,White,Male,0,0,50,United-States,>50K
37,Private,106014,HS-grad,9,Married-civ-spouse,Handlers-cleaners,Husband,White,Male,0,0,40,United-States,<=50K
61,Private,120939,Prof-school,15,Married-civ-spouse,Transport-moving,Husband,White,Male,0,0,5,United-States,>50K
54,Private,353219,Some-college,10,Divorced,Adm-clerical,Not-in-family,White,Female,0,0,35,United-States,<=50K
66,Private,366533,HS-grad,9,Married-civ-spouse,Other-service,Husband,White,Male,0,0,40,United-States,<=50K
56,Private,230315,HS-grad,9,Divorced,Adm-clerical,Not-in-family,White,Female,0,0,40,United-States,<=50K
68,Private,225612,Bachelors,13,Widowed,Sales,Not-in-family,White,Male,0,0,35,United-States,>50K
23,Private,166863,Some-college,10,Never-married,Exec-managerial,Own-child,Other,Female,0,0,40,United-States,<=50K
38,Private,27012,HS-grad,9,Married-civ-spouse,Farming-fishing,Husband,White,Male,0,0,43,United-States,<=50K
42,Private,66118,Some-college,10,Divorced,Machine-op-inspct,Not-in-family,White,Female,0,0,40,United-States,<=50K
36,Private,191342,HS-grad,9,Married-civ-spouse,Craft-repair,Husband,White,Male,0,0,50,United-States,<=50K
68,Private,204082,Some-college,10,Widowed,Exec-managerial,Not-in-family,White,Female,0,0,45,United-States,<=50K
46,Self-emp-not-inc,231347,Some-college,10,Separated,Prof-specialty,Not-in-family,White,Male,0,0,20,United-States,<=50K
44,Private,201729,Bachelors,13,Married-civ-spouse,Exec-managerial,Husband,White,Male,14344,0,45,United-States,>50K
41,Private,116391,Bachelors,13,Married-civ-spouse,Handlers-cleaners,Husband,White,Male,0,0,40,Germany,<=50K
41,Local-gov,235951,Prof-school,15,Married-civ-spouse,Prof-specialty,Husband,White,Male,0,0,50,United-States,>50K
31,Private,309348,Bachelors,13,Separated,Sales,Own-child,Black,Female,0,0,40,United-States,<=50K
32,Private,236648,12th,8,Married-civ-spouse,Craft-repair,Other-relative,White,Male,0,0,40,Mexico,<=50K
30,Private,175837,HS-grad,9,Married-civ-spouse,Craft-repair,Husband,White,Male,0,0,42,United-States,>50K
40,Self-emp-inc,141702,Bachelors,13,Married-civ-spouse,Exec-managerial,Wife,White,Female,0,0,55,United-States,>50K
40,Self-emp-inc,142030,Bachelors,13,Married-civ-spouse,Exec-managerial,Wife,White,Female,0,0,55,United-States,>50K
63,Self-emp-inc,165517,HS-grad,9,Married-civ-spouse,Exec-managerial,Husband,White,Male,0,0,40,United-States,<=50K
42,Private,188588,Bachelors,13,Married-civ-spouse,Prof-specialty,Husband,White,Male,0,0,40,United-States,<=50K
46,Private,368700,Prof-school,15,Married-civ-spouse,Prof-specialty,Husband,White,Male,99999,0,60,United-States,>50K
30,Private,113176,Some-college,10,Never-married,Other-service,Not-in-family,White,Male,0,0,24,United-States,<=50K
39,Private,108140,11th,7,Divorced,Other-service,Unmarried,White,Female,0,0,40,United-States,<=50K
33,Private,403911,HS-grad,9,Married-spouse-absent,Adm-clerical,Other-relative,White,Female,0,0,32,United-States,<=50K
68,Private,226443,Bachelors,13,Widowed,Sales,Not-in-family,White,Male,0,0,35,United-States,>50K
17,Private,184813,10th,6,Never-married,Tech-support,Own-child,White,Male,0,0,10,United-States,<=50K
41,Private,236861,Bachelors,13,Married-civ-spouse,Prof-specialty,Wife,White,Female,0,0,15,Cuba,>50K
22,Private,88050,Assoc-acdm,12,Married-civ-spouse,Exec-managerial,Husband,Asian-Pac-Islander,Male,0,0,6,United-States,<=50K
25,Private,220230,11th,7,Never-married,Handlers-cleaners,Own-child,White,Male,0,0,45,United-States,<=50K
26,?,176175,Some-college,10,Never-married,?,Unmarried,White,Female,0,0,40,United-States,<=50K
40,Private,200153,Bachelors,13,Separated,Sales,Not-in-family,White,Male,0,0,40,United-States,<=50K
49,Private,187513,Masters,14,Married-civ-spouse,Exec-managerial,Husband,White,Male,15024,0,50,United-States,>50K
54,Private,215039,Masters,14,Married-civ-spouse,Exec-managerial,Husband,White,Male,0,1887,44,United-States,>50K
82,?,29488,7th-8th,4,Widowed,?,Not-in-family,White,Male,0,0,5,United-States,<=50K
29,Private,148769,HS-grad,9,Married-civ-spouse,Farming-fishing,Husband,White,Male,0,0,60,United-States,<=50K
45,Private,246891,Assoc-voc,11,Married-civ-spouse,Prof-specialty,Husband,White,Male,0,1902,40,United-States,>50K
25,Private,47151,10th,6,Married-civ-spouse,Other-service,Wife,White,Female,0,0,40,United-States,<=50K
40,Private,163204,Some-college,10,Married-civ-spouse,Tech-support,Husband,White,Male,0,0,55,United-States,>50K
26,Private,228457,11th,7,Divorced,Handlers-cleaners,Not-in-family,White,Male,0,0,40,United-States,<=50K
29,Private,201723,Some-college,10,Never-married,Adm-clerical,Not-in-family,White,Female,0,0,40,United-States,<=50K
53,Local-gov,204082,HS-grad,9,Married-civ-spouse,Exec-managerial,Husband,White,Male,0,0,60,United-States,<=50K
58,Private,329530,Some-college,10,Divorced,Adm-clerical,Not-in-family,White,Female,0,0,40,United-States,<=50K
22,Private,285408,Bachelors,13,Never-married,Exec-managerial,Own-child,White,Male,0,0,45,United-States,<=50K
36,State-gov,222289,Some-college,10,Divorced,Other-service,Unmarried,Black,Female,0,0,20,United-States,<=50K
63,Private,174714,HS-grad,9,Divorced,Other-service,Not-in-family,White,Female,0,0,40,United-States,<=50K
18,Private,281315,5th-6th,3,Never-married,Handlers-cleaners,Other-relative,White,Male,0,0,30,Honduras,<=50K
45,Self-emp-not-inc,323069,HS-grad,9,Married-civ-spouse,Farming-fishing,Husband,White,Male,0,0,70,United-States,<=50K
49,Private,125892,HS-grad,9,Married-civ-spouse,Sales,Husband,White,Male,0,0,40,United-States,<=50K
25,Private,178768,7th-8th,4,Never-married,Handlers-cleaners,Unmarried,White,Male,0,0,40,United-States,<=50K
54,Self-emp-inc,166517,Prof-school,15,Married-civ-spouse,Prof-specialty,Husband,White,Male,99999,0,60,United-States,>50K
38,Local-gov,155057,Some-college,10,Never-married,Protective-serv,Unmarried,Black,Female,0,0,40,United-States,<=50K
55,Private,353219,7th-8th,4,Married-civ-spouse,Transport-moving,Husband,White,Male,0,0,50,United-States,<=50K
37,Private,45474,Assoc-acdm,12,Divorced,Exec-managerial,Not-in-family,White,Female,0,0,40,United-States,<=50K
39,Private,67433,Assoc-voc,11,Never-married,Prof-specialty,Not-in-family,White,Female,4650,0,32,United-States,<=50K
37,Self-emp-not-inc,183575,HS-grad,9,Married-civ-spouse,Prof-specialty,Husband,White,Male,3137,0,30,United-States,<=50K
43,Private,154205,Assoc-acdm,12,Divorced,Craft-repair,Not-in-family,White,Male,0,0,40,United-States,<=50K
35,Private,89040,HS-grad,9,Married-civ-spouse,Handlers-cleaners,Husband,White,Male,0,0,40,United-States,>50K
23,Self-emp-not-inc,188729,HS-grad,9,Married-civ-spouse,Handlers-cleaners,Own-child,White,Male,0,0,40,United-States,<=50K
29,State-gov,245310,Some-college,10,Never-married,Prof-specialty,Not-in-family,White,Male,0,0,35,United-States,<=50K
17,Private,102446,12th,8,Never-married,Handlers-cleaners,Own-child,White,Male,0,0,35,United-States,<=50K
57,Private,102442,Some-college,10,Divorced,Adm-clerical,Unmarried,White,Female,0,0,40,United-States,<=50K
31,Self-emp-not-inc,195891,HS-grad,9,Married-civ-spouse,Craft-repair,Own-child,White,Male,0,0,40,United-States,<=50K
44,Private,229051,Assoc-acdm,12,Widowed,Adm-clerical,Unmarried,White,Female,0,0,40,United-States,<=50K
23,Private,184813,Some-college,10,Married-civ-spouse,Other-service,Husband,White,Male,0,0,20,United-States,<=50K
46,Private,87250,Bachelors,13,Separated,Tech-support,Unmarried,White,Female,0,0,40,United-States,<=50K
37,Private,198953,Some-college,10,Married-civ-spouse,Other-service,Wife,White,Female,0,0,40,United-States,<=50K
37,Private,226872,Bachelors,13,Married-civ-spouse,Sales,Husband,White,Male,0,0,55,United-States,>50K
40,Private,213140,HS-grad,9,Divorced,Sales,Unmarried,White,Female,0,0,30,United-States,<=50K
27,Self-emp-not-inc,65308,HS-grad,9,Married-civ-spouse,Farming-fishing,Husband,White,Male,0,0,50,United-States,<=50K
49,Private,340260,Masters,14,Married-civ-spouse,Sales,Husband,White,Male,0,0,40,United-States,>50K
68,?,139347,7th-8th,4,Married-civ-spouse,?,Husband,White,Male,0,0,8,United-States,<=50K
55,Self-emp-inc,79682,HS-grad,9,Married-civ-spouse,Transport-moving,Husband,White,Male,0,0,60,United-States,<=50K
43,Local-gov,175262,Some-college,10,Married-civ-spouse,Other-service,Husband,White,Male,0,0,40,United-States,<=50K
54,Private,140282,HS-grad,9,Widowed,Adm-clerical,Unmarried,White,Female,0,0,40,United-States,<=50K
51,Private,193132,HS-grad,9,Married-civ-spouse,Protective-serv,Husband,White,Male,0,0,40,United-States,<=50K
39,Local-gov,100011,Assoc-acdm,12,Never-married,Tech-support,Not-in-family,White,Female,0,0,38,United-States,<=50K
40,Self-emp-inc,102226,HS-grad,9,Married-civ-spouse,Exec-managerial,Husband,White,Male,0,0,40,United-States,<=50K
37,Private,221550,HS-grad,9,Never-married,Other-service,Own-child,Amer-Indian-Eskimo,Male,0,0,18,United-States,<=50K
17,Private,110798,11th,7,Never-married,Sales,Own-child,White,Female,0,0,20,United-States,<=50K
18,Private,182926,Some-college,10,Never-married,Handlers-cleaners,Own-child,White,Male,0,0,9,United-States,<=50K
41,Private,254500,Assoc-voc,11,Never-married,Prof-specialty,Not-in-family,White,Female,0,0,60,United-States,<=50K
22,Private,355320,Some-college,10,Never-married,Adm-clerical,Not-in-family,White,Female,0,0,40,United-States,<=50K
27,Private,154950,Some-college,10,Married-civ-spouse,Prof-specialty,Husband,White,Male,0,0,50,United-States,>50K
21,Private,73679,Some-college,10,Never-married,Exec-managerial,Own-child,White,Female,0,0,40,United-States,<=50K
30,Self-emp-not-inc,113555,Some-college,10,Never-married,Craft-repair,Own-child,White,Male,0,0,30,United-States,<=50K
37,Private,143582,HS-grad,9,Divorced,Exec-managerial,Unmarried,White,Female,0,0,50,United-States,<=50K
43,Private,160916,HS-grad,9,Married-civ-spouse,Other-service,Husband,Black,Male,0,0,40,United-States,>50K
36,Federal-gov,67433,HS-grad,9,Married-civ-spouse,Adm-clerical,Husband,White,Male,0,0,40,United-States,<=50K
25,Private,220220,11th,7,Never-married,Handlers-cleaners,Own-child,White,Male,0,0,45,United-States,<=50K
31,Private,309348,Bachelors,13,Separated,Sales,Own-child,Black,Female,0,0,40,United-States,<=50K
21,Private,64112,HS-grad,9,Never-married,Machine-op-inspct,Own-child,White,Male,0,0,40,United-States,<=50K
32,Private,156618,Bachelors,13,Divorced,Protective-serv,Not-in-family,Black,Male,0,0,60,United-States,>50K
62,Private,244566,9th,5,Married-civ-spouse,Exec-managerial,Husband,White,Male,0,0,40,United-States,<=50K
31,Private,376506,Bachelors,13,Never-married,Prof-specialty,Not-in-family,White,Female,0,0,40,United-States,<=50K
42,Private,340880,Doctorate,16,Never-married,Prof-specialty,Not-in-family,White,Male,0,0,50,United-States,<=50K
39,Private,61178,Bachelors,13,Divorced,Adm-clerical,Unmarried,White,Male,0,0,40,United-States,<=50K
55,Self-emp-not-inc,78954,HS-grad,9,Married-civ-spouse,Farming-fishing,Husband,Asian-Pac-Islander,Male,0,0,70,United-States,<=50K
42,Private,173411,Masters,14,Married-civ-spouse,Prof-specialty,Husband,White,Male,0,0,40,United-States,<=50K
51,Self-emp-not-inc,174102,Bachelors,13,Married-civ-spouse,Sales,Husband,White,Male,0,0,8,United-States,<=50K
34,Local-gov,254440,Bachelors,13,Divorced,Prof-specialty,Unmarried,White,Female,0,0,40,United-States,<=50K
63,Private,102412,HS-grad,9,Divorced,Sales,Not-in-family,White,Female,0,0,40,United-States,<=50K
43,Local-gov,174395,Masters,14,Married-civ-spouse,Prof-specialty,Husband,White,Male,0,0,50,United-States,<=50K
46,Private,186035,Bachelors,13,Married-civ-spouse,Prof-specialty,Husband,White,Male,3103,0,40,United-States,>50K
18,?,171748,Some-college,10,Never-married,?,Own-child,Black,Female,0,0,24,United-States,<=50K
39,Private,200574,Bachelors,13,Married-civ-spouse,Exec-managerial,Husband,White,Male,0,0,55,United-States,<=50K
22,?,285580,Some-college,10,Never-married,?,Not-in-family,White,Male,0,0,15,United-States,<=50K
59,Private,165505,HS-grad,9,Married-civ-spouse,Prof-specialty,Husband,Black,Male,0,0,60,United-States,<=50K
56,Private,75785,HS-grad,9,Married-civ-spouse,Exec-managerial,Husband,White,Male,0,0,40,United-States,>50K
32,Private,87310,Masters,14,Married-civ-spouse,Sales,Husband,White,Male,0,0,60,United-States,>50K
37,Private,144586,HS-grad,9,Divorced,Exec-managerial,Unmarried,White,Female,0,0,50,United-States,<=50K
24,Private,202214,Some-college,10,Never-married,Adm-clerical,Own-child,Black,Female,0,0,40,United-States,<=50K
53,Self-emp-not-inc,263439,Assoc-voc,11,Married-civ-spouse,Sales,Husband,White,Male,0,0,50,United-States,>50K
21,Private,145258,Some-college,10,Never-married,Prof-specialty,Not-in-family,White,Female,0,0,25,United-States,<=50K
39,?,157569,Masters,14,Married-civ-spouse,?,Wife,Asian-Pac-Islander,Female,3464,0,40,?,<=50K
70,Self-emp-inc,243190,9th,5,Divorced,Sales,Not-in-family,White,Male,0,0,45,United-States,<=50K
35,Local-gov,116960,Masters,14,Married-civ-spouse,Prof-specialty,Husband,White,Male,0,1887,40,United-States,>50K
22,Private,194630,Bachelors,13,Never-married,Sales,Not-in-family,White,Male,0,0,45,United-States,<=50K
47,Private,168138,HS-grad,9,Married-civ-spouse,Machine-op-inspct,Husband,White,Male,0,0,48,United-States,>50K
72,Self-emp-not-inc,285580,Prof-school,15,Married-civ-spouse,Prof-specialty,Husband,White,Male,0,2246,28,United-States,>50K
80,Private,86111,Doctorate,16,Married-civ-spouse,Prof-specialty,Husband,White,Male,0,0,30,United-States,<=50K
36,Private,484024,HS-grad,9,Divorced,Machine-op-inspct,Unmarried,White,Male,0,0,40,United-States,<=50K
40,Private,213225,HS-grad,9,Divorced,Sales,Unmarried,White,Female,0,0,30,United-States,<=50K
61,Private,120939,Prof-school,15,Married-civ-spouse,Transport-moving,Husband,White,Male,0,0,5,United-States,>50K
17,Private,118786,11th,7,Never-married,Sales,Other-relative,White,Female,0,0,24,United-States,<=50K
34,Private,228457,Bachelors,13,Divorced,Sales,Not-in-family,White,Female,0,0,40,United-States,<=50K
33,Federal-gov,137814,HS-grad,9,Never-married,Other-service,Not-in-family,White,Male,0,0,32,United-States,<=50K
26,Private,194690,HS-grad,9,Never-married,Sales,Own-child,White,Male,0,0,40,United-States,<=50K
29,Private,188729,Bachelors,13,Never-married,Adm-clerical,Not-in-family,White,Female,0,0,45,United-States,<=50K
47,Private,78954,11th,7,Divorced,Sales,Unmarried,White,Female,0,0,28,United-States,<=50K
47,Self-emp-inc,101926,Bachelors,13,Divorced,Exec-managerial,Not-in-family,White,Male,0,0,70,United-States,>50K
22,Private,200227,Some-college,10,Never-married,Sales,Own-child,White,Male,0,0,15,United-States,<=50K
39,Private,192773,HS-grad,9,Married-civ-spouse,Transport-moving,Husband,White,Male,0,0,56,United-States,<=50K
28,Private,336167,Bachelors,13,Never-married,Sales,Not-in-family,White,Male,0,0,45,United-States,<=50K
41,Private,274363,Some-college,10,Married-civ-spouse,Machine-op-inspct,Husband,White,Male,7298,0,42,United-States,>50K
23,Self-emp-not-inc,150057,10th,6,Never-married,Sales,Own-child,White,Female,0,0,40,United-States,<=50K
41,Self-emp-not-inc,197332,HS-grad,9,Married-civ-spouse,Exec-managerial,Husband,White,Male,0,0,50,United-States,<=50K
41,Self-emp-not-inc,33474,Bachelors,13,Married-civ-spouse,Exec-managerial,Husband,White,Male,0,0,55,United-States,>50K
40,Private,100292,HS-grad,9,Married-civ-spouse,Sales,Husband,White,Male,0,0,52,United-States,>50K
58,Private,78866,HS-grad,9,Never-married,Adm-clerical,Own-child,White,Female,0,0,40,United-States,<=50K
47,Self-emp-not-inc,117310,HS-grad,9,Never-married,Other-service,Not-in-family,White,Female,0,1876,48,United-States,<=50K
57,Private,96346,HS-grad,9,Widowed,Prof-specialty,Not-in-family,White,Female,0,0,57,United-States,<=50K
46,Private,37028,Prof-school,15,Married-civ-spouse,Prof-specialty,Husband,White,Male,99999,0,60,United-States,>50K
40,Private,163333,Some-college,10,Married-civ-spouse,Tech-support,Husband,White,Male,0,0,55,United-States,>50K
35,Private,340260,HS-grad,9,Divorced,Craft-repair,Unmarried,White,Female,0,0,48,United-States,<=50K
39,Private,238087,HS-grad,9,Divorced,Adm-clerical,Unmarried,White,Female,0,0,40,United-States,<=50K
52,Private,75839,Some-college,10,Married-civ-spouse,Tech-support,Husband,White,Male,0,0,40,United-States,<=50K
20,Private,48121,HS-grad,9,Never-married,Handlers-cleaners,Own-child,White,Male,0,0,40,United-States,<=50K
37,State-gov,59200,HS-grad,9,Never-married,Adm-clerical,Other-relative,White,Female,0,0,40,United-States,<=50K
40,Private,100292,HS-grad,9,Married-civ-spouse,Sales,Husband,White,Male,0,0,52,United-States,>50K
19,Private,179991,HS-grad,9,Never-married,Other-service,Own-child,White,Female,0,0,35,United-States,<=50K
29,Private,85572,Bachelors,13,Married-civ-spouse,Exec-managerial,Wife,White,Female,0,0,42,United-States,>50K
49,Private,422933,Masters,14,Married-civ-spouse,Sales,Husband,White,Male,0,0,50,United-States,>50K
26,Private,330132,Some-college,10,Never-married,Craft-repair,Unmarried,Asian-Pac-Islander,Male,0,0,37,Taiwan,<=50K
23,Private,462964,Bachelors,13,Never-married,Exec-managerial,Not-in-family,White,Female,0,0,50,United-States,<=50K
37,Private,77332,Bachelors,13,Married-civ-spouse,Exec-managerial,Husband,White,Male,0,0,50,United-States,>50K
32,State-gov,71151,Bachelors,13,Married-civ-spouse,Tech-support,Husband,White,Male,0,0,20,United-States,<=50K
25,Local-gov,45474,Bachelors,13,Married-civ-spouse,Prof-specialty,Husband,White,Male,0,0,60,United-States,<=50K
28,Self-emp-not-inc,141388,HS-grad,9,Never-married,Sales,Not-in-family,White,Male,0,0,60,United-States,<=50K
33,Private,157466,9th,5,Married-civ-spouse,Machine-op-inspct,Husband,White,Male,0,0,50,United-States,<=50K
25,Private,194352,Bachelors,13,Divorced,Prof-specialty,Not-in-family,White,Female,0,0,44,United-States,<=50K
53,Self-emp-not-inc,265201,Assoc-voc,11,Married-civ-spouse,Sales,Husband,White,Male,0,0,50,United-States,>50K
39,Private,202214,Some-college,10,Never-married,Sales,Not-in-family,White,Male,0,0,40,United-States,<=50K
38,?,75024,7th-8th,4,Divorced,?,Not-in-family,White,Female,0,0,40,United-States,<=50K
44,Private,374423,Masters,14,Married-civ-spouse,Exec-managerial,Husband,Black,Male,0,1902,40,United-States,>50K
45,Private,194243,Assoc-voc,11,Never-married,Other-service,Unmarried,White,Female,0,0,40,Mexico,<=50K
18,Private,375049,10th,6,Never-married,Transport-moving,Not-in-family,White,Male,0,0,56,United-States,<=50K
35,Private,107411,Some-college,10,Never-married,Machine-op-inspct,Not-in-family,White,Female,0,0,40,United-States,<=50K
42,Private,212944,Some-college,10,Married-civ-spouse,Sales,Husband,White,Male,0,0,60,United-States,>50K
34,Private,61308,Bachelors,13,Married-civ-spouse,Sales,Husband,White,Male,0,1887,40,United-States,>50K
27,?,330132,HS-grad,9,Never-married,?,Not-in-family,White,Female,0,0,25,United-States,<=50K
31,Private,79011,HS-grad,9,Never-married,Other-service,Own-child,White,Female,0,0,35,United-States,<=50K
17,Self-emp-inc,40915,9th,5,Never-married,Sales,Own-child,White,Female,0,0,40,United-States,<=50K
35,Private,102976,HS-grad,9,Divorced,Exec-managerial,Not-in-family,White,Male,0,0,50,United-States,<=50K
41,Private,43945,7th-8th,4,Married-civ-spouse,Craft-repair,Husband,White,Male,0,0,40,?,<=50K
50,Private,92079,Some-college,10,Married-civ-spouse,Tech-support,Husband,White,Male,0,0,45,United-States,>50K
34,Private,118605,Assoc-acdm,12,Married-civ-spouse,Prof-specialty,Husband,White,Male,0,0,55,United-States,<=50K
57,Private,123780,HS-grad,9,Married-civ-spouse,Adm-clerical,Wife,White,Female,0,0,45,United-States,<=50K
37,Private,126540,HS-grad,9,Never-married,Craft-repair,Own-child,White,Male,0,0,40,United-States,<=50K
50,Self-emp-not-inc,277488,Masters,14,Married-civ-spouse,Exec-managerial,Husband,White,Male,0,0,20,United-States,<=50K
51,Private,245873,Some-college,10,Married-civ-spouse,Adm-clerical,Wife,White,Female,0,0,40,United-States,<=50K
53,Self-emp-not-inc,265201,Assoc-voc,11,Married-civ-spouse,Sales,Husband,White,Male,0,0,50,United-States,>50K
36,State-gov,223020,Some-college,10,Divorced,Other-service,Unmarried,Black,Female,0,0,20,United-States,<=50K
46,Private,384795,Bachelors,13,Divorced,Prof-specialty,Unmarried,Black,Female,0,0,32,United-States,<=50K
46,Private,72619,Some-college,10,Married-civ-spouse,Exec-managerial,Wife,White,Female,0,0,40,United-States,>50K
61,Private,274363,HS-grad,9,Married-civ-spouse,Craft-repair,Husband,White,Male,0,0,40,United-States,<=50K
29,Private,148644,HS-grad,9,Married-civ-spouse,Farming-fishing,Husband,White,Male,0,0,60,United-States,<=50K
55,Local-gov,258102,Prof-school,15,Married-civ-spouse,Prof-specialty,Husband,White,Male,0,1902,40,United-States,>50K
26,Private,120939,HS-grad,9,Married-civ-spouse,Other-service,Husband,White,Male,0,0,50,United-States,<=50K
71,State-gov,211531,HS-grad,9,Married-civ-spouse,Protective-serv,Husband,White,Male,0,0,28,United-States,<=50K
45,Private,150025,Some-college,10,Divorced,Craft-repair,Not-in-family,White,Male,0,0,50,United-States,<=50K
54,Private,216149,Masters,14,Married-civ-spouse,Exec-managerial,Husband,White,Male,0,1887,44,United-States,>50K
28,Self-emp-not-inc,142566,HS-grad,9,Never-married,Sales,Not-in-family,White,Male,0,0,60,United-States,<=50K
48,Self-emp-not-inc,307404,Some-college,10,Married-civ-spouse,Prof-specialty,Husband,White,Male,5013,0,45,United-States,<=50K
37,State-gov,59924,HS-grad,9,Never-married,Adm-clerical,Other-relative,White,Female,0,0,40,United-States,<=50K
29,Local-gov,220426,Bachelors,13,Never-married,Protective-serv,Not-in-family,White,Male,0,0,56,United-States,<=50K
35,Private,111377,HS-grad,9,Separated,Transport-moving,Not-in-family,White,Male,0,0,40,United-States,<=50K
32,Private,200227,Some-college,10,Married-civ-spouse,Craft-repair,Husband,White,Male,0,0,40,United-States,<=50K
22,?,263339,Some-college,10,Never-married,?,Not-in-family,White,Female,0,0,28,United-States,<=50K
25,Private,290660,Assoc-acdm,12,Never-married,Adm-clerical,Not-in-family,Black,Female,0,0,40,United-States,<=50K
67,Private,159603,11th,7,Widowed,Other-service,Not-in-family,White,Female,0,0,40,United-States,<=50K
20,Private,206974,Some-college,10,Never-married,Prof-specialty,Own-child,White,Male,0,0,25,United-States,<=50K
49,State-gov,175109,Some-college,10,Married-civ-spouse,Prof-specialty,Husband,White,Male,0,0,50,United-States,>50K
41,Private,84817,Assoc-voc,11,Divorced,Prof-specialty,Unmarried,White,Female,3471,0,40,United-States,<=50K
40,Federal-gov,77332,Some-college,10,Divorced,Adm-clerical,Not-in-family,White,Female,0,0,50,United-States,<=50K
47,Local-gov,331539,11th,7,Married-spouse-absent,Craft-repair,Not-in-family,Black,Male,0,0,40,United-States,<=50K
45,Private,242768,HS-grad,9,Never-married,Transport-moving,Not-in-family,White,Male,0,0,40,United-States,<=50K
52,Self-emp-inc,74712,HS-grad,9,Married-civ-spouse,Sales,Husband,Asian-Pac-Islander,Male,0,0,40,United-States,>50K
48,Private,355686,Bachelors,13,Married-civ-spouse,Prof-specialty,Husband,White,Male,0,0,45,Canada,>50K
35,Private,95551,HS-grad,9,Separated,Exec-managerial,Not-in-family,White,Female,0,0,36,United-States,<=50K
29,Private,112776,HS-grad,9,Divorced,Exec-managerial,Unmarried,White,Female,0,0,45,United-States,<=50K
38,Private,34965,Some-college,10,Separated,Other-service,Unmarried,White,Female,0,0,40,United-States,<=50K
35,Private,396758,Some-college,10,Married-civ-spouse,Exec-managerial,Husband,White,Male,0,0,40,United-States,<=50K
43,Federal-gov,112115,Assoc-voc,11,Married-civ-spouse,Prof-specialty,Husband,White,Male,3103,0,40,United-States,>50K
33,Private,339482,HS-grad,9,Married-civ-spouse,Craft-repair,Husband,White,Male,0,0,40,United-States,<=50K
51,Private,171409,Some-college,10,Married-civ-spouse,Transport-moving,Husband,White,Male,0,0,40,United-States,>50K
38,?,75024,7th-8th,4,Divorced,?,Not-in-family,White,Female,0,0,40,United-States,<=50K
60,Private,125019,Bachelors,13,Divorced,Prof-specialty,Not-in-family,White,Female,8614,0,48,United-States,>50K
49,Private,423222,Masters,14,Married-civ-spouse,Sales,Husband,White,Male,0,0,50,United-States,>50K
37,Private,191342,1st-4th,2,Married-civ-spouse,Craft-repair,Husband,Asian-Pac-Islander,Male,0,0,40,Cambodia,<=50K
45,Private,170092,Some-college,10,Divorced,Other-service,Not-in-family,White,Female,0,0,50,United-States,<=50K
38,Local-gov,218184,5th-6th,3,Married-civ-spouse,Handlers-cleaners,Other-relative,White,Male,0,0,40,Mexico,<=50K
46,Private,212944,11th,7,Married-civ-spouse,Craft-repair,Husband,White,Male,0,0,32,United-States,<=50K
40,Self-emp-inc,142717,Bachelors,13,Married-civ-spouse,Exec-managerial,Wife,White,Female,0,0,55,United-States,>50K
19,Private,134252,HS-grad,9,Never-married,Other-service,Own-child,White,Male,0,0,35,United-States,<=50K
21,Private,73679,Some-college,10,Never-married,Exec-managerial,Own-child,White,Female,0,0,40,United-States,<=50K
18,Private,375049,10th,6,Never-married,Transport-moving,Not-in-family,White,Male,0,0,56,United-States,<=50K
24,Private,200598,HS-grad,9,Never-married,Handlers-cleaners,Own-child,White,Male,0,0,45,United-States,<=50K
61,Private,120939,Prof-school,15,Married-civ-spouse,Transport-moving,Husband,White,Male,0,0,5,United-States,>50K
30,Private,175856,HS-grad,9,Married-civ-spouse,Craft-repair,Husband,White,Male,0,0,42,United-States,>50K
39,Private,391937,HS-grad,9,Separated,Handlers-cleaners,Not-in-family,Black,Male,0,0,40,United-States,<=50K
52,Self-emp-inc,225612,HS-grad,9,Married-civ-spouse,Sales,Husband,White,Male,0,0,50,Cuba,<=50K
57,Local-gov,34393,HS-grad,9,Divorced,Protective-serv,Not-in-family,White,Female,0,0,40,United-States,<=50K
39,Private,132717,Doctorate,16,Married-civ-spouse,Exec-managerial,Husband,White,Male,0,0,42,United-States,>50K
21,Private,238087,5th-6th,3,Married-civ-spouse,Other-service,Husband,White,Male,0,0,40,Mexico,<=50K
34,Private,208994,Some-college,10,Married-civ-spouse,Adm-clerical,Husband,White,Male,0,0,40,United-States,>50K
25,Private,109421,HS-grad,9,Never-married,Adm-clerical,Own-child,White,Female,0,0,40,United-States,<=50K
35,Private,66624,HS-grad,9,Married-civ-spouse,Other-service,Husband,Asian-Pac-Islander,Male,0,0,40,China,<=50K
45,Self-emp-inc,139057,HS-grad,9,Married-civ-spouse,Sales,Husband,White,Male,0,0,50,United-States,>50K
56,Private,229954,HS-grad,9,Divorced,Adm-clerical,Not-in-family,White,Female,0,0,40,United-States,<=50K
18,Private,302372,HS-grad,9,Never-married,Sales,Not-in-family,White,Female,0,0,20,United-States,<=50K
37,Federal-gov,106297,HS-grad,9,Divorced,Handlers-cleaners,Unmarried,White,Male,0,0,40,United-States,<=50K
39,Private,132717,Doctorate,16,Married-civ-spouse,Exec-managerial,Husband,White,Male,0,0,42,United-States,>50K
22,?,242768,Some-college,10,Never-married,?,Own-child,Asian-Pac-Islander,Male,0,0,40,China,<=50K
40,Self-emp-inc,50644,Assoc-acdm,12,Divorced,Sales,Unmarried,White,Female,1506,0,40,United-States,<=50K
31,Private,183470,10th,6,Separated,Transport-moving,Unmarried,White,Male,0,0,40,United-States,<=50K
69,Private,271379,HS-grad,9,Widowed,Adm-clerical,Not-in-family,White,Female,0,0,40,United-States,<=50K
64,Self-emp-not-inc,211531,HS-grad,9,Married-civ-spouse,Craft-repair,Husband,White,Male,0,0,20,United-States,<=50K
31,Private,122194,HS-grad,9,Separated,Handlers-cleaners,Not-in-family,White,Male,0,0,40,United-States,<=50K
30,Private,94235,Bachelors,13,Married-civ-spouse,Prof-specialty,Husband,White,Male,0,0,60,United-States,<=50K
42,Private,66118,Some-college,10,Divorced,Machine-op-inspct,Not-in-family,White,Female,0,0,40,United-States,<=50K
19,Private,147322,Some-college,10,Never-married,Exec-managerial,Own-child,Black,Male,0,0,30,United-States,<=50K
35,Private,195891,Some-college,10,Married-civ-spouse,Tech-support,Husband,White,Male,0,0,40,United-States,<=50K
38,Federal-gov,33863,Some-college,10,Married-civ-spouse,Adm-clerical,Husband,Asian-Pac-Islander,Male,0,0,40,Philippines,>50K
55,Private,84817,HS-grad,9,Married-civ-spouse,Priv-house-serv,Wife,White,Female,0,0,30,United-States,<=50K
57,Private,201122,Assoc-acdm,12,Widowed,Adm-clerical,Other-relative,White,Female,0,0,40,United-States,<=50K
30,Private,261677,9th,5,Never-married,Handlers-cleaners,Unmarried,Black,Male,0,0,40,United-States,<=50K
27,Private,177287,Some-college,10,Divorced,Adm-clerical,Unmarried,White,Female,0,0,44,United-States,<=50K
51,Private,171705,Some-college,10,Married-civ-spouse,Transport-moving,Husband,White,Male,0,0,40,United-States,>50K
54,Local-gov,188588,5th-6th,3,Never-married,Machine-op-inspct,Not-in-family,White,Male,0,2001,35,United-States,<=50K
29,Private,201520,Some-college,10,Never-married,Adm-clerical,Not-in-family,White,Female,0,0,40,United-States,<=50K
24,Private,200997,HS-grad,9,Never-married,Handlers-cleaners,Own-child,White,Male,0,0,45,United-States,<=50K
44,Private,445382,HS-grad,9,Married-civ-spouse,Farming-fishing,Husband,White,Male,0,0,70,United-States,<=50K
42,Private,170562,Some-college,10,Married-civ-spouse,Prof-specialty,Husband,White,Male,0,0,45,United-States,<=50K
35,Self-emp-not-inc,190387,Bachelors,13,Married-civ-spouse,Farming-fishing,Husband,White,Male,0,0,45,United-States,<=50K
53,Private,99476,HS-grad,9,Divorced,Other-service,Not-in-family,White,Female,0,0,39,United-States,<=50K
39,Private,160703,9th,5,Divorced,Other-service,Unmarried,White,Female,0,0,40,United-States,<=50K
17,?,151141,10th,6,Never-married,?,Own-child,White,Male,0,0,30,United-States,<=50K
21,Private,224763,Some-college,10,Never-married,Other-service,Other-relative,White,Female,0,0,30,United-States,<=50K
39,Private,318036,Masters,14,Never-married,Exec-managerial,Not-in-family,Black,Male,8614,0,52,United-States,>50K
41,Private,191342,HS-grad,9,Married-civ-spouse,Adm-clerical,Own-child,White,Male,0,0,40,United-States,<=50K
52,Self-emp-inc,232220,HS-grad,9,Married-civ-spouse,Exec-managerial,Husband,White,Male,14344,0,40,United-States,>50K
39,Private,192614,Bachelors,13,Separated,Sales,Not-in-family,White,Male,0,0,50,United-States,<=50K
22,Private,88050,Assoc-acdm,12,Married-civ-spouse,Exec-managerial,Husband,Asian-Pac-Islander,Male,0,0,6,United-States,<=50K
31,Private,193132,Bachelors,13,Never-married,Tech-support,Not-in-family,White,Female,0,0,42,United-States,<=50K
30,Private,101266,HS-grad,9,Married-civ-spouse,Protective-serv,Husband,White,Male,0,0,40,United-States,<=50K
49,Private,146679,Assoc-voc,11,Married-civ-spouse,Machine-op-inspct,Wife,White,Female,0,0,40,Peru,<=50K
34,Private,423222,Some-college,10,Married-civ-spouse,Exec-managerial,Husband,White,Male,0,0,45,United-States,<=50K
45,Private,170583,Some-college,10,Divorced,Other-service,Not-in-family,White,Female,0,0,50,United-States,<=50K
38,Private,27012,Assoc-voc,11,Married-civ-spouse,Transport-moving,Husband,White,Male,0,0,70,United-States,<=50K
24,Private,236543,Bachelors,13,Never-married,Exec-managerial,Not-in-family,White,Male,0,0,40,United-States,<=50K
20,Private,29488,Some-college,10,Never-married,Craft-repair,Not-in-family,White,Male,0,0,40,United-States,<=50K
35,Private,194243,Some-college,10,Married-civ-spouse,Tech-support,Husband,White,Male,0,0,40,United-States,<=50K
25,Private,194630,Bachelors,13,Divorced,Prof-specialty,Not-in-family,White,Female,0,0,44,United-States,<=50K
40,Private,244172,5th-6th,3,Married-civ-spouse,Craft-repair,Husband,White,Male,0,0,40,United-States,<=50K
27,Private,141545,HS-grad,9,Married-civ-spouse,Transport-moving,Husband,White,Male,0,1902,45,United-States,<=50K
46,Self-emp-not-inc,244147,10th,6,Married-civ-spouse,Farming-fishing,Husband,White,Male,0,0,99,United-States,>50K
36,Private,358682,Bachelors,13,Never-married,Exec-managerial,Other-relative,White,Male,0,0,50,?,<=50K
30,Private,168330,HS-grad,9,Never-married,Sales,Unmarried,White,Female,0,0,35,Mexico,<=50K
22,Private,39952,Bachelors,13,Never-married,Exec-managerial,Not-in-family,White,Male,0,0,40,United-States,<=50K
32,Private,236648,12th,8,Married-civ-spouse,Craft-repair,Other-relative,White,Male,0,0,40,Mexico,<=50K
48,Local-gov,67716,Masters,14,Married-civ-spouse,Prof-specialty,Husband,White,Male,7688,0,50,United-States,>50K
24,Private,41356,Some-college,10,Married-civ-spouse,Craft-repair,Husband,White,Male,2407,0,40,United-States,<=50K
49,Federal-gov,59200,Bachelors,13,Married-civ-spouse,Exec-managerial,Husband,White,Male,7298,0,40,United-States,>50K
53,Local-gov,134768,HS-grad,9,Married-civ-spouse,Other-service,Husband,White,Male,0,2002,45,United-States,<=50K
19,?,19302,Some-college,10,Never-married,?,Own-child,White,Female,0,0,35,United-States,<=50K
38,Private,32916,Some-college,10,Married-civ-spouse,Exec-managerial,Husband,White,Male,0,0,45,United-States,<=50K
25,Private,165505,HS-grad,9,Never-married,Machine-op-inspct,Own-child,White,Male,4416,0,40,United-States,<=50K
66,Private,283613,HS-grad,9,Widowed,Sales,Not-in-family,White,Female,0,0,40,United-States,<=50K
46,Private,403911,Assoc-voc,11,Married-civ-spouse,Craft-repair,Husband,Black,Male,0,0,40,United-States,>50K
69,Private,271379,HS-grad,9,Widowed,Adm-clerical,Not-in-family,White,Female,0,0,40,United-States,<=50K
63,Self-emp-inc,165517,HS-grad,9,Married-civ-spouse,Exec-managerial,Husband,White,Male,0,0,40,United-States,<=50K
20,Private,210574,Some-college,10,Never-married,Other-service,Own-child,White,Female,0,0,15,United-States,<=50K
17,Self-emp-not-inc,366425,11th,7,Never-married,Farming-fishing,Own-child,White,Male,0,0,10,United-States,<=50K
40,Private,244395,5th-6th,3,Married-civ-spouse,Craft-repair,Husband,White,Male,0,0,40,United-States,<=50K
29,Private,72393,HS-grad,9,Never-married,Handlers-cleaners,Own-child,Asian-Pac-Islander,Male,0,0,26,United-States,<=50K
32,Private,86111,Some-college,10,Never-married,Other-service,Own-child,White,Female,0,0,38,United-States,<=50K
22,Private,112693,HS-grad,9,Married-civ-spouse,Craft-repair,Husband,White,Male,0,0,35,United-States,<=50K
27,Private,29261,Assoc-acdm,12,Never-married,Craft-repair,Unmarried,White,Male,0,0,40,United-States,<=50K
23,Private,19302,Bachelors,13,Never-married,Prof-specialty,Not-in-family,White,Female,0,0,4,United-States,<=50K
26,?,209768,Some-college,10,Never-married,?,Own-child,White,Male,0,0,12,United-States,<=50K
23,Self-emp-not-inc,189123,HS-grad,9,Married-civ-spouse,Handlers-cleaners,Own-child,White,Male,0,0,40,United-States,<=50K
47,Local-gov,127918,Doctorate,16,Never-married,Prof-specialty,Unmarried,White,Female,0,0,40,United-States,<=50K
53,Self-emp-not-inc,257940,7th-8th,4,Married-civ-spouse,Machine-op-inspct,Husband,White,Male,0,0,40,United-States,<=50K
50,State-gov,247806,HS-grad,9,Married-civ-spouse,Handlers-cleaners,Husband,White,Male,0,0,40,United-States,<=50K
26,Private,214275,HS-grad,9,Never-married,Other-service,Unmarried,White,Female,0,0,20,United-States,<=50K
31,Self-emp-not-inc,340880,Bachelors,13,Married-civ-spouse,Sales,Husband,White,Male,0,0,48,United-States,<=50K
18,Private,299347,HS-grad,9,Never-married,Other-service,Own-child,White,Female,0,0,20,United-States,<=50K
44,State-gov,111483,Masters,14,Married-civ-spouse,Prof-specialty,Husband,White,Male,0,0,40,United-States,>50K
26,Private,170983,Some-college,10,Never-married,Farming-fishing,Not-in-family,White,Female,0,0,38,United-States,<=50K
44,Private,183735,Assoc-acdm,12,Married-civ-spouse,Sales,Husband,White,Male,4386,0,40,United-States,>50K
20,Private,362999,Some-college,10,Never-married,Adm-clerical,Own-child,White,Female,0,0,20,United-States,<=50K
37,Private,257940,HS-grad,9,Married-civ-spouse,Transport-moving,Husband,White,Male,0,0,40,United-States,<=50K
49,Private,157569,HS-grad,9,Married-civ-spouse,Craft-repair,Husband,White,Male,0,0,40,United-States,<=50K
24,Private,428030,HS-grad,9,Never-married,Priv-house-serv,Not-in-family,White,Female,0,0,45,England,<=50K
31,Private,134252,HS-grad,9,Married-civ-spouse,Prof-specialty,Husband,White,Male,5178,0,45,United-States,>50K
36,Private,175526,HS-grad,9,Married-civ-spouse,Craft-repair,Husband,White,Male,0,0,35,United-States,<=50K
49,Private,340260,Masters,14,Married-civ-spouse,Sales,Husband,White,Male,0,0,40,United-States,>50K
28,Local-gov,175526,Assoc-acdm,12,Married-civ-spouse,Protective-serv,Husband,White,Male,0,2002,40,England,<=50K
50,Private,113364,HS-grad,9,Divorced,Adm-clerical,Not-in-family,White,Female,0,0,40,United-States,<=50K
43,Private,137618,Some-college,10,Married-civ-spouse,Exec-managerial,Husband,White,Male,0,0,40,United-States,>50K
52,Private,119111,HS-grad,9,Married-civ-spouse,Machine-op-inspct,Husband,White,Male,0,0,40,United-States,<=50K
64,Local-gov,78707,HS-grad,9,Divorced,Adm-clerical,Not-in-family,White,Female,0,0,40,United-States,<=50K
56,Private,359972,Masters,14,Married-civ-spouse,Exec-managerial,Husband,White,Male,0,0,60,England,>50K
38,Federal-gov,337908,Some-college,10,Married-civ-spouse,Adm-clerical,Husband,Asian-Pac-Islander,Male,0,0,40,Philippines,>50K
32,Private,184198,Bachelors,13,Married-civ-spouse,Craft-repair,Husband,White,Male,0,0,55,United-States,>50K
45,Private,101656,10th,6,Never-married,Machine-op-inspct,Not-in-family,Asian-Pac-Islander,Male,0,0,40,Vietnam,<=50K
19,State-gov,158948,Some-college,10,Never-married,Adm-clerical,Own-child,White,Male,0,0,15,United-States,<=50K
49,Private,125491,HS-grad,9,Married-civ-spouse,Sales,Husband,White,Male,0,0,40,United-States,<=50K
53,Federal-gov,117847,Assoc-acdm,12,Married-civ-spouse,Adm-clerical,Husband,White,Male,0,0,40,United-States,<=50K
28,?,30840,HS-grad,9,Married-civ-spouse,?,Wife,White,Female,0,0,17,Honduras,<=50K
30,Private,337908,Assoc-acdm,12,Married-civ-spouse,Adm-clerical,Wife,Black,Female,0,0,20,United-States,<=50K
41,State-gov,244395,HS-grad,9,Divorced,Protective-serv,Unmarried,White,Male,0,0,55,United-States,<=50K
54,Local-gov,287831,Some-college,10,Married-civ-spouse,Adm-clerical,Wife,Black,Female,0,0,55,United-States,>50K
22,Private,88050,Assoc-acdm,12,Married-civ-spouse,Exec-managerial,Husband,Asian-Pac-Islander,Male,0,0,6,United-States,<=50K
45,Private,188588,HS-grad,9,Married-civ-spouse,Machine-op-inspct,Husband,White,Male,0,0,45,United-States,>50K
30,Private,140752,HS-grad,9,Married-civ-spouse,Sales,Husband,White,Male,0,0,45,United-States,<=50K
43,State-gov,187560,Some-college,10,Separated,Craft-repair,Not-in-family,White,Male,0,0,37,United-States,<=50K
19,Private,258102,HS-grad,9,Never-married,Craft-repair,Other-relative,White,Male,0,0,35,United-States,<=50K
24,Private,206974,Bachelors,13,Never-married,Adm-clerical,Own-child,White,Female,0,0,40,United-States,<=50K
20,Private,329530,9th,5,Never-married,Priv-house-serv,Own-child,White,Male,0,0,40,Mexico,<=50K
32,State-gov,69333,Bachelors,13,Married-civ-spouse,Tech-support,Husband,White,Male,0,0,20,United-States,<=50K
42,Private,340880,Doctorate,16,Never-married,Prof-specialty,Not-in-family,White,Male,0,0,50,United-States,<=50K
51,Private,106679,Bachelors,13,Married-civ-spouse,Exec-managerial,Husband,White,Male,5178,0,60,United-States,>50K
47,Private,147322,HS-grad,9,Married-civ-spouse,Machine-op-inspct,Wife,White,Female,0,0,40,Columbia,<=50K
49,Federal-gov,59200,Bachelors,13,Married-civ-spouse,Exec-managerial,Husband,White,Male,7298,0,40,United-States,>50K
36,Self-emp-not-inc,104772,Bachelors,13,Married-civ-spouse,Prof-specialty,Husband,White,Male,3908,0,40,United-States,<=50K
52,Self-emp-inc,74712,HS-grad,9,Married-civ-spouse,Sales,Husband,Asian-Pac-Islander,Male,0,0,40,United-States,>50K
46,Local-gov,231714,Masters,14,Divorced,Exec-managerial,Not-in-family,White,Male,0,0,50,United-States,>50K
39,Private,238917,HS-grad,9,Divorced,Adm-clerical,Unmarried,White,Female,0,0,40,United-States,<=50K
28,Private,204751,Some-college,10,Married-civ-spouse,Sales,Husband,White,Male,0,0,40,United-States,<=50K
20,Private,413557,Some-college,10,Never-married,Prof-specialty,Not-in-family,White,Female,0,0,40,United-States,<=50K
19,?,192614,Some-college,10,Never-married,?,Own-child,White,Female,0,0,35,United-States,<=50K
22,State-gov,137814,Bachelors,13,Never-married,Prof-specialty,Not-in-family,White,Male,0,0,15,United-States,<=50K
23,Private,176077,Some-college,10,Never-married,Other-service,Other-relative,White,Female,0,0,25,United-States,<=50K
18,Private,305673,HS-grad,9,Never-married,Sales,Not-in-family,White,Female,0,0,20,United-States,<=50K
51,Private,302372,Assoc-voc,11,Married-civ-spouse,Craft-repair,Husband,White,Male,0,0,40,Canada,>50K
62,Private,270522,HS-grad,9,Divorced,Priv-house-serv,Unmarried,Black,Female,0,0,99,United-States,<=50K
39,Private,150025,Some-college,10,Married-civ-spouse,Craft-repair,Husband,White,Male,0,0,55,United-States,>50K
24,Private,190483,HS-grad,9,Never-married,Adm-clerical,Own-child,White,Female,0,0,40,United-States,<=50K
31,Private,31267,Bachelors,13,Separated,Sales,Own-child,Black,Female,0,0,40,United-States,<=50K
45,Private,194134,Assoc-voc,11,Never-married,Other-service,Unmarried,White,Female,0,0,40,Mexico,<=50K
39,Private,202662,Some-college,10,Never-married,Sales,Not-in-family,White,Male,0,0,40,United-States,<=50K
28,Private,77009,7th-8th,4,Divorced,Other-service,Unmarried,White,Female,0,0,50,United-States,<=50K
56,Private,75785,HS-grad,9,Married-civ-spouse,Exec-managerial,Husband,White,Male,0,0,40,United-States,>50K
43,Private,271379,HS-grad,9,Separated,Other-service,Not-in-family,White,Female,0,0,26,United-States,<=50K
29,Private,55674,HS-grad,9,Married-civ-spouse,Craft-repair,Husband,White,Male,0,0,40,United-States,<=50K
20,Private,208994,Some-college,10,Never-married,Prof-specialty,Own-child,White,Male,0,0,25,United-States,<=50K
25,Private,194243,Bachelors,13,Divorced,Prof-specialty,Not-in-family,White,Female,0,0,44,United-States,<=50K
27,Private,423222,Bachelors,13,Never-married,Craft-repair,Not-in-family,White,Male,0,0,50,United-States,<=50K
39,Private,67716,Assoc-voc,11,Never-married,Prof-specialty,Not-in-family,White,Female,4650,0,32,United-States,<=50K
53,Private,99476,HS-grad,9,Divorced,Other-service,Not-in-family,White,Female,0,0,38,United-States,<=50K
43,Federal-gov,145033,Bachelors,13,Married-civ-spouse,Adm-clerical,Husband,White,Male,0,0,42,United-States,>50K
53,Self-emp-not-inc,263439,Assoc-voc,11,Married-civ-spouse,Sales,Husband,White,Male,0,0,50,United-States,>50K
27,Private,293176,Assoc-acdm,12,Never-married,Craft-repair,Unmarried,White,Male,0,0,40,United-States,<=50K
23,Self-emp-not-inc,188925,HS-grad,9,Married-civ-spouse,Handlers-cleaners,Own-child,White,Male,0,0,40,United-States,<=50K
23,State-gov,187492,Bachelors,13,Never-married,Adm-clerical,Not-in-family,White,Male,0,0,16,United-States,<=50K
30,Private,204397,HS-grad,9,Never-married,Craft-repair,Own-child,White,Male,0,0,50,United-States,<=50K
35,Self-emp-not-inc,190466,Bachelors,13,Married-civ-spouse,Farming-fishing,Husband,White,Male,0,0,45,United-States,<=50K
30,Private,500002,Assoc-voc,11,Married-civ-spouse,Handlers-cleaners,Husband,White,Male,0,0,40,Mexico,<=50K
37,Private,216149,11th,7,Married-civ-spouse,Craft-repair,Husband,White,Male,0,0,45,United-States,<=50K
20,Private,194134,Some-college,10,Never-married,Prof-specialty,Other-relative,White,Male,0,0,12,United-States,<=50K
23,Private,387116,9th,5,Never-married,Farming-fishing,Unmarried,White,Male,0,0,70,United-States,<=50K
22,?,28738,Some-college,10,Never-married,?,Not-in-family,White,Male,0,0,15,United-States,<=50K
39,Private,236648,HS-grad,9,Divorced,Adm-clerical,Unmarried,White,Female,0,0,40,United-States,<=50K
27,Private,167558,HS-grad,9,Never-married,Exec-managerial,Own-child,White,Male,0,0,40,United-States,<=50K
18,Private,51789,Some-college,10,Never-married,Other-service,Own-child,White,Male,0,0,8,United-States,<=50K
62,Local-gov,114060,HS-grad,9,Married-civ-spouse,Transport-moving,Husband,White,Male,0,0,40,United-States,<=50K
39,Private,191935,Bachelors,13,Separated,Sales,Not-in-family,White,Male,0,0,50,United-States,<=50K
47,Private,146679,Some-college,10,Separated,Adm-clerical,Unmarried,White,Female,0,0,16,Germany,<=50K
38,Private,366425,Some-college,10,Divorced,Sales,Unmarried,White,Female,0,0,38,United-States,<=50K
29,Private,178100,HS-grad,9,Married-civ-spouse,Machine-op-inspct,Husband,White,Male,0,0,40,United-States,<=50K
43,Private,130397,10th,6,Never-married,Machine-op-inspct,Not-in-family,Black,Male,0,0,40,United-States,<=50K
28,Federal-gov,370119,Some-college,10,Never-married,Adm-clerical,Not-in-family,White,Female,0,0,40,United-States,<=50K
30,Private,226525,10th,6,Divorced,Transport-moving,Own-child,White,Male,0,0,40,United-States,<=50K
31,Private,100734,Doctorate,16,Never-married,Prof-specialty,Not-in-family,White,Female,0,0,28,United-States,<=50K
29,Private,188798,Bachelors,13,Never-married,Adm-clerical,Not-in-family,White,Female,0,0,45,United-States,<=50K
66,Private,336969,HS-grad,9,Married-civ-spouse,Other-service,Husband,Black,Male,0,0,4,United-States,<=50K
34,Private,28053,Bachelors,13,Married-spouse-absent,Adm-clerical,Not-in-family,White,Female,0,0,25,United-States,<=50K
31,Private,309974,Bachelors,13,Separated,Sales,Own-child,Black,Female,0,0,40,United-States,<=50K
45,Self-emp-inc,140282,HS-grad,9,Married-civ-spouse,Sales,Husband,White,Male,0,0,50,United-States,>50K
39,Private,212944,Bachelors,13,Divorced,Prof-specialty,Unmarried,Black,Female,0,0,40,United-States,<=50K
40,Private,163333,Bachelors,13,Divorced,Exec-managerial,Not-in-family,White,Female,10520,0,40,United-States,>50K
25,Private,130397,10th,6,Never-married,Farming-fishing,Unmarried,Amer-Indian-Eskimo,Male,0,0,40,United-States,<=50K
20,Private,104164,HS-grad,9,Never-married,Handlers-cleaners,Own-child,White,Male,0,0,40,United-States,<=50K
48,Private,188925,Some-college,10,Divorced,Handlers-cleaners,Own-child,White,Male,2176,0,40,United-States,<=50K
37,Private,226872,Bachelors,13,Married-civ-spouse,Sales,Husband,White,Male,0,0,55,United-States,>50K
56,Self-emp-inc,216907,12th,8,Married-civ-spouse,Exec-managerial,Husband,White,Male,0,1651,40,United-States,<=50K
37,Private,77820,Bachelors,13,Married-civ-spouse,Exec-managerial,Husband,White,Male,0,0,50,United-States,>50K
31,Private,196029,11th,7,Married-civ-spouse,Craft-repair,Husband,White,Male,0,0,40,United-States,<=50K
21,Private,215014,11th,7,Never-married,Handlers-cleaners,Own-child,White,Male,0,0,40,United-States,<=50K
22,Private,220669,Bachelors,13,Never-married,Adm-clerical,Own-child,White,Male,0,0,40,United-States,<=50K
40,Private,163215,Bachelors,13,Divorced,Exec-managerial,Not-in-family,White,Female,10520,0,40,United-States,>50K
29,Local-gov,152744,Masters,14,Never-married,Prof-specialty,Other-relative,Asian-Pac-Islander,Female,1506,0,40,United-States,<=50K
24,Private,270324,Some-college,10,Never-married,Sales,Not-in-family,White,Female,0,0,25,United-States,<=50K
21,Private,215014,11th,7,Never-married,Handlers-cleaners,Own-child,White,Male,0,0,40,United-States,<=50K
37,Private,256173,HS-grad,9,Married-civ-spouse,Transport-moving,Husband,White,Male,0,0,40,United-States,<=50K
35,Private,422933,Bachelors,13,Never-married,Other-service,Not-in-family,White,Male,0,0,37,United-States,<=50K
42,Private,245873,HS-grad,9,Married-civ-spouse,Sales,Husband,White,Male,0,0,50,United-States,<=50K
42,Private,247806,HS-grad,9,Married-civ-spouse,Machine-op-inspct,Husband,White,Male,0,0,40,United-States,>50K
30,Private,112115,Bachelors,13,Married-civ-spouse,Exec-managerial,Husband,White,Male,0,0,50,United-States,>50K
35,Private,67243,HS-grad,9,Married-civ-spouse,Other-service,Husband,Asian-Pac-Islander,Male,0,0,40,China,<=50K
41,Private,106159,HS-grad,9,Never-married,Machine-op-inspct,Own-child,White,Male,13550,0,48,United-States,>50K
25,Private,178768,7th-8th,4,Never-married,Handlers-cleaners,Unmarried,White,Male,0,0,40,United-States,<=50K
46,Private,366533,Prof-school,15,Married-civ-spouse,Prof-specialty,Husband,White,Male,99999,0,60,United-States,>50K
39,Private,132717,Doctorate,2,Married-civ-spouse,Exec-managerial,Husband,White,Male,0,0,42,United-States,>50K
44,Private,45474,HS-grad,9,Married-civ-spouse,Farming-fishing,Husband,White,Male,0,0,70,United-States,<=50K
