age,workclass,fnlwgt,education,education-num,marital-status,occupation,relationship,race,sex,capital-gain,capital-loss,hours-per-week,native-country,income
28,Private,628797,Masters,14,Married-civ-spouse,Sales,Husband,White,Male,0,0,60,United-States,>50K
35,Private,208726,HS-grad,9,Married-civ-spouse,Transport-moving,Husband,White,Male,0,0,60,United-States,<=50K
24,Private,225267,HS-grad,9,Married-civ-spouse,Craft-repair,Husband,White,Male,0,0,40,United-States,<=50K
51,Without-pay,124971,Assoc-acdm,12,Married-civ-spouse,Sales,Husband,White,Male,0,0,45,United-States,<=50K
57,Private,201159,Assoc-acdm,12,Widowed,Adm-clerical,Other-relative,White,Female,0,0,40,United-States,<=50K
39,Private,238311,HS-grad,9,Divorced,Adm-clerical,Unmarried,White,Female,0,0,40,United-States,<=50K
53,State-gov,104501,Doctorate,16,Married-civ-spouse,Prof-specialty,Husband,White,Male,0,0,40,?,>50K
30,Private,212944,Some-college,10,Married-civ-spouse,Tech-support,Husband,Black,Male,0,0,14,United-States,<=50K
54,Private,340917,Some-college,10,Married-civ-spouse,Exec-managerial,Husband,White,Male,0,0,44,United-States,>50K
33,Self-emp-not-inc,183778,Assoc-acdm,12,Divorced,Sales,Not-in-family,White,Male,0,0,40,United-States,<=50K
29,Private,356838,HS-grad,9,Married-civ-spouse,Sales,Husband,White,Male,0,0,60,United-States,<=50K
17,Private,247547,11th,7,Never-married,Other-service,Own-child,White,Male,0,0,12,United-States,<=50K
19,Private,393712,HS-grad,9,Never-married,Adm-clerical,Own-child,White,Female,0,0,20,United-States,<=50K
48,Private,85341,HS-grad,9,Married-civ-spouse,Craft-repair,Husband,White,Male,0,0,40,United-States,<=50K
61,?,63526,12th,8,Never-married,?,Not-in-family,Black,Male,0,0,52,United-States,<=50K
39,Self-emp-not-inc,106347,Some-college,10,Divorced,Sales,Unmarried,White,Male,0,0,47,United-States,<=50K
29,Private,271122,Assoc-voc,11,Never-married,Prof-specialty,Not-in-family,White,Male,0,0,43,United-States,<=50K
43,Private,282069,Some-college,10,Divorced,Craft-repair,Unmarried,White,Male,0,0,42,United-States,<=50K
23,Private,253250,Assoc-acdm,12,Married-civ-spouse,Handlers-cleaners,Husband,White,Male,0,0,25,United-States,<=50K
30,State-gov,144064,HS-grad,9,Married-civ-spouse,Protective-serv,Husband,White,Male,0,0,40,United-States,>50K
25,State-gov,218184,Bachelors,13,Never-married,Protective-serv,Not-in-family,Black,Female,0,0,40,United-States,<=50K
26,Local-gov,73266,HS-grad,9,Never-married,Handlers-cleaners,Own-child,Amer-Indian-Eskimo,Male,0,0,30,United-States,<=50K
46,Self-emp-not-inc,102869,HS-grad,9,Married-civ-spouse,Sales,Husband,White,Male,0,0,40,United-States,>50K
25,Private,193379,Bachelors,13,Married-civ-spouse,Tech-support,Husband,White,Male,0,0,35,United-States,<=50K
17,Private,271466,12th,8,Never-married,Other-service,Own-child,White,Female,0,0,16,United-States,<=50K
36,Private,218689,Masters,14,Married-civ-spouse,Sales,Husband,White,Male,0,1977,50,United-States,>50K
34,Self-emp-not-inc,243867,HS-grad,9,Married-civ-spouse,Farming-fishing,Husband,White,Male,0,0,45,United-States,<=50K
66,Private,366425,HS-grad,9,Married-civ-spouse,Other-service,Husband,White,Male,0,0,40,United-States,<=50K
51,Private,337908,HS-grad,9,Married-civ-spouse,Craft-repair,Husband,White,Male,0,1902,40,United-States,>50K
25,Private,136277,Bachelors,13,Never-married,Adm-clerical,Own-child,Black,Female,0,0,40,United-States,<=50K
49,Local-gov,175999,11th,7,Married-civ-spouse,Handlers-cleaners,Husband,White,Male,0,0,40,Italy,<=50K
77,Self-emp-not-inc,163687,Preschool,1,Widowed,Exec-managerial,Not-in-family,White,Female,0,0,60,United-States,<=50K
45,Private,170099,Some-college,10,Divorced,Craft-repair,Not-in-family,White,Male,0,0,40,United-States,<=50K
31,Private,43607,Bachelors,13,Widowed,Adm-clerical,Unmarried,White,Male,0,0,60,United-States,<=50K
68,Private,204082,Some-college,10,Widowed,Exec-managerial,Not-in-family,White,Female,0,0,45,United-States,<=50K
20,Private,104164,HS-grad,9,Never-married,Handlers-cleaners,Own-child,White,Male,0,0,40,United-States,<=50K
22,Private,53833,HS-grad,9,Never-married,Other-service,Own-child,White,Male,0,0,40,United-States,<=50K
38,Private,123160,HS-grad,9,Married-civ-spouse,Adm-clerical,Husband,Asian-Pac-Islander,Male,0,0,48,Trinadad&Tobago,<=50K
29,Self-emp-not-inc,75435,Some-college,10,Married-civ-spouse,Prof-specialty,Husband,Amer-Indian-Eskimo,Male,0,0,40,United-States,<=50K
34,Private,561334,Some-college,10,Married-civ-spouse,Exec-managerial,Husband,White,Male,0,0,50,United-States,>50K
24,Private,232220,HS-grad,9,Married-civ-spouse,Craft-repair,Husband,White,Male,0,0,40,United-States,<=50K
50,Self-emp-inc,118792,Some-college,10,Married-civ-spouse,Exec-managerial,Husband,White,Male,0,0,99,United-States,>50K
61,?,69285,HS-grad,9,Married-civ-spouse,?,Husband,White,Male,0,0,37,United-States,<=50K
25,Self-emp-inc,98756,Some-college,10,Divorced,Adm-clerical,Own-child,White,Female,0,0,50,United-States,<=50K
44,Local-gov,609789,Bachelors,13,Divorced,Prof-specialty,Own-child,White,Female,0,0,60,United-States,<=50K
35,Local-gov,116952,Masters,14,Married-civ-spouse,Prof-specialty,Husband,White,Male,0,1887,40,United-States,>50K
44,State-gov,115932,Masters,14,Married-civ-spouse,Exec-managerial,Husband,White,Male,0,0,40,United-States,<=50K
27,Private,281356,HS-grad,9,Married-civ-spouse,Transport-moving,Husband,Black,Male,0,0,40,United-States,<=50K
45,Private,185283,Assoc-acdm,12,Divorced,Craft-repair,Not-in-family,White,Male,0,0,40,United-States,<=50K
38,Private,476558,Bachelors,13,Married-civ-spouse,Other-service,Husband,White,Male,0,0,35,Mexico,<=50K
28,Private,181087,Bachelors,13,Married-civ-spouse,Exec-managerial,Husband,White,Male,0,0,50,England,>50K
59,Private,194526,HS-grad,9,Married-civ-spouse,Farming-fishing,Husband,White,Male,0,0,48,United-States,<=50K
34,State-gov,239284,HS-grad,9,Divorced,Transport-moving,Unmarried,White,Female,0,0,40,United-States,<=50K
28,Private,142921,HS-grad,9,Married-spouse-absent,Other-service,Not-in-family,Asian-Pac-Islander,Female,0,0,40,South,<=50K
28,Private,632733,Masters,14,Married-civ-spouse,Sales,Husband,White,Male,0,0,60,United-States,>50K
61,Private,273803,HS-grad,9,Married-civ-spouse,Craft-repair,Husband,White,Male,0,0,40,United-States,<=50K
29,Private,161251,Assoc-acdm,12,Married-civ-spouse,Prof-specialty,Husband,White,Male,0,0,50,United-States,<=50K
26,Private,110243,HS-grad,9,Never-married,Other-service,Not-in-family,White,Female,0,1762,40,United-States,<=50K
54,Self-emp-not-inc,363405,7th-8th,4,Married-civ-spouse,Machine-op-inspct,Husband,White,Male,0,0,50,United-States,<=50K
57,Self-emp-not-inc,221550,Some-college,10,Married-civ-spouse,Exec-managerial,Wife,White,Female,0,0,60,United-States,<=50K
31,Private,271466,Some-college,10,Married-civ-spouse,Machine-op-inspct,Wife,White,Female,0,0,40,United-States,<=50K
30,Private,243867,Some-college,10,Never-married,Prof-specialty,Not-in-family,Black,Male,0,0,45,United-States,<=50K
29,Private,82242,Prof-school,15,Never-married,Prof-specialty,Unmarried,White,Male,27828,0,45,Germany,>50K
30,Private,143582,Bachelors,13,Married-civ-spouse,Prof-specialty,Husband,White,Male,0,0,40,United-States,>50K
34,Private,235951,HS-grad,9,Never-married,Machine-op-inspct,Unmarried,White,Male,0,0,40,United-States,<=50K
34,Self-emp-not-inc,247547,HS-grad,9,Married-civ-spouse,Farming-fishing,Husband,White,Male,0,0,45,United-States,<=50K
51,Local-gov,250770,9th,5,Married-civ-spouse,Other-service,Wife,White,Female,0,0,38,Puerto-Rico,<=50K
46,Self-emp-not-inc,243240,10th,6,Married-civ-spouse,Farming-fishing,Husband,White,Male,0,0,99,United-States,>50K
70,?,148429,HS-grad,9,Widowed,?,Not-in-family,White,Female,2964,0,12,United-States,<=50K
54,Private,420691,1st-4th,2,Married-civ-spouse,Other-service,Husband,White,Male,0,0,40,Mexico,<=50K
32,Private,52636,Some-college,10,Never-married,Tech-support,Not-in-family,Black,Male,0,0,38,United-States,<=50K
32,Private,281219,Assoc-voc,11,Divorced,Sales,Unmarried,White,Female,0,1380,40,United-States,<=50K
29,Self-emp-not-inc,58744,Assoc-acdm,12,Never-married,Other-service,Own-child,White,Male,0,0,60,United-States,<=50K
28,Private,407043,HS-grad,9,Married-civ-spouse,Adm-clerical,Husband,Black,Male,0,0,40,United-States,<=50K
44,Local-gov,291981,Assoc-voc,11,Divorced,Protective-serv,Own-child,White,Female,0,0,40,Cuba,<=50K
32,Private,238255,12th,8,Divorced,Protective-serv,Own-child,White,Male,0,0,54,Mexico,<=50K
32,Private,281356,Assoc-voc,11,Divorced,Sales,Unmarried,White,Female,0,1380,40,United-States,<=50K
37,Private,238255,HS-grad,9,Married-civ-spouse,Machine-op-inspct,Husband,Black,Male,0,0,36,United-States,>50K
37,Private,194740,HS-grad,9,Divorced,Craft-repair,Not-in-family,White,Male,0,0,50,United-States,<=50K
23,Private,34996,HS-grad,9,Never-married,Sales,Not-in-family,White,Male,0,0,40,United-States,<=50K
31,Private,168035,Bachelors,13,Married-civ-spouse,Prof-specialty,Husband,White,Male,7688,0,40,Canada,>50K
22,Private,218689,Bachelors,13,Never-married,Adm-clerical,Own-child,White,Male,0,0,40,United-States,<=50K
51,Private,27804,Some-college,10,Divorced,Priv-house-serv,Unmarried,Amer-Indian-Eskimo,Female,0,0,35,United-States,<=50K
38,Private,189462,Bachelors,13,Never-married,Exec-managerial,Not-in-family,White,Male,0,1340,40,United-States,<=50K
21,Private,113176,Some-college,10,Never-married,Adm-clerical,Own-child,White,Male,0,0,50,United-States,<=50K
30,Private,176270,Assoc-voc,11,Divorced,Adm-clerical,Unmarried,White,Female,0,0,24,United-States,<=50K
49,Self-emp-not-inc,111066,Bachelors,13,Married-civ-spouse,Craft-repair,Husband,White,Male,0,0,50,United-States,>50K
69,?,632733,Some-college,10,Widowed,?,Not-in-family,White,Female,0,0,20,United-States,<=50K
65,?,37170,7th-8th,4,Married-civ-spouse,?,Husband,White,Male,0,0,20,United-States,<=50K
46,Private,172695,11th,7,Widowed,Other-service,Not-in-family,White,Female,0,0,27,El-Salvador,<=50K
25,Private,210794,Bachelors,13,Never-married,Prof-specialty,Own-child,White,Female,0,0,40,United-States,<=50K
59,Private,108929,Doctorate,16,Never-married,Prof-specialty,Not-in-family,White,Male,0,0,50,United-States,<=50K
54,?,95329,Some-college,10,Divorced,?,Own-child,White,Male,0,0,50,United-States,<=50K
37,Private,194243,HS-grad,9,Divorced,Craft-repair,Not-in-family,White,Male,0,0,50,United-States,<=50K
50,?,146497,HS-grad,9,Married-civ-spouse,?,Husband,White,Male,0,0,40,United-States,>50K
25,Private,136277,Bachelors,13,Never-married,Adm-clerical,Own-child,Black,Female,0,0,40,United-States,<=50K
18,Local-gov,158948,7th-8th,4,Never-married,Farming-fishing,Own-child,White,Male,0,0,40,United-States,<=50K
29,Private,48718,Some-college,10,Married-civ-spouse,Transport-moving,Husband,White,Male,0,0,45,United-States,>50K
31,Self-emp-not-inc,113176,HS-grad,9,Divorced,Craft-repair,Not-in-family,White,Male,0,0,60,United-States,<=50K
39,Private,107991,Some-college,10,Married-civ-spouse,Exec-managerial,Husband,White,Male,0,0,45,United-States,>50K
48,Private,149507,Some-college,10,Divorced,Machine-op-inspct,Not-in-family,White,Male,0,0,40,United-States,>50K
43,Private,202053,Some-college,10,Married-civ-spouse,Sales,Husband,White,Male,0,0,30,United-States,>50K
48,Private,239155,Bachelors,13,Separated,Adm-clerical,Unmarried,Asian-Pac-Islander,Female,0,0,40,Philippines,<=50K
38,Private,165302,Some-college,10,Divorced,Adm-clerical,Unmarried,Other,Female,0,0,40,United-States,<=50K
56,Private,92215,9th,5,Divorced,Craft-repair,Not-in-family,White,Female,0,0,40,United-States,>50K
34,Private,561334,Some-college,10,Married-civ-spouse,Exec-managerial,Husband,White,Male,0,0,50,United-States,>50K
48,Local-gov,102076,Bachelors,13,Never-married,Adm-clerical,Unmarried,White,Female,0,0,35,United-States,<=50K
36,Self-emp-not-inc,122493,HS-grad,9,Married-civ-spouse,Craft-repair,Husband,White,Male,0,0,47,United-States,<=50K
41,Private,106159,HS-grad,9,Never-married,Machine-op-inspct,Own-child,White,Male,14344,0,48,United-States,>50K
28,Private,308241,12th,8,Never-married,Prof-specialty,Unmarried,White,Female,0,0,40,United-States,<=50K
23,Private,351711,HS-grad,9,Never-married,Sales,Not-in-family,White,Male,0,0,40,United-States,<=50K
47,Private,275967,10th,6,Married-civ-spouse,Craft-repair,Husband,White,Male,0,0,35,United-States,<=50K
20,?,175006,Some-college,10,Never-married,?,Own-child,White,Male,0,0,20,United-States,<=50K
55,Private,128378,Some-college,10,Married-civ-spouse,Transport-moving,Husband,White,Male,0,0,60,United-States,<=50K
50,Local-gov,36327,Some-college,10,Widowed,Adm-clerical,Unmarried,White,Female,0,0,40,United-States,<=50K
63,Private,255098,Assoc-voc,11,Divorced,Other-service,Not-in-family,White,Female,0,0,20,United-States,<=50K
19,Private,144391,Some-college,10,Never-married,Adm-clerical,Own-child,White,Male,0,0,18,United-States,<=50K
37,Private,29441,HS-grad,9,Divorced,Machine-op-inspct,Not-in-family,White,Male,0,0,40,United-States,<=50K
22,Private,109609,Some-college,10,Never-married,Adm-clerical,Not-in-family,White,Female,0,0,40,United-States,<=50K
19,Private,144750,Some-college,10,Never-married,Adm-clerical,Own-child,White,Male,0,0,18,United-States,<=50K
50,Private,92079,Some-college,10,Married-civ-spouse,Tech-support,Husband,White,Male,0,0,45,United-States,>50K
29,Private,83242,HS-grad,9,Married-civ-spouse,Other-service,Wife,White,Female,0,0,40,United-States,<=50K
25,Private,359985,5th-6th,3,Never-married,Adm-clerical,Not-in-family,White,Female,0,0,33,Mexico,<=50K
18,Self-emp-not-inc,132717,HS-grad,9,Never-married,Farming-fishing,Own-child,White,Male,0,0,40,United-States,<=50K
33,Federal-gov,122220,Some-college,10,Married-civ-spouse,Exec-managerial,Wife,Black,Female,0,0,40,United-States,>50K
49,Local-gov,22428,Some-college,10,Divorced,Adm-clerical,Not-in-family,White,Female,0,0,44,United-States,<=50K
50,Self-emp-inc,119254,Some-college,10,Married-civ-spouse,Exec-managerial,Husband,White,Male,0,0,99,United-States,>50K
40,Private,100292,HS-grad,9,Married-civ-spouse,Sales,Husband,White,Male,0,0,52,United-States,>50K
43,Private,27016,HS-grad,9,Separated,Other-service,Not-in-family,White,Female,0,0,26,United-States,<=50K
33,Private,158420,9th,5,Married-civ-spouse,Machine-op-inspct,Husband,White,Male,0,0,50,United-States,<=50K
22,Private,110103,Some-college,10,Never-married,Adm-clerical,Not-in-family,White,Female,0,0,40,United-States,<=50K
25,State-gov,218184,Bachelors,13,Never-married,Protective-serv,Not-in-family,Black,Female,0,0,40,United-States,<=50K
23,Private,210275,Some-college,10,Never-married,Other-service,Own-child,White,Female,0,0,20,United-States,<=50K
36,Private,397877,Bachelors,13,Married-civ-spouse,Sales,Husband,White,Male,0,1902,40,United-States,>50K
43,Local-gov,85440,Masters,14,Married-civ-spouse,Prof-specialty,Husband,White,Male,0,0,45,United-States,>50K
24,Private,201697,HS-grad,9,Never-married,Handlers-cleaners,Own-child,White,Male,0,0,45,United-States,<=50K
30,Private,169496,Assoc-acdm,12,Never-married,Other-service,Other-relative,Asian-Pac-Islander,Male,0,0,40,Vietnam,<=50K
17,Private,370119,11th,7,Never-married,Handlers-cleaners,Own-child,White,Male,0,0,30,United-States,<=50K
62,Private,110103,HS-grad,9,Widowed,Craft-repair,Unmarried,Black,Female,0,0,40,United-States,<=50K
48,Private,238255,Bachelors,13,Separated,Adm-clerical,Unmarried,Asian-Pac-Islander,Female,0,0,40,Philippines,<=50K
30,Private,316606,Bachelors,13,Married-civ-spouse,Other-service,Wife,White,Female,0,0,40,United-States,<=50K
31,Private,507875,9th,5,Married-civ-spouse,Machine-op-inspct,Husband,White,Male,0,0,43,United-States,<=50K
30,State-gov,61989,Some-college,10,Never-married,Prof-specialty,Not-in-family,White,Female,0,0,5,United-States,<=50K
49,Private,110279,Bachelors,13,Married-civ-spouse,Exec-managerial,Husband,White,Male,0,0,45,United-States,>50K
21,?,105312,HS-grad,9,Never-married,?,Not-in-family,White,Female,0,0,20,United-States,<=50K
24,Private,236391,HS-grad,9,Married-civ-spouse,Craft-repair,Husband,White,Male,0,0,40,United-States,<=50K
31,Private,188888,Masters,14,Married-civ-spouse,Exec-managerial,Wife,White,Female,0,0,40,United-States,>50K
31,Private,149337,12th,8,Married-civ-spouse,Craft-repair,Husband,White,Male,0,0,43,United-States,<=50K
27,Private,202956,Bachelors,13,Never-married,Prof-specialty,Own-child,Black,Male,0,0,40,United-States,<=50K
45,Self-emp-inc,84324,Assoc-acdm,12,Married-civ-spouse,Prof-specialty,Husband,White,Male,0,0,50,United-States,>50K
18,?,172129,Some-college,10,Never-married,?,Own-child,Black,Female,0,0,24,United-States,<=50K
52,Private,186539,Some-college,10,Married-civ-spouse,Exec-managerial,Husband,White,Male,14344,0,55,Canada,>50K
38,Private,165302,Some-college,10,Divorced,Adm-clerical,Unmarried,Other,Female,0,0,40,United-States,<=50K
48,Private,99385,HS-grad,9,Separated,Adm-clerical,Not-in-family,White,Female,0,0,40,United-States,<=50K
30,Private,361742,Some-college,10,Married-civ-spouse,Exec-managerial,Husband,White,Male,0,0,50,United-States,<=50K
63,Private,102412,HS-grad,9,Divorced,Sales,Not-in-family,White,Female,0,0,40,United-States,<=50K
38,Federal-gov,172571,Some-college,10,Divorced,Adm-clerical,Not-in-family,White,Male,0,0,40,United-States,>50K
18,Private,51838,Some-college,10,Never-married,Other-service,Own-child,White,Male,0,0,8,United-States,<=50K
38,Private,93140,HS-grad,9,Separated,Machine-op-inspct,Unmarried,Black,Female,0,0,28,United-States,<=50K
38,?,75024,7th-8th,4,Divorced,?,Not-in-family,White,Female,0,0,40,United-States,<=50K
39,Self-emp-inc,122493,Assoc-acdm,12,Married-civ-spouse,Exec-managerial,Husband,White,Male,15024,0,55,United-States,>50K
42,Private,172129,Masters,14,Married-civ-spouse,Adm-clerical,Husband,White,Male,0,1902,40,United-States,>50K
65,?,371987,7th-8th,4,Married-civ-spouse,?,Husband,White,Male,0,0,20,United-States,<=50K
40,State-gov,199018,Masters,14,Married-civ-spouse,Prof-specialty,Wife,White,Female,15024,0,37,United-States,>50K
71,State-gov,210714,HS-grad,9,Married-civ-spouse,Protective-serv,Husband,White,Male,0,0,28,United-States,<=50K
33,State-gov,29441,HS-grad,9,Married-civ-spouse,Craft-repair,Husband,White,Male,0,0,40,United-States,<=50K
40,Private,71738,Masters,14,Married-civ-spouse,Exec-managerial,Husband,White,Male,0,0,46,United-States,>50K
35,Private,82552,HS-grad,9,Never-married,Craft-repair,Unmarried,White,Male,0,0,35,United-States,<=50K
17,Private,376540,11th,7,Never-married,Handlers-cleaners,Own-child,White,Male,0,0,30,United-States,<=50K
24,Private,274809,HS-grad,9,Married-civ-spouse,Machine-op-inspct,Husband,White,Male,0,0,50,United-States,<=50K
19,Private,146679,Some-college,10,Never-married,Exec-managerial,Own-child,Black,Male,0,0,30,United-States,<=50K
26,Private,192793,Some-college,10,Married-civ-spouse,Exec-managerial,Wife,White,Female,0,0,25,United-States,<=50K
31,Private,167987,Bachelors,13,Married-civ-spouse,Prof-specialty,Husband,White,Male,7688,0,40,Canada,>50K
40,Self-emp-not-inc,194901,Some-college,10,Married-civ-spouse,Farming-fishing,Husband,White,Male,0,0,60,United-States,<=50K
23,Private,203203,HS-grad,9,Never-married,Farming-fishing,Own-child,White,Male,0,0,40,United-States,<=50K
28,Private,78529,Some-college,10,Never-married,Exec-managerial,Not-in-family,White,Female,0,0,40,United-States,<=50K
31,Private,319146,Assoc-voc,11,Married-civ-spouse,Craft-repair,Husband,White,Male,4386,0,40,Mexico,>50K
51,Self-emp-not-inc,187052,Bachelors,13,Married-civ-spouse,Farming-fishing,Husband,White,Male,0,0,8,United-States,<=50K
27,Private,359985,HS-grad,9,Married-civ-spouse,Exec-managerial,Husband,White,Male,0,0,40,United-States,<=50K
36,Private,196857,HS-grad,9,Never-married,Handlers-cleaners,Not-in-family,Black,Male,0,0,40,United-States,<=50K
49,Local-gov,46401,HS-grad,9,Divorced,Adm-clerical,Not-in-family,White,Female,594,0,10,United-States,<=50K
45,Self-emp-not-inc,285580,HS-grad,9,Married-civ-spouse,Exec-managerial,Husband,Asian-Pac-Islander,Male,0,0,40,China,<=50K
18,Private,295896,HS-grad,9,Never-married,Other-service,Own-child,White,Female,0,0,20,United-States,<=50K
40,Private,35448,Some-college,10,Married-civ-spouse,Craft-repair,Husband,Black,Male,0,0,40,United-States,>50K
33,Private,170092,HS-grad,9,Married-civ-spouse,Handlers-cleaners,Husband,White,Male,0,0,40,United-States,<=50K
35,Local-gov,116952,Masters,14,Married-civ-spouse,Prof-specialty,Husband,White,Male,0,1887,40,United-States,>50K
44,Local-gov,56651,Bachelors,13,Married-civ-spouse,Exec-managerial,Husband,White,Male,0,0,52,United-States,<=50K
30,Private,262241,9th,5,Never-married,Handlers-cleaners,Unmarried,Black,Male,0,0,40,United-States,<=50K
52,Self-emp-inc,135525,HS-grad,9,Married-civ-spouse,Exec-managerial,Husband,White,Male,0,0,40,United-States,>50K
34,Private,118605,Assoc-acdm,12,Married-civ-spouse,Prof-specialty,Husband,White,Male,0,0,55,United-States,<=50K
70,?,149169,HS-grad,9,Widowed,?,Not-in-family,White,Female,2964,0,12,United-States,<=50K
45,Private,173411,11th,7,Divorced,Transport-moving,Not-in-family,White,Male,0,2824,76,United-States,>50K
29,Self-emp-not-inc,58744,Assoc-acdm,12,Never-married,Other-service,Own-child,White,Male,0,0,60,United-States,<=50K
35,Private,186845,Assoc-voc,11,Married-civ-spouse,Exec-managerial,Wife,White,Female,0,0,42,United-States,>50K
35,Private,129573,HS-grad,9,Married-civ-spouse,Transport-moving,Husband,White,Male,0,0,65,United-States,<=50K
51,Private,337505,HS-grad,9,Married-civ-spouse,Craft-repair,Husband,White,Male,0,1902,40,United-States,>50K
46,Private,45796,Doctorate,16,Married-civ-spouse,Prof-specialty,Husband,White,Male,0,2415,55,United-States,>50K
43,Private,281356,Some-college,10,Divorced,Craft-repair,Unmarried,White,Male,0,0,42,United-States,<=50K
19,Private,68552,HS-grad,9,Never-married,Handlers-cleaners,Own-child,White,Male,0,0,30,United-States,<=50K
36,Local-gov,312017,Bachelors,13,Never-married,Prof-specialty,Own-child,Black,Male,0,0,35,United-States,<=50K
45,Private,176972,HS-grad,9,Never-married,Other-service,Not-in-family,White,Female,0,0,40,El-Salvador,<=50K
45,Local-gov,23438,HS-grad,9,Divorced,Adm-clerical,Unmarried,White,Female,0,0,35,United-States,<=50K
39,Local-gov,363405,Some-college,10,Married-civ-spouse,Protective-serv,Husband,White,Male,0,0,40,United-States,>50K
36,Private,160029,HS-grad,9,Married-civ-spouse,Machine-op-inspct,Husband,White,Male,0,0,60,United-States,<=50K
30,Private,117789,Some-college,10,Married-civ-spouse,Transport-moving,Husband,Black,Male,0,0,35,United-States,<=50K
70,?,149040,HS-grad,9,Widowed,?,Not-in-family,White,Female,2964,0,12,United-States,<=50K
22,Private,221157,Some-college,10,Never-married,Sales,Own-child,White,Female,0,0,25,United-States,<=50K
19,Private,45381,Some-college,10,Never-married,Adm-clerical,Own-child,White,Female,0,0,8,United-States,<=50K
57,Private,278228,Bachelors,13,Married-civ-spouse,Exec-managerial,Husband,White,Male,0,0,50,United-States,>50K
23,Private,380390,Some-college,10,Married-civ-spouse,Adm-clerical,Husband,White,Male,0,0,40,United-States,>50K
25,Self-emp-inc,98756,Some-college,10,Divorced,Adm-clerical,Own-child,White,Female,0,0,50,United-States,<=50K
26,Private,322547,Bachelors,13,Never-married,Prof-specialty,Not-in-family,White,Female,0,0,45,United-States,<=50K
26,Private,34393,Some-college,10,Divorced,Adm-clerical,Not-in-family,White,Female,0,0,40,United-States,<=50K
46,Private,92079,Some-college,10,Married-spouse-absent,Craft-repair,Not-in-family,Asian-Pac-Islander,Male,0,0,40,Philippines,<=50K
22,Self-emp-not-inc,198953,HS-grad,9,Never-married,Craft-repair,Other-relative,White,Male,0,0,20,United-States,<=50K
30,Private,199381,Bachelors,13,Never-married,Exec-managerial,Not-in-family,Black,Female,0,0,40,United-States,<=50K
25,Private,188325,7th-8th,4,Never-married,Machine-op-inspct,Other-relative,White,Female,0,0,40,Dominican-Republic,<=50K
25,State-gov,21798,Bachelors,13,Never-married,Protective-serv,Not-in-family,Black,Female,0,0,40,United-States,<=50K
40,Private,221172,Assoc-acdm,12,Married-civ-spouse,Exec-managerial,Husband,White,Male,0,0,50,United-States,>50K
51,Self-emp-inc,228686,Assoc-voc,11,Never-married,Adm-clerical,Own-child,White,Female,0,0,40,United-States,<=50K
41,Private,328013,Masters,14,Never-married,Prof-specialty,Not-in-family,Black,Male,0,0,65,United-States,<=50K
51,Private,158948,HS-grad,9,Married-civ-spouse,Transport-moving,Husband,White,Male,0,0,84,United-States,>50K
41,Self-emp-not-inc,328013,Assoc-voc,11,Married-civ-spouse,Farming-fishing,Husband,White,Male,0,0,45,United-States,<=50K
26,Private,191935,Some-college,10,Married-civ-spouse,Exec-managerial,Wife,White,Female,0,0,25,United-States,<=50K
34,Private,110279,Masters,14,Divorced,Exec-managerial,Other-relative,Asian-Pac-Islander,Female,0,0,40,South,<=50K
25,Private,192939,Bachelors,13,Married-civ-spouse,Tech-support,Husband,White,Male,0,0,35,United-States,<=50K
36,Private,274809,HS-grad,9,Divorced,Adm-clerical,Unmarried,White,Female,0,0,50,United-States,<=50K
45,Private,107231,Assoc-acdm,12,Married-civ-spouse,Craft-repair,Husband,White,Male,0,0,45,United-States,<=50K
28,Private,83003,HS-grad,9,Married-civ-spouse,Transport-moving,Husband,White,Male,0,0,40,United-States,<=50K
41,Private,254440,Assoc-voc,11,Never-married,Prof-specialty,Not-in-family,White,Female,0,0,60,United-States,<=50K
27,Private,189565,HS-grad,9,Married-civ-spouse,Exec-managerial,Own-child,White,Male,0,0,40,United-States,<=50K
51,Private,249449,Bachelors,13,Married-civ-spouse,Exec-managerial,Husband,White,Male,0,0,55,United-States,>50K
24,Private,202062,Some-college,10,Never-married,Adm-clerical,Own-child,Black,Female,0,0,40,United-States,<=50K
31,Private,168539,Bachelors,13,Married-civ-spouse,Prof-specialty,Husband,White,Male,7688,0,40,Canada,>50K
20,Private,412316,Some-college,10,Never-married,Prof-specialty,Not-in-family,White,Female,0,0,40,United-States,<=50K
47,Private,150993,Prof-school,15,Married-civ-spouse,Exec-managerial,Husband,White,Male,7688,0,60,United-States,>50K
56,Self-emp-not-inc,254711,HS-grad,9,Married-civ-spouse,Sales,Husband,White,Male,0,0,20,United-States,<=50K
24,Private,174201,Bachelors,13,Never-married,Other-service,Not-in-family,White,Male,0,0,40,United-States,<=50K
52,Private,104501,12th,8,Married-civ-spouse,Exec-managerial,Husband,White,Male,0,0,60,United-States,>50K
46,Private,116825,7th-8th,4,Married-civ-spouse,Prof-specialty,Wife,White,Female,0,0,45,United-States,<=50K
33,State-gov,296282,HS-grad,9,Married-civ-spouse,Craft-repair,Husband,White,Male,0,0,40,United-States,<=50K
39,Local-gov,358355,Assoc-acdm,12,Divorced,Prof-specialty,Not-in-family,White,Male,0,0,59,United-States,<=50K
25,State-gov,218124,Bachelors,13,Never-married,Protective-serv,Not-in-family,Black,Female,0,0,40,United-States,<=50K
45,Private,249214,Assoc-voc,11,Married-civ-spouse,Prof-specialty,Husband,White,Male,0,1902,40,United-States,>50K
36,Private,101318,Some-college,10,Married-spouse-absent,Prof-specialty,Not-in-family,Asian-Pac-Islander,Female,0,0,40,China,>50K
25,Private,188561,7th-8th,4,Never-married,Machine-op-inspct,Other-relative,White,Female,0,0,40,Dominican-Republic,<=50K
26,Private,325159,Bachelors,13,Never-married,Prof-specialty,Not-in-family,White,Female,0,0,45,United-States,<=50K
54,Private,215797,Masters,14,Married-civ-spouse,Exec-managerial,Husband,White,Male,0,1887,44,United-States,>50K
28,Self-emp-not-inc,180928,HS-grad,9,Never-married,Exec-managerial,Own-child,White,Male,0,0,40,United-States,<=50K
21,Private,73679,Some-college,10,Never-married,Exec-managerial,Own-child,White,Female,0,0,40,United-States,<=50K
28,Private,274809,10th,6,Married-civ-spouse,Transport-moving,Husband,White,Male,0,0,40,United-States,<=50K
24,Federal-gov,427812,Bachelors,13,Never-married,Prof-specialty,Not-in-family,White,Female,0,0,30,United-States,<=50K
46,Self-emp-not-inc,224763,Bachelors,13,Separated,Other-service,Unmarried,White,Female,0,0,45,Nicaragua,<=50K
28,Private,211482,HS-grad,9,Married-civ-spouse,Machine-op-inspct,Husband,White,Male,2580,0,40,United-States,<=50K
49,Private,187370,Masters,14,Married-civ-spouse,Exec-managerial,Husband,White,Male,15024,0,50,United-States,>50K
54,Private,96710,HS-grad,9,Married-civ-spouse,Priv-house-serv,Other-relative,Black,Female,0,0,20,United-States,<=50K
41,Private,210673,Some-college,10,Married-spouse-absent,Sales,Unmarried,Black,Female,0,0,40,United-States,<=50K
30,Private,175697,HS-grad,9,Married-civ-spouse,Craft-repair,Husband,White,Male,0,0,42,United-States,>50K
19,Private,45093,Some-college,10,Never-married,Farming-fishing,Not-in-family,White,Female,0,0,15,United-States,<=50K
26,Private,36039,Some-college,10,Married-civ-spouse,Sales,Husband,White,Male,0,0,50,?,<=50K
46,Private,263727,Some-college,10,Married-civ-spouse,Exec-managerial,Husband,White,Male,0,0,60,United-States,>50K
26,Private,110103,HS-grad,9,Never-married,Other-service,Not-in-family,White,Female,0,1762,40,United-States,<=50K
18,Self-emp-not-inc,398931,HS-grad,9,Never-married,Farming-fishing,Other-relative,White,Male,0,0,40,United-States,<=50K
53,Private,54373,Some-college,10,Married-civ-spouse,Craft-repair,Husband,White,Male,0,0,40,Guatemala,<=50K
27,Private,141332,HS-grad,9,Married-civ-spouse,Transport-moving,Husband,White,Male,0,1902,45,United-States,<=50K
51,Private,157887,HS-grad,9,Married-civ-spouse,Transport-moving,Husband,White,Male,0,0,84,United-States,>50K
31,Private,120461,Bachelors,13,Never-married,Exec-managerial,Not-in-family,White,Female,0,0,40,United-States,<=50K
30,Private,143766,Bachelors,13,Married-civ-spouse,Prof-specialty,Husband,White,Male,0,0,40,United-States,>50K
48,Private,196125,HS-grad,9,Divorced,Adm-clerical,Not-in-family,White,Female,0,0,30,United-States,<=50K
63,Private,277533,9th,5,Married-civ-spouse,Handlers-cleaners,Husband,White,Male,0,0,32,United-States,<=50K
34,Self-emp-not-inc,175878,Assoc-voc,11,Married-civ-spouse,Craft-repair,Husband,White,Male,0,0,75,United-States,<=50K
53,Private,238360,HS-grad,9,Divorced,Adm-clerical,Unmarried,White,Female,0,0,40,United-States,<=50K
50,Private,156877,HS-grad,9,Married-civ-spouse,Adm-clerical,Husband,White,Male,0,0,35,United-States,<=50K
42,Self-emp-not-inc,200471,Prof-school,15,Never-married,Prof-specialty,Not-in-family,White,Male,0,0,38,United-States,<=50K
54,Private,104509,Some-college,10,Married-civ-spouse,Sales,Husband,White,Male,15024,0,40,United-States,>50K
43,Private,139466,HS-grad,9,Widowed,Craft-repair,Unmarried,White,Female,0,0,40,Italy,<=50K
21,Private,126614,Some-college,10,Never-married,Other-service,Own-child,White,Female,0,0,40,United-States,<=50K
22,Private,171351,11th,7,Never-married,Craft-repair,Not-in-family,Amer-Indian-Eskimo,Male,0,0,40,United-States,<=50K
20,Private,37170,Some-college,10,Never-married,Other-service,Own-child,White,Female,0,0,20,United-States,<=50K
22,Private,187052,11th,7,Never-married,Sales,Unmarried,White,Female,0,0,30,United-States,<=50K
27,Private,176841,Assoc-voc,11,Never-married,Craft-repair,Not-in-family,White,Male,0,0,40,United-States,<=50K
44,Self-emp-not-inc,25249,Masters,14,Married-civ-spouse,Prof-specialty,Husband,White,Male,0,0,54,United-States,<=50K
28,Private,378723,Bachelors,13,Married-civ-spouse,Exec-managerial,Husband,White,Male,0,0,50,United-States,<=50K
39,Private,235722,HS-grad,9,Married-civ-spouse,Transport-moving,Husband,White,Male,0,0,50,United-States,>50K
29,Private,196116,Prof-school,15,Divorced,Prof-specialty,Own-child,White,Female,2174,0,72,United-States,<=50K
37,Private,226443,Bachelors,13,Married-civ-spouse,Sales,Husband,White,Male,0,0,55,United-States,>50K
29,State-gov,382272,Bachelors,13,Never-married,Craft-repair,Not-in-family,White,Male,0,0,40,United-States,<=50K
57,Self-emp-not-inc,243367,Assoc-voc,11,Married-civ-spouse,Craft-repair,Husband,White,Male,0,0,40,United-States,>50K
37,Private,165302,HS-grad,9,Married-civ-spouse,Handlers-cleaners,Husband,White,Male,0,2002,40,United-States,<=50K
41,Private,206681,Some-college,10,Never-married,Craft-repair,Not-in-family,Black,Male,0,0,45,United-States,<=50K
20,State-gov,178452,Some-college,10,Never-married,Farming-fishing,Not-in-family,White,Male,0,0,40,United-States,<=50K
75,Self-emp-not-inc,106873,11th,7,Widowed,Sales,Not-in-family,White,Male,0,0,40,United-States,<=50K
40,Local-gov,99185,Assoc-acdm,12,Married-civ-spouse,Protective-serv,Husband,White,Male,0,0,40,United-States,<=50K
42,Private,172695,Masters,14,Married-civ-spouse,Adm-clerical,Husband,White,Male,0,1902,40,United-States,>50K
62,Private,82906,Bachelors,13,Married-civ-spouse,Exec-managerial,Wife,White,Female,4064,0,35,England,<=50K
67,Self-emp-not-inc,106143,Doctorate,16,Married-civ-spouse,Sales,Husband,White,Male,20051,0,40,United-States,>50K
26,State-gov,126327,Assoc-acdm,12,Never-married,Adm-clerical,Unmarried,Black,Female,0,0,40,United-States,<=50K
52,Private,257756,Assoc-voc,11,Divorced,Adm-clerical,Not-in-family,White,Female,0,0,40,Germany,<=50K
32,Private,52537,Some-college,10,Never-married,Tech-support,Not-in-family,Black,Male,0,0,38,United-States,<=50K
30,Local-gov,38268,HS-grad,9,Separated,Other-service,Unmarried,White,Male,0,0,40,United-States,>50K
23,Private,175856,11th,7,Never-married,Farming-fishing,Other-relative,White,Female,0,0,40,Puerto-Rico,<=50K
21,Private,64885,HS-grad,9,Never-married,Machine-op-inspct,Own-child,White,Male,0,0,40,United-States,<=50K
75,Self-emp-not-inc,106873,11th,7,Widowed,Sales,Not-in-family,White,Male,0,0,40,United-States,<=50K
34,Private,145964,HS-grad,9,Married-civ-spouse,Adm-clerical,Wife,White,Female,4064,0,35,United-States,<=50K
34,Local-gov,254907,Bachelors,13,Divorced,Prof-specialty,Unmarried,White,Female,0,0,40,United-States,<=50K
29,Private,112115,HS-grad,9,Divorced,Craft-repair,Not-in-family,White,Female,0,0,50,United-States,<=50K
65,?,359985,HS-grad,9,Married-civ-spouse,?,Husband,White,Male,0,0,40,United-States,>50K
61,State-gov,347993,Masters,14,Married-civ-spouse,Exec-managerial,Husband,White,Male,0,0,40,United-States,>50K
26,Private,48718,10th,6,Never-married,Adm-clerical,Not-in-family,White,Female,2907,0,40,United-States,<=50K
48,Self-emp-not-inc,373606,Some-college,10,Divorced,Sales,Unmarried,White,Male,0,0,65,United-States,>50K
48,Private,194134,Some-college,10,Married-civ-spouse,Sales,Wife,White,Female,0,0,40,United-States,<=50K
46,Self-emp-not-inc,225065,Bachelors,13,Separated,Other-service,Unmarried,White,Female,0,0,45,Nicaragua,<=50K
35,Private,108140,HS-grad,9,Divorced,Craft-repair,Not-in-family,White,Male,0,0,40,United-States,<=50K
53,Self-emp-inc,294493,Some-college,10,Married-civ-spouse,Sales,Husband,White,Male,0,0,50,United-States,>50K
30,Private,143046,Bachelors,13,Married-civ-spouse,Prof-specialty,Husband,White,Male,0,0,40,United-States,>50K
31,Private,199118,HS-grad,9,Divorced,Adm-clerical,Not-in-family,White,Female,0,0,40,Germany,<=50K
50,Private,92079,Some-college,10,Married-civ-spouse,Tech-support,Husband,White,Male,0,0,45,United-States,>50K
55,State-gov,175109,Bachelors,13,Married-civ-spouse,Adm-clerical,Husband,White,Male,7688,0,38,United-States,>50K
53,Private,250034,Bachelors,13,Married-civ-spouse,Exec-managerial,Husband,Black,Male,0,0,50,United-States,>50K
46,Self-emp-inc,112497,Bachelors,13,Divorced,Exec-managerial,Not-in-family,White,Female,0,0,50,United-States,<=50K
34,Private,87310,Masters,14,Married-civ-spouse,Exec-managerial,Husband,White,Male,0,1887,50,United-States,>50K
45,Private,169496,Some-college,10,Divorced,Other-service,Not-in-family,White,Female,0,0,50,United-States,<=50K
51,Federal-gov,217715,Some-college,10,Divorced,Prof-specialty,Not-in-family,Black,Female,0,0,40,United-States,<=50K
28,Private,175643,9th,5,Divorced,Prof-specialty,Not-in-family,Black,Female,0,0,40,United-States,<=50K
51,Private,351711,Some-college,10,Divorced,Prof-specialty,Unmarried,White,Female,0,0,40,United-States,<=50K
56,Self-emp-not-inc,155475,HS-grad,9,Married-civ-spouse,Craft-repair,Husband,White,Male,0,0,40,United-States,<=50K
34,Private,200401,HS-grad,9,Separated,Transport-moving,Own-child,White,Male,0,0,25,Columbia,<=50K
25,Private,36039,5th-6th,3,Never-married,Adm-clerical,Not-in-family,White,Female,0,0,33,Mexico,<=50K
54,Private,50385,Bachelors,13,Divorced,Exec-managerial,Not-in-family,Black,Female,0,0,45,United-States,>50K
56,Private,198223,HS-grad,9,Divorced,Adm-clerical,Not-in-family,White,Female,0,0,40,United-States,<=50K
42,Private,210525,Masters,14,Divorced,Tech-support,Unmarried,Black,Female,4687,0,35,United-States,>50K
52,Private,104501,Some-college,10,Married-civ-spouse,Prof-specialty,Husband,White,Male,0,0,40,Germany,>50K
50,Private,185042,Some-college,10,Married-civ-spouse,Craft-repair,Husband,White,Male,0,0,40,United-States,<=50K
30,Private,143766,Bachelors,13,Married-civ-spouse,Prof-specialty,Husband,White,Male,0,0,40,United-States,>50K
42,Private,141186,Some-college,10,Never-married,Other-service,Own-child,White,Female,0,0,40,United-States,<=50K
21,Private,249957,HS-grad,9,Never-married,Adm-clerical,Own-child,White,Male,0,0,40,United-States,<=50K
42,Self-emp-not-inc,200496,Prof-school,15,Never-married,Prof-specialty,Not-in-family,White,Male,0,0,38,United-States,<=50K
57,Private,102442,Some-college,10,Divorced,Adm-clerical,Unmarried,White,Female,0,0,40,United-States,<=50K
20,Private,201697,Some-college,10,Never-married,Protective-serv,Own-child,White,Male,0,0,33,United-States,<=50K
41,Private,206565,Some-college,10,Never-married,Craft-repair,Not-in-family,Black,Male,0,0,45,United-States,<=50K
32,Private,72393,HS-grad,9,Married-civ-spouse,Craft-repair,Husband,White,Male,0,0,40,United-States,<=50K
45,Private,240554,HS-grad,9,Never-married,Transport-moving,Not-in-family,White,Male,0,0,40,United-States,<=50K
45,Self-emp-not-inc,28738,HS-grad,9,Married-civ-spouse,Exec-managerial,Husband,Asian-Pac-Islander,Male,0,0,40,China,<=50K
36,Private,47907,HS-grad,9,Divorced,Machine-op-inspct,Unmarried,White,Male,0,0,40,United-States,<=50K
45,Local-gov,192793,Some-college,10,Married-civ-spouse,Protective-serv,Husband,White,Male,0,0,40,United-States,>50K
22,?,290640,Some-college,10,Never-married,?,Not-in-family,White,Male,0,0,15,United-States,<=50K
61,Private,149704,Some-college,10,Divorced,Other-service,Not-in-family,Black,Male,0,0,40,United-States,<=50K
39,Self-emp-not-inc,339029,Bachelors,13,Married-civ-spouse,Exec-managerial,Husband,White,Male,0,0,50,United-States,<=50K
29,Private,353881,HS-grad,9,Married-civ-spouse,Sales,Husband,White,Male,0,0,60,United-States,<=50K
36,Private,353219,Bachelors,13,Divorced,Adm-clerical,Unmarried,White,Female,0,0,40,United-States,<=50K
46,Local-gov,232220,Masters,14,Divorced,Exec-managerial,Not-in-family,White,Male,0,0,50,United-States,>50K
39,Private,67433,Assoc-voc,11,Never-married,Prof-specialty,Not-in-family,White,Female,4650,0,32,United-States,<=50K
27,Private,214555,Bachelors,13,Married-civ-spouse,Prof-specialty,Wife,White,Female,7298,0,45,England,>50K
41,Private,106159,HS-grad,9,Never-married,Machine-op-inspct,Own-child,White,Male,14344,0,48,United-States,>50K
75,Self-emp-not-inc,106873,11th,7,Widowed,Sales,Not-in-family,White,Male,0,0,40,United-States,<=50K
34,Private,209432,Some-college,10,Married-civ-spouse,Adm-clerical,Husband,White,Male,0,0,40,United-States,>50K
60,Self-emp-not-inc,206520,HS-grad,9,Never-married,Exec-managerial,Not-in-family,Black,Male,0,2559,50,United-States,>50K
45,Private,176389,HS-grad,9,Never-married,Other-service,Not-in-family,White,Female,0,0,40,El-Salvador,<=50K
28,Self-emp-not-inc,228686,Bachelors,13,Never-married,Sales,Not-in-family,White,Female,0,0,48,United-States,<=50K
35,Private,132879,Assoc-voc,11,Married-civ-spouse,Adm-clerical,Husband,White,Male,15024,0,40,Italy,>50K
44,Private,20109,Bachelors,13,Married-civ-spouse,Exec-managerial,Husband,White,Male,15024,0,45,United-States,>50K
20,Private,33551,HS-grad,9,Never-married,Transport-moving,Own-child,White,Male,0,0,40,United-States,<=50K
55,State-gov,175431,Bachelors,13,Married-civ-spouse,Adm-clerical,Husband,White,Male,7688,0,38,United-States,>50K
32,Private,119721,Bachelors,13,Never-married,Exec-managerial,Not-in-family,White,Female,0,0,40,United-States,<=50K
31,Self-emp-not-inc,407043,10th,6,Married-civ-spouse,Farming-fishing,Husband,White,Male,0,0,55,Portugal,>50K
36,Self-emp-not-inc,350103,HS-grad,9,Married-civ-spouse,Craft-repair,Husband,White,Male,0,0,40,United-States,<=50K
54,Private,214702,Masters,14,Married-civ-spouse,Exec-managerial,Husband,White,Male,0,1887,44,United-States,>50K
53,Self-emp-inc,294121,Some-college,10,Married-civ-spouse,Sales,Husband,White,Male,0,0,50,United-States,>50K
27,Private,104423,Assoc-acdm,12,Never-married,Adm-clerical,Not-in-family,White,Male,0,0,40,United-States,<=50K
18,Self-emp-not-inc,398931,HS-grad,9,Never-married,Farming-fishing,Other-relative,White,Male,0,0,40,United-States,<=50K
27,Private,213002,Bachelors,13,Married-civ-spouse,Prof-specialty,Wife,White,Female,7298,0,45,England,>50K
31,Private,204752,12th,8,Never-married,Sales,Own-child,White,Male,0,0,32,United-States,<=50K
19,Private,393712,HS-grad,9,Never-married,Adm-clerical,Own-child,White,Female,0,0,20,United-States,<=50K
17,Private,244953,11th,7,Never-married,Other-service,Own-child,White,Male,0,0,12,United-States,<=50K
23,?,30619,Assoc-acdm,12,Married-civ-spouse,?,Husband,White,Male,0,0,40,El-Salvador,<=50K
23,Private,203635,HS-grad,9,Never-married,Farming-fishing,Own-child,White,Male,0,0,40,United-States,<=50K
19,Private,262285,11th,7,Never-married,Other-service,Other-relative,White,Male,0,0,20,United-States,<=50K
52,Private,256253,Assoc-voc,11,Divorced,Adm-clerical,Not-in-family,White,Female,0,0,40,Germany,<=50K
38,Self-emp-not-inc,200192,HS-grad,9,Married-civ-spouse,Craft-repair,Husband,White,Male,0,0,60,United-States,<=50K
17,Private,52967,10th,6,Never-married,Other-service,Own-child,White,Female,0,0,6,United-States,<=50K
37,Private,292120,HS-grad,9,Divorced,Machine-op-inspct,Not-in-family,White,Male,0,0,40,United-States,<=50K
54,Private,216497,Masters,14,Married-civ-spouse,Exec-managerial,Husband,White,Male,0,1887,44,United-States,>50K
31,Private,196385,11th,7,Married-civ-spouse,Craft-repair,Husband,White,Male,0,0,40,United-States,<=50K
45,Private,176841,HS-grad,9,Never-married,Other-service,Not-in-family,White,Female,0,0,40,El-Salvador,<=50K
55,Private,127677,Some-college,10,Married-civ-spouse,Transport-moving,Husband,White,Male,0,0,60,United-States,<=50K
19,Private,240468,Some-college,10,Married-spouse-absent,Sales,Own-child,White,Female,0,1602,40,United-States,<=50K
27,Private,282069,HS-grad,9,Married-civ-spouse,Transport-moving,Husband,Black,Male,0,0,40,United-States,<=50K
44,Private,175643,Bachelors,13,Married-civ-spouse,Craft-repair,Husband,White,Male,0,0,12,United-States,<=50K
36,Private,172571,9th,5,Married-civ-spouse,Handlers-cleaners,Husband,White,Male,0,0,40,United-States,<=50K
47,Private,27624,Assoc-voc,11,Never-married,Other-service,Not-in-family,White,Female,0,0,55,United-States,<=50K
45,Private,101618,10th,6,Never-married,Machine-op-inspct,Not-in-family,Asian-Pac-Islander,Male,0,0,40,Vietnam,<=50K
58,Private,131811,Bachelors,13,Divorced,Adm-clerical,Not-in-family,White,Male,3325,0,40,United-States,<=50K
21,Private,185522,HS-grad,9,Never-married,Sales,Own-child,White,Female,0,0,36,United-States,<=50K
51,Self-emp-inc,230095,Assoc-voc,11,Never-married,Adm-clerical,Own-child,White,Female,0,0,40,United-States,<=50K
29,Local-gov,151790,Masters,14,Never-married,Prof-specialty,Other-relative,Asian-Pac-Islander,Female,1506,0,40,United-States,<=50K
54,Local-gov,188507,5th-6th,3,Never-married,Machine-op-inspct,Not-in-family,White,Male,0,2001,35,United-States,<=50K
25,Private,204502,HS-grad,9,Never-married,Craft-repair,Not-in-family,White,Male,0,0,35,United-States,<=50K
21,Private,277488,Some-college,10,Never-married,Sales,Other-relative,White,Female,0,0,40,United-States,<=50K
43,Private,139466,HS-grad,9,Widowed,Craft-repair,Unmarried,White,Female,0,0,40,Italy,<=50K
25,Private,37170,HS-grad,9,Divorced,Adm-clerical,Not-in-family,White,Female,0,0,40,United-States,<=50K
48,Self-emp-not-inc,371987,Some-college,10,Divorced,Sales,Unmarried,White,Male,0,0,65,United-States,>50K
38,Private,34996,Some-college,10,Separated,Other-service,Unmarried,White,Female,0,0,40,United-States,<=50K
20,Private,184806,Some-college,10,Never-married,Tech-support,Own-child,White,Female,0,0,20,United-States,<=50K
24,Federal-gov,42251,Bachelors,13,Never-married,Prof-specialty,Not-in-family,White,Female,0,0,30,United-States,<=50K
21,?,262515,HS-grad,9,Never-married,?,Other-relative,White,Male,0,0,40,United-States,<=50K
54,Federal-gov,51048,HS-grad,9,Married-civ-spouse,Prof-specialty,Husband,White,Male,0,0,40,United-States,>50K
39,?,157887,Masters,14,Married-civ-spouse,?,Wife,Asian-Pac-Islander,Female,3464,0,40,?,<=50K
21,?,262515,HS-grad,9,Never-married,?,Other-relative,White,Male,0,0,40,United-States,<=50K
24,Private,274809,HS-grad,9,Married-civ-spouse,Machine-op-inspct,Husband,White,Male,0,0,50,United-States,<=50K
63,Private,165505,HS-grad,9,Married-civ-spouse,Sales,Husband,White,Male,0,0,21,United-States,<=50K
41,Private,190747,HS-grad,9,Divorced,Priv-house-serv,Not-in-family,White,Female,0,0,40,Guatemala,<=50K
28,Private,47907,Bachelors,13,Never-married,Adm-clerical,Not-in-family,White,Female,0,0,40,United-States,<=50K
45,Private,176389,HS-grad,9,Never-married,Other-service,Not-in-family,White,Female,0,0,40,El-Salvador,<=50K
52,Self-emp-inc,224763,HS-grad,9,Married-civ-spouse,Sales,Husband,White,Male,0,0,50,Cuba,<=50K
53,Self-emp-not-inc,169104,9th,5,Married-civ-spouse,Farming-fishing,Husband,White,Male,0,0,70,United-States,<=50K
24,Private,230095,Assoc-acdm,12,Never-married,Adm-clerical,Own-child,White,Female,0,0,40,United-States,<=50K
41,Private,327825,Masters,14,Never-married,Prof-specialty,Not-in-family,Black,Male,0,0,65,United-States,<=50K
44,Local-gov,281315,Assoc-voc,11,Married-civ-spouse,Farming-fishing,Husband,White,Male,0,0,40,United-States,<=50K
36,Self-emp-not-inc,34965,HS-grad,9,Married-civ-spouse,Craft-repair,Husband,White,Male,0,0,40,United-States,<=50K
39,Private,190885,HS-grad,9,Divorced,Craft-repair,Own-child,White,Male,2174,0,40,United-States,<=50K
22,Private,162856,10th,6,Never-married,Sales,Own-child,White,Male,0,0,15,United-States,<=50K
52,State-gov,189834,HS-grad,9,Separated,Other-service,Not-in-family,White,Female,0,0,35,United-States,<=50K
63,Private,102412,HS-grad,9,Divorced,Sales,Not-in-family,White,Female,0,0,40,United-States,<=50K
42,Private,210275,Masters,14,Divorced,Tech-support,Unmarried,Black,Female,4687,0,35,United-States,>50K
42,Private,303725,HS-grad,9,Never-married,Machine-op-inspct,Unmarried,Black,Female,0,0,40,United-States,<=50K
30,Private,113163,Some-college,10,Never-married,Other-service,Not-in-family,White,Male,0,0,24,United-States,<=50K
20,Private,223342,HS-grad,9,Never-married,Handlers-cleaners,Not-in-family,White,Male,0,0,40,United-States,<=50K
21,Private,163687,Some-college,10,Never-married,Handlers-cleaners,Own-child,White,Male,0,0,30,United-States,<=50K
25,Local-gov,247547,Some-college,10,Never-married,Adm-clerical,Unmarried,Black,Female,0,0,40,United-States,<=50K
31,Private,25216,Bachelors,13,Divorced,Exec-managerial,Unmarried,White,Female,0,0,40,United-States,<=50K
41,Private,132879,Bachelors,13,Married-civ-spouse,Sales,Husband,White,Male,0,0,50,United-States,>50K
44,Private,198223,HS-grad,9,Married-civ-spouse,Craft-repair,Husband,White,Male,0,0,40,United-States,<=50K
38,?,75024,7th-8th,4,Divorced,?,Not-in-family,White,Female,0,0,40,United-States,<=50K
35,Private,129573,HS-grad,9,Married-civ-spouse,Transport-moving,Husband,White,Male,0,0,65,United-States,<=50K
26,Private,34393,Some-college,10,Divorced,Adm-clerical,Not-in-family,White,Female,0,0,40,United-States,<=50K
34,Self-emp-inc,196508,HS-grad,9,Married-civ-spouse,Exec-managerial,Husband,White,Male,0,0,50,United-States,<=50K
35,State-gov,28738,Bachelors,13,Never-married,Adm-clerical,Not-in-family,White,Female,4101,0,40,United-States,<=50K
31,Federal-gov,351141,HS-grad,9,Married-civ-spouse,Tech-support,Husband,White,Male,0,0,40,United-States,<=50K
42,Private,249957,HS-grad,9,Married-civ-spouse,Machine-op-inspct,Husband,White,Male,0,0,40,United-States,>50K
41,Local-gov,235722,Prof-school,15,Married-civ-spouse,Prof-specialty,Husband,White,Male,0,0,50,United-States,>50K
19,Private,45093,Some-college,10,Never-married,Farming-fishing,Not-in-family,White,Female,0,0,15,United-States,<=50K
65,?,371987,7th-8th,4,Married-civ-spouse,?,Husband,White,Male,0,0,20,United-States,<=50K
50,Private,241805,Assoc-voc,11,Divorced,Other-service,Not-in-family,White,Female,0,0,20,United-States,<=50K
28,Private,349751,Bachelors,13,Never-married,Exec-managerial,Not-in-family,Black,Male,2174,0,50,United-States,<=50K
60,Private,165775,Some-college,10,Married-civ-spouse,Handlers-cleaners,Husband,White,Male,0,0,40,United-States,<=50K
56,Self-emp-not-inc,254907,HS-grad,9,Married-civ-spouse,Sales,Husband,White,Male,0,0,20,United-States,<=50K
41,Private,265434,HS-grad,9,Divorced,Adm-clerical,Unmarried,White,Female,0,0,45,United-States,<=50K
44,Private,267790,9th,5,Never-married,Other-service,Unmarried,Black,Female,0,0,40,United-States,<=50K
57,Private,278228,Bachelors,13,Married-civ-spouse,Exec-managerial,Husband,White,Male,0,0,50,United-States,>50K
28,Private,380560,Bachelors,13,Married-civ-spouse,Exec-managerial,Husband,White,Male,0,0,50,United-States,<=50K
41,Local-gov,234901,Prof-school,15,Married-civ-spouse,Prof-specialty,Husband,White,Male,0,0,50,United-States,>50K
38,Private,188864,Bachelors,13,Never-married,Exec-managerial,Not-in-family,White,Male,0,1340,40,United-States,<=50K
43,Local-gov,255621,Bachelors,13,Married-civ-spouse,Prof-specialty,Husband,White,Male,0,0,55,United-States,>50K
57,Private,27804,Bachelors,13,Married-civ-spouse,Exec-managerial,Husband,White,Male,0,0,50,United-States,>50K
30,Local-gov,118500,Bachelors,13,Never-married,Prof-specialty,Not-in-family,White,Female,0,0,40,United-States,<=50K
25,Private,367240,HS-grad,9,Divorced,Adm-clerical,Not-in-family,White,Female,0,0,40,United-States,<=50K
61,?,632733,12th,8,Never-married,?,Not-in-family,Black,Male,0,0,52,United-States,<=50K
42,Self-emp-not-inc,200997,Prof-school,15,Never-married,Prof-specialty,Not-in-family,White,Male,0,0,38,United-States,<=50K
35,Private,187052,Assoc-voc,11,Married-civ-spouse,Exec-managerial,Wife,White,Female,0,0,42,United-States,>50K
54,Self-emp-not-inc,36314,7th-8th,4,Married-civ-spouse,Machine-op-inspct,Husband,White,Male,0,0,50,United-States,<=50K
41,Local-gov,52537,Some-college,10,Divorced,Adm-clerical,Unmarried,White,Female,0,0,40,United-States,<=50K
26,Private,476558,7th-8th,4,Never-married,Craft-repair,Not-in-family,White,Male,0,0,40,Mexico,<=50K
61,?,69311,HS-grad,9,Married-civ-spouse,?,Husband,White,Male,0,0,37,United-States,<=50K
55,Self-emp-not-inc,203635,HS-grad,9,Married-civ-spouse,Sales,Husband,White,Male,0,0,35,United-States,<=50K
29,Private,366425,Bachelors,13,Married-civ-spouse,Exec-managerial,Husband,White,Male,0,1628,47,United-States,<=50K
55,State-gov,136277,HS-grad,9,Married-civ-spouse,Protective-serv,Husband,White,Male,0,0,40,United-States,<=50K
58,Federal-gov,72998,11th,7,Divorced,Craft-repair,Not-in-family,Black,Female,14084,0,40,United-States,>50K
53,Private,88842,HS-grad,9,Married-civ-spouse,Exec-managerial,Husband,White,Male,99999,0,40,United-States,>50K
26,Private,54373,Some-college,10,Married-civ-spouse,Exec-managerial,Husband,White,Male,0,0,42,United-States,<=50K
35,Private,108140,HS-grad,9,Divorced,Craft-repair,Not-in-family,White,Male,0,0,40,United-States,<=50K
37,Private,218184,HS-grad,9,Married-civ-spouse,Craft-repair,Husband,White,Male,0,0,45,United-States,>50K
27,Private,179498,Some-college,10,Never-married,Exec-managerial,Not-in-family,White,Female,0,0,40,United-States,<=50K
45,Private,347292,Bachelors,13,Never-married,Transport-moving,Not-in-family,White,Male,0,0,30,United-States,<=50K
61,?,69285,HS-grad,9,Married-civ-spouse,?,Husband,White,Male,0,0,37,United-States,<=50K
47,Self-emp-inc,77660,Some-college,10,Married-civ-spouse,Exec-managerial,Husband,White,Male,14344,0,50,United-States,>50K
49,Self-emp-not-inc,163687,Some-college,10,Divorced,Exec-managerial,Not-in-family,Amer-Indian-Eskimo,Female,0,0,40,United-States,<=50K
59,Private,194290,HS-grad,9,Married-civ-spouse,Farming-fishing,Husband,White,Male,0,0,48,United-States,<=50K
26,Private,53833,Some-college,10,Married-civ-spouse,Exec-managerial,Husband,White,Male,0,0,42,United-States,<=50K
19,State-gov,56520,12th,8,Never-married,Transport-moving,Own-child,Black,Male,0,0,20,United-States,<=50K
24,Private,176270,HS-grad,9,Married-civ-spouse,Craft-repair,Husband,White,Male,0,0,40,United-States,<=50K
40,Local-gov,101795,HS-grad,9,Never-married,Protective-serv,Not-in-family,White,Male,0,0,42,United-States,<=50K
32,Private,198223,Some-college,10,Divorced,Exec-managerial,Not-in-family,White,Female,0,0,38,United-States,<=50K
31,Private,50385,9th,5,Married-civ-spouse,Machine-op-inspct,Husband,White,Male,0,0,43,United-States,<=50K
26,Self-emp-inc,97952,Bachelors,13,Never-married,Exec-managerial,Own-child,White,Male,0,0,80,United-States,<=50K
24,Self-emp-not-inc,171748,Assoc-acdm,12,Never-married,Craft-repair,Own-child,White,Male,0,0,40,United-States,<=50K
42,Self-emp-inc,276709,Prof-school,15,Married-civ-spouse,Prof-specialty,Husband,White,Male,15024,0,65,United-States,>50K
35,Private,287480,Assoc-acdm,12,Never-married,Transport-moving,Not-in-family,Black,Male,0,0,30,Jamaica,<=50K
69,Private,228921,Bachelors,13,Widowed,Prof-specialty,Not-in-family,White,Male,0,2282,40,United-States,>50K
31,Private,339029,HS-grad,9,Married-civ-spouse,Craft-repair,Husband,White,Male,0,1848,40,United-States,>50K
31,Private,50385,9th,5,Married-civ-spouse,Machine-op-inspct,Husband,White,Male,0,0,43,United-States,<=50K
44,Private,143046,HS-grad,9,Widowed,Other-service,Unmarried,White,Female,0,0,40,United-States,<=50K
24,Private,187693,Assoc-acdm,12,Never-married,Prof-specialty,Own-child,White,Male,0,0,40,United-States,<=50K
30,State-gov,609789,Some-college,10,Never-married,Prof-specialty,Not-in-family,White,Female,0,0,5,United-States,<=50K
25,Private,188561,7th-8th,4,Never-married,Machine-op-inspct,Other-relative,White,Female,0,0,40,Dominican-Republic,<=50K
25,Local-gov,249332,Some-college,10,Never-married,Adm-clerical,Unmarried,Black,Female,0,0,40,United-States,<=50K
50,Private,24185,Assoc-voc,11,Divorced,Other-service,Not-in-family,White,Female,0,0,20,United-States,<=50K
50,?,146015,HS-grad,9,Married-civ-spouse,?,Husband,White,Male,0,0,40,United-States,>50K
59,State-gov,134130,10th,6,Married-civ-spouse,Farming-fishing,Husband,White,Male,0,0,40,United-States,<=50K
51,Private,249550,Bachelors,13,Married-civ-spouse,Exec-managerial,Husband,White,Male,0,0,55,United-States,>50K
24,Federal-gov,427812,Bachelors,13,Never-married,Prof-specialty,Not-in-family,White,Female,0,0,30,United-States,<=50K
51,State-gov,42017,Some-college,10,Divorced,Prof-specialty,Not-in-family,White,Female,0,0,40,United-States,<=50K
41,Private,443508,Bachelors,13,Married-civ-spouse,Transport-moving,Husband,White,Male,0,0,48,Canada,>50K
45,Private,344804,Bachelors,13,Never-married,Transport-moving,Not-in-family,White,Male,0,0,30,United-States,<=50K
44,Private,77146,Some-college,10,Divorced,Transport-moving,Other-relative,White,Male,3464,0,66,United-States,>50K
55,Private,243367,HS-grad,9,Divorced,Sales,Unmarried,White,Female,0,0,37,United-States,<=50K
57,Private,102442,Some-college,10,Divorced,Adm-clerical,Unmarried,White,Female,0,0,40,United-States,<=50K
56,Private,92215,9th,5,Divorced,Craft-repair,Not-in-family,White,Female,0,0,40,United-States,>50K
49,Self-emp-not-inc,173411,HS-grad,9,Divorced,Sales,Not-in-family,White,Male,0,0,40,United-States,<=50K
54,Private,34378,Some-college,10,Married-civ-spouse,Exec-managerial,Husband,White,Male,0,0,44,United-States,>50K
30,Private,174592,Some-college,10,Never-married,Craft-repair,Own-child,White,Male,0,0,40,United-States,<=50K
47,Private,190293,Masters,14,Married-civ-spouse,Exec-managerial,Husband,White,Male,0,0,40,United-States,>50K
35,Private,281219,Bachelors,13,Married-civ-spouse,Sales,Husband,White,Male,7298,0,48,United-States,>50K
25,Private,34393,HS-grad,9,Married-civ-spouse,Other-service,Husband,White,Male,0,0,50,Mexico,<=50K
20,Private,41031,Some-college,10,Never-married,Prof-specialty,Not-in-family,White,Female,0,0,40,United-States,<=50K
47,Private,147253,HS-grad,9,Married-civ-spouse,Craft-repair,Husband,White,Male,0,0,40,United-States,>50K
22,Federal-gov,471452,Bachelors,13,Never-married,Tech-support,Own-child,White,Male,0,0,8,United-States,<=50K
45,Private,106961,Assoc-acdm,12,Married-civ-spouse,Craft-repair,Husband,White,Male,0,0,45,United-States,<=50K
57,Private,102442,Some-college,10,Divorced,Adm-clerical,Unmarried,White,Female,0,0,40,United-States,<=50K
48,Private,99385,HS-grad,9,Separated,Adm-clerical,Not-in-family,White,Female,0,0,40,United-States,<=50K
30,Private,201723,HS-grad,9,Separated,Other-service,Not-in-family,White,Female,0,0,35,United-States,<=50K
55,Private,354558,7th-8th,4,Married-civ-spouse,Transport-moving,Husband,White,Male,0,0,50,United-States,<=50K
31,Private,196508,11th,7,Married-civ-spouse,Craft-repair,Husband,White,Male,0,0,40,United-States,<=50K
42,Private,140915,Some-college,10,Never-married,Other-service,Own-child,White,Female,0,0,40,United-States,<=50K
36,Local-gov,41031,Bachelors,13,Married-civ-spouse,Prof-specialty,Husband,White,Male,0,1887,40,United-States,>50K
46,State-gov,102628,Masters,14,Widowed,Protective-serv,Unmarried,White,Male,0,0,40,United-States,<=50K
42,Private,325159,Assoc-acdm,12,Married-civ-spouse,Adm-clerical,Husband,White,Male,7688,0,42,United-States,>50K
25,Local-gov,249449,Some-college,10,Never-married,Adm-clerical,Unmarried,Black,Female,0,0,40,United-States,<=50K
53,Private,95864,HS-grad,9,Never-married,Adm-clerical,Other-relative,White,Male,0,0,35,United-States,<=50K
23,Private,430151,HS-grad,9,Divorced,Other-service,Not-in-family,White,Female,0,0,24,United-States,<=50K
41,Local-gov,267790,Some-college,10,Divorced,Exec-managerial,Not-in-family,White,Female,0,0,40,United-States,<=50K
28,Federal-gov,366425,Some-college,10,Never-married,Adm-clerical,Not-in-family,White,Female,0,0,40,United-States,<=50K
29,Private,196385,Prof-school,15,Divorced,Prof-specialty,Own-child,White,Female,2174,0,72,United-States,<=50K
23,Private,203051,HS-grad,9,Never-married,Farming-fishing,Own-child,White,Male,0,0,40,United-States,<=50K
36,Private,275116,HS-grad,9,Divorced,Adm-clerical,Unmarried,White,Female,0,0,50,United-States,<=50K
65,Private,152909,HS-grad,9,Widowed,Other-service,Unmarried,White,Female,0,0,17,United-States,<=50K
36,Private,225399,HS-grad,9,Married-civ-spouse,Craft-repair,Husband,White,Male,7298,0,40,United-States,>50K
19,Private,189703,HS-grad,9,Never-married,Sales,Unmarried,Black,Female,0,0,20,United-States,<=50K
35,Private,208726,HS-grad,9,Married-civ-spouse,Transport-moving,Husband,White,Male,0,0,60,United-States,<=50K
35,?,375655,9th,5,Married-civ-spouse,?,Wife,White,Female,0,0,35,United-States,<=50K
74,Private,97167,HS-grad,9,Married-civ-spouse,Other-service,Husband,White,Male,0,0,15,United-States,<=50K
33,Private,498785,HS-grad,9,Married-civ-spouse,Prof-specialty,Husband,White,Male,0,0,88,United-States,<=50K
31,Private,174714,HS-grad,9,Divorced,Sales,Unmarried,Black,Male,0,0,50,United-States,<=50K
44,Private,32172,HS-grad,9,Separated,Machine-op-inspct,Own-child,Black,Male,0,0,40,United-States,<=50K
20,?,174704,Some-college,10,Never-married,?,Own-child,White,Male,0,0,20,United-States,<=50K
36,Private,101318,Some-college,10,Married-spouse-absent,Prof-specialty,Not-in-family,Asian-Pac-Islander,Female,0,0,40,China,>50K
44,Private,158948,HS-grad,9,Divorced,Sales,Own-child,White,Male,0,0,38,United-States,<=50K
46,Private,366533,Prof-school,15,Married-civ-spouse,Prof-specialty,Husband,White,Male,99999,0,60,United-States,>50K
36,Private,172297,9th,5,Married-civ-spouse,Handlers-cleaners,Husband,White,Male,0,0,40,United-States,<=50K
48,Private,70282,HS-grad,9,Married-civ-spouse,Machine-op-inspct,Wife,White,Female,0,0,50,United-States,<=50K
44,Private,175485,Bachelors,13,Married-civ-spouse,Craft-repair,Husband,White,Male,0,0,12,United-States,<=50K
34,Private,97723,Bachelors,13,Married-civ-spouse,Prof-specialty,Husband,White,Male,0,0,40,United-States,>50K
63,Self-emp-not-inc,298885,7th-8th,4,Married-civ-spouse,Farming-fishing,Husband,White,Male,7688,0,60,United-States,>50K
59,Self-emp-not-inc,114760,Some-college,10,Married-civ-spouse,Craft-repair,Husband,White,Male,0,0,20,United-States,>50K
38,Private,472604,Bachelors,13,Married-civ-spouse,Other-service,Husband,White,Male,0,0,35,Mexico,<=50K
38,Private,165302,Some-college,10,Divorced,Adm-clerical,Unmarried,Other,Female,0,0,40,United-States,<=50K
37,Private,226500,Bachelors,13,Married-civ-spouse,Sales,Husband,White,Male,0,0,55,United-States,>50K
31,Private,51048,9th,5,Married-civ-spouse,Machine-op-inspct,Husband,White,Male,0,0,43,United-States,<=50K
48,Private,99385,HS-grad,9,Separated,Adm-clerical,Not-in-family,White,Female,0,0,40,United-States,<=50K
43,Private,282069,Some-college,10,Divorced,Craft-repair,Unmarried,White,Male,0,0,42,United-States,<=50K
57,Private,110820,HS-grad,9,Married-civ-spouse,Craft-repair,Husband,White,Male,0,0,40,United-States,>50K
36,Private,160029,HS-grad,9,Married-civ-spouse,Machine-op-inspct,Husband,White,Male,0,0,60,United-States,<=50K
29,Private,496743,Some-college,10,Married-civ-spouse,Transport-moving,Husband,White,Male,0,0,45,United-States,>50K
27,Private,101618,HS-grad,9,Married-civ-spouse,Exec-managerial,Husband,White,Male,0,0,50,United-States,<=50K
51,Private,163921,Bachelors,13,Married-civ-spouse,Transport-moving,Husband,White,Male,0,0,56,United-States,>50K
39,Private,30619,Some-college,10,Divorced,Exec-managerial,Unmarried,White,Female,0,0,15,United-States,<=50K
57,Private,281025,Bachelors,13,Married-civ-spouse,Exec-managerial,Husband,White,Male,0,0,50,United-States,>50K
47,Private,206520,HS-grad,9,Divorced,Adm-clerical,Not-in-family,White,Female,0,0,37,United-States,<=50K
41,Local-gov,235951,Prof-school,15,Married-civ-spouse,Prof-specialty,Husband,White,Male,0,0,50,United-States,>50K
47,Private,146719,Some-college,10,Separated,Adm-clerical,Unmarried,White,Female,0,0,16,Germany,<=50K
38,Private,498785,HS-grad,9,Married-civ-spouse,Handlers-cleaners,Husband,White,Male,0,0,40,United-States,<=50K
46,Private,353263,9th,5,Divorced,Other-service,Unmarried,White,Female,0,0,40,United-States,<=50K
31,Private,152156,HS-grad,9,Married-civ-spouse,Craft-repair,Husband,White,Male,0,0,45,United-States,<=50K
68,Private,204052,Some-college,10,Widowed,Exec-managerial,Not-in-family,White,Female,0,0,45,United-States,<=50K
42,Self-emp-inc,144236,Some-college,10,Never-married,Sales,Not-in-family,White,Male,0,0,60,United-States,<=50K
44,Private,201697,Bachelors,13,Married-civ-spouse,Exec-managerial,Husband,White,Male,15024,0,45,United-States,>50K
25,Private,193051,Bachelors,13,Married-civ-spouse,Tech-support,Husband,White,Male,0,0,35,United-States,<=50K
41,Local-gov,235951,Prof-school,15,Married-civ-spouse,Prof-specialty,Husband,White,Male,0,0,50,United-States,>50K
41,Private,210844,Some-college,10,Married-spouse-absent,Sales,Unmarried,Black,Female,0,0,40,United-States,<=50K
28,Private,349751,Bachelors,13,Never-married,Exec-managerial,Not-in-family,Black,Male,2174,0,50,United-States,<=50K
21,Private,164757,HS-grad,9,Married-civ-spouse,Craft-repair,Husband,White,Male,0,0,40,United-States,<=50K
31,Private,188798,Masters,14,Married-civ-spouse,Exec-managerial,Wife,White,Female,0,0,40,United-States,>50K
38,Private,212252,Prof-school,15,Married-civ-spouse,Prof-specialty,Wife,White,Female,0,0,50,United-States,>50K
56,Self-emp-not-inc,156015,HS-grad,9,Married-civ-spouse,Craft-repair,Husband,White,Male,0,0,40,United-States,<=50K
42,Private,188588,Bachelors,13,Married-civ-spouse,Prof-specialty,Husband,White,Male,0,0,40,United-States,<=50K
46,Private,370119,Prof-school,15,Married-civ-spouse,Prof-specialty,Husband,White,Male,99999,0,60,United-States,>50K
30,Private,113163,Some-college,10,Never-married,Other-service,Not-in-family,White,Male,0,0,24,United-States,<=50K
29,Self-emp-inc,124454,Bachelors,13,Never-married,Sales,Own-child,White,Female,0,0,40,United-States,<=50K
27,Private,174655,HS-grad,9,Never-married,Adm-clerical,Own-child,White,Female,0,0,40,United-States,<=50K
48,Private,347292,Bachelors,13,Married-spouse-absent,Prof-specialty,Not-in-family,White,Male,0,0,37,United-States,>50K
17,Self-emp-inc,180985,10th,6,Never-married,Sales,Own-child,White,Male,0,0,12,United-States,<=50K
59,Local-gov,93211,Bachelors,13,Married-civ-spouse,Exec-managerial,Wife,White,Female,0,0,22,United-States,>50K
41,Private,328216,Masters,14,Never-married,Prof-specialty,Not-in-family,Black,Male,0,0,65,United-States,<=50K
18,Private,51838,Some-college,10,Never-married,Other-service,Own-child,White,Male,0,0,8,United-States,<=50K
27,Private,199381,Some-college,10,Never-married,Adm-clerical,Own-child,White,Female,0,0,40,Mexico,<=50K
31,Private,204502,12th,8,Never-married,Sales,Own-child,White,Male,0,0,32,United-States,<=50K
42,Private,162130,Bachelors,13,Married-civ-spouse,Sales,Husband,White,Male,7298,0,40,United-States,>50K
54,Private,214702,Masters,14,Married-civ-spouse,Exec-managerial,Husband,White,Male,0,1887,44,United-States,>50K
59,Private,194290,HS-grad,9,Married-civ-spouse,Farming-fishing,Husband,White,Male,0,0,48,United-States,<=50K
21,Private,113176,Some-college,10,Never-married,Adm-clerical,Own-child,White,Male,0,0,50,United-States,<=50K
45,Private,246463,Assoc-voc,11,Married-civ-spouse,Prof-specialty,Husband,White,Male,0,1902,40,United-States,>50K
30,Private,316606,Bachelors,13,Married-civ-spouse,Other-service,Wife,White,Female,0,0,40,United-States,<=50K
42,Private,209609,Some-college,10,Married-civ-spouse,Tech-support,Husband,White,Male,0,0,20,United-States,>50K
30,Private,30226,11th,7,Divorced,Sales,Own-child,White,Male,0,0,40,United-States,<=50K
21,State-gov,39236,Some-college,10,Never-married,Prof-specialty,Not-in-family,White,Female,0,0,8,United-States,<=50K
36,Private,160029,HS-grad,9,Married-civ-spouse,Machine-op-inspct,Husband,White,Male,0,0,60,United-States,<=50K
48,State-gov,224474,Some-college,10,Divorced,Exec-managerial,Not-in-family,White,Female,0,0,40,United-States,<=50K
27,Private,194134,Prof-school,15,Never-married,Prof-specialty,Own-child,White,Female,0,0,40,United-States,<=50K
49,Self-emp-not-inc,162205,Some-college,10,Divorced,Exec-managerial,Not-in-family,Amer-Indian-Eskimo,Female,0,0,40,United-States,<=50K
45,Private,169496,Some-college,10,Divorced,Other-service,Not-in-family,White,Female,0,0,50,United-States,<=50K
18,Private,234195,11th,7,Never-married,Other-service,Own-child,White,Male,0,0,20,United-States,<=50K
45,Self-emp-not-inc,322799,HS-grad,9,Married-civ-spouse,Farming-fishing,Husband,White,Male,0,0,70,United-States,<=50K
36,Private,150548,HS-grad,9,Never-married,Machine-op-inspct,Not-in-family,White,Female,0,0,30,United-States,<=50K
23,Private,427812,11th,7,Never-married,Craft-repair,Unmarried,White,Male,0,0,30,United-States,<=50K
54,Self-emp-inc,167065,Prof-school,15,Married-civ-spouse,Prof-specialty,Husband,White,Male,99999,0,60,United-States,>50K
48,Local-gov,102076,Bachelors,13,Never-married,Adm-clerical,Unmarried,White,Female,0,0,35,United-States,<=50K
28,Private,274276,10th,6,Married-civ-spouse,Transport-moving,Husband,White,Male,0,0,40,United-States,<=50K
25,Self-emp-inc,98756,Some-college,10,Divorced,Adm-clerical,Own-child,White,Female,0,0,50,United-States,<=50K
28,Private,243762,11th,7,Separated,Craft-repair,Unmarried,White,Female,0,0,40,United-States,<=50K
37,Self-emp-not-inc,183009,HS-grad,9,Married-civ-spouse,Prof-specialty,Husband,White,Male,3137,0,30,United-States,<=50K
45,Private,185385,Assoc-acdm,12,Divorced,Craft-repair,Not-in-family,White,Male,0,0,40,United-States,<=50K
38,Federal-gov,172571,Some-college,10,Divorced,Adm-clerical,Not-in-family,White,Male,0,0,40,United-States,>50K
18,Self-emp-not-inc,397877,HS-grad,9,Never-married,Farming-fishing,Other-relative,White,Male,0,0,40,United-States,<=50K
37,State-gov,46814,Bachelors,13,Never-married,Prof-specialty,Not-in-family,White,Male,0,0,38,United-States,<=50K
17,Private,100828,11th,7,Never-married,Other-service,Not-in-family,White,Male,0,0,20,United-States,<=50K
48,Private,135568,Assoc-acdm,12,Divorced,Adm-clerical,Not-in-family,White,Female,0,0,40,United-States,<=50K
27,Private,189565,HS-grad,9,Married-civ-spouse,Exec-managerial,Own-child,White,Male,0,0,40,United-States,<=50K
57,Private,200997,Assoc-acdm,12,Widowed,Adm-clerical,Other-relative,White,Female,0,0,40,United-States,<=50K
50,Private,128378,5th-6th,3,Married-civ-spouse,Handlers-cleaners,Husband,White,Male,0,0,55,?,<=50K
23,Private,251346,Bachelors,13,Never-married,Sales,Not-in-family,White,Female,0,0,40,United-States,<=50K
34,Private,83800,Some-college,10,Married-civ-spouse,Other-service,Wife,White,Female,0,0,30,United-States,<=50K
38,Private,76317,Assoc-voc,11,Married-civ-spouse,Exec-managerial,Husband,White,Male,0,0,55,United-States,>50K
33,Private,240166,HS-grad,9,Divorced,Other-service,Unmarried,White,Female,0,0,30,United-States,<=50K
26,Self-emp-not-inc,232220,HS-grad,9,Married-civ-spouse,Craft-repair,Husband,White,Male,0,0,40,United-States,<=50K
43,Local-gov,85440,Masters,14,Married-civ-spouse,Prof-specialty,Husband,White,Male,0,0,45,United-States,>50K
65,?,367240,7th-8th,4,Married-civ-spouse,?,Husband,White,Male,0,0,20,United-States,<=50K
28,Private,83003,HS-grad,9,Married-civ-spouse,Transport-moving,Husband,White,Male,0,0,40,United-States,<=50K
37,Private,180262,Bachelors,13,Never-married,Sales,Not-in-family,White,Male,0,0,45,United-States,<=50K
27,Private,174645,HS-grad,9,Never-married,Adm-clerical,Own-child,White,Female,0,0,40,United-States,<=50K
55,Private,191814,HS-grad,9,Married-civ-spouse,Sales,Husband,White,Male,0,0,40,United-States,<=50K
73,Private,123780,10th,6,Widowed,Other-service,Not-in-family,White,Female,0,0,10,United-States,<=50K
36,Self-emp-not-inc,122220,HS-grad,9,Married-civ-spouse,Craft-repair,Husband,White,Male,0,0,47,United-States,<=50K
26,Local-gov,73679,HS-grad,9,Never-married,Handlers-cleaners,Own-child,Amer-Indian-Eskimo,Male,0,0,30,United-States,<=50K
17,Private,110798,11th,7,Never-married,Sales,Own-child,White,Female,0,0,20,United-States,<=50K
25,Federal-gov,178244,Some-college,10,Never-married,Exec-managerial,Own-child,White,Male,0,0,9,United-States,<=50K
41,Private,254711,Assoc-voc,11,Never-married,Prof-specialty,Not-in-family,White,Female,0,0,60,United-States,<=50K
21,Private,303677,Some-college,10,Never-married,Exec-managerial,Not-in-family,White,Female,0,0,38,United-States,<=50K
46,Private,188274,Some-college,10,Married-civ-spouse,Machine-op-inspct,Husband,White,Male,0,0,50,United-States,>50K
20,Private,41356,Some-college,10,Never-married,Prof-specialty,Not-in-family,White,Female,0,0,40,United-States,<=50K
26,Self-emp-not-inc,109609,Some-college,10,Separated,Craft-repair,Not-in-family,White,Male,0,0,30,United-States,<=50K
31,Private,199381,HS-grad,9,Divorced,Adm-clerical,Not-in-family,White,Female,0,0,40,Germany,<=50K
37,Private,238255,HS-grad,9,Married-civ-spouse,Machine-op-inspct,Husband,Black,Male,0,0,36,United-States,>50K
38,Private,50385,HS-grad,9,Married-civ-spouse,Handlers-cleaners,Husband,White,Male,0,0,40,United-States,<=50K
22,Private,315476,11th,7,Never-married,Craft-repair,Unmarried,White,Male,0,0,40,United-States,<=50K
62,Private,174201,9th,5,Widowed,Other-service,Unmarried,Black,Female,0,0,25,United-States,<=50K
18,Private,51789,Some-college,10,Never-married,Other-service,Own-child,White,Male,0,0,8,United-States,<=50K
31,Private,30269,Some-college,10,Divorced,Exec-managerial,Unmarried,Black,Male,0,0,40,United-States,<=50K
63,Self-emp-not-inc,334273,7th-8th,4,Married-civ-spouse,Craft-repair,Husband,White,Male,0,0,40,United-States,<=50K
24,Federal-gov,427812,Bachelors,13,Never-married,Prof-specialty,Not-in-family,White,Female,0,0,30,United-States,<=50K
42,Private,340917,Doctorate,16,Never-married,Prof-specialty,Not-in-family,White,Male,0,0,50,United-States,<=50K
46,Local-gov,232220,Masters,14,Divorced,Exec-managerial,Not-in-family,White,Male,0,0,50,United-States,>50K
44,Private,294493,HS-grad,9,Married-civ-spouse,Craft-repair,Husband,White,Male,0,0,40,United-States,<=50K
42,Private,172695,Masters,14,Married-civ-spouse,Prof-specialty,Husband,White,Male,0,0,40,United-States,<=50K
40,Self-emp-not-inc,194924,Some-college,10,Married-civ-spouse,Farming-fishing,Husband,White,Male,0,0,60,United-States,<=50K
43,Private,215990,Bachelors,13,Divorced,Adm-clerical,Unmarried,White,Female,0,0,40,Germany,<=50K
63,Private,102412,HS-grad,9,Divorced,Sales,Not-in-family,White,Female,0,0,40,United-States,<=50K
33,Private,157887,9th,5,Married-civ-spouse,Machine-op-inspct,Husband,White,Male,0,0,50,United-States,<=50K
46,Private,185551,Bachelors,13,Married-civ-spouse,Prof-specialty,Husband,White,Male,3103,0,40,United-States,>50K
69,?,628797,Some-college,10,Widowed,?,Not-in-family,White,Female,0,0,20,United-States,<=50K
34,Private,157887,Bachelors,13,Married-civ-spouse,Exec-managerial,Husband,White,Male,0,0,70,United-States,<=50K
22,?,287658,Some-college,10,Never-married,?,Not-in-family,White,Male,0,0,15,United-States,<=50K
59,Private,194526,HS-grad,9,Married-civ-spouse,Farming-fishing,Husband,White,Male,0,0,48,United-States,<=50K
54,Federal-gov,507875,HS-grad,9,Married-civ-spouse,Prof-specialty,Husband,White,Male,0,0,40,United-States,>50K
29,Private,490332,Some-college,10,Married-civ-spouse,Transport-moving,Husband,White,Male,0,0,45,United-States,>50K
36,Private,275395,HS-grad,9,Divorced,Adm-clerical,Unmarried,White,Female,0,0,50,United-States,<=50K
45,Private,77660,Bachelors,13,Widowed,Other-service,Own-child,Asian-Pac-Islander,Female,0,0,40,Philippines,<=50K
31,Private,168387,Bachelors,13,Married-civ-spouse,Prof-specialty,Husband,White,Male,7688,0,40,Canada,>50K
20,Private,127185,Some-college,10,Never-married,Prof-specialty,Own-child,White,Female,0,0,15,United-States,<=50K
39,?,157887,Masters,14,Married-civ-spouse,?,Wife,Asian-Pac-Islander,Female,3464,0,40,?,<=50K
70,Self-emp-inc,243240,9th,5,Divorced,Sales,Not-in-family,White,Male,0,0,45,United-States,<=50K
35,Local-gov,116952,Masters,14,Married-civ-spouse,Prof-specialty,Husband,White,Male,0,1887,40,United-States,>50K
75,Self-emp-not-inc,106873,11th,7,Widowed,Sales,Not-in-family,White,Male,0,0,40,United-States,<=50K
60,?,191118,HS-grad,9,Married-civ-spouse,?,Husband,White,Male,0,1848,40,United-States,>50K
54,Private,216145,Masters,14,Married-civ-spouse,Exec-managerial,Husband,White,Male,0,1887,44,United-States,>50K
40,Private,200496,Bachelors,13,Separated,Sales,Not-in-family,White,Male,0,0,40,United-States,<=50K
38,Private,50385,HS-grad,9,Married-civ-spouse,Handlers-cleaners,Husband,White,Male,0,0,40,United-States,<=50K
23,Private,43607,HS-grad,9,Divorced,Other-service,Not-in-family,White,Female,0,0,24,United-States,<=50K
43,Private,180985,Some-college,10,Married-civ-spouse,Transport-moving,Husband,White,Male,0,0,60,United-States,>50K
17,Private,118792,11th,7,Never-married,Sales,Other-relative,White,Female,0,0,24,United-States,<=50K
32,Private,198388,Some-college,10,Divorced,Exec-managerial,Not-in-family,White,Female,0,0,38,United-States,<=50K
33,Federal-gov,137814,HS-grad,9,Never-married,Other-service,Not-in-family,White,Male,0,0,32,United-States,<=50K
30,Private,194901,HS-grad,9,Never-married,Sales,Other-relative,White,Male,0,0,40,United-States,<=50K
32,Private,119721,Bachelors,13,Never-married,Exec-managerial,Not-in-family,White,Female,0,0,40,United-States,<=50K
50,Private,241805,Assoc-voc,11,Divorced,Other-service,Not-in-family,White,Female,0,0,20,United-States,<=50K
36,Private,165775,Bachelors,13,Divorced,Adm-clerical,Not-in-family,White,Male,0,0,55,United-States,>50K
23,Private,443508,Some-college,10,Never-married,Transport-moving,Own-child,White,Male,0,0,15,United-States,<=50K
35,Private,210275,HS-grad,9,Married-civ-spouse,Transport-moving,Husband,White,Male,0,0,60,United-States,<=50K
42,Private,339358,Doctorate,16,Never-married,Prof-specialty,Not-in-family,White,Male,0,0,50,United-States,<=50K
42,Private,161251,Bachelors,13,Married-civ-spouse,Sales,Husband,White,Male,7298,0,40,United-States,>50K
34,Private,380560,10th,6,Separated,Exec-managerial,Unmarried,White,Female,0,0,45,United-States,<=50K
45,Self-emp-not-inc,319146,HS-grad,9,Married-civ-spouse,Farming-fishing,Husband,White,Male,0,0,70,United-States,<=50K
30,State-gov,714597,Some-college,10,Never-married,Protective-serv,Not-in-family,Black,Male,0,0,45,United-States,<=50K
40,Private,100292,HS-grad,9,Married-civ-spouse,Sales,Husband,White,Male,0,0,52,United-States,>50K
48,Private,99385,HS-grad,9,Separated,Adm-clerical,Not-in-family,White,Female,0,0,40,United-States,<=50K
25,State-gov,218124,Bachelors,13,Never-married,Protective-serv,Not-in-family,Black,Female,0,0,40,United-States,<=50K
44,Private,142921,HS-grad,9,Widowed,Other-service,Unmarried,White,Female,0,0,40,United-States,<=50K
46,Private,37170,Prof-school,15,Married-civ-spouse,Prof-specialty,Husband,White,Male,99999,0,60,United-States,>50K
50,Private,174645,Some-college,10,Married-civ-spouse,Sales,Husband,White,Male,0,0,45,United-States,>50K
36,Private,274809,HS-grad,9,Divorced,Adm-clerical,Unmarried,White,Female,0,0,50,United-States,<=50K
48,Private,196107,HS-grad,9,Divorced,Adm-clerical,Not-in-family,White,Female,0,0,30,United-States,<=50K
52,State-gov,168387,Some-college,10,Married-civ-spouse,Tech-support,Husband,White,Male,0,0,45,United-States,<=50K
18,Self-emp-not-inc,403107,HS-grad,9,Never-married,Farming-fishing,Other-relative,White,Male,0,0,40,United-States,<=50K
26,Private,213140,HS-grad,9,Never-married,Adm-clerical,Unmarried,Black,Female,0,0,40,Jamaica,<=50K
20,State-gov,114011,HS-grad,9,Never-married,Tech-support,Own-child,White,Female,0,0,24,United-States,<=50K
21,Private,185798,HS-grad,9,Never-married,Sales,Own-child,White,Female,0,0,36,United-States,<=50K
29,Private,211482,Bachelors,13,Never-married,Prof-specialty,Not-in-family,White,Male,0,0,50,United-States,>50K
50,Private,255621,Doctorate,16,Married-civ-spouse,Sales,Husband,White,Male,0,0,50,United-States,>50K
54,Private,340917,Some-college,10,Married-civ-spouse,Exec-managerial,Husband,White,Male,0,0,44,United-States,>50K
26,Private,96710,Bachelors,13,Never-married,Prof-specialty,Not-in-family,White,Female,0,0,40,United-States,<=50K
34,Private,97723,Bachelors,13,Married-civ-spouse,Prof-specialty,Husband,White,Male,0,0,40,United-States,>50K
51,Without-pay,126327,Assoc-acdm,12,Married-civ-spouse,Sales,Husband,White,Male,0,0,45,United-States,<=50K
30,Private,361742,Some-college,10,Married-civ-spouse,Exec-managerial,Husband,White,Male,0,0,50,United-States,<=50K
24,Private,200192,HS-grad,9,Never-married,Handlers-cleaners,Own-child,White,Male,0,0,45,United-States,<=50K
29,Private,161092,Assoc-acdm,12,Married-civ-spouse,Prof-specialty,Husband,White,Male,0,0,50,United-States,<=50K
24,Private,126613,Bachelors,13,Never-married,Sales,Not-in-family,White,Female,0,0,50,United-States,<=50K
58,Private,98630,Masters,14,Married-civ-spouse,Prof-specialty,Husband,White,Male,0,0,40,United-States,>50K
42,Private,328216,Some-college,10,Never-married,Other-service,Not-in-family,White,Male,0,0,40,United-States,<=50K
38,?,75024,7th-8th,4,Divorced,?,Not-in-family,White,Female,0,0,40,United-States,<=50K
51,Self-emp-not-inc,160724,Bachelors,13,Married-civ-spouse,Sales,Husband,Asian-Pac-Islander,Male,0,2415,40,China,>50K
54,Private,185283,1st-4th,2,Separated,Priv-house-serv,Other-relative,White,Female,0,0,40,Mexico,<=50K
28,Private,275116,10th,6,Married-civ-spouse,Transport-moving,Husband,White,Male,0,0,40,United-States,<=50K
29,Self-emp-inc,123991,Bachelors,13,Never-married,Sales,Own-child,White,Female,0,0,40,United-States,<=50K
52,Private,186845,Some-college,10,Married-civ-spouse,Exec-managerial,Husband,White,Male,15024,0,55,Canada,>50K
51,Private,163708,Bachelors,13,Married-civ-spouse,Transport-moving,Husband,White,Male,0,0,56,United-States,>50K
19,Private,196508,HS-grad,9,Never-married,Other-service,Not-in-family,White,Female,0,0,40,United-States,<=50K
21,Private,311631,HS-grad,9,Never-married,Sales,Own-child,White,Female,0,0,30,United-States,<=50K
17,Private,271122,12th,8,Never-married,Other-service,Own-child,White,Female,0,0,16,United-States,<=50K
45,Private,148429,Some-college,10,Divorced,Craft-repair,Not-in-family,White,Male,0,0,50,United-States,<=50K
43,Local-gov,144778,HS-grad,9,Married-civ-spouse,Exec-managerial,Husband,White,Male,0,0,40,?,<=50K
34,Private,97723,Bachelors,13,Married-civ-spouse,Prof-specialty,Husband,White,Male,0,0,40,United-States,>50K
60,Private,165775,Some-college,10,Married-civ-spouse,Handlers-cleaners,Husband,White,Male,0,0,40,United-States,<=50K
46,Private,116825,7th-8th,4,Married-civ-spouse,Prof-specialty,Wife,White,Female,0,0,45,United-States,<=50K
29,?,191118,HS-grad,9,Never-married,?,Not-in-family,White,Male,0,0,40,United-States,<=50K
39,Self-emp-not-inc,339029,Bachelors,13,Married-civ-spouse,Exec-managerial,Husband,White,Male,0,0,50,United-States,<=50K
57,Self-emp-not-inc,221550,Some-college,10,Married-civ-spouse,Exec-managerial,Wife,White,Female,0,0,60,United-States,<=50K
57,Self-emp-not-inc,244953,Assoc-voc,11,Married-civ-spouse,Craft-repair,Husband,White,Male,0,0,40,United-States,>50K
39,Private,421633,Some-college,10,Divorced,Protective-serv,Unmarried,Black,Female,0,0,30,United-States,<=50K
31,Private,376540,Bachelors,13,Never-married,Prof-specialty,Unmarried,Black,Female,0,0,40,?,<=50K
65,Private,282779,Masters,14,Married-civ-spouse,Adm-clerical,Other-relative,White,Female,0,0,40,United-States,>50K
44,Private,298885,HS-grad,9,Married-civ-spouse,Craft-repair,Husband,White,Male,0,0,40,United-States,<=50K
29,Private,149040,HS-grad,9,Married-civ-spouse,Farming-fishing,Husband,White,Male,0,0,60,United-States,<=50K
35,Local-gov,116952,Masters,14,Married-civ-spouse,Prof-specialty,Husband,White,Male,0,1887,40,United-States,>50K
36,Self-emp-not-inc,122742,HS-grad,9,Married-civ-spouse,Craft-repair,Husband,White,Male,0,0,47,United-States,<=50K
71,State-gov,210714,HS-grad,9,Married-civ-spouse,Protective-serv,Husband,White,Male,0,0,28,United-States,<=50K
30,Private,334273,Some-college,10,Never-married,Craft-repair,Not-in-family,White,Male,0,0,40,United-States,<=50K
54,Private,217530,Masters,14,Married-civ-spouse,Exec-managerial,Husband,White,Male,0,1887,44,United-States,>50K
39,Private,191935,HS-grad,9,Never-married,Machine-op-inspct,Unmarried,White,Male,0,0,48,United-States,<=50K
36,Self-emp-not-inc,104772,Bachelors,13,Married-civ-spouse,Prof-specialty,Husband,White,Male,3908,0,40,United-States,<=50K
25,Private,109609,HS-grad,9,Never-married,Adm-clerical,Own-child,White,Female,0,0,40,United-States,<=50K
28,Private,33895,Bachelors,13,Never-married,Sales,Not-in-family,White,Male,0,0,45,United-States,<=50K
32,Private,154950,HS-grad,9,Separated,Prof-specialty,Not-in-family,White,Male,0,0,55,United-States,<=50K
24,Private,215990,Some-college,10,Married-civ-spouse,Handlers-cleaners,Husband,White,Male,0,0,40,United-States,<=50K
22,Private,109815,Some-college,10,Never-married,Adm-clerical,Not-in-family,White,Female,0,0,40,United-States,<=50K
54,Private,96710,HS-grad,9,Married-civ-spouse,Priv-house-serv,Other-relative,Black,Female,0,0,20,United-States,<=50K
46,Private,172297,11th,7,Widowed,Other-service,Not-in-family,White,Female,0,0,27,El-Salvador,<=50K
22,Private,123160,Some-college,10,Never-married,Sales,Not-in-family,White,Male,0,0,30,United-States,<=50K
53,Self-emp-inc,292120,Some-college,10,Married-civ-spouse,Sales,Husband,White,Male,0,0,50,United-States,>50K
62,Private,82906,Bachelors,13,Married-civ-spouse,Exec-managerial,Wife,White,Female,4064,0,35,England,<=50K
28,Private,78530,Some-college,10,Never-married,Exec-managerial,Not-in-family,White,Female,0,0,40,United-States,<=50K
36,Private,182378,10th,6,Never-married,Farming-fishing,Own-child,Black,Male,0,0,60,United-States,<=50K
34,Private,200471,HS-grad,9,Separated,Transport-moving,Own-child,White,Male,0,0,25,Columbia,<=50K
52,Self-emp-inc,74712,HS-grad,9,Married-civ-spouse,Sales,Husband,Asian-Pac-Islander,Male,0,0,40,United-States,>50K
48,Private,355728,Bachelors,13,Married-civ-spouse,Prof-specialty,Husband,White,Male,0,0,45,Canada,>50K
43,Private,270522,HS-grad,9,Separated,Other-service,Not-in-family,White,Female,0,0,26,United-States,<=50K
50,Private,113176,HS-grad,9,Divorced,Adm-clerical,Not-in-family,White,Female,0,0,40,United-States,<=50K
38,Private,34996,Some-college,10,Separated,Other-service,Unmarried,White,Female,0,0,40,United-States,<=50K
31,Self-emp-not-inc,234663,Some-college,10,Married-civ-spouse,Craft-repair,Husband,White,Male,0,0,60,United-States,<=50K
37,Private,153522,Assoc-voc,11,Married-civ-spouse,Adm-clerical,Husband,White,Male,7688,0,40,United-States,>50K
43,Local-gov,145033,HS-grad,9,Married-civ-spouse,Exec-managerial,Husband,White,Male,0,0,40,?,<=50K
51,Private,171540,Some-college,10,Married-civ-spouse,Transport-moving,Husband,White,Male,0,0,40,United-States,>50K
46,Local-gov,359193,Some-college,10,Divorced,Adm-clerical,Unmarried,White,Female,0,0,45,United-States,<=50K
46,Self-emp-inc,112320,Bachelors,13,Divorced,Exec-managerial,Not-in-family,White,Female,0,0,50,United-States,<=50K
28,Private,632733,Masters,14,Married-civ-spouse,Sales,Husband,White,Male,0,0,60,United-States,>50K
54,Private,221172,HS-grad,9,Widowed,Other-service,Unmarried,Asian-Pac-Islander,Female,0,0,40,Philippines,<=50K
25,Local-gov,187792,Some-college,10,Divorced,Protective-serv,Not-in-family,White,Female,0,0,40,United-States,<=50K
18,Private,282609,5th-6th,3,Never-married,Handlers-cleaners,Other-relative,White,Male,0,0,30,Honduras,<=50K
34,Private,202956,Bachelors,13,Married-civ-spouse,Adm-clerical,Husband,White,Male,0,0,27,United-States,<=50K
54,Private,507875,Bachelors,13,Divorced,Exec-managerial,Not-in-family,Black,Female,0,0,45,United-States,>50K
34,Private,182540,HS-grad,9,Divorced,Exec-managerial,Own-child,White,Male,0,0,44,United-States,<=50K
20,Private,367240,Some-college,10,Never-married,Other-service,Own-child,White,Female,0,0,20,United-States,<=50K
31,Private,182540,10th,6,Separated,Transport-moving,Unmarried,White,Male,0,0,40,United-States,<=50K
24,Private,200496,HS-grad,9,Never-married,Handlers-cleaners,Own-child,White,Male,0,0,45,United-States,<=50K
51,Private,164113,Bachelors,13,Married-civ-spouse,Transport-moving,Husband,White,Male,0,0,56,United-States,>50K
37,Private,21798,HS-grad,9,Married-civ-spouse,Craft-repair,Husband,White,Male,0,0,45,United-States,>50K
39,Private,39236,HS-grad,9,Separated,Handlers-cleaners,Not-in-family,Black,Male,0,0,40,United-States,<=50K
52,Self-emp-inc,225065,HS-grad,9,Married-civ-spouse,Sales,Husband,White,Male,0,0,50,Cuba,<=50K
34,State-gov,240468,HS-grad,9,Divorced,Transport-moving,Unmarried,White,Female,0,0,40,United-States,<=50K
47,Private,151141,Prof-school,15,Married-civ-spouse,Exec-managerial,Husband,White,Male,7688,0,60,United-States,>50K
25,Private,135525,9th,5,Married-civ-spouse,Handlers-cleaners,Husband,White,Male,0,0,40,United-States,<=50K
23,Private,380390,Some-college,10,Married-civ-spouse,Adm-clerical,Husband,White,Male,0,0,40,United-States,>50K
33,Private,119422,Bachelors,13,Never-married,Exec-managerial,Not-in-family,White,Female,0,0,40,United-States,<=50K
45,Self-emp-not-inc,284358,HS-grad,9,Married-civ-spouse,Exec-managerial,Husband,Asian-Pac-Islander,Male,0,0,40,China,<=50K
52,Self-emp-inc,134854,HS-grad,9,Married-civ-spouse,Exec-managerial,Husband,White,Male,0,0,40,United-States,>50K
47,Private,203635,HS-grad,9,Divorced,Adm-clerical,Not-in-family,White,Female,0,0,35,United-States,<=50K
20,Private,225811,HS-grad,9,Never-married,Sales,Own-child,White,Female,0,0,23,United-States,<=50K
34,Private,182691,HS-grad,9,Divorced,Exec-managerial,Own-child,White,Male,0,0,44,United-States,<=50K
51,Private,241805,Bachelors,13,Married-civ-spouse,Craft-repair,Husband,White,Male,0,0,40,United-States,>50K
20,?,174704,Some-college,10,Never-married,?,Own-child,White,Male,0,0,20,United-States,<=50K
31,Private,221157,Prof-school,15,Divorced,Tech-support,Not-in-family,White,Female,0,0,35,United-States,<=50K
31,Private,182691,10th,6,Separated,Transport-moving,Unmarried,White,Male,0,0,40,United-States,<=50K
65,Private,153870,HS-grad,9,Widowed,Other-service,Unmarried,White,Female,0,0,17,United-States,<=50K
71,State-gov,210525,HS-grad,9,Married-civ-spouse,Protective-serv,Husband,White,Male,0,0,28,United-States,<=50K
32,Private,154950,HS-grad,9,Separated,Prof-specialty,Not-in-family,White,Male,0,0,55,United-States,<=50K
23,Private,203715,Bachelors,13,Never-married,Prof-specialty,Not-in-family,White,Female,0,0,40,United-States,<=50K
42,Private,66118,Some-college,10,Divorced,Machine-op-inspct,Not-in-family,White,Female,0,0,40,United-States,<=50K
32,Private,52636,Some-college,10,Never-married,Tech-support,Not-in-family,Black,Male,0,0,38,United-States,<=50K
28,Private,64885,Masters,14,Married-civ-spouse,Sales,Husband,White,Male,0,0,60,United-States,>50K
35,?,196385,Some-college,10,Married-civ-spouse,?,Husband,Asian-Pac-Islander,Male,0,0,40,Philippines,>50K
29,Private,83242,HS-grad,9,Married-civ-spouse,Other-service,Wife,White,Female,0,0,40,United-States,<=50K
46,Private,172571,11th,7,Widowed,Other-service,Not-in-family,White,Female,0,0,27,El-Salvador,<=50K
27,Private,202062,Bachelors,13,Never-married,Prof-specialty,Own-child,Black,Male,0,0,40,United-States,<=50K
30,Private,176389,Assoc-voc,11,Divorced,Adm-clerical,Unmarried,White,Female,0,0,24,United-States,<=50K
29,Private,490332,Some-college,10,Married-civ-spouse,Transport-moving,Husband,White,Male,0,0,45,United-States,>50K
31,Private,43607,Bachelors,13,Widowed,Adm-clerical,Unmarried,White,Male,0,0,60,United-States,<=50K
77,Self-emp-not-inc,161552,Preschool,1,Widowed,Exec-managerial,Not-in-family,White,Female,0,0,60,United-States,<=50K
24,Private,200496,HS-grad,9,Never-married,Handlers-cleaners,Own-child,White,Male,0,0,45,United-States,<=50K
44,Private,445382,HS-grad,9,Married-civ-spouse,Farming-fishing,Husband,White,Male,0,0,70,United-States,<=50K
30,Private,490332,Assoc-voc,11,Married-civ-spouse,Handlers-cleaners,Husband,White,Male,0,0,40,Mexico,<=50K
53,Self-emp-not-inc,168387,9th,5,Married-civ-spouse,Farming-fishing,Husband,White,Male,0,0,70,United-States,<=50K
67,Local-gov,258973,HS-grad,9,Divorced,Other-service,Not-in-family,White,Female,0,0,24,United-States,<=50K
31,Private,25216,Bachelors,13,Divorced,Exec-managerial,Unmarried,White,Female,0,0,40,United-States,<=50K
17,Private,52967,10th,6,Never-married,Other-service,Own-child,White,Female,0,0,6,United-States,<=50K
20,Private,212091,Some-college,10,Never-married,Other-service,Own-child,White,Female,0,0,16,United-States,<=50K
38,Private,228457,Bachelors,13,Never-married,Exec-managerial,Not-in-family,Black,Male,13550,0,40,United-States,>50K
56,Private,198223,HS-grad,9,Divorced,Adm-clerical,Not-in-family,White,Female,0,0,40,United-States,<=50K
36,Private,225065,HS-grad,9,Married-civ-spouse,Craft-repair,Husband,White,Male,7298,0,40,United-States,>50K
32,Private,155193,HS-grad,9,Separated,Prof-specialty,Not-in-family,White,Male,0,0,55,United-States,<=50K
34,Private,157887,Bachelors,13,Married-civ-spouse,Exec-managerial,Husband,White,Male,0,0,70,United-States,<=50K
31,Private,142921,Bachelors,13,Never-married,Tech-support,Not-in-family,White,Female,0,0,40,United-States,<=50K
35,Private,106873,HS-grad,9,Married-civ-spouse,Sales,Husband,White,Male,0,0,60,United-States,<=50K
51,Local-gov,250770,9th,5,Married-civ-spouse,Other-service,Wife,White,Female,0,0,38,Puerto-Rico,<=50K
28,Private,380390,Bachelors,13,Married-civ-spouse,Exec-managerial,Husband,White,Male,0,0,50,United-States,<=50K
48,State-gov,225267,Some-college,10,Divorced,Exec-managerial,Not-in-family,White,Female,0,0,40,United-States,<=50K
37,Self-emp-not-inc,151584,11th,7,Married-civ-spouse,Transport-moving,Husband,White,Male,0,0,45,United-States,<=50K
35,Self-emp-not-inc,37778,Assoc-voc,11,Married-civ-spouse,Farming-fishing,Husband,White,Male,3103,0,55,United-States,<=50K
20,Private,471452,Some-college,10,Never-married,Craft-repair,Own-child,White,Male,0,0,40,United-States,<=50K
29,Private,48718,Some-college,10,Married-civ-spouse,Transport-moving,Husband,White,Male,0,0,45,United-States,>50K
26,Private,78529,Assoc-voc,11,Divorced,Prof-specialty,Unmarried,White,Female,0,0,36,United-States,<=50K
46,Private,212944,11th,7,Married-civ-spouse,Craft-repair,Husband,White,Male,0,0,32,United-States,<=50K
27,Private,141545,HS-grad,9,Married-civ-spouse,Transport-moving,Husband,White,Male,0,1902,45,United-States,<=50K
46,Self-emp-not-inc,24367,10th,6,Married-civ-spouse,Farming-fishing,Husband,White,Male,0,0,99,United-States,>50K
22,Private,89154,1st-4th,2,Never-married,Other-service,Other-relative,White,Male,0,0,40,El-Salvador,<=50K
21,Private,186172,HS-grad,9,Never-married,Sales,Own-child,White,Female,0,0,36,United-States,<=50K
29,State-gov,380560,Bachelors,13,Never-married,Craft-repair,Not-in-family,White,Male,0,0,40,United-States,<=50K
22,Private,89154,1st-4th,2,Never-married,Other-service,Other-relative,White,Male,0,0,40,El-Salvador,<=50K
31,Private,168539,Bachelors,13,Married-civ-spouse,Prof-specialty,Husband,White,Male,7688,0,40,Canada,>50K
71,?,250034,Some-college,10,Married-civ-spouse,?,Husband,White,Male,3432,0,30,United-States,<=50K
34,Private,174201,Masters,14,Divorced,Exec-managerial,Not-in-family,White,Male,27828,0,60,United-States,>50K
54,Private,30840,HS-grad,9,Married-civ-spouse,Other-service,Husband,White,Male,0,0,50,United-States,<=50K
27,Private,194290,Prof-school,15,Never-married,Prof-specialty,Own-child,White,Female,0,0,40,United-States,<=50K
51,Self-emp-not-inc,187052,Bachelors,13,Married-civ-spouse,Farming-fishing,Husband,White,Male,0,0,8,United-States,<=50K
64,Private,160029,HS-grad,9,Married-civ-spouse,Transport-moving,Husband,White,Male,10566,0,40,United-States,<=50K
44,Private,142921,HS-grad,9,Widowed,Other-service,Unmarried,White,Female,0,0,40,United-States,<=50K
34,Self-emp-not-inc,234901,Bachelors,13,Married-civ-spouse,Prof-specialty,Husband,Black,Male,0,1887,48,United-States,>50K
61,Private,274276,HS-grad,9,Married-civ-spouse,Craft-repair,Husband,White,Male,0,0,40,United-States,<=50K
56,Self-emp-not-inc,156618,HS-grad,9,Married-civ-spouse,Craft-repair,Husband,White,Male,0,0,40,United-States,<=50K
20,Private,127185,Some-college,10,Never-married,Prof-specialty,Own-child,White,Female,0,0,15,United-States,<=50K
24,Self-emp-inc,197274,Bachelors,13,Never-married,Adm-clerical,Own-child,White,Male,0,0,20,United-States,<=50K
33,Private,34037,HS-grad,9,Married-civ-spouse,Craft-repair,Husband,White,Male,0,0,40,United-States,<=50K
44,Private,325353,HS-grad,9,Separated,Machine-op-inspct,Own-child,Black,Male,0,0,40,United-States,<=50K
23,Private,375680,Some-college,10,Never-married,Other-service,Unmarried,White,Female,0,0,25,United-States,<=50K
22,Private,112693,HS-grad,9,Married-civ-spouse,Craft-repair,Husband,White,Male,0,0,35,United-States,<=50K
26,Private,295896,Bachelors,13,Never-married,Craft-repair,Other-relative,White,Male,0,0,40,United-States,<=50K
24,Private,126327,Bachelors,13,Never-married,Sales,Not-in-family,White,Female,0,0,50,United-States,<=50K
20,?,174714,Some-college,10,Never-married,?,Own-child,White,Male,0,0,20,United-States,<=50K
22,Private,56651,HS-grad,9,Never-married,Other-service,Own-child,White,Male,0,0,40,United-States,<=50K
51,Private,244953,Some-college,10,Married-civ-spouse,Adm-clerical,Wife,White,Female,0,0,40,United-States,<=50K
63,Self-emp-not-inc,33551,7th-8th,4,Married-civ-spouse,Craft-repair,Husband,White,Male,0,0,40,United-States,<=50K
33,State-gov,295896,HS-grad,9,Married-civ-spouse,Craft-repair,Husband,White,Male,0,0,40,United-States,<=50K
19,Private,155475,HS-grad,9,Never-married,Other-service,Own-child,White,Female,0,1628,20,United-States,<=50K
20,State-gov,178517,Some-college,10,Never-married,Farming-fishing,Not-in-family,White,Male,0,0,40,United-States,<=50K
20,Private,190747,HS-grad,9,Never-married,Other-service,Own-child,White,Female,0,0,30,United-States,<=50K
53,State-gov,104501,Doctorate,16,Married-civ-spouse,Prof-specialty,Husband,White,Male,0,0,40,?,>50K
27,Private,147340,Some-college,10,Never-married,Exec-managerial,Own-child,White,Female,0,0,40,United-States,<=50K
35,Private,27804,Bachelors,13,Married-civ-spouse,Sales,Husband,White,Male,7298,0,48,United-States,>50K
27,Private,194243,Prof-school,15,Never-married,Prof-specialty,Own-child,White,Female,0,0,40,United-States,<=50K
43,Private,271122,HS-grad,9,Separated,Other-service,Not-in-family,White,Female,0,0,26,United-States,<=50K
50,Private,156877,HS-grad,9,Married-civ-spouse,Adm-clerical,Husband,White,Male,0,0,35,United-States,<=50K
45,Private,72257,HS-grad,9,Never-married,Sales,Own-child,White,Female,0,0,35,United-States,<=50K
42,Private,193602,HS-grad,9,Married-civ-spouse,Machine-op-inspct,Husband,White,Male,0,0,40,United-States,>50K
55,Self-emp-not-inc,204052,HS-grad,9,Married-civ-spouse,Sales,Husband,White,Male,0,0,35,United-States,<=50K
46,Self-emp-inc,328118,Prof-school,15,Married-civ-spouse,Prof-specialty,Husband,White,Male,0,1977,45,United-States,>50K
36,Private,238087,Bachelors,13,Married-civ-spouse,Prof-specialty,Husband,White,Male,0,1977,45,United-States,>50K
47,Private,200496,HS-grad,9,Divorced,Adm-clerical,Not-in-family,White,Female,0,0,35,United-States,<=50K
45,Local-gov,192793,Some-college,10,Married-civ-spouse,Protective-serv,Husband,White,Male,0,0,40,United-States,>50K
49,Private,157443,HS-grad,9,Married-civ-spouse,Craft-repair,Husband,White,Male,0,0,40,United-States,<=50K
25,Private,37170,HS-grad,9,Divorced,Adm-clerical,Not-in-family,White,Female,0,0,40,United-States,<=50K
56,Self-emp-not-inc,296991,Prof-school,15,Married-civ-spouse,Prof-specialty,Husband,White,Male,0,0,55,England,>50K
46,Private,186172,Bachelors,13,Married-civ-spouse,Prof-specialty,Husband,White,Male,3103,0,40,United-States,>50K
49,Private,225454,Assoc-acdm,12,Married-civ-spouse,Prof-specialty,Husband,White,Male,0,0,45,United-States,>50K
45,Private,101656,10th,6,Never-married,Machine-op-inspct,Not-in-family,Asian-Pac-Islander,Male,0,0,40,Vietnam,<=50K
19,State-gov,159032,Some-college,10,Never-married,Adm-clerical,Own-child,White,Male,0,0,15,United-States,<=50K
63,Private,165517,HS-grad,9,Married-civ-spouse,Sales,Husband,White,Male,0,0,21,United-States,<=50K
49,Private,200401,1st-4th,2,Married-civ-spouse,Craft-repair,Husband,White,Male,0,0,40,Portugal,<=50K
27,?,32954,HS-grad,9,Never-married,?,Not-in-family,White,Female,0,0,25,United-States,<=50K
30,Private,33895,Assoc-acdm,12,Married-civ-spouse,Adm-clerical,Wife,Black,Female,0,0,20,United-States,<=50K
44,Private,157569,HS-grad,9,Divorced,Sales,Own-child,White,Male,0,0,38,United-States,<=50K
54,Local-gov,287658,Some-college,10,Married-civ-spouse,Adm-clerical,Wife,Black,Female,0,0,55,United-States,>50K
24,Private,282069,1st-4th,2,Never-married,Farming-fishing,Not-in-family,Other,Male,0,0,66,Mexico,<=50K
52,Private,156877,HS-grad,9,Married-civ-spouse,Handlers-cleaners,Husband,White,Male,0,0,40,United-States,>50K
45,Private,194924,HS-grad,9,Married-civ-spouse,Sales,Husband,White,Male,0,0,60,United-States,<=50K
30,Private,330132,Some-college,10,Never-married,Craft-repair,Not-in-family,White,Male,0,0,40,United-States,<=50K
20,Private,234960,HS-grad,9,Never-married,Handlers-cleaners,Own-child,White,Male,0,0,30,United-States,<=50K
23,Private,179241,Assoc-voc,11,Never-married,Adm-clerical,Own-child,White,Female,0,0,40,United-States,<=50K
20,Private,221550,11th,7,Never-married,Craft-repair,Not-in-family,White,Male,0,0,40,United-States,<=50K
43,Self-emp-inc,208726,Prof-school,15,Married-civ-spouse,Prof-specialty,Husband,White,Male,0,0,25,United-States,>50K
37,Private,256908,HS-grad,9,Separated,Craft-repair,Not-in-family,White,Male,0,0,50,United-States,<=50K
43,Private,175999,Bachelors,13,Married-civ-spouse,Exec-managerial,Husband,White,Male,99999,0,60,United-States,>50K
51,Private,245873,Some-college,10,Married-civ-spouse,Adm-clerical,Wife,White,Female,0,0,40,United-States,<=50K
46,Private,186303,Bachelors,13,Married-civ-spouse,Prof-specialty,Husband,White,Male,2964,0,40,United-States,>50K
46,Private,186172,Bachelors,13,Married-civ-spouse,Prof-specialty,Husband,White,Male,3103,0,40,United-States,>50K
60,Self-emp-not-inc,205246,HS-grad,9,Never-married,Exec-managerial,Not-in-family,Black,Male,0,2559,50,United-States,>50K
46,Private,149620,Bachelors,13,Divorced,Prof-specialty,Not-in-family,White,Male,0,0,45,England,>50K
31,Private,200401,HS-grad,9,Divorced,Adm-clerical,Not-in-family,White,Female,0,0,40,Germany,<=50K
28,State-gov,52537,Masters,14,Married-civ-spouse,Exec-managerial,Husband,White,Male,0,0,40,United-States,<=50K
20,Private,412316,Some-college,10,Never-married,Prof-specialty,Not-in-family,White,Female,0,0,40,United-States,<=50K
39,?,157443,Masters,14,Married-civ-spouse,?,Wife,Asian-Pac-Islander,Female,3464,0,40,?,<=50K
39,Self-emp-not-inc,189728,Bachelors,13,Married-civ-spouse,Sales,Husband,White,Male,0,0,60,United-States,<=50K
19,Private,143766,Some-college,10,Never-married,Sales,Own-child,White,Female,0,0,35,United-States,<=50K
18,Private,302836,HS-grad,9,Never-married,Other-service,Own-child,White,Female,0,0,20,United-States,<=50K
48,Private,353881,Bachelors,13,Married-civ-spouse,Prof-specialty,Husband,White,Male,0,0,45,Canada,>50K
29,Private,161552,HS-grad,9,Married-spouse-absent,Other-service,Not-in-family,Other,Female,0,0,40,Columbia,<=50K
46,Private,187693,Some-college,10,Married-civ-spouse,Machine-op-inspct,Husband,White,Male,0,0,50,United-States,>50K
19,Private,196508,HS-grad,9,Never-married,Other-service,Not-in-family,White,Female,0,0,40,United-States,<=50K
31,Private,311350,Bachelors,13,Separated,Sales,Own-child,Black,Female,0,0,40,United-States,<=50K
54,Private,185042,1st-4th,2,Separated,Priv-house-serv,Other-relative,White,Female,0,0,40,Mexico,<=50K
52,State-gov,168035,Some-college,10,Married-civ-spouse,Tech-support,Husband,White,Male,0,0,45,United-States,<=50K
42,Private,209547,Some-college,10,Divorced,Exec-managerial,Unmarried,White,Female,0,0,45,United-States,<=50K
37,Private,218124,HS-grad,9,Married-civ-spouse,Craft-repair,Husband,White,Male,0,0,45,United-States,>50K
52,State-gov,190023,HS-grad,9,Separated,Other-service,Not-in-family,White,Female,0,0,35,United-States,<=50K
32,Private,72393,HS-grad,9,Married-civ-spouse,Craft-repair,Husband,White,Male,0,0,40,United-States,<=50K
23,Private,246463,Some-college,10,Never-married,Other-service,Not-in-family,White,Male,0,0,21,United-States,<=50K
43,Private,218184,Bachelors,13,Divorced,Sales,Not-in-family,White,Female,0,0,50,United-States,<=50K
27,Private,176175,Assoc-voc,11,Never-married,Craft-repair,Not-in-family,White,Male,0,0,40,United-States,<=50K
46,Self-emp-not-inc,225454,Bachelors,13,Separated,Other-service,Unmarried,White,Female,0,0,45,Nicaragua,<=50K
53,Private,275116,HS-grad,9,Divorced,Adm-clerical,Not-in-family,White,Female,0,0,40,United-States,<=50K
37,Private,161092,Assoc-voc,11,Married-civ-spouse,Craft-repair,Husband,White,Male,0,0,40,Poland,>50K
51,Private,163921,Bachelors,13,Married-civ-spouse,Transport-moving,Husband,White,Male,0,0,56,United-States,>50K
26,Federal-gov,172047,Assoc-voc,11,Never-married,Craft-repair,Own-child,White,Male,0,0,50,Japan,<=50K
27,Private,189462,HS-grad,9,Married-civ-spouse,Exec-managerial,Own-child,White,Male,0,0,40,United-States,<=50K
24,Self-emp-not-inc,172297,Assoc-acdm,12,Never-married,Craft-repair,Own-child,White,Male,0,0,40,United-States,<=50K
32,Private,160029,HS-grad,9,Never-married,Handlers-cleaners,Own-child,White,Male,0,0,50,United-States,<=50K
34,Self-emp-not-inc,175856,Assoc-voc,11,Married-civ-spouse,Craft-repair,Husband,White,Male,0,0,75,United-States,<=50K
30,Private,490332,Assoc-voc,11,Married-civ-spouse,Handlers-cleaners,Husband,White,Male,0,0,40,Mexico,<=50K
38,Private,269015,HS-grad,9,Married-civ-spouse,Farming-fishing,Husband,White,Male,0,0,43,United-States,<=50K
22,Private,147253,Some-college,10,Never-married,Other-service,Not-in-family,White,Male,0,0,15,United-States,<=50K
26,Self-emp-inc,97952,Bachelors,13,Never-married,Exec-managerial,Own-child,White,Male,0,0,80,United-States,<=50K
22,?,287658,Some-college,10,Never-married,?,Not-in-family,White,Male,0,0,15,United-States,<=50K
39,Private,237920,HS-grad,9,Divorced,Adm-clerical,Unmarried,White,Female,0,0,40,United-States,<=50K
23,Private,203203,HS-grad,9,Never-married,Farming-fishing,Own-child,White,Male,0,0,40,United-States,<=50K
30,State-gov,714597,Some-college,10,Never-married,Protective-serv,Not-in-family,Black,Male,0,0,45,United-States,<=50K
65,Local-gov,239284,11th,7,Married-civ-spouse,Transport-moving,Husband,White,Male,0,0,35,United-States,<=50K
40,Private,200401,Bachelors,13,Separated,Sales,Not-in-family,White,Male,0,0,40,United-States,<=50K
47,Private,146497,Some-college,10,Separated,Adm-clerical,Unmarried,White,Female,0,0,16,Germany,<=50K
31,Private,271122,Some-college,10,Married-civ-spouse,Machine-op-inspct,Wife,White,Female,0,0,40,United-States,<=50K
33,Private,155193,HS-grad,9,Married-civ-spouse,Sales,Husband,White,Male,0,0,40,United-States,<=50K
30,Private,262241,9th,5,Never-married,Handlers-cleaners,Unmarried,Black,Male,0,0,40,United-States,<=50K
28,Federal-gov,370119,Some-college,10,Never-married,Adm-clerical,Not-in-family,White,Female,0,0,40,United-States,<=50K
48,Private,75619,HS-grad,9,Divorced,Transport-moving,Other-relative,White,Male,0,0,60,United-States,<=50K
24,State-gov,215990,Bachelors,13,Never-married,Tech-support,Not-in-family,White,Female,0,0,40,United-States,<=50K
31,Private,47039,Bachelors,13,Never-married,Adm-clerical,Not-in-family,White,Female,0,0,40,United-States,<=50K
58,Private,191367,HS-grad,9,Married-civ-spouse,Machine-op-inspct,Husband,White,Male,0,0,40,United-States,<=50K
46,Private,251786,1st-4th,2,Separated,Other-service,Not-in-family,White,Female,0,0,40,Mexico,<=50K
31,Private,309974,Bachelors,13,Separated,Sales,Own-child,Black,Female,0,0,40,United-States,<=50K
42,Private,194134,HS-grad,9,Married-civ-spouse,Machine-op-inspct,Husband,White,Male,0,0,40,United-States,>50K
28,Private,175485,9th,5,Divorced,Prof-specialty,Not-in-family,Black,Female,0,0,40,United-States,<=50K
41,Federal-gov,348059,Masters,14,Divorced,Exec-managerial,Unmarried,White,Female,0,0,40,United-States,>50K
18,Private,141545,11th,7,Never-married,Sales,Own-child,Black,Male,0,0,8,United-States,<=50K
32,Private,155193,HS-grad,9,Separated,Prof-specialty,Not-in-family,White,Male,0,0,55,United-States,<=50K
48,Private,188972,Some-college,10,Divorced,Handlers-cleaners,Own-child,White,Male,2176,0,40,United-States,<=50K
43,Local-gov,256908,Bachelors,13,Married-civ-spouse,Prof-specialty,Husband,White,Male,0,0,55,United-States,>50K
29,Private,366425,Bachelors,13,Married-civ-spouse,Exec-managerial,Husband,White,Male,0,1628,47,United-States,<=50K
42,Private,388594,Bachelors,13,Married-civ-spouse,Adm-clerical,Husband,White,Male,0,0,40,United-States,>50K
31,Private,196107,11th,7,Married-civ-spouse,Craft-repair,Husband,White,Male,0,0,40,United-States,<=50K
20,Private,221533,11th,7,Never-married,Craft-repair,Not-in-family,White,Male,0,0,40,United-States,<=50K
24,Self-emp-not-inc,171928,Assoc-acdm,12,Never-married,Craft-repair,Own-child,White,Male,0,0,40,United-States,<=50K
41,Federal-gov,348059,Masters,14,Divorced,Exec-managerial,Unmarried,White,Female,0,0,40,United-States,>50K
42,Private,210275,Masters,14,Divorced,Tech-support,Unmarried,Black,Female,4687,0,35,United-States,>50K
20,Private,183735,Some-college,10,Never-married,Tech-support,Own-child,White,Female,0,0,20,United-States,<=50K
31,Private,204536,12th,8,Never-married,Sales,Own-child,White,Male,0,0,32,United-States,<=50K
55,Self-emp-not-inc,204502,HS-grad,9,Married-civ-spouse,Sales,Husband,White,Male,0,0,35,United-States,<=50K
37,State-gov,46814,Bachelors,13,Never-married,Prof-specialty,Not-in-family,White,Male,0,0,38,United-States,<=50K
55,Private,191807,HS-grad,9,Married-civ-spouse,Sales,Husband,White,Male,0,0,40,United-States,<=50K
42,Private,19302,HS-grad,9,Married-civ-spouse,Machine-op-inspct,Husband,White,Male,0,0,40,United-States,>50K
28,Private,181087,Bachelors,13,Married-civ-spouse,Exec-managerial,Husband,White,Male,0,0,50,England,>50K
44,Private,298885,HS-grad,9,Married-civ-spouse,Craft-repair,Husband,White,Male,0,0,40,United-States,<=50K
41,Private,106159,HS-grad,9,Never-married,Machine-op-inspct,Own-child,White,Male,14344,0,48,United-States,>50K
34,Private,112031,Bachelors,13,Never-married,Exec-managerial,Other-relative,White,Male,0,0,40,United-States,<=50K
46,Private,364986,Prof-school,15,Married-civ-spouse,Prof-specialty,Husband,White,Male,99999,0,60,United-States,>50K
34,Private,209432,Some-college,10,Married-civ-spouse,Adm-clerical,Husband,White,Male,0,0,40,United-States,>50K
44,Private,45317,HS-grad,9,Married-civ-spouse,Farming-fishing,Husband,White,Male,0,0,70,United-States,<=50K
