age,workclass,fnlwgt,education,education-num,marital-status,occupation,relationship,race,sex,capital-gain,capital-loss,hours-per-week,native-country,income
41,Private,128487,Some-college,15,Married-civ-spouse,Prof-specialty,Husband,White,Male,0,0,80,United-States,>50K
35,Private,209109,HS-grad,9,Married-civ-spouse,Transport-moving,Husband,White,Male,0,0,60,United-States,<=50K
29,Private,271379,HS-grad,9,Married-civ-spouse,Adm-clerical,Husband,White,Male,0,0,30,Mexico,<=50K
35,Self-emp-not-inc,190324,Bachelors,13,Married-civ-spouse,Farming-fishing,Husband,White,Male,0,0,45,United-States,<=50K
63,Self-emp-not-inc,795830,1st-4th,2,Widowed,Other-service,Unmarried,White,Female,0,0,30,El-Salvador,<=50K
31,Private,182191,HS-grad,9,Divorced,Adm-clerical,Unmarried,White,Female,0,0,35,United-States,<=50K
42,Private,67317,1st-4th,2,Married-civ-spouse,Adm-clerical,Husband,White,Male,0,0,55,Portugal,>50K
40,State-gov,270324,Assoc-voc,11,Married-civ-spouse,Other-service,Husband,Black,Male,0,0,30,United-States,<=50K
61,Private,53481,Some-college,10,Married-civ-spouse,Exec-managerial,Husband,White,Male,0,0,45,United-States,>50K
35,Private,117381,Bachelors,13,Divorced,Sales,Not-in-family,White,Male,0,0,40,United-States,<=50K
24,Private,511668,HS-grad,9,Married-civ-spouse,Farming-fishing,Husband,White,Male,0,0,50,United-States,<=50K
17,Private,314649,11th,7,Never-married,Other-service,Own-child,White,Male,0,0,25,United-States,<=50K
19,Private,393712,HS-grad,9,Never-married,Adm-clerical,Own-child,White,Female,0,0,20,United-States,<=50K
48,Private,85341,HS-grad,9,Married-civ-spouse,Craft-repair,Husband,White,Male,0,0,40,United-States,<=50K
36,?,389850,HS-grad,9,Married-spouse-absent,?,Unmarried,Black,Male,0,0,50,United-States,<=50K
28,Private,339372,Some-college,10,Never-married,Sales,Not-in-family,White,Male,0,0,40,United-States,<=50K
29,Private,161141,Assoc-acdm,12,Married-civ-spouse,Prof-specialty,Husband,White,Male,0,0,50,United-States,<=50K
34,Private,204387,Some-college,10,Divorced,Exec-managerial,Own-child,White,Male,0,0,44,United-States,<=50K
49,State-gov,336880,10th,6,Married-civ-spouse,Other-service,Husband,White,Male,0,0,40,United-States,<=50K
35,Private,216214,HS-grad,9,Married-civ-spouse,Craft-repair,Husband,White,Male,0,0,40,United-States,>50K
23,Private,166527,Some-college,10,Never-married,Exec-managerial,Own-child,Other,Female,0,0,40,United-States,<=50K
38,Private,339482,HS-grad,9,Never-married,Adm-clerical,Not-in-family,Black,Male,0,2339,47,United-States,<=50K
53,Private,141545,HS-grad,9,Married-civ-spouse,Transport-moving,Husband,White,Male,0,0,40,United-States,>50K
28,Private,253250,Bachelors,13,Married-civ-spouse,Prof-specialty,Husband,White,Male,0,0,50,United-States,<=50K
17,?,256173,10th,6,Never-married,?,Own-child,White,Female,0,0,15,United-States,<=50K
29,Private,228960,Some-college,10,Married-civ-spouse,Exec-managerial,Husband,White,Male,0,1887,50,United-States,>50K
29,State-gov,118474,HS-grad,9,Married-civ-spouse,Protective-serv,Husband,White,Male,0,0,42,United-States,<=50K
55,Private,191807,HS-grad,9,Married-civ-spouse,Sales,Husband,White,Male,0,0,40,United-States,<=50K
51,Private,336509,HS-grad,9,Married-civ-spouse,Craft-repair,Husband,White,Male,0,1902,40,United-States,>50K
52,Private,154785,9th,5,Separated,Other-service,Not-in-family,Black,Female,0,0,30,United-States,<=50K
45,Private,107231,Assoc-acdm,12,Married-civ-spouse,Craft-repair,Husband,White,Male,0,0,45,United-States,<=50K
71,Local-gov,36943,Bachelors,13,Widowed,Prof-specialty,Unmarried,White,Female,0,0,6,United-States,<=50K
29,Private,107812,HS-grad,9,Divorced,Craft-repair,Not-in-family,White,Male,0,0,40,United-States,<=50K
25,Self-emp-inc,182750,Bachelors,13,Never-married,Sales,Not-in-family,White,Male,0,0,45,United-States,>50K
25,Private,34965,Some-college,10,Never-married,Sales,Other-relative,White,Male,0,0,40,United-States,<=50K
35,Private,189382,Bachelors,13,Never-married,Sales,Not-in-family,White,Male,0,0,40,United-States,>50K
21,Private,61989,HS-grad,9,Never-married,Machine-op-inspct,Own-child,White,Male,0,0,40,United-States,<=50K
55,Self-emp-not-inc,79011,HS-grad,9,Married-civ-spouse,Farming-fishing,Husband,Asian-Pac-Islander,Male,0,0,70,United-States,<=50K
28,Private,31478,Some-college,10,Married-civ-spouse,Sales,Husband,Amer-Indian-Eskimo,Male,0,0,60,United-States,<=50K
35,?,196508,Some-college,10,Married-civ-spouse,?,Husband,Asian-Pac-Islander,Male,0,0,40,Philippines,>50K
33,Private,339372,HS-grad,9,Married-civ-spouse,Craft-repair,Husband,White,Male,0,0,40,United-States,<=50K
43,Self-emp-inc,312771,Some-college,10,Married-civ-spouse,Exec-managerial,Husband,White,Male,0,0,92,United-States,>50K
48,Private,85572,HS-grad,9,Married-civ-spouse,Craft-repair,Husband,White,Male,0,0,40,United-States,<=50K
25,Private,395297,Some-college,10,Married-civ-spouse,Adm-clerical,Wife,Black,Female,0,0,56,United-States,>50K
37,Private,44797,Assoc-acdm,12,Divorced,Exec-managerial,Not-in-family,White,Female,0,0,40,United-States,<=50K
35,Local-gov,116960,Masters,14,Married-civ-spouse,Prof-specialty,Husband,White,Male,0,1887,40,United-States,>50K
51,Without-pay,124963,Assoc-acdm,12,Married-civ-spouse,Sales,Husband,White,Male,0,0,45,United-States,<=50K
29,Private,226089,HS-grad,9,Never-married,Protective-serv,Other-relative,Black,Male,0,0,40,United-States,<=50K
31,Private,106014,Assoc-voc,11,Divorced,Craft-repair,Unmarried,White,Male,0,0,40,United-States,<=50K
42,Private,385452,Bachelors,13,Married-civ-spouse,Adm-clerical,Husband,White,Male,0,0,40,United-States,>50K
42,Private,385452,Bachelors,13,Married-civ-spouse,Adm-clerical,Husband,White,Male,0,0,40,United-States,>50K
53,Private,149912,HS-grad,9,Married-civ-spouse,Machine-op-inspct,Husband,White,Male,0,0,40,United-States,<=50K
37,Private,144236,HS-grad,9,Divorced,Exec-managerial,Unmarried,White,Female,0,0,50,United-States,<=50K
28,Private,142717,HS-grad,9,Married-spouse-absent,Other-service,Not-in-family,Asian-Pac-Islander,Female,0,0,40,South,<=50K
37,Private,226443,Bachelors,13,Married-civ-spouse,Sales,Husband,White,Male,0,0,55,United-States,>50K
36,Federal-gov,67317,HS-grad,9,Married-civ-spouse,Adm-clerical,Husband,White,Male,0,0,40,United-States,<=50K
33,Private,186916,Assoc-voc,11,Married-civ-spouse,Sales,Husband,White,Male,0,0,40,United-States,<=50K
30,Private,48718,Masters,14,Never-married,Adm-clerical,Not-in-family,White,Female,0,0,40,France,<=50K
52,Self-emp-not-inc,173839,10th,6,Married-civ-spouse,Exec-managerial,Husband,White,Male,0,0,60,United-States,<=50K
33,State-gov,85632,Some-college,10,Married-civ-spouse,Adm-clerical,Wife,White,Female,0,0,40,United-States,<=50K
54,Private,144351,Some-college,10,Married-civ-spouse,Sales,Wife,White,Female,0,0,40,United-States,>50K
18,Private,51789,Some-college,10,Never-married,Other-service,Own-child,White,Male,0,0,8,United-States,<=50K
41,Private,106679,Masters,14,Never-married,Exec-managerial,Not-in-family,White,Male,27828,0,50,United-States,>50K
32,Private,150533,HS-grad,9,Married-civ-spouse,Handlers-cleaners,Husband,White,Male,0,0,40,United-States,>50K
20,Private,104164,HS-grad,9,Never-married,Handlers-cleaners,Own-child,White,Male,0,0,40,United-States,<=50K
33,Private,252046,HS-grad,9,Married-civ-spouse,Machine-op-inspct,Husband,White,Male,0,0,48,United-States,<=50K
43,Private,184779,5th-6th,3,Married-spouse-absent,Priv-house-serv,Other-relative,White,Female,0,0,40,El-Salvador,<=50K
41,Private,112115,HS-grad,9,Married-civ-spouse,Craft-repair,Husband,White,Male,0,0,60,United-States,>50K
74,?,89667,Bachelors,13,Widowed,?,Not-in-family,Other,Female,0,0,35,United-States,<=50K
62,Private,24515,9th,5,Married-civ-spouse,Exec-managerial,Husband,White,Male,0,0,40,United-States,<=50K
32,Private,53481,Some-college,10,Never-married,Tech-support,Not-in-family,Black,Male,0,0,38,United-States,<=50K
45,Private,114774,Masters,14,Divorced,Prof-specialty,Not-in-family,White,Female,0,2258,55,United-States,<=50K
21,Private,134045,5th-6th,3,Never-married,Farming-fishing,Not-in-family,White,Male,2176,0,36,Mexico,<=50K
28,Private,408537,HS-grad,9,Married-civ-spouse,Adm-clerical,Husband,Black,Male,0,0,40,United-States,<=50K
46,Private,179681,HS-grad,9,Divorced,Tech-support,Not-in-family,White,Female,0,0,20,United-States,<=50K
45,Private,73392,Assoc-voc,11,Divorced,Exec-managerial,Not-in-family,White,Male,0,0,60,United-States,<=50K
45,Private,114865,Masters,14,Divorced,Prof-specialty,Not-in-family,White,Female,0,2258,55,United-States,<=50K
36,Private,214091,HS-grad,9,Married-civ-spouse,Craft-repair,Husband,White,Male,0,0,40,United-States,>50K
29,Private,188571,HS-grad,9,Divorced,Farming-fishing,Not-in-family,White,Male,0,0,40,United-States,<=50K
25,Local-gov,176486,HS-grad,9,Never-married,Other-service,Own-child,White,Male,0,0,40,United-States,<=50K
35,Private,278322,Bachelors,13,Married-civ-spouse,Sales,Husband,White,Male,7298,0,48,United-States,>50K
22,Private,219718,Bachelors,13,Never-married,Adm-clerical,Own-child,White,Male,0,0,40,United-States,<=50K
39,Private,421633,Some-college,10,Divorced,Protective-serv,Unmarried,Black,Female,0,0,30,United-States,<=50K
21,Private,134045,5th-6th,3,Never-married,Farming-fishing,Not-in-family,White,Male,2176,0,36,Mexico,<=50K
30,Private,174655,Some-college,10,Never-married,Craft-repair,Own-child,White,Male,0,0,40,United-States,<=50K
31,Private,181372,HS-grad,9,Divorced,Adm-clerical,Unmarried,White,Female,0,0,35,United-States,<=50K
49,Private,177211,Bachelors,13,Married-civ-spouse,Exec-managerial,Husband,White,Male,0,0,50,United-States,>50K
69,?,321709,Some-college,10,Never-married,?,Not-in-family,White,Male,1848,0,1,United-States,<=50K
63,?,231777,Masters,14,Married-civ-spouse,?,Husband,White,Male,0,0,30,United-States,<=50K
67,Self-emp-inc,116358,Bachelors,13,Widowed,Other-service,Unmarried,White,Female,0,0,35,United-States,<=50K
20,Private,357173,9th,5,Never-married,Machine-op-inspct,Unmarried,White,Female,0,0,40,United-States,<=50K
56,Private,134195,Masters,14,Never-married,Sales,Not-in-family,White,Male,0,0,50,United-States,<=50K
58,?,53481,Bachelors,13,Married-civ-spouse,?,Husband,White,Male,0,0,70,United-States,<=50K
29,Private,187560,HS-grad,9,Divorced,Farming-fishing,Not-in-family,White,Male,0,0,40,United-States,<=50K
49,?,271379,Bachelors,13,Married-civ-spouse,?,Husband,White,Male,15024,0,60,United-States,>50K
52,Private,153522,9th,5,Separated,Other-service,Not-in-family,Black,Female,0,0,30,United-States,<=50K
18,Local-gov,158926,7th-8th,4,Never-married,Farming-fishing,Own-child,White,Male,0,0,40,United-States,<=50K
51,Private,163237,Bachelors,13,Married-civ-spouse,Transport-moving,Husband,White,Male,0,0,56,United-States,>50K
62,Local-gov,103344,HS-grad,9,Divorced,Craft-repair,Not-in-family,White,Male,0,0,40,United-States,<=50K
39,Private,107991,Some-college,10,Married-civ-spouse,Exec-managerial,Husband,White,Male,0,0,45,United-States,>50K
41,Private,125784,Some-college,10,Divorced,Craft-repair,Not-in-family,White,Male,0,0,40,United-States,>50K
24,Private,146719,Bachelors,13,Never-married,Exec-managerial,Unmarried,White,Male,0,0,40,United-States,>50K
37,Private,318255,Bachelors,13,Never-married,Adm-clerical,Other-relative,Black,Female,0,0,40,United-States,<=50K
42,Private,337908,Some-college,10,Divorced,Adm-clerical,Not-in-family,Black,Female,0,0,40,United-States,<=50K
36,Private,214378,HS-grad,9,Divorced,Prof-specialty,Own-child,White,Female,0,0,40,United-States,>50K
33,Private,393712,Some-college,10,Married-civ-spouse,Handlers-cleaners,Husband,White,Male,0,0,50,United-States,>50K
35,?,36943,9th,5,Married-civ-spouse,?,Wife,White,Female,0,0,35,United-States,<=50K
45,Private,102147,HS-grad,9,Married-civ-spouse,Craft-repair,Husband,White,Male,0,0,40,United-States,<=50K
41,Private,106159,HS-grad,9,Never-married,Machine-op-inspct,Own-child,White,Male,14344,0,48,United-States,>50K
30,Private,398931,1st-4th,2,Separated,Priv-house-serv,Other-relative,White,Female,0,0,30,Mexico,<=50K
42,Private,340755,Doctorate,16,Never-married,Prof-specialty,Not-in-family,White,Male,0,0,50,United-States,<=50K
47,Private,27624,10th,6,Married-civ-spouse,Craft-repair,Husband,White,Male,0,0,35,United-States,<=50K
19,?,194095,Some-college,10,Never-married,?,Own-child,White,Male,0,0,40,United-States,<=50K
55,Private,127892,Some-college,10,Married-civ-spouse,Transport-moving,Husband,White,Male,0,0,60,United-States,<=50K
18,Private,234537,Some-college,10,Never-married,Adm-clerical,Own-child,White,Female,0,0,25,United-States,<=50K
61,Private,171637,11th,7,Divorced,Other-service,Unmarried,White,Female,0,0,36,United-States,<=50K
30,Private,173839,Some-college,10,Never-married,Craft-repair,Own-child,White,Male,0,0,40,United-States,<=50K
37,Private,298885,HS-grad,9,Divorced,Machine-op-inspct,Not-in-family,White,Male,0,0,40,United-States,<=50K
19,Private,102723,Some-college,10,Never-married,Adm-clerical,Own-child,White,Female,0,0,40,United-States,<=50K
23,Private,204387,Some-college,10,Never-married,Handlers-cleaners,Own-child,White,Male,0,0,10,United-States,<=50K
33,Private,393712,Some-college,10,Married-civ-spouse,Handlers-cleaners,Husband,White,Male,0,0,50,United-States,>50K
55,Private,84774,HS-grad,9,Married-civ-spouse,Priv-house-serv,Wife,White,Female,0,0,30,United-States,<=50K
22,Private,398931,5th-6th,3,Married-civ-spouse,Machine-op-inspct,Other-relative,White,Female,0,0,40,Mexico,<=50K
18,Self-emp-not-inc,132717,HS-grad,9,Never-married,Farming-fishing,Own-child,White,Male,0,0,40,United-States,<=50K
54,Private,144351,Some-college,10,Married-civ-spouse,Sales,Wife,White,Female,0,0,40,United-States,>50K
40,Federal-gov,77660,Some-college,10,Divorced,Adm-clerical,Not-in-family,White,Female,0,0,50,United-States,<=50K
43,Self-emp-inc,315291,Some-college,10,Married-civ-spouse,Exec-managerial,Husband,White,Male,0,0,92,United-States,>50K
40,Private,356934,HS-grad,9,Married-civ-spouse,Craft-repair,Husband,White,Male,0,1902,45,United-States,>50K
34,Private,320984,HS-grad,9,Never-married,Other-service,Not-in-family,White,Female,0,0,28,United-States,<=50K
37,Private,174308,Bachelors,13,Married-civ-spouse,Farming-fishing,Husband,White,Male,0,0,45,United-States,<=50K
19,Private,102723,Some-college,10,Never-married,Adm-clerical,Own-child,White,Female,0,0,40,United-States,<=50K
35,Private,54595,12th,8,Never-married,Sales,Not-in-family,Black,Female,0,0,40,United-States,<=50K
39,State-gov,189385,Some-college,10,Separated,Exec-managerial,Unmarried,Black,Female,0,0,30,United-States,<=50K
40,Private,356838,HS-grad,9,Married-civ-spouse,Craft-repair,Husband,White,Male,0,1902,45,United-States,>50K
56,Local-gov,277488,Bachelors,13,Married-civ-spouse,Protective-serv,Husband,White,Male,0,0,40,United-States,>50K
21,Private,215797,11th,7,Never-married,Handlers-cleaners,Own-child,White,Male,0,0,40,United-States,<=50K
42,Private,339482,Doctorate,16,Never-married,Prof-specialty,Not-in-family,White,Male,0,0,50,United-States,<=50K
27,Private,26669,10th,6,Never-married,Handlers-cleaners,Unmarried,White,Male,0,0,40,Nicaragua,<=50K
52,Private,213620,HS-grad,9,Widowed,Other-service,Not-in-family,Amer-Indian-Eskimo,Female,0,0,40,United-States,<=50K
36,Private,118909,Assoc-acdm,12,Never-married,Adm-clerical,Unmarried,Black,Female,0,0,40,Jamaica,<=50K
32,Private,377017,Bachelors,13,Never-married,Sales,Other-relative,White,Male,0,0,32,United-States,<=50K
30,Private,35595,11th,7,Married-civ-spouse,Handlers-cleaners,Husband,White,Male,0,0,50,United-States,<=50K
30,State-gov,61989,Some-college,10,Never-married,Prof-specialty,Not-in-family,White,Female,0,0,5,United-States,<=50K
50,Private,187322,Bachelors,13,Married-civ-spouse,Exec-managerial,Husband,White,Male,0,0,50,United-States,>50K
40,Local-gov,234195,HS-grad,9,Never-married,Adm-clerical,Unmarried,Black,Female,0,0,35,United-States,<=50K
29,Private,275395,HS-grad,9,Married-civ-spouse,Adm-clerical,Husband,White,Male,0,0,30,Japan,<=50K
45,Local-gov,214091,Bachelors,13,Divorced,Prof-specialty,Not-in-family,White,Female,0,0,50,United-States,>50K
33,Private,118786,Bachelors,13,Never-married,Sales,Not-in-family,White,Male,0,1590,40,United-States,<=50K
27,State-gov,561334,Bachelors,13,Married-civ-spouse,Protective-serv,Wife,Black,Female,0,0,48,United-States,<=50K
45,Self-emp-inc,84324,Assoc-acdm,12,Married-civ-spouse,Prof-specialty,Husband,White,Male,0,0,50,United-States,>50K
18,?,91670,Some-college,10,Never-married,?,Own-child,Asian-Pac-Islander,Female,0,0,40,United-States,<=50K
35,?,195946,Some-college,10,Married-civ-spouse,?,Husband,Asian-Pac-Islander,Male,0,0,40,Philippines,>50K
42,Private,337908,Some-college,10,Divorced,Adm-clerical,Not-in-family,Black,Female,0,0,40,United-States,<=50K
57,Private,78707,HS-grad,9,Never-married,Adm-clerical,Own-child,White,Female,0,0,40,United-States,<=50K
30,Private,361742,Some-college,10,Married-civ-spouse,Exec-managerial,Husband,White,Male,0,0,50,United-States,<=50K
63,Private,102412,HS-grad,9,Divorced,Sales,Not-in-family,White,Female,0,0,40,United-States,<=50K
50,Private,168138,HS-grad,9,Married-civ-spouse,Craft-repair,Husband,White,Male,0,0,40,United-States,>50K
26,Local-gov,284907,Some-college,10,Never-married,Protective-serv,Own-child,White,Male,0,0,40,United-States,<=50K
55,Private,84774,HS-grad,9,Married-civ-spouse,Priv-house-serv,Wife,White,Female,0,0,30,United-States,<=50K
38,?,75024,7th-8th,4,Divorced,?,Not-in-family,White,Female,0,0,40,United-States,<=50K
39,Self-emp-inc,122742,Assoc-acdm,12,Married-civ-spouse,Exec-managerial,Husband,White,Male,15024,0,55,United-States,>50K
37,Private,126517,Masters,14,Married-civ-spouse,Exec-managerial,Husband,White,Male,0,1977,40,United-States,>50K
63,?,231826,Masters,14,Married-civ-spouse,?,Husband,White,Male,0,0,30,United-States,<=50K
28,Local-gov,228921,Assoc-voc,11,Married-civ-spouse,Prof-specialty,Wife,White,Female,7688,0,36,United-States,>50K
53,Self-emp-not-inc,303051,HS-grad,9,Married-civ-spouse,Sales,Husband,White,Male,0,0,35,United-States,<=50K
43,Self-emp-not-inc,348144,HS-grad,9,Married-civ-spouse,Craft-repair,Husband,White,Male,0,0,60,United-States,<=50K
45,Private,82797,Bachelors,13,Married-civ-spouse,Exec-managerial,Husband,White,Male,0,0,45,United-States,>50K
43,Private,68748,HS-grad,9,Never-married,Craft-repair,Other-relative,White,Male,0,0,40,United-States,<=50K
17,Private,95909,11th,7,Never-married,Handlers-cleaners,Own-child,White,Male,0,0,12,United-States,<=50K
36,Federal-gov,67317,HS-grad,9,Married-civ-spouse,Adm-clerical,Husband,White,Male,0,0,40,United-States,<=50K
24,Private,100669,Some-college,10,Never-married,Handlers-cleaners,Own-child,Asian-Pac-Islander,Male,0,0,30,United-States,<=50K
26,Private,192302,Some-college,10,Married-civ-spouse,Exec-managerial,Wife,White,Female,0,0,25,United-States,<=50K
50,Private,174308,Some-college,10,Married-civ-spouse,Sales,Husband,White,Male,0,0,45,United-States,>50K
39,Self-emp-inc,163333,Some-college,10,Married-civ-spouse,Farming-fishing,Husband,White,Male,0,0,65,United-States,<=50K
32,Private,150533,HS-grad,9,Married-civ-spouse,Handlers-cleaners,Husband,White,Male,0,0,40,United-States,>50K
22,Local-gov,39236,Some-college,10,Never-married,Prof-specialty,Own-child,White,Female,594,0,25,United-States,<=50K
35,Private,278155,Bachelors,13,Married-civ-spouse,Sales,Husband,White,Male,7298,0,48,United-States,>50K
45,Private,107302,Assoc-acdm,12,Married-civ-spouse,Craft-repair,Husband,White,Male,0,0,45,United-States,<=50K
29,Private,438696,HS-grad,9,Married-civ-spouse,Protective-serv,Husband,White,Male,0,0,35,Peru,<=50K
71,Self-emp-not-inc,32172,HS-grad,9,Married-civ-spouse,Farming-fishing,Husband,Amer-Indian-Eskimo,Male,0,0,35,United-States,<=50K
36,Local-gov,252046,Prof-school,15,Divorced,Prof-specialty,Unmarried,White,Female,0,0,24,Germany,<=50K
71,Self-emp-not-inc,322799,HS-grad,9,Married-civ-spouse,Farming-fishing,Husband,Amer-Indian-Eskimo,Male,0,0,35,United-States,<=50K
30,Private,166893,HS-grad,9,Never-married,Sales,Unmarried,White,Female,0,0,35,Mexico,<=50K
31,Private,365996,Some-college,10,Married-civ-spouse,Exec-managerial,Husband,Black,Male,0,0,40,United-States,>50K
36,Private,157747,HS-grad,9,Married-civ-spouse,Machine-op-inspct,Husband,White,Male,0,0,40,United-States,<=50K
55,Private,110748,Bachelors,13,Married-civ-spouse,Exec-managerial,Husband,White,Male,0,1887,40,United-States,>50K
28,Private,252046,Bachelors,13,Married-civ-spouse,Prof-specialty,Husband,White,Male,0,0,50,United-States,<=50K
20,Private,221095,HS-grad,9,Never-married,Craft-repair,Other-relative,Black,Male,0,0,40,United-States,<=50K
52,Self-emp-inc,135102,HS-grad,9,Married-civ-spouse,Exec-managerial,Husband,White,Male,0,0,40,United-States,>50K
29,Private,127892,Bachelors,13,Married-civ-spouse,Sales,Husband,White,Male,0,0,45,United-States,<=50K
64,?,105312,Some-college,10,Widowed,?,Unmarried,White,Female,0,0,8,United-States,<=50K
45,Private,173704,11th,7,Divorced,Transport-moving,Not-in-family,White,Male,0,2824,76,United-States,>50K
28,Private,338432,Bachelors,13,Never-married,Sales,Not-in-family,White,Male,0,0,45,United-States,<=50K
40,Self-emp-inc,141545,Bachelors,13,Married-civ-spouse,Exec-managerial,Wife,White,Female,0,0,55,United-States,>50K
62,Local-gov,114060,HS-grad,9,Married-civ-spouse,Transport-moving,Husband,White,Male,0,0,40,United-States,<=50K
51,Private,336167,HS-grad,9,Married-civ-spouse,Craft-repair,Husband,White,Male,0,1902,40,United-States,>50K
71,Self-emp-inc,66687,Bachelors,13,Married-civ-spouse,Exec-managerial,Husband,White,Male,0,2392,60,United-States,>50K
26,Private,227890,11th,7,Divorced,Handlers-cleaners,Not-in-family,White,Male,0,0,40,United-States,<=50K
20,Private,266467,HS-grad,9,Never-married,Other-service,Own-child,White,Male,0,0,25,United-States,<=50K
38,Local-gov,21798,5th-6th,3,Married-civ-spouse,Handlers-cleaners,Other-relative,White,Male,0,0,40,Mexico,<=50K
70,Private,122041,HS-grad,9,Married-civ-spouse,Adm-clerical,Wife,White,Female,0,0,5,United-States,<=50K
31,Local-gov,403911,HS-grad,9,Divorced,Adm-clerical,Unmarried,White,Female,0,0,40,United-States,<=50K
41,Local-gov,184011,Masters,14,Married-civ-spouse,Prof-specialty,Husband,White,Male,0,0,38,United-States,>50K
41,Private,332249,HS-grad,9,Married-civ-spouse,Craft-repair,Husband,White,Male,0,0,45,United-States,<=50K
56,Self-emp-inc,303051,Some-college,10,Married-civ-spouse,Sales,Husband,White,Male,0,0,50,United-States,<=50K
26,Private,195734,HS-grad,9,Never-married,Adm-clerical,Own-child,White,Female,2354,0,40,United-States,<=50K
24,Private,271346,Some-college,10,Never-married,Sales,Not-in-family,White,Female,0,0,25,United-States,<=50K
24,Private,202214,Some-college,10,Never-married,Adm-clerical,Own-child,Black,Female,0,0,40,United-States,<=50K
35,Private,216178,HS-grad,9,Married-civ-spouse,Craft-repair,Husband,White,Male,0,0,40,United-States,>50K
33,Self-emp-inc,287190,Some-college,10,Married-civ-spouse,Exec-managerial,Husband,White,Male,0,0,50,United-States,>50K
27,Private,254500,Some-college,10,Divorced,Adm-clerical,Unmarried,Black,Female,0,0,36,United-States,<=50K
22,Private,399087,5th-6th,3,Married-civ-spouse,Machine-op-inspct,Other-relative,White,Female,0,0,40,Mexico,<=50K
32,Private,198183,Some-college,10,Divorced,Exec-managerial,Not-in-family,White,Female,0,0,38,United-States,<=50K
27,Private,93206,Some-college,10,Never-married,Handlers-cleaners,Own-child,Asian-Pac-Islander,Male,0,0,40,United-States,<=50K
18,Self-emp-not-inc,132986,HS-grad,9,Never-married,Farming-fishing,Own-child,White,Male,0,0,40,United-States,<=50K
37,Private,320280,Bachelors,13,Never-married,Adm-clerical,Other-relative,Black,Female,0,0,40,United-States,<=50K
47,Private,275395,Assoc-voc,11,Never-married,Other-service,Not-in-family,White,Female,0,0,55,United-States,<=50K
27,State-gov,553473,Bachelors,13,Married-civ-spouse,Protective-serv,Wife,Black,Female,0,0,48,United-States,<=50K
49,Private,177487,Bachelors,13,Married-civ-spouse,Exec-managerial,Husband,White,Male,0,0,50,United-States,>50K
74,Private,258474,10th,6,Divorced,Other-service,Not-in-family,White,Female,0,0,1,United-States,<=50K
39,Self-emp-not-inc,190023,Bachelors,13,Married-civ-spouse,Sales,Husband,White,Male,0,0,60,United-States,<=50K
53,Private,141388,HS-grad,9,Married-civ-spouse,Transport-moving,Husband,White,Male,0,0,40,United-States,>50K
44,Self-emp-not-inc,254500,Masters,14,Married-civ-spouse,Prof-specialty,Husband,White,Male,0,0,54,United-States,<=50K
26,Private,191776,Some-college,10,Married-civ-spouse,Exec-managerial,Wife,White,Female,0,0,25,United-States,<=50K
41,Private,130126,HS-grad,9,Divorced,Sales,Unmarried,Black,Female,0,0,38,United-States,<=50K
33,Local-gov,155408,Assoc-voc,11,Married-civ-spouse,Tech-support,Husband,White,Male,0,0,40,United-States,<=50K
35,Private,214896,HS-grad,9,Divorced,Adm-clerical,Not-in-family,White,Female,0,0,45,United-States,<=50K
46,Private,150499,Assoc-acdm,12,Married-civ-spouse,Craft-repair,Husband,White,Male,0,0,40,United-States,<=50K
33,Private,93056,HS-grad,9,Married-civ-spouse,Transport-moving,Husband,White,Male,0,0,40,United-States,<=50K
34,Private,346594,Assoc-acdm,12,Never-married,Exec-managerial,Own-child,White,Female,0,0,50,United-States,<=50K
34,?,346762,11th,7,Divorced,?,Own-child,White,Male,0,0,84,United-States,<=50K
61,Private,120939,Prof-school,15,Married-civ-spouse,Transport-moving,Husband,White,Male,0,0,5,United-States,>50K
23,Private,153522,Some-college,10,Never-married,Adm-clerical,Other-relative,Asian-Pac-Islander,Female,0,0,40,United-States,<=50K
49,Self-emp-not-inc,220426,Bachelors,13,Married-civ-spouse,Sales,Husband,White,Male,15024,0,40,United-States,>50K
37,Private,336167,Some-college,10,Married-civ-spouse,Transport-moving,Husband,White,Male,0,0,50,United-States,<=50K
52,Private,247422,Masters,14,Married-civ-spouse,Exec-managerial,Husband,White,Male,15024,0,50,United-States,>50K
53,Self-emp-not-inc,303051,HS-grad,9,Married-civ-spouse,Sales,Husband,White,Male,0,0,35,United-States,<=50K
28,Private,204209,Preschool,1,Never-married,Farming-fishing,Not-in-family,White,Male,0,0,38,Mexico,<=50K
48,Private,166961,Masters,14,Married-civ-spouse,Exec-managerial,Husband,White,Male,0,0,40,United-States,>50K
28,Private,226032,10th,6,Never-married,Machine-op-inspct,Unmarried,White,Female,0,0,40,United-States,<=50K
35,Self-emp-not-inc,279129,HS-grad,9,Married-civ-spouse,Craft-repair,Husband,White,Male,0,0,40,United-States,<=50K
45,Private,72618,Assoc-voc,11,Divorced,Exec-managerial,Not-in-family,White,Male,0,0,60,United-States,<=50K
45,Private,462440,11th,7,Widowed,Other-service,Not-in-family,Black,Female,0,0,20,United-States,<=50K
45,Private,247547,Assoc-voc,11,Married-civ-spouse,Prof-specialty,Husband,White,Male,0,1902,40,United-States,>50K
42,Federal-gov,158993,Assoc-acdm,12,Divorced,Prof-specialty,Unmarried,Asian-Pac-Islander,Female,0,0,40,Philippines,>50K
24,State-gov,215797,Bachelors,13,Never-married,Tech-support,Not-in-family,White,Female,0,0,40,United-States,<=50K
44,Private,346736,HS-grad,9,Divorced,Other-service,Unmarried,White,Female,0,0,40,United-States,<=50K
46,Self-emp-inc,324469,Prof-school,15,Married-civ-spouse,Prof-specialty,Husband,White,Male,0,1902,45,United-States,>50K
27,Private,208358,HS-grad,9,Never-married,Protective-serv,Own-child,White,Male,0,0,40,Japan,<=50K
20,Private,324469,Some-college,10,Never-married,Machine-op-inspct,Not-in-family,White,Female,0,0,40,United-States,<=50K
56,Private,103948,11th,7,Married-civ-spouse,Transport-moving,Husband,White,Male,0,0,40,United-States,<=50K
40,Local-gov,26929,Masters,14,Never-married,Prof-specialty,Not-in-family,White,Female,0,0,40,United-States,<=50K
48,Private,245873,Some-college,10,Widowed,Adm-clerical,Not-in-family,White,Female,0,0,50,United-States,<=50K
35,Private,355728,Some-college,10,Married-civ-spouse,Tech-support,Husband,White,Male,27828,0,55,Poland,<=50K
47,Local-gov,265706,HS-grad,9,Married-civ-spouse,Other-service,Husband,White,Male,4386,0,40,United-States,>50K
41,Private,130408,HS-grad,9,Divorced,Sales,Unmarried,Black,Female,0,0,38,United-States,<=50K
24,Private,177211,Some-college,10,Married-civ-spouse,Priv-house-serv,Wife,White,Female,0,0,40,?,<=50K
36,Private,102729,HS-grad,9,Married-civ-spouse,Handlers-cleaners,Husband,White,Male,0,0,45,United-States,>50K
23,Private,176616,Some-college,10,Never-married,Other-service,Other-relative,White,Female,0,0,25,United-States,<=50K
22,Private,496526,Some-college,10,Married-civ-spouse,Machine-op-inspct,Husband,White,Male,0,0,40,Mexico,<=50K
46,Federal-gov,260669,Some-college,10,Married-civ-spouse,Adm-clerical,Husband,White,Male,0,0,80,United-States,>50K
48,Private,200401,HS-grad,9,Married-civ-spouse,Prof-specialty,Wife,White,Female,0,0,8,United-States,<=50K
21,Private,56520,Some-college,10,Never-married,Adm-clerical,Own-child,White,Male,0,0,40,United-States,<=50K
62,Private,170850,Some-college,10,Married-civ-spouse,Craft-repair,Husband,White,Male,0,0,45,United-States,<=50K
33,Private,118729,Bachelors,13,Never-married,Sales,Not-in-family,White,Male,0,1590,40,United-States,<=50K
53,Private,141058,HS-grad,9,Married-civ-spouse,Transport-moving,Husband,White,Male,0,0,40,United-States,>50K
26,Private,171351,Some-college,10,Never-married,Farming-fishing,Not-in-family,White,Female,0,0,38,United-States,<=50K
34,Private,157747,Bachelors,13,Married-civ-spouse,Exec-managerial,Husband,White,Male,0,0,40,United-States,>50K
45,Local-gov,234901,HS-grad,9,Divorced,Adm-clerical,Unmarried,White,Female,0,0,35,United-States,<=50K
58,?,52262,Bachelors,13,Married-civ-spouse,?,Husband,White,Male,0,0,70,United-States,<=50K
39,Self-emp-not-inc,188588,Assoc-voc,11,Married-civ-spouse,Farming-fishing,Husband,White,Male,0,0,60,United-States,<=50K
41,Private,265201,HS-grad,9,Divorced,Adm-clerical,Unmarried,White,Female,0,0,45,United-States,<=50K
50,Private,152156,HS-grad,9,Married-civ-spouse,Craft-repair,Husband,White,Male,0,0,40,United-States,<=50K
23,Private,203784,Some-college,10,Never-married,Handlers-cleaners,Own-child,White,Male,0,0,10,United-States,<=50K
38,Self-emp-not-inc,108947,Some-college,10,Married-civ-spouse,Machine-op-inspct,Husband,White,Male,7688,0,40,United-States,>50K
56,Private,398067,HS-grad,9,Widowed,Adm-clerical,Not-in-family,White,Female,0,0,40,United-States,<=50K
30,Private,156464,Some-college,10,Never-married,Tech-support,Other-relative,White,Male,0,0,40,United-States,<=50K
26,Private,69311,HS-grad,9,Never-married,Other-service,Unmarried,Black,Male,0,0,40,United-States,<=50K
55,Local-gov,176486,Masters,14,Married-civ-spouse,Prof-specialty,Wife,White,Female,0,2267,40,United-States,<=50K
18,Private,106943,11th,7,Never-married,Sales,Own-child,White,Female,0,0,12,United-States,<=50K
28,Private,119721,Some-college,10,Never-married,Adm-clerical,Own-child,White,Male,0,0,40,United-States,<=50K
38,Private,235951,Some-college,10,Married-civ-spouse,Prof-specialty,Husband,White,Male,0,0,40,United-States,<=50K
28,Private,379066,Bachelors,13,Married-civ-spouse,Exec-managerial,Husband,White,Male,0,0,50,United-States,<=50K
50,Private,267912,HS-grad,9,Married-civ-spouse,Transport-moving,Husband,White,Male,7298,0,40,United-States,>50K
45,Federal-gov,170915,HS-grad,9,Divorced,Tech-support,Not-in-family,White,Female,4865,0,40,United-States,<=50K
37,Private,226443,Bachelors,13,Married-civ-spouse,Sales,Husband,White,Male,0,0,55,United-States,>50K
42,Self-emp-not-inc,200401,Prof-school,15,Never-married,Prof-specialty,Not-in-family,White,Male,0,0,38,United-States,<=50K
42,Self-emp-not-inc,245873,Bachelors,13,Married-civ-spouse,Exec-managerial,Husband,White,Male,0,0,45,United-States,>50K
28,Private,293926,HS-grad,9,Married-civ-spouse,Craft-repair,Husband,White,Male,0,1740,30,United-States,<=50K
49,?,114865,12th,8,Divorced,?,Other-relative,Black,Male,0,0,40,United-States,<=50K
22,Private,49325,Some-college,10,Married-civ-spouse,Machine-op-inspct,Husband,White,Male,0,0,40,Mexico,<=50K
75,Self-emp-not-inc,106943,11th,7,Widowed,Sales,Not-in-family,White,Male,0,0,40,United-States,<=50K
53,Local-gov,216867,7th-8th,4,Married-civ-spouse,Transport-moving,Husband,White,Male,0,0,38,United-States,<=50K
54,Private,512828,Doctorate,16,Married-civ-spouse,Exec-managerial,Husband,White,Male,0,1977,43,United-States,>50K
55,Private,145139,Some-college,10,Divorced,Adm-clerical,Unmarried,White,Female,4650,0,20,United-States,<=50K
49,Self-emp-not-inc,219835,Bachelors,13,Married-civ-spouse,Sales,Husband,White,Male,15024,0,40,United-States,>50K
26,State-gov,126327,Assoc-acdm,12,Never-married,Adm-clerical,Unmarried,Black,Female,0,0,40,United-States,<=50K
22,Private,399087,5th-6th,3,Married-civ-spouse,Machine-op-inspct,Other-relative,White,Female,0,0,40,Mexico,<=50K
28,Private,339482,Some-college,10,Never-married,Sales,Not-in-family,White,Male,0,0,40,United-States,<=50K
60,Self-emp-not-inc,376973,HS-grad,9,Married-civ-spouse,Craft-repair,Husband,White,Male,0,0,42,United-States,>50K
35,Private,268832,HS-grad,9,Divorced,Other-service,Not-in-family,White,Female,0,0,45,United-States,<=50K
20,Private,473133,HS-grad,9,Never-married,Craft-repair,Own-child,White,Male,0,0,40,United-States,<=50K
51,Private,190762,1st-4th,2,Widowed,Craft-repair,Not-in-family,White,Male,0,0,40,Mexico,<=50K
34,Private,145231,HS-grad,9,Married-civ-spouse,Adm-clerical,Wife,White,Female,4064,0,35,United-States,<=50K
28,Private,76767,7th-8th,4,Divorced,Other-service,Unmarried,White,Female,0,0,50,United-States,<=50K
45,Federal-gov,171114,HS-grad,9,Divorced,Tech-support,Not-in-family,White,Female,4865,0,40,United-States,<=50K
58,?,52537,Bachelors,13,Married-civ-spouse,?,Husband,White,Male,0,0,70,United-States,<=50K
63,State-gov,89451,Prof-school,15,Married-civ-spouse,Prof-specialty,Husband,White,Male,0,0,40,United-States,>50K
26,Private,487330,10th,6,Never-married,Adm-clerical,Not-in-family,White,Female,2907,0,40,United-States,<=50K
35,Private,189382,Bachelors,13,Never-married,Sales,Not-in-family,White,Male,0,0,40,United-States,>50K
65,Private,179991,Some-college,10,Married-civ-spouse,Exec-managerial,Wife,White,Female,0,0,40,United-States,<=50K
52,State-gov,189502,HS-grad,9,Separated,Other-service,Not-in-family,White,Female,0,0,35,United-States,<=50K
37,Private,143774,HS-grad,9,Divorced,Exec-managerial,Unmarried,White,Female,0,0,50,United-States,<=50K
53,Self-emp-inc,294387,Some-college,10,Married-civ-spouse,Sales,Husband,White,Male,0,0,50,United-States,>50K
31,Private,192302,Bachelors,13,Married-civ-spouse,Prof-specialty,Husband,White,Male,0,0,40,United-States,>50K
35,Private,214702,HS-grad,9,Divorced,Adm-clerical,Not-in-family,White,Female,0,0,45,United-States,<=50K
58,Private,98630,Masters,14,Married-civ-spouse,Prof-specialty,Husband,White,Male,0,0,40,United-States,>50K
39,Self-emp-inc,122742,Assoc-acdm,12,Married-civ-spouse,Exec-managerial,Husband,White,Male,15024,0,55,United-States,>50K
52,Self-emp-inc,74712,HS-grad,9,Married-civ-spouse,Sales,Husband,Asian-Pac-Islander,Male,0,0,40,United-States,>50K
37,Self-emp-inc,116641,Masters,14,Divorced,Exec-managerial,Not-in-family,White,Female,0,0,70,United-States,<=50K
36,Local-gov,41356,Bachelors,13,Married-civ-spouse,Prof-specialty,Husband,White,Male,0,1887,40,United-States,>50K
44,Private,184011,HS-grad,9,Divorced,Sales,Unmarried,White,Female,0,0,60,United-States,<=50K
34,Local-gov,199251,Some-college,10,Divorced,Protective-serv,Unmarried,Black,Female,0,0,40,United-States,<=50K
28,Private,175958,9th,5,Divorced,Prof-specialty,Not-in-family,Black,Female,0,0,40,United-States,<=50K
45,Private,170092,Some-college,10,Divorced,Other-service,Not-in-family,White,Female,0,0,50,United-States,<=50K
71,State-gov,100063,HS-grad,9,Married-civ-spouse,Craft-repair,Husband,Black,Male,0,0,40,United-States,<=50K
35,Private,111377,HS-grad,9,Separated,Transport-moving,Not-in-family,White,Male,0,0,40,United-States,<=50K
22,Private,40077,5th-6th,3,Married-civ-spouse,Machine-op-inspct,Other-relative,White,Female,0,0,40,Nicaragua,<=50K
54,Private,50385,Bachelors,13,Divorced,Exec-managerial,Not-in-family,Black,Female,0,0,45,United-States,>50K
42,Private,57101,HS-grad,9,Divorced,Prof-specialty,Not-in-family,White,Female,0,0,45,United-States,<=50K
54,Private,505980,Bachelors,13,Divorced,Exec-managerial,Not-in-family,Black,Female,0,0,45,United-States,>50K
49,State-gov,174887,Some-college,10,Married-civ-spouse,Prof-specialty,Husband,White,Male,0,0,50,United-States,>50K
54,Private,185015,Some-college,10,Married-civ-spouse,Farming-fishing,Husband,White,Male,0,0,40,United-States,<=50K
43,Federal-gov,111483,Assoc-voc,11,Married-civ-spouse,Prof-specialty,Husband,White,Male,3103,0,40,United-States,>50K
24,Private,202721,Some-college,10,Never-married,Adm-clerical,Own-child,Black,Female,0,0,40,United-States,<=50K
21,Private,221336,HS-grad,9,Never-married,Machine-op-inspct,Unmarried,White,Male,0,0,40,Mexico,<=50K
27,Self-emp-not-inc,215990,Bachelors,13,Never-married,Craft-repair,Own-child,White,Male,0,0,35,United-States,<=50K
57,Private,102442,Some-college,10,Divorced,Adm-clerical,Unmarried,White,Female,0,0,40,United-States,<=50K
21,Private,176616,Some-college,10,Never-married,Other-service,Own-child,White,Male,0,0,24,United-States,<=50K
42,Private,130408,Some-college,10,Married-civ-spouse,Machine-op-inspct,Husband,White,Male,0,0,40,United-States,<=50K
45,Private,82797,Bachelors,13,Married-civ-spouse,Exec-managerial,Husband,White,Male,0,0,45,United-States,>50K
45,Private,240504,HS-grad,9,Never-married,Transport-moving,Not-in-family,White,Male,0,0,40,United-States,<=50K
38,Private,216842,HS-grad,9,Married-civ-spouse,Machine-op-inspct,Husband,Black,Male,0,1740,40,Haiti,<=50K
58,Private,416829,7th-8th,4,Divorced,Machine-op-inspct,Own-child,White,Male,0,0,40,United-States,<=50K
33,Private,205469,Some-college,10,Married-civ-spouse,Exec-managerial,Husband,White,Male,0,0,40,United-States,>50K
63,?,231826,Masters,14,Married-civ-spouse,?,Husband,White,Male,0,0,30,United-States,<=50K
35,Private,117779,Bachelors,13,Divorced,Sales,Not-in-family,White,Male,0,0,40,United-States,<=50K
35,Self-emp-not-inc,190387,Bachelors,13,Married-civ-spouse,Farming-fishing,Husband,White,Male,0,0,45,United-States,<=50K
20,Private,223648,HS-grad,9,Never-married,Handlers-cleaners,Not-in-family,White,Male,0,0,40,United-States,<=50K
45,Private,97176,11th,7,Divorced,Adm-clerical,Unmarried,White,Female,0,0,16,United-States,<=50K
46,Local-gov,231826,Masters,14,Divorced,Exec-managerial,Not-in-family,White,Male,0,0,50,United-States,>50K
39,Private,67317,Assoc-voc,11,Never-married,Prof-specialty,Not-in-family,White,Female,4650,0,32,United-States,<=50K
28,Local-gov,229414,Assoc-voc,11,Married-civ-spouse,Prof-specialty,Wife,White,Female,7688,0,36,United-States,>50K
41,Private,106159,HS-grad,9,Never-married,Machine-op-inspct,Own-child,White,Male,14344,0,48,United-States,>50K
51,Private,190997,1st-4th,2,Widowed,Craft-repair,Not-in-family,White,Male,0,0,40,Japan,<=50K
43,Private,136787,Some-college,10,Married-civ-spouse,Exec-managerial,Husband,White,Male,0,0,40,United-States,>50K
60,Self-emp-not-inc,206088,HS-grad,9,Never-married,Exec-managerial,Not-in-family,Black,Male,0,2559,50,United-States,>50K
29,Private,161155,HS-grad,9,Married-spouse-absent,Other-service,Not-in-family,Other,Female,0,0,40,Columbia,<=50K
25,Self-emp-not-inc,121993,Bachelors,13,Never-married,Sales,Not-in-family,White,Female,0,0,40,United-States,<=50K
46,Private,186067,Bachelors,13,Married-civ-spouse,Prof-specialty,Husband,White,Male,3103,0,40,United-States,>50K
34,Private,157747,Bachelors,13,Married-civ-spouse,Exec-managerial,Husband,White,Male,0,0,40,United-States,>50K
23,Private,216867,HS-grad,9,Never-married,Transport-moving,Own-child,White,Male,0,0,40,United-States,<=50K
57,Private,298885,Bachelors,13,Married-civ-spouse,Prof-specialty,Husband,White,Male,3103,0,40,United-States,>50K
30,Private,166893,Bachelors,13,Never-married,Prof-specialty,Own-child,White,Female,0,0,37,United-States,<=50K
63,Self-emp-not-inc,147140,7th-8th,4,Married-civ-spouse,Farming-fishing,Husband,White,Male,0,0,60,United-States,>50K
44,Private,300681,HS-grad,9,Married-civ-spouse,Craft-repair,Husband,White,Male,0,0,40,United-States,<=50K
43,Private,195918,Bachelors,13,Married-civ-spouse,Machine-op-inspct,Husband,White,Male,0,1902,40,United-States,>50K
67,Self-emp-inc,51789,Some-college,10,Married-civ-spouse,Sales,Husband,White,Male,0,0,40,United-States,<=50K
34,Private,112115,Bachelors,13,Never-married,Exec-managerial,Other-relative,White,Male,0,0,40,United-States,<=50K
21,Private,62546,HS-grad,9,Never-married,Machine-op-inspct,Own-child,White,Male,0,0,40,United-States,<=50K
28,Local-gov,228860,Assoc-voc,11,Married-civ-spouse,Prof-specialty,Wife,White,Female,7688,0,36,United-States,>50K
31,Self-emp-not-inc,341178,Bachelors,13,Never-married,Tech-support,Not-in-family,White,Male,0,0,40,United-States,<=50K
19,Private,392812,HS-grad,9,Never-married,Adm-clerical,Own-child,White,Female,0,0,20,United-States,<=50K
17,Private,102726,12th,8,Never-married,Other-service,Own-child,White,Male,0,0,16,United-States,<=50K
20,Private,33355,5th-6th,3,Married-civ-spouse,Craft-repair,Husband,White,Male,0,0,40,Mexico,<=50K
20,Private,104164,HS-grad,9,Never-married,Handlers-cleaners,Own-child,White,Male,0,0,40,United-States,<=50K
24,Private,374716,11th,7,Separated,Craft-repair,Not-in-family,White,Male,0,0,40,Mexico,<=50K
28,Private,174938,Bachelors,13,Never-married,Adm-clerical,Not-in-family,White,Female,0,0,30,?,<=50K
43,Self-emp-not-inc,350387,HS-grad,9,Married-civ-spouse,Craft-repair,Husband,White,Male,0,0,60,United-States,<=50K
24,Private,117779,Bachelors,13,Never-married,Exec-managerial,Own-child,White,Female,0,0,40,United-States,<=50K
37,Private,294183,HS-grad,9,Divorced,Machine-op-inspct,Not-in-family,White,Male,0,0,40,United-States,<=50K
46,Self-emp-inc,328466,Prof-school,15,Married-civ-spouse,Prof-specialty,Husband,White,Male,0,1902,45,United-States,>50K
33,Private,160029,7th-8th,4,Married-civ-spouse,Adm-clerical,Husband,White,Male,0,0,45,United-States,<=50K
24,Private,85041,HS-grad,9,Separated,Other-service,Unmarried,White,Female,0,0,25,United-States,<=50K
55,Private,127677,Some-college,10,Married-civ-spouse,Transport-moving,Husband,White,Male,0,0,60,United-States,<=50K
55,Local-gov,176486,Masters,14,Married-civ-spouse,Prof-specialty,Wife,White,Female,0,2267,40,United-States,<=50K
62,Local-gov,113974,HS-grad,9,Married-civ-spouse,Transport-moving,Husband,White,Male,0,0,40,United-States,<=50K
29,Private,364986,Bachelors,13,Married-civ-spouse,Exec-managerial,Husband,White,Male,0,1628,47,United-States,<=50K
38,Private,198362,Assoc-voc,11,Married-civ-spouse,Sales,Husband,White,Male,0,0,40,United-States,<=50K
58,Private,226500,HS-grad,9,Separated,Other-service,Not-in-family,White,Female,2907,0,43,United-States,<=50K
66,?,189888,HS-grad,9,Married-civ-spouse,?,Husband,Black,Male,0,0,18,United-States,<=50K
41,Private,303090,Bachelors,13,Divorced,Prof-specialty,Not-in-family,White,Male,4650,0,45,United-States,<=50K
21,Private,220789,HS-grad,9,Never-married,Other-service,Own-child,Black,Female,0,0,30,United-States,<=50K
23,Private,422933,Bachelors,13,Never-married,Exec-managerial,Not-in-family,White,Female,0,0,45,United-States,<=50K
26,Private,210278,Assoc-voc,11,Separated,Adm-clerical,Unmarried,Black,Female,114,0,40,United-States,<=50K
33,Private,118729,Bachelors,13,Never-married,Sales,Not-in-family,White,Male,0,1590,40,United-States,<=50K
19,Private,392812,HS-grad,9,Never-married,Adm-clerical,Own-child,White,Female,0,0,20,United-States,<=50K
21,Private,276709,Some-college,10,Never-married,Sales,Other-relative,White,Female,0,0,40,United-States,<=50K
56,Private,398067,HS-grad,9,Widowed,Adm-clerical,Not-in-family,White,Female,0,0,40,United-States,<=50K
35,Private,214738,HS-grad,9,Divorced,Adm-clerical,Not-in-family,White,Female,0,0,45,United-States,<=50K
59,Private,453067,Some-college,10,Married-civ-spouse,Prof-specialty,Husband,White,Male,0,0,36,United-States,>50K
32,Private,86808,Some-college,10,Never-married,Other-service,Own-child,White,Female,0,0,38,United-States,<=50K
20,Private,184779,Some-college,10,Never-married,Tech-support,Own-child,White,Female,0,0,20,United-States,<=50K
22,Private,51362,Bachelors,13,Never-married,Sales,Not-in-family,White,Female,0,0,16,United-States,<=50K
34,?,346766,11th,7,Divorced,?,Own-child,White,Male,0,0,84,United-States,<=50K
57,Private,69884,HS-grad,9,Married-civ-spouse,Sales,Husband,White,Male,0,0,40,United-States,>50K
39,?,157747,Masters,14,Married-civ-spouse,?,Wife,Asian-Pac-Islander,Female,3464,0,40,?,<=50K
28,?,174789,10th,6,Separated,?,Not-in-family,White,Male,0,0,80,United-States,<=50K
36,Private,66624,HS-grad,9,Married-civ-spouse,Sales,Husband,White,Male,0,0,50,United-States,<=50K
55,Private,190997,HS-grad,9,Married-civ-spouse,Sales,Husband,White,Male,0,0,40,United-States,<=50K
35,Private,267989,HS-grad,9,Divorced,Other-service,Not-in-family,White,Female,0,0,45,United-States,<=50K
27,Private,96219,Bachelors,13,Never-married,Adm-clerical,Not-in-family,White,Female,0,0,45,United-States,<=50K
41,Private,109539,HS-grad,9,Never-married,Sales,Not-in-family,White,Female,0,0,40,United-States,<=50K
42,Private,340939,5th-6th,3,Married-civ-spouse,Other-service,Husband,White,Male,0,0,44,Mexico,<=50K
39,Self-emp-not-inc,188888,Assoc-voc,11,Married-civ-spouse,Farming-fishing,Husband,White,Male,0,0,60,United-States,<=50K
24,Private,206974,Bachelors,13,Never-married,Adm-clerical,Own-child,White,Female,0,0,40,United-States,<=50K
42,Self-emp-not-inc,200471,Prof-school,15,Never-married,Prof-specialty,Not-in-family,White,Male,0,0,38,United-States,<=50K
66,?,182332,7th-8th,4,Married-civ-spouse,?,Husband,White,Male,0,0,30,United-States,<=50K
41,Private,287372,HS-grad,9,Married-civ-spouse,Craft-repair,Husband,White,Male,0,0,40,United-States,<=50K
41,Private,464484,HS-grad,9,Divorced,Exec-managerial,Not-in-family,White,Male,2174,0,50,United-States,<=50K
24,Private,142030,10th,6,Never-married,Machine-op-inspct,Not-in-family,White,Male,0,0,45,United-States,<=50K
52,State-gov,189728,HS-grad,9,Separated,Other-service,Not-in-family,White,Female,0,0,35,United-States,<=50K
63,Private,102412,HS-grad,9,Divorced,Sales,Not-in-family,White,Female,0,0,40,United-States,<=50K
32,Private,167531,Prof-school,15,Married-civ-spouse,Prof-specialty,Wife,Asian-Pac-Islander,Female,15024,0,50,United-States,>50K
40,Local-gov,234428,HS-grad,9,Never-married,Adm-clerical,Unmarried,Black,Female,0,0,35,United-States,<=50K
34,Private,141545,Some-college,10,Married-civ-spouse,Other-service,Husband,White,Male,0,0,62,Mexico,<=50K
30,Private,144750,HS-grad,9,Never-married,Craft-repair,Not-in-family,White,Male,0,0,45,United-States,<=50K
21,Private,176616,Some-college,10,Never-married,Other-service,Own-child,White,Male,0,0,24,United-States,<=50K
29,Private,539563,Some-college,10,Never-married,Adm-clerical,Own-child,Black,Female,0,0,40,United-States,<=50K
45,Private,97176,11th,7,Divorced,Adm-clerical,Unmarried,White,Female,0,0,16,United-States,<=50K
69,Private,134854,Bachelors,13,Married-civ-spouse,Prof-specialty,Husband,White,Male,0,0,7,United-States,>50K
50,Private,214994,HS-grad,9,Married-civ-spouse,Craft-repair,Husband,White,Male,0,0,40,United-States,>50K
45,Private,114774,Masters,14,Divorced,Prof-specialty,Not-in-family,White,Female,0,2258,55,United-States,<=50K
47,Private,148884,HS-grad,9,Married-civ-spouse,Transport-moving,Husband,White,Male,0,0,60,United-States,<=50K
36,Private,51838,Some-college,10,Divorced,Adm-clerical,Unmarried,White,Female,0,0,40,United-States,<=50K
44,State-gov,115932,Masters,14,Married-civ-spouse,Exec-managerial,Husband,White,Male,0,0,40,United-States,<=50K
62,Private,82906,Bachelors,13,Married-civ-spouse,Exec-managerial,Wife,White,Female,4064,0,35,England,<=50K
45,Private,195918,HS-grad,9,Married-civ-spouse,Sales,Husband,White,Male,0,0,60,United-States,<=50K
60,Self-emp-not-inc,377113,HS-grad,9,Married-civ-spouse,Craft-repair,Husband,White,Male,0,0,42,United-States,>50K
49,Private,177211,Bachelors,13,Married-civ-spouse,Exec-managerial,Husband,White,Male,0,0,50,United-States,>50K
19,Private,450141,Some-college,10,Never-married,Farming-fishing,Not-in-family,White,Female,0,0,15,United-States,<=50K
66,?,182691,7th-8th,4,Married-civ-spouse,?,Husband,White,Male,0,0,30,United-States,<=50K
60,?,124771,Some-college,10,Divorced,?,Not-in-family,White,Female,0,0,40,United-States,>50K
31,Local-gov,265706,Bachelors,13,Never-married,Protective-serv,Not-in-family,White,Male,4650,0,40,United-States,<=50K
53,Private,548580,Some-college,10,Married-civ-spouse,Craft-repair,Husband,White,Male,0,0,40,Guatemala,<=50K
53,Self-emp-not-inc,303051,HS-grad,9,Married-civ-spouse,Sales,Husband,White,Male,0,0,35,United-States,<=50K
42,Private,316769,HS-grad,9,Divorced,Adm-clerical,Unmarried,White,Female,0,0,40,United-States,<=50K
51,Private,301862,11th,7,Never-married,Other-service,Not-in-family,Black,Female,0,0,40,United-States,<=50K
42,Self-emp-not-inc,247025,Bachelors,13,Married-civ-spouse,Exec-managerial,Husband,White,Male,0,0,45,United-States,>50K
27,Private,169853,Bachelors,13,Married-civ-spouse,Exec-managerial,Husband,White,Male,0,0,40,United-States,<=50K
41,Local-gov,234428,Prof-school,15,Married-civ-spouse,Prof-specialty,Husband,White,Male,0,0,50,United-States,>50K
47,Local-gov,218309,Assoc-acdm,12,Separated,Exec-managerial,Not-in-family,White,Male,0,1408,40,United-States,<=50K
43,Local-gov,256173,Bachelors,13,Married-civ-spouse,Prof-specialty,Husband,White,Male,0,0,55,United-States,>50K
45,Private,242391,Bachelors,13,Married-civ-spouse,Exec-managerial,Husband,White,Male,0,0,60,United-States,>50K
23,Local-gov,115244,Bachelors,13,Never-married,Prof-specialty,Own-child,White,Female,0,0,60,United-States,<=50K
35,Private,267556,HS-grad,9,Divorced,Other-service,Not-in-family,White,Female,0,0,45,United-States,<=50K
22,?,283037,HS-grad,9,Never-married,?,Unmarried,Black,Male,0,0,45,United-States,<=50K
42,Self-emp-not-inc,200574,Prof-school,15,Never-married,Prof-specialty,Not-in-family,White,Male,0,0,38,United-States,<=50K
46,Private,225823,Bachelors,13,Married-civ-spouse,Sales,Wife,White,Female,0,0,16,United-States,>50K
62,Private,245053,9th,5,Married-civ-spouse,Exec-managerial,Husband,White,Male,0,0,40,United-States,<=50K
55,Private,145214,Some-college,10,Divorced,Adm-clerical,Unmarried,White,Female,4650,0,20,United-States,<=50K
36,State-gov,77146,Masters,14,Never-married,Prof-specialty,Not-in-family,White,Male,0,0,40,United-States,<=50K
72,?,305673,HS-grad,9,Married-civ-spouse,?,Husband,White,Male,0,0,20,United-States,<=50K
51,Self-emp-inc,179681,HS-grad,9,Married-civ-spouse,Sales,Husband,White,Male,0,0,50,United-States,<=50K
29,Private,244522,Assoc-voc,11,Married-civ-spouse,Tech-support,Husband,White,Male,0,2051,40,United-States,<=50K
41,Private,119655,HS-grad,9,Married-civ-spouse,Tech-support,Husband,White,Male,0,0,40,United-States,<=50K
42,Federal-gov,158993,Assoc-acdm,12,Divorced,Prof-specialty,Unmarried,Asian-Pac-Islander,Female,0,0,40,Philippines,>50K
50,Private,268553,HS-grad,9,Married-civ-spouse,Transport-moving,Husband,White,Male,7298,0,40,United-States,>50K
26,Private,539563,Some-college,10,Married-civ-spouse,Exec-managerial,Husband,White,Male,0,0,42,United-States,<=50K
29,Private,187581,HS-grad,9,Divorced,Farming-fishing,Not-in-family,White,Male,0,0,40,United-States,<=50K
26,Local-gov,176900,HS-grad,9,Married-civ-spouse,Tech-support,Husband,White,Male,0,0,75,United-States,>50K
21,Private,225065,Some-college,10,Never-married,Adm-clerical,Own-child,White,Female,0,0,20,United-States,<=50K
45,Private,34572,Bachelors,13,Never-married,Transport-moving,Not-in-family,White,Male,0,0,30,United-States,<=50K
63,?,231826,Masters,14,Married-civ-spouse,?,Husband,White,Male,0,0,30,United-States,<=50K
49,State-gov,175431,Some-college,10,Married-civ-spouse,Prof-specialty,Husband,White,Male,0,0,50,United-States,>50K
41,Private,130760,HS-grad,9,Divorced,Sales,Unmarried,Black,Female,0,0,38,United-States,<=50K
56,Private,374716,HS-grad,9,Married-civ-spouse,Adm-clerical,Husband,White,Male,0,0,48,United-States,<=50K
27,Private,267556,Some-college,10,Married-civ-spouse,Machine-op-inspct,Husband,White,Male,0,0,40,United-States,<=50K
26,Private,241805,HS-grad,9,Never-married,Machine-op-inspct,Unmarried,Black,Female,0,0,40,United-States,<=50K
31,Private,151773,HS-grad,9,Married-civ-spouse,Craft-repair,Husband,White,Male,0,0,45,United-States,<=50K
35,Private,111377,HS-grad,9,Separated,Transport-moving,Not-in-family,White,Male,0,0,40,United-States,<=50K
32,Private,198362,Some-college,10,Divorced,Exec-managerial,Not-in-family,White,Female,0,0,38,United-States,<=50K
28,Private,250782,Bachelors,13,Married-civ-spouse,Prof-specialty,Husband,White,Male,0,0,50,United-States,<=50K
22,Private,52262,Some-college,10,Never-married,Other-service,Not-in-family,White,Male,0,0,40,United-States,<=50K
27,Self-emp-not-inc,215990,Bachelors,13,Never-married,Craft-repair,Own-child,White,Male,0,0,35,United-States,<=50K
65,Private,19302,HS-grad,9,Married-civ-spouse,Sales,Husband,White,Male,9386,0,40,United-States,>50K
37,Private,377121,Assoc-voc,11,Married-civ-spouse,Sales,Husband,White,Male,0,0,54,United-States,<=50K
69,Private,228921,Bachelors,13,Widowed,Prof-specialty,Not-in-family,White,Male,0,2282,40,United-States,>50K
41,Private,149726,HS-grad,9,Married-civ-spouse,Craft-repair,Husband,White,Male,0,1848,40,United-States,>50K
34,Private,355728,Bachelors,13,Married-civ-spouse,Sales,Husband,White,Male,0,0,40,United-States,<=50K
56,Private,399087,HS-grad,9,Widowed,Adm-clerical,Not-in-family,White,Female,0,0,40,United-States,<=50K
24,Private,141388,10th,6,Never-married,Machine-op-inspct,Not-in-family,White,Male,0,0,45,United-States,<=50K
20,Private,322799,Some-college,10,Never-married,Machine-op-inspct,Not-in-family,White,Female,0,0,40,United-States,<=50K
24,Private,207281,Bachelors,13,Never-married,Adm-clerical,Own-child,White,Female,0,0,40,United-States,<=50K
23,Private,271379,Some-college,10,Never-married,Adm-clerical,Unmarried,Other,Female,0,0,40,United-States,<=50K
48,Private,163204,Bachelors,13,Divorced,Exec-managerial,Not-in-family,White,Female,0,0,50,United-States,>50K
49,?,272069,Bachelors,13,Married-civ-spouse,?,Husband,White,Male,15024,0,60,United-States,>50K
59,Self-emp-not-inc,191814,10th,6,Married-civ-spouse,Exec-managerial,Husband,White,Male,0,0,36,United-States,<=50K
41,Private,134130,Bachelors,13,Married-civ-spouse,Sales,Husband,White,Male,0,0,50,United-States,>50K
30,Private,398067,1st-4th,2,Separated,Priv-house-serv,Other-relative,White,Female,0,0,30,Mexico,<=50K
54,Local-gov,364986,Some-college,10,Never-married,Prof-specialty,Not-in-family,White,Female,0,0,40,Mexico,<=50K
41,Private,443508,Bachelors,13,Married-civ-spouse,Transport-moving,Husband,White,Male,0,0,48,Canada,>50K
45,Private,344916,Bachelors,13,Never-married,Transport-moving,Not-in-family,White,Male,0,0,30,United-States,<=50K
55,Private,377113,Bachelors,13,Married-civ-spouse,Transport-moving,Husband,White,Male,15024,0,60,United-States,>50K
46,Private,178768,HS-grad,9,Divorced,Tech-support,Not-in-family,White,Female,0,0,20,United-States,<=50K
70,Private,105376,Some-college,10,Never-married,Tech-support,Other-relative,White,Male,0,0,40,United-States,<=50K
55,Private,408537,9th,5,Divorced,Craft-repair,Unmarried,White,Female,99999,0,37,United-States,>50K
55,Private,191367,HS-grad,9,Married-civ-spouse,Sales,Husband,White,Male,0,0,40,United-States,<=50K
50,Private,338283,Some-college,10,Married-civ-spouse,Craft-repair,Husband,White,Male,0,0,40,United-States,>50K
30,Private,174201,Some-college,10,Never-married,Craft-repair,Own-child,White,Male,0,0,40,United-States,<=50K
37,Private,21798,HS-grad,9,Married-civ-spouse,Craft-repair,Husband,White,Male,0,0,45,United-States,>50K
31,Private,47678,Masters,14,Married-civ-spouse,Prof-specialty,Husband,White,Male,5178,0,40,United-States,>50K
33,Private,250034,HS-grad,9,Married-civ-spouse,Machine-op-inspct,Husband,White,Male,0,0,48,United-States,<=50K
20,?,358355,Some-college,10,Never-married,?,Own-child,White,Female,0,0,35,United-States,<=50K
37,Private,218124,HS-grad,9,Married-civ-spouse,Craft-repair,Husband,White,Male,0,0,45,United-States,>50K
18,Private,51789,Some-college,10,Never-married,Other-service,Own-child,White,Male,0,0,8,United-States,<=50K
45,Private,106943,Assoc-acdm,12,Married-civ-spouse,Craft-repair,Husband,White,Male,0,0,45,United-States,<=50K
26,Self-emp-not-inc,110164,Some-college,10,Separated,Craft-repair,Not-in-family,White,Male,0,0,30,United-States,<=50K
56,Private,89698,HS-grad,9,Widowed,Adm-clerical,Not-in-family,Black,Female,0,0,40,United-States,<=50K
20,Private,190762,HS-grad,9,Never-married,Other-service,Own-child,White,Female,0,0,30,United-States,<=50K
37,Private,280440,9th,5,Married-civ-spouse,Transport-moving,Husband,White,Male,0,0,40,United-States,<=50K
27,Private,169628,Bachelors,13,Married-civ-spouse,Exec-managerial,Husband,White,Male,0,0,40,United-States,<=50K
21,Private,27624,Some-college,10,Never-married,Sales,Other-relative,White,Female,0,0,40,United-States,<=50K
36,Local-gov,410034,Bachelors,13,Married-civ-spouse,Prof-specialty,Husband,White,Male,0,1887,40,United-States,>50K
46,State-gov,102628,Masters,14,Widowed,Protective-serv,Unmarried,White,Male,0,0,40,United-States,<=50K
43,Private,302847,Assoc-voc,11,Married-civ-spouse,Exec-managerial,Husband,White,Male,15024,0,40,United-States,>50K
18,?,91670,Some-college,10,Never-married,?,Own-child,Asian-Pac-Islander,Female,0,0,40,United-States,<=50K
53,Private,95864,HS-grad,9,Never-married,Adm-clerical,Other-relative,White,Male,0,0,35,United-States,<=50K
42,Private,57101,HS-grad,9,Divorced,Prof-specialty,Not-in-family,White,Female,0,0,45,United-States,<=50K
73,Private,187560,Some-college,10,Married-civ-spouse,Protective-serv,Husband,White,Male,0,0,40,United-States,<=50K
67,?,200790,Bachelors,13,Divorced,?,Not-in-family,White,Female,0,0,60,United-States,<=50K
42,Private,212840,Bachelors,13,Divorced,Prof-specialty,Not-in-family,White,Female,4934,0,40,United-States,<=50K
26,Private,226500,11th,7,Divorced,Handlers-cleaners,Not-in-family,White,Male,0,0,40,United-States,<=50K
41,Private,266467,HS-grad,9,Divorced,Adm-clerical,Unmarried,White,Female,0,0,45,United-States,<=50K
65,Private,153522,HS-grad,9,Widowed,Other-service,Unmarried,White,Female,0,0,17,United-States,<=50K
50,Private,767403,HS-grad,9,Married-civ-spouse,Machine-op-inspct,Husband,White,Male,3103,0,40,United-States,>50K
20,Private,187334,HS-grad,9,Never-married,Craft-repair,Own-child,Black,Female,0,0,40,United-States,<=50K
35,Private,209547,HS-grad,9,Married-civ-spouse,Transport-moving,Husband,White,Male,0,0,60,United-States,<=50K
35,?,374763,9th,5,Married-civ-spouse,?,Wife,White,Female,0,0,35,United-States,<=50K
47,Private,93557,HS-grad,9,Married-civ-spouse,Farming-fishing,Husband,White,Male,0,0,40,United-States,<=50K
29,Private,354558,HS-grad,9,Married-civ-spouse,Sales,Husband,White,Male,0,0,60,United-States,<=50K
35,Local-gov,72338,HS-grad,9,Divorced,Farming-fishing,Own-child,Asian-Pac-Islander,Male,0,0,56,United-States,<=50K
51,Private,103824,HS-grad,9,Never-married,Other-service,Not-in-family,Black,Male,0,0,40,Haiti,<=50K
20,?,174666,Some-college,10,Never-married,?,Own-child,White,Male,0,0,20,United-States,<=50K
54,Local-gov,288679,Some-college,10,Married-civ-spouse,Adm-clerical,Wife,Black,Female,0,0,55,United-States,>50K
27,Private,147322,HS-grad,9,Divorced,Sales,Own-child,White,Female,0,0,35,United-States,<=50K
44,Private,120277,Prof-school,15,Married-civ-spouse,Prof-specialty,Husband,White,Male,99999,0,60,United-States,>50K
37,Private,174201,Bachelors,13,Married-civ-spouse,Farming-fishing,Husband,White,Male,0,0,45,United-States,<=50K
47,Private,147322,HS-grad,9,Married-civ-spouse,Machine-op-inspct,Wife,White,Female,0,0,40,Columbia,<=50K
44,Private,321709,Doctorate,16,Married-civ-spouse,Prof-specialty,Husband,White,Male,0,0,20,United-States,<=50K
33,Private,186916,Assoc-voc,11,Married-civ-spouse,Sales,Husband,White,Male,0,0,40,United-States,<=50K
63,Self-emp-not-inc,298885,7th-8th,4,Married-civ-spouse,Farming-fishing,Husband,White,Male,7688,0,60,United-States,>50K
45,Private,187581,Some-college,10,Married-civ-spouse,Craft-repair,Husband,White,Male,0,0,40,United-States,>50K
40,State-gov,26929,Assoc-voc,11,Married-civ-spouse,Other-service,Husband,Black,Male,0,0,30,United-States,<=50K
27,Private,254202,Some-college,10,Divorced,Adm-clerical,Unmarried,Black,Female,0,0,36,United-States,<=50K
26,Self-emp-inc,189502,Bachelors,13,Married-civ-spouse,Sales,Husband,White,Male,0,0,80,United-States,>50K
30,Private,356838,11th,7,Married-civ-spouse,Handlers-cleaners,Husband,White,Male,0,0,50,United-States,<=50K
33,Private,91163,HS-grad,9,Separated,Other-service,Other-relative,Black,Female,0,0,40,United-States,<=50K
34,Private,205100,Some-college,10,Divorced,Exec-managerial,Own-child,White,Male,0,0,44,United-States,<=50K
69,Self-emp-inc,106395,HS-grad,9,Married-civ-spouse,Other-service,Husband,White,Male,0,0,40,United-States,>50K
37,Private,186067,HS-grad,9,Married-civ-spouse,Machine-op-inspct,Husband,White,Male,0,0,46,United-States,<=50K
30,Private,49325,Some-college,10,Married-civ-spouse,Transport-moving,Husband,White,Male,0,0,80,United-States,>50K
45,Private,102147,HS-grad,9,Married-civ-spouse,Craft-repair,Husband,White,Male,0,0,40,United-States,<=50K
51,Private,163333,Bachelors,13,Married-civ-spouse,Transport-moving,Husband,White,Male,0,0,56,United-States,>50K
54,Private,185660,Some-college,10,Married-civ-spouse,Farming-fishing,Husband,White,Male,0,0,40,United-States,<=50K
49,Private,79436,HS-grad,9,Married-civ-spouse,Handlers-cleaners,Husband,White,Male,0,0,48,United-States,<=50K
35,Private,214994,HS-grad,9,Divorced,Adm-clerical,Not-in-family,White,Female,0,0,45,United-States,<=50K
45,Self-emp-inc,121124,Prof-school,15,Never-married,Craft-repair,Not-in-family,White,Male,0,0,50,United-States,>50K
23,Private,166893,Some-college,10,Never-married,Exec-managerial,Own-child,Other,Female,0,0,40,United-States,<=50K
35,Private,301251,HS-grad,9,Married-civ-spouse,Machine-op-inspct,Husband,White,Male,0,0,40,United-States,<=50K
41,Private,194690,Bachelors,13,Divorced,Prof-specialty,Not-in-family,White,Female,0,0,40,United-States,<=50K
31,Private,152156,HS-grad,9,Married-civ-spouse,Craft-repair,Husband,White,Male,0,0,45,United-States,<=50K
53,Self-emp-inc,220748,Some-college,10,Widowed,Sales,Not-in-family,White,Female,0,0,60,United-States,<=50K
30,Private,156464,Some-college,10,Never-married,Tech-support,Other-relative,White,Male,0,0,40,United-States,<=50K
62,Private,243786,Doctorate,16,Married-civ-spouse,Prof-specialty,Husband,White,Male,14344,0,50,United-States,>50K
29,Private,128487,Bachelors,13,Married-civ-spouse,Sales,Husband,White,Male,0,0,45,United-States,<=50K
56,Local-gov,276709,Bachelors,13,Married-civ-spouse,Protective-serv,Husband,White,Male,0,0,40,United-States,>50K
41,Private,126327,Some-college,10,Separated,Sales,Unmarried,Black,Female,0,0,20,United-States,<=50K
31,Local-gov,265706,Bachelors,13,Never-married,Protective-serv,Not-in-family,White,Male,4650,0,40,United-States,<=50K
41,Private,211032,HS-grad,9,Married-civ-spouse,Craft-repair,Husband,White,Male,0,0,40,United-States,>50K
47,Private,158451,Masters,14,Married-civ-spouse,Prof-specialty,Wife,White,Female,0,0,2,United-States,>50K
51,Local-gov,204991,Masters,14,Married-civ-spouse,Prof-specialty,Wife,White,Female,0,0,32,United-States,>50K
28,Private,290640,HS-grad,9,Married-civ-spouse,Craft-repair,Husband,White,Male,0,1740,30,United-States,<=50K
51,Private,194097,HS-grad,9,Married-civ-spouse,Protective-serv,Husband,White,Male,0,0,40,United-States,<=50K
63,Self-emp-not-inc,298507,7th-8th,4,Married-civ-spouse,Farming-fishing,Husband,White,Male,7688,0,60,United-States,>50K
30,Private,113176,Some-college,10,Never-married,Other-service,Not-in-family,White,Male,0,0,24,United-States,<=50K
39,State-gov,112763,HS-grad,9,Married-civ-spouse,Protective-serv,Other-relative,White,Female,0,0,40,United-States,<=50K
37,State-gov,59200,HS-grad,9,Never-married,Adm-clerical,Other-relative,White,Female,0,0,40,United-States,<=50K
41,Private,355320,Bachelors,13,Never-married,Prof-specialty,Not-in-family,White,Male,0,0,40,United-States,>50K
27,Private,266860,10th,6,Never-married,Handlers-cleaners,Unmarried,White,Male,0,0,40,Mexico,<=50K
59,Local-gov,93211,Bachelors,13,Married-civ-spouse,Exec-managerial,Wife,White,Female,0,0,22,United-States,>50K
45,Private,288679,Assoc-acdm,12,Divorced,Adm-clerical,Unmarried,Black,Male,0,0,35,United-States,<=50K
20,Private,508548,Some-college,10,Never-married,Sales,Own-child,White,Male,0,0,40,United-States,<=50K
25,Private,182378,Some-college,10,Never-married,Adm-clerical,Not-in-family,White,Female,0,0,50,United-States,<=50K
33,Private,548580,Assoc-voc,11,Never-married,Sales,Own-child,White,Male,0,0,40,United-States,<=50K
19,?,202053,12th,8,Married-civ-spouse,?,Other-relative,White,Female,15024,0,40,United-States,>50K
29,Private,228457,Some-college,10,Married-civ-spouse,Exec-managerial,Husband,White,Male,0,1887,50,United-States,>50K
77,?,174887,Some-college,10,Married-civ-spouse,?,Husband,White,Male,0,0,6,United-States,<=50K
28,Private,120046,Some-college,10,Never-married,Adm-clerical,Own-child,White,Male,0,0,40,United-States,<=50K
54,Private,508548,Doctorate,16,Married-civ-spouse,Exec-managerial,Husband,White,Male,0,1977,43,United-States,>50K
30,Private,337908,Assoc-acdm,12,Married-civ-spouse,Adm-clerical,Wife,Black,Female,0,0,20,United-States,<=50K
30,Private,29859,Some-college,10,Married-civ-spouse,Craft-repair,Husband,White,Male,0,0,40,United-States,>50K
26,Private,228860,11th,7,Divorced,Handlers-cleaners,Not-in-family,White,Male,0,0,40,United-States,<=50K
30,State-gov,61989,Some-college,10,Never-married,Prof-specialty,Not-in-family,White,Female,0,0,5,United-States,<=50K
50,Private,193746,HS-grad,9,Married-civ-spouse,Exec-managerial,Husband,White,Male,0,0,60,United-States,<=50K
48,State-gov,223811,Some-college,10,Divorced,Exec-managerial,Not-in-family,White,Female,0,0,40,United-States,<=50K
24,Private,387663,Some-college,10,Married-spouse-absent,Farming-fishing,Unmarried,White,Female,0,0,40,United-States,<=50K
42,Private,336509,Some-college,10,Divorced,Adm-clerical,Not-in-family,Black,Female,0,0,40,United-States,<=50K
45,Private,170070,Some-college,10,Divorced,Other-service,Not-in-family,White,Female,0,0,50,United-States,<=50K
27,Self-emp-not-inc,215892,Bachelors,13,Never-married,Craft-repair,Own-child,White,Male,0,0,35,United-States,<=50K
68,Self-emp-not-inc,339358,HS-grad,9,Married-civ-spouse,Farming-fishing,Husband,White,Male,0,0,50,United-States,<=50K
22,Private,107882,HS-grad,9,Never-married,Prof-specialty,Own-child,White,Female,0,0,20,United-States,<=50K
25,Private,69311,10th,6,Never-married,Machine-op-inspct,Own-child,White,Male,0,0,40,United-States,<=50K
44,Private,120939,Prof-school,15,Married-civ-spouse,Prof-specialty,Husband,White,Male,99999,0,60,United-States,>50K
52,Private,152744,9th,5,Separated,Other-service,Not-in-family,Black,Female,0,0,30,United-States,<=50K
51,Private,163212,Bachelors,13,Married-civ-spouse,Transport-moving,Husband,White,Male,0,0,56,United-States,>50K
36,Private,52262,Some-college,10,Divorced,Adm-clerical,Unmarried,White,Female,0,0,40,United-States,<=50K
23,Private,419895,Bachelors,13,Never-married,Exec-managerial,Not-in-family,White,Female,0,0,45,United-States,<=50K
37,Self-emp-not-inc,182750,HS-grad,9,Married-civ-spouse,Prof-specialty,Husband,White,Male,3137,0,30,United-States,<=50K
31,Private,106014,Assoc-voc,11,Divorced,Craft-repair,Unmarried,White,Male,0,0,40,United-States,<=50K
49,Private,93557,HS-grad,9,Married-civ-spouse,Exec-managerial,Husband,White,Male,0,0,48,United-States,>50K
19,Private,221167,HS-grad,9,Never-married,Sales,Not-in-family,White,Male,4101,0,48,United-States,<=50K
36,State-gov,77146,Masters,14,Never-married,Prof-specialty,Not-in-family,White,Male,0,0,40,United-States,<=50K
17,Private,121168,11th,7,Never-married,Craft-repair,Own-child,White,Male,0,0,20,United-States,<=50K
23,Private,130126,Bachelors,13,Never-married,Prof-specialty,Not-in-family,White,Female,0,0,20,United-States,<=50K
31,Self-emp-not-inc,195918,HS-grad,9,Married-civ-spouse,Craft-repair,Own-child,White,Male,0,0,40,United-States,<=50K
67,Self-emp-inc,116358,Bachelors,13,Widowed,Other-service,Unmarried,White,Female,0,0,35,United-States,<=50K
35,Private,107302,Masters,14,Married-civ-spouse,Sales,Husband,White,Male,0,0,40,India,<=50K
66,Local-gov,190023,7th-8th,4,Widowed,Other-service,Not-in-family,White,Female,0,0,20,United-States,<=50K
41,Local-gov,66118,Some-college,10,Married-civ-spouse,Transport-moving,Wife,White,Female,0,0,25,United-States,<=50K
42,Private,67243,1st-4th,2,Married-civ-spouse,Adm-clerical,Husband,White,Male,0,0,55,Scotland,>50K
33,Private,240504,HS-grad,9,Divorced,Other-service,Unmarried,White,Female,0,0,30,United-States,<=50K
29,Private,57101,HS-grad,9,Married-civ-spouse,Craft-repair,Husband,White,Male,0,0,40,United-States,<=50K
49,Private,339482,Masters,14,Married-civ-spouse,Sales,Husband,White,Male,0,0,40,United-States,>50K
66,?,182217,7th-8th,4,Married-civ-spouse,?,Husband,White,Male,0,0,30,United-States,<=50K
33,Private,93056,HS-grad,9,Married-civ-spouse,Transport-moving,Husband,White,Male,0,0,40,United-States,<=50K
31,Private,225823,Bachelors,13,Never-married,Prof-specialty,Not-in-family,White,Male,0,0,40,United-States,<=50K
61,Local-gov,149943,HS-grad,9,Widowed,Adm-clerical,Not-in-family,White,Female,0,0,40,United-States,<=50K
70,Private,173704,HS-grad,9,Married-civ-spouse,Sales,Husband,White,Male,0,0,40,United-States,<=50K
24,Private,117789,Bachelors,13,Never-married,Exec-managerial,Own-child,White,Female,0,0,40,United-States,<=50K
36,Self-emp-not-inc,122215,HS-grad,9,Married-civ-spouse,Craft-repair,Husband,White,Male,0,0,47,United-States,<=50K
26,Local-gov,74275,HS-grad,9,Never-married,Handlers-cleaners,Own-child,Amer-Indian-Eskimo,Male,0,0,30,United-States,<=50K
17,Private,21798,11th,7,Never-married,Sales,Own-child,White,Female,0,0,20,United-States,<=50K
18,Private,51789,Some-college,10,Never-married,Other-service,Own-child,White,Male,0,0,8,United-States,<=50K
61,Private,339372,5th-6th,3,Married-civ-spouse,Farming-fishing,Other-relative,White,Female,0,0,45,Mexico,<=50K
20,Private,322799,Some-college,10,Never-married,Machine-op-inspct,Not-in-family,White,Female,0,0,40,United-States,<=50K
33,Self-emp-inc,287190,Some-college,10,Married-civ-spouse,Exec-managerial,Husband,White,Male,0,0,50,United-States,>50K
28,Private,30771,Some-college,10,Never-married,Adm-clerical,Unmarried,Black,Female,0,0,40,United-States,<=50K
30,Private,113176,Some-college,10,Never-married,Other-service,Not-in-family,White,Male,0,0,24,United-States,<=50K
31,Private,181282,HS-grad,9,Divorced,Adm-clerical,Unmarried,White,Female,0,0,35,United-States,<=50K
43,Private,160086,HS-grad,9,Married-civ-spouse,Other-service,Husband,Black,Male,0,0,40,United-States,>50K
47,Private,93557,HS-grad,9,Married-civ-spouse,Farming-fishing,Husband,White,Male,0,0,40,United-States,<=50K
25,Private,69739,10th,6,Never-married,Machine-op-inspct,Own-child,White,Male,0,0,40,United-States,<=50K
62,Private,174201,9th,5,Widowed,Other-service,Unmarried,Black,Female,0,0,25,United-States,<=50K
26,Private,456618,Some-college,10,Never-married,Adm-clerical,Own-child,White,Male,27828,0,40,United-States,<=50K
45,Private,287831,Assoc-acdm,12,Divorced,Adm-clerical,Unmarried,Black,Male,0,0,35,United-States,<=50K
66,?,182332,7th-8th,4,Married-civ-spouse,?,Husband,White,Male,0,0,30,United-States,<=50K
26,Private,421633,Bachelors,13,Never-married,Exec-managerial,Not-in-family,White,Female,0,0,40,United-States,<=50K
42,Private,340763,Doctorate,16,Never-married,Prof-specialty,Not-in-family,White,Male,0,0,50,United-States,<=50K
34,?,346762,11th,7,Divorced,?,Own-child,White,Male,0,0,84,United-States,<=50K
55,Self-emp-not-inc,79011,HS-grad,9,Married-civ-spouse,Farming-fishing,Husband,Asian-Pac-Islander,Male,0,0,70,United-States,<=50K
42,Private,172695,Masters,14,Married-civ-spouse,Prof-specialty,Husband,White,Male,0,0,40,United-States,<=50K
34,Private,141058,Some-college,10,Married-civ-spouse,Other-service,Husband,White,Male,0,0,62,Mexico,<=50K
47,Local-gov,171540,HS-grad,9,Divorced,Adm-clerical,Not-in-family,White,Female,0,0,40,United-States,<=50K
63,Private,102412,HS-grad,9,Divorced,Sales,Not-in-family,White,Female,0,0,40,United-States,<=50K
37,Private,186191,HS-grad,9,Married-civ-spouse,Machine-op-inspct,Husband,White,Male,0,0,46,United-States,<=50K
46,Private,185522,Bachelors,13,Married-civ-spouse,Prof-specialty,Husband,White,Male,3103,0,40,United-States,>50K
18,?,91670,Some-college,10,Never-married,?,Own-child,Asian-Pac-Islander,Female,0,0,40,United-States,<=50K
45,Private,107231,Assoc-acdm,12,Married-civ-spouse,Craft-repair,Husband,White,Male,0,0,45,United-States,<=50K
20,?,30771,Some-college,10,Never-married,?,Own-child,White,Male,0,0,25,United-States,<=50K
48,Local-gov,38389,HS-grad,9,Married-civ-spouse,Craft-repair,Husband,White,Male,0,0,60,United-States,<=50K
49,Private,93557,HS-grad,9,Married-civ-spouse,Exec-managerial,Husband,White,Male,0,0,48,United-States,>50K
53,Self-emp-inc,233891,Assoc-acdm,12,Married-civ-spouse,Transport-moving,Husband,White,Male,0,0,45,United-States,>50K
44,Private,184466,HS-grad,9,Divorced,Sales,Unmarried,White,Female,0,0,60,United-States,<=50K
45,Private,460322,11th,7,Widowed,Other-service,Not-in-family,Black,Female,0,0,20,United-States,<=50K
57,Private,29859,Bachelors,13,Married-civ-spouse,Prof-specialty,Husband,White,Male,3103,0,40,United-States,>50K
20,Private,127185,Some-college,10,Never-married,Prof-specialty,Own-child,White,Female,0,0,15,United-States,<=50K
39,?,157747,Masters,14,Married-civ-spouse,?,Wife,Asian-Pac-Islander,Female,3464,0,40,?,<=50K
70,Self-emp-inc,242391,9th,5,Divorced,Sales,Not-in-family,White,Male,0,0,45,United-States,<=50K
35,Local-gov,116960,Masters,14,Married-civ-spouse,Prof-specialty,Husband,White,Male,0,1887,40,United-States,>50K
51,Private,190997,1st-4th,2,Widowed,Craft-repair,Not-in-family,White,Male,0,0,40,Mexico,<=50K
60,?,191177,HS-grad,9,Married-civ-spouse,?,Husband,White,Male,0,1848,40,United-States,>50K
54,Private,511668,Doctorate,16,Married-civ-spouse,Exec-managerial,Husband,White,Male,0,1977,43,United-States,>50K
49,Private,180532,Masters,14,Married-spouse-absent,Prof-specialty,Not-in-family,White,Male,0,0,40,United-States,<=50K
49,Private,795830,HS-grad,9,Married-civ-spouse,Handlers-cleaners,Husband,White,Male,0,0,48,United-States,<=50K
33,Private,240810,HS-grad,9,Divorced,Other-service,Unmarried,White,Female,0,0,30,United-States,<=50K
52,Self-emp-not-inc,44728,Some-college,10,Married-civ-spouse,Sales,Husband,White,Male,0,0,55,United-States,>50K
32,Private,117779,HS-grad,9,Never-married,Transport-moving,Own-child,White,Female,0,0,35,United-States,<=50K
25,Private,374716,Assoc-acdm,12,Divorced,Other-service,Not-in-family,White,Female,0,0,32,United-States,<=50K
41,Private,209547,HS-grad,9,Never-married,Machine-op-inspct,Not-in-family,White,Male,0,0,40,United-States,<=50K
25,Local-gov,176486,HS-grad,9,Never-married,Other-service,Own-child,White,Male,0,0,40,United-States,<=50K
24,Private,117789,Bachelors,13,Never-married,Exec-managerial,Own-child,White,Female,0,0,40,United-States,<=50K
46,Private,35961,Assoc-acdm,12,Divorced,Sales,Not-in-family,White,Female,0,0,25,Germany,<=50K
41,Self-emp-not-inc,438696,Masters,14,Divorced,Sales,Unmarried,White,Male,0,0,5,United-States,>50K
22,Federal-gov,281356,Some-college,10,Never-married,Transport-moving,Own-child,White,Male,0,0,4,United-States,<=50K
47,Private,148884,HS-grad,9,Married-civ-spouse,Transport-moving,Husband,White,Male,0,0,60,United-States,<=50K
28,Private,33798,Bachelors,13,Never-married,Sales,Not-in-family,White,Male,0,0,45,United-States,<=50K
57,Private,29859,Bachelors,13,Married-civ-spouse,Prof-specialty,Husband,White,Male,3103,0,40,United-States,>50K
28,Private,228457,10th,6,Never-married,Machine-op-inspct,Unmarried,White,Female,0,0,40,United-States,<=50K
41,Private,33331,HS-grad,9,Married-civ-spouse,Craft-repair,Husband,White,Male,0,0,45,United-States,<=50K
33,Self-emp-inc,287372,Some-college,10,Married-civ-spouse,Exec-managerial,Husband,White,Male,0,0,50,United-States,>50K
41,Private,119033,HS-grad,9,Married-civ-spouse,Sales,Husband,White,Male,0,0,49,United-States,>50K
57,Private,79011,HS-grad,9,Never-married,Adm-clerical,Own-child,White,Female,0,0,40,United-States,<=50K
53,Local-gov,137250,Masters,14,Widowed,Prof-specialty,Unmarried,Black,Female,0,1669,35,United-States,<=50K
61,Local-gov,149943,HS-grad,9,Widowed,Adm-clerical,Not-in-family,White,Female,0,0,40,United-States,<=50K
41,Private,27444,Some-college,10,Married-civ-spouse,Machine-op-inspct,Husband,White,Male,7298,0,42,United-States,>50K
27,Private,154785,Some-college,10,Married-civ-spouse,Prof-specialty,Husband,White,Male,0,0,50,United-States,>50K
35,Private,214738,HS-grad,9,Divorced,Adm-clerical,Not-in-family,White,Female,0,0,45,United-States,<=50K
45,Local-gov,234195,HS-grad,9,Divorced,Adm-clerical,Unmarried,White,Female,0,0,35,United-States,<=50K
67,Self-emp-inc,51789,Some-college,10,Married-civ-spouse,Sales,Husband,White,Male,0,0,40,United-States,<=50K
21,Private,65038,HS-grad,9,Never-married,Machine-op-inspct,Own-child,White,Male,0,0,40,United-States,<=50K
38,Private,93140,HS-grad,9,Separated,Machine-op-inspct,Unmarried,Black,Female,0,0,28,United-States,<=50K
69,Self-emp-inc,106395,HS-grad,9,Married-civ-spouse,Other-service,Husband,White,Male,0,0,40,United-States,>50K
20,Private,148509,HS-grad,9,Never-married,Other-service,Not-in-family,White,Female,0,0,40,United-States,<=50K
31,Self-emp-inc,467108,Bachelors,13,Never-married,Prof-specialty,Not-in-family,White,Male,0,0,45,United-States,>50K
36,Private,496526,Bachelors,13,Married-civ-spouse,Prof-specialty,Husband,White,Male,0,0,50,United-States,>50K
29,Private,188561,Some-college,10,Married-civ-spouse,Craft-repair,Husband,Black,Male,0,0,40,Jamaica,>50K
23,Private,428030,Bachelors,13,Never-married,Exec-managerial,Not-in-family,White,Female,0,0,45,United-States,<=50K
58,Private,98630,Masters,14,Married-civ-spouse,Prof-specialty,Husband,White,Male,0,0,40,United-States,>50K
55,Self-emp-not-inc,204991,Bachelors,13,Married-civ-spouse,Sales,Husband,White,Male,0,0,40,United-States,>50K
31,Private,208358,Some-college,10,Married-civ-spouse,Craft-repair,Husband,White,Male,0,0,40,United-States,<=50K
28,Private,142030,HS-grad,9,Never-married,Machine-op-inspct,Not-in-family,White,Male,0,0,48,United-States,<=50K
34,Private,118605,Assoc-acdm,12,Married-civ-spouse,Prof-specialty,Husband,White,Male,0,0,55,United-States,<=50K
47,Private,139701,5th-6th,3,Never-married,Machine-op-inspct,Unmarried,White,Female,0,0,40,Dominican-Republic,<=50K
49,Self-emp-not-inc,220426,Bachelors,13,Married-civ-spouse,Sales,Husband,White,Male,15024,0,40,United-States,>50K
52,Private,32950,Some-college,10,Never-married,Exec-managerial,Not-in-family,White,Male,0,0,40,United-States,<=50K
67,?,201657,Bachelors,13,Divorced,?,Not-in-family,White,Female,0,0,60,United-States,<=50K
31,Local-gov,240504,Some-college,10,Married-civ-spouse,Protective-serv,Husband,Black,Male,0,1902,50,United-States,>50K
66,Local-gov,189838,7th-8th,4,Widowed,Other-service,Not-in-family,White,Female,0,0,20,United-States,<=50K
23,Private,197150,5th-6th,3,Married-civ-spouse,Transport-moving,Other-relative,White,Male,0,0,40,Mexico,<=50K
27,Private,178510,Assoc-voc,11,Married-spouse-absent,Tech-support,Own-child,White,Female,0,0,40,United-States,<=50K
52,Private,104501,Some-college,10,Married-civ-spouse,Prof-specialty,Husband,White,Male,0,0,40,Germany,>50K
36,Private,332689,Bachelors,13,Married-civ-spouse,Sales,Husband,White,Male,0,1887,35,United-States,>50K
18,?,252046,HS-grad,9,Never-married,?,Own-child,White,Female,0,0,30,United-States,<=50K
34,Private,320425,HS-grad,9,Never-married,Other-service,Not-in-family,White,Female,0,0,28,United-States,<=50K
17,Private,231196,11th,7,Never-married,Adm-clerical,Own-child,White,Female,0,0,12,United-States,<=50K
45,Private,148884,Some-college,10,Divorced,Craft-repair,Not-in-family,White,Male,0,0,50,United-States,<=50K
28,Private,175431,Bachelors,13,Never-married,Adm-clerical,Not-in-family,White,Female,0,0,30,?,<=50K
38,Private,311907,Assoc-voc,11,Married-civ-spouse,Sales,Husband,White,Male,0,0,40,United-States,>50K
42,Private,130760,Some-college,10,Married-civ-spouse,Machine-op-inspct,Husband,White,Male,0,0,40,United-States,<=50K
70,Private,121285,HS-grad,9,Married-civ-spouse,Adm-clerical,Wife,White,Female,0,0,5,United-States,<=50K
23,Private,119721,Assoc-acdm,12,Never-married,Adm-clerical,Own-child,White,Male,0,0,40,United-States,<=50K
50,Self-emp-not-inc,278632,Masters,14,Married-civ-spouse,Exec-managerial,Husband,White,Male,0,0,20,United-States,<=50K
33,State-gov,85632,Some-college,10,Married-civ-spouse,Adm-clerical,Wife,White,Female,0,0,40,United-States,<=50K
55,Self-emp-not-inc,205100,Bachelors,13,Married-civ-spouse,Sales,Husband,White,Male,0,0,40,United-States,>50K
32,State-gov,189834,Some-college,10,Divorced,Prof-specialty,Other-relative,White,Female,0,0,40,United-States,<=50K
36,Private,250314,1st-4th,2,Never-married,Other-service,Other-relative,Other,Female,0,0,40,El-Salvador,<=50K
61,Private,53833,Some-college,10,Married-civ-spouse,Exec-managerial,Husband,White,Male,0,0,45,United-States,>50K
47,Private,284907,HS-grad,9,Married-civ-spouse,Exec-managerial,Husband,White,Male,0,0,40,United-States,<=50K
25,Private,344916,HS-grad,9,Married-civ-spouse,Other-service,Husband,White,Male,0,0,50,Mexico,<=50K
35,Local-gov,116960,Masters,14,Married-civ-spouse,Prof-specialty,Husband,White,Male,0,1887,40,United-States,>50K
31,Private,153486,HS-grad,9,Married-civ-spouse,Craft-repair,Husband,White,Male,0,0,45,United-States,<=50K
63,Self-emp-inc,165767,HS-grad,9,Married-civ-spouse,Exec-managerial,Husband,White,Male,0,0,40,United-States,<=50K
32,Private,208703,Some-college,10,Never-married,Craft-repair,Not-in-family,White,Male,0,0,40,United-States,<=50K
37,Private,126613,Masters,14,Married-civ-spouse,Exec-managerial,Husband,White,Male,0,1977,40,United-States,>50K
34,Private,346762,HS-grad,9,Never-married,Handlers-cleaners,Not-in-family,White,Male,0,0,60,United-States,<=50K
40,Private,186916,Bachelors,13,Married-civ-spouse,Prof-specialty,Husband,White,Male,0,0,40,United-States,<=50K
39,State-gov,113129,HS-grad,9,Married-civ-spouse,Protective-serv,Other-relative,White,Female,0,0,40,United-States,<=50K
25,Private,460322,Bachelors,13,Never-married,Other-service,Own-child,White,Male,0,0,43,United-States,<=50K
35,Private,110981,HS-grad,9,Separated,Transport-moving,Not-in-family,White,Male,0,0,40,United-States,<=50K
34,Private,174938,Some-college,10,Married-civ-spouse,Other-service,Husband,White,Male,0,0,50,United-States,<=50K
19,Private,102723,Some-college,10,Never-married,Adm-clerical,Own-child,White,Female,0,0,40,United-States,<=50K
31,State-gov,268832,HS-grad,9,Never-married,Adm-clerical,Not-in-family,Black,Female,0,0,37,United-States,<=50K
63,Private,377121,10th,6,Widowed,Other-service,Not-in-family,White,Female,0,0,31,United-States,<=50K
28,Private,202721,Preschool,1,Never-married,Farming-fishing,Not-in-family,White,Male,0,0,38,Mexico,<=50K
43,Self-emp-inc,314739,Some-college,10,Married-civ-spouse,Exec-managerial,Husband,White,Male,0,0,92,United-States,>50K
22,Local-gov,39236,Some-college,10,Never-married,Prof-specialty,Own-child,White,Female,594,0,25,United-States,<=50K
28,Private,456618,Some-college,10,Never-married,Priv-house-serv,Not-in-family,White,Female,0,0,40,United-States,<=50K
45,Private,288679,Assoc-acdm,12,Divorced,Adm-clerical,Unmarried,Black,Male,0,0,35,United-States,<=50K
45,Private,242375,HS-grad,9,Never-married,Transport-moving,Not-in-family,White,Male,0,0,40,United-States,<=50K
52,Self-emp-inc,74712,HS-grad,9,Married-civ-spouse,Sales,Husband,Asian-Pac-Islander,Male,0,0,40,United-States,>50K
48,Private,355728,Bachelors,13,Married-civ-spouse,Prof-specialty,Husband,White,Male,0,0,45,Canada,>50K
55,Private,96415,HS-grad,9,Widowed,Other-service,Unmarried,Black,Female,0,0,35,United-States,<=50K
45,Private,101320,HS-grad,9,Divorced,Adm-clerical,Unmarried,White,Female,0,0,40,United-States,<=50K
24,Private,387663,Some-college,10,Married-spouse-absent,Farming-fishing,Unmarried,White,Female,0,0,40,United-States,<=50K
31,Private,208881,Some-college,10,Married-civ-spouse,Craft-repair,Husband,White,Male,0,0,40,United-States,<=50K
31,Private,320280,Assoc-voc,11,Married-civ-spouse,Craft-repair,Husband,White,Male,4386,0,40,Mexico,>50K
29,Private,274363,HS-grad,9,Married-civ-spouse,Adm-clerical,Husband,White,Male,0,0,30,Nicaragua,<=50K
49,State-gov,175109,Some-college,10,Married-civ-spouse,Prof-specialty,Husband,White,Male,0,0,50,United-States,>50K
67,?,201783,Bachelors,13,Divorced,?,Not-in-family,White,Female,0,0,60,United-States,<=50K
48,Private,163204,Bachelors,13,Divorced,Exec-managerial,Not-in-family,White,Female,0,0,50,United-States,>50K
38,Private,312771,Assoc-voc,11,Married-civ-spouse,Sales,Husband,White,Male,0,0,40,United-States,>50K
54,Private,221336,HS-grad,9,Widowed,Other-service,Unmarried,Asian-Pac-Islander,Female,0,0,40,Philippines,<=50K
45,Private,170092,Some-college,10,Divorced,Other-service,Not-in-family,White,Female,0,0,50,United-States,<=50K
26,Private,247422,Assoc-voc,11,Divorced,Craft-repair,Own-child,White,Male,0,0,40,United-States,<=50K
41,Private,277203,7th-8th,4,Married-civ-spouse,Farming-fishing,Husband,White,Male,0,0,36,United-States,<=50K
48,Private,163212,Bachelors,13,Divorced,Exec-managerial,Not-in-family,White,Female,0,0,50,United-States,>50K
29,Private,107812,HS-grad,9,Divorced,Craft-repair,Not-in-family,White,Male,0,0,40,United-States,<=50K
28,Private,30771,Some-college,10,Never-married,Adm-clerical,Unmarried,Black,Female,0,0,40,United-States,<=50K
18,Self-emp-not-inc,259120,10th,6,Never-married,Farming-fishing,Own-child,White,Male,0,0,40,United-States,<=50K
28,Private,207281,HS-grad,9,Never-married,Craft-repair,Own-child,White,Male,0,0,50,United-States,<=50K
41,Private,442478,Bachelors,13,Married-civ-spouse,Transport-moving,Husband,White,Male,0,0,48,Canada,>50K
35,Private,216385,HS-grad,9,Married-civ-spouse,Craft-repair,Husband,White,Male,0,0,40,United-States,>50K
29,Private,226922,HS-grad,9,Never-married,Protective-serv,Other-relative,Black,Male,0,0,40,United-States,<=50K
39,Private,172695,HS-grad,9,Married-civ-spouse,Other-service,Husband,White,Male,5013,0,40,United-States,<=50K
44,Private,184466,HS-grad,9,Divorced,Sales,Unmarried,White,Female,0,0,60,United-States,<=50K
49,Private,177211,Bachelors,13,Married-civ-spouse,Exec-managerial,Husband,White,Male,0,0,50,United-States,>50K
25,Private,207281,7th-8th,4,Married-civ-spouse,Handlers-cleaners,Husband,White,Male,0,0,40,Mexico,<=50K
46,Private,240810,Some-college,10,Never-married,Exec-managerial,Not-in-family,White,Male,8614,0,50,United-States,>50K
61,Local-gov,150499,HS-grad,9,Widowed,Adm-clerical,Not-in-family,White,Female,0,0,40,United-States,<=50K
38,Private,122742,HS-grad,9,Married-civ-spouse,Adm-clerical,Husband,Asian-Pac-Islander,Male,0,0,48,Trinadad&Tobago,<=50K
69,Self-emp-inc,106395,HS-grad,9,Married-civ-spouse,Other-service,Husband,White,Male,0,0,40,United-States,>50K
57,Private,113974,HS-grad,9,Divorced,Adm-clerical,Unmarried,White,Female,0,0,40,United-States,<=50K
20,Private,229223,HS-grad,9,Never-married,Machine-op-inspct,Own-child,White,Female,0,0,30,United-States,<=50K
62,Local-gov,103344,HS-grad,9,Divorced,Craft-repair,Not-in-family,White,Male,0,0,40,United-States,<=50K
44,Private,173704,Bachelors,13,Married-civ-spouse,Exec-managerial,Husband,White,Male,0,0,40,United-States,>50K
20,?,174666,Some-college,10,Never-married,?,Own-child,White,Male,0,0,20,United-States,<=50K
25,Private,367240,Assoc-acdm,12,Divorced,Other-service,Not-in-family,White,Female,0,0,32,United-States,<=50K
45,Private,344916,Bachelors,13,Never-married,Transport-moving,Not-in-family,White,Male,0,0,30,United-States,<=50K
65,Private,153751,HS-grad,9,Widowed,Other-service,Unmarried,White,Female,0,0,17,United-States,<=50K
63,Self-emp-inc,164898,HS-grad,9,Married-civ-spouse,Exec-managerial,Husband,White,Male,0,0,40,United-States,<=50K
32,Private,153751,HS-grad,9,Separated,Prof-specialty,Not-in-family,White,Male,0,0,55,United-States,<=50K
23,Private,202956,Bachelors,13,Never-married,Prof-specialty,Not-in-family,White,Female,0,0,40,United-States,<=50K
32,Private,198170,Some-college,10,Divorced,Exec-managerial,Not-in-family,White,Female,0,0,38,United-States,<=50K
30,Private,113176,Some-college,10,Never-married,Other-service,Not-in-family,White,Male,0,0,24,United-States,<=50K
37,Private,228860,Bachelors,13,Married-civ-spouse,Sales,Husband,White,Male,0,0,55,United-States,>50K
35,?,197150,Some-college,10,Married-civ-spouse,?,Husband,Asian-Pac-Islander,Male,0,0,40,Philippines,>50K
55,Private,85041,HS-grad,9,Married-civ-spouse,Priv-house-serv,Wife,White,Female,0,0,30,United-States,<=50K
69,Private,102874,HS-grad,9,Widowed,Adm-clerical,Not-in-family,White,Female,0,0,24,United-States,<=50K
24,Private,100669,Some-college,10,Never-married,Handlers-cleaners,Own-child,Asian-Pac-Islander,Male,0,0,30,United-States,<=50K
25,Private,373216,Assoc-acdm,12,Divorced,Other-service,Not-in-family,White,Female,0,0,32,United-States,<=50K
50,Private,92079,Some-college,10,Married-civ-spouse,Tech-support,Husband,White,Male,0,0,45,United-States,>50K
47,Local-gov,219611,Assoc-acdm,12,Separated,Exec-managerial,Not-in-family,White,Male,0,1408,40,United-States,<=50K
64,?,104756,Some-college,10,Widowed,?,Unmarried,White,Female,0,0,8,United-States,<=50K
29,Private,206974,HS-grad,9,Never-married,Craft-repair,Own-child,White,Male,0,0,50,United-States,<=50K
48,Local-gov,379066,HS-grad,9,Married-civ-spouse,Craft-repair,Husband,White,Male,0,0,60,United-States,<=50K
42,Private,343231,5th-6th,3,Married-civ-spouse,Other-service,Husband,White,Male,0,0,44,Mexico,<=50K
39,Self-emp-not-inc,188571,Assoc-voc,11,Married-civ-spouse,Farming-fishing,Husband,White,Male,0,0,60,United-States,<=50K
42,Private,57600,HS-grad,9,Divorced,Prof-specialty,Not-in-family,White,Female,0,0,45,United-States,<=50K
27,Private,254202,Some-college,10,Divorced,Adm-clerical,Unmarried,Black,Female,0,0,36,United-States,<=50K
28,?,174714,10th,6,Separated,?,Not-in-family,White,Male,0,0,80,United-States,<=50K
20,Private,365996,Some-college,10,Never-married,Other-service,Own-child,White,Female,0,0,20,United-States,<=50K
53,Private,251905,Bachelors,13,Married-civ-spouse,Exec-managerial,Husband,Black,Male,0,0,50,United-States,>50K
41,Private,26585,HS-grad,9,Divorced,Adm-clerical,Unmarried,White,Female,0,0,45,United-States,<=50K
50,Private,767403,HS-grad,9,Married-civ-spouse,Machine-op-inspct,Husband,White,Male,2907,0,40,United-States,>50K
30,Private,156015,Some-college,10,Never-married,Tech-support,Other-relative,White,Male,0,0,40,United-States,<=50K
28,Private,379066,Bachelors,13,Married-civ-spouse,Exec-managerial,Husband,White,Male,0,0,50,United-States,<=50K
27,Private,179991,Assoc-voc,11,Married-spouse-absent,Tech-support,Own-child,White,Female,0,0,40,United-States,<=50K
30,Private,140282,HS-grad,9,Married-civ-spouse,Sales,Husband,White,Male,0,0,45,United-States,<=50K
45,Private,194095,Assoc-voc,11,Never-married,Other-service,Unmarried,White,Female,0,0,40,Mexico,<=50K
30,Private,361631,Some-college,10,Married-civ-spouse,Exec-managerial,Husband,White,Male,0,0,50,United-States,<=50K
32,State-gov,190023,Some-college,10,Divorced,Prof-specialty,Other-relative,White,Female,0,0,40,United-States,<=50K
29,Private,161954,Assoc-acdm,12,Married-civ-spouse,Prof-specialty,Husband,White,Male,0,0,50,United-States,<=50K
50,State-gov,456618,Bachelors,13,Married-spouse-absent,Prof-specialty,Not-in-family,White,Male,6849,0,40,United-States,<=50K
18,Private,51789,Some-college,10,Never-married,Other-service,Own-child,White,Male,0,0,8,United-States,<=50K
30,Private,488720,Some-college,10,Married-civ-spouse,Transport-moving,Husband,White,Male,0,0,80,United-States,>50K
25,Private,374716,Assoc-acdm,12,Divorced,Other-service,Not-in-family,White,Female,0,0,32,United-States,<=50K
73,Local-gov,232871,7th-8th,4,Married-civ-spouse,Protective-serv,Husband,White,Male,2228,0,10,United-States,<=50K
27,Private,141545,HS-grad,9,Married-civ-spouse,Transport-moving,Husband,White,Male,0,1902,45,United-States,<=50K
26,Self-emp-inc,189728,Bachelors,13,Married-civ-spouse,Sales,Husband,White,Male,0,0,80,United-States,>50K
33,Private,417941,5th-6th,3,Divorced,Handlers-cleaners,Unmarried,White,Male,0,0,40,Mexico,<=50K
30,Private,168138,HS-grad,9,Never-married,Sales,Unmarried,White,Female,0,0,35,Mexico,<=50K
37,State-gov,46814,Bachelors,13,Never-married,Prof-specialty,Not-in-family,White,Male,0,0,38,United-States,<=50K
38,Local-gov,218184,5th-6th,3,Married-civ-spouse,Handlers-cleaners,Other-relative,White,Male,0,0,40,Mexico,<=50K
57,Private,29859,Bachelors,13,Married-civ-spouse,Prof-specialty,Husband,White,Male,3103,0,40,United-States,>50K
54,Private,184901,Some-college,10,Married-civ-spouse,Farming-fishing,Husband,White,Male,0,0,40,United-States,<=50K
52,Private,202662,Some-college,10,Married-civ-spouse,Exec-managerial,Husband,White,Male,7688,0,40,United-States,>50K
36,Private,66624,HS-grad,9,Married-civ-spouse,Sales,Husband,White,Male,0,0,50,United-States,<=50K
20,?,35961,Some-college,10,Never-married,?,Own-child,White,Female,0,0,35,United-States,<=50K
37,Private,37792,Assoc-voc,11,Married-civ-spouse,Sales,Husband,White,Male,0,0,54,United-States,<=50K
25,Private,165667,HS-grad,9,Never-married,Machine-op-inspct,Own-child,White,Male,4416,0,40,United-States,<=50K
79,Local-gov,146244,Doctorate,16,Widowed,Prof-specialty,Unmarried,White,Female,0,0,40,United-States,<=50K
53,Private,250238,Bachelors,13,Married-civ-spouse,Exec-managerial,Husband,Black,Male,0,0,50,United-States,>50K
41,Private,186067,HS-grad,9,Separated,Adm-clerical,Unmarried,White,Female,0,0,40,United-States,<=50K
45,Private,194095,Assoc-voc,11,Never-married,Other-service,Unmarried,White,Female,0,0,40,Mexico,<=50K
20,Private,126675,Some-college,10,Never-married,Prof-specialty,Own-child,White,Female,0,0,15,United-States,<=50K
23,State-gov,186067,Bachelors,13,Never-married,Adm-clerical,Not-in-family,White,Male,0,0,16,United-States,<=50K
29,Private,365049,Bachelors,13,Married-civ-spouse,Exec-managerial,Husband,White,Male,0,1628,47,United-States,<=50K
27,Local-gov,33331,HS-grad,9,Never-married,Farming-fishing,Own-child,White,Male,0,0,40,United-States,<=50K
23,Private,377017,Some-college,10,Never-married,Other-service,Unmarried,White,Female,0,0,25,United-States,<=50K
21,Private,164441,HS-grad,9,Married-civ-spouse,Craft-repair,Husband,White,Male,0,0,40,United-States,<=50K
22,Private,220426,Bachelors,13,Never-married,Adm-clerical,Own-child,White,Male,0,0,40,United-States,<=50K
25,Self-emp-not-inc,121168,Bachelors,13,Never-married,Sales,Not-in-family,White,Female,0,0,40,United-States,<=50K
20,?,174666,Some-college,10,Never-married,?,Own-child,White,Male,0,0,20,United-States,<=50K
20,Private,224474,HS-grad,9,Never-married,Handlers-cleaners,Not-in-family,White,Male,0,0,40,United-States,<=50K
40,Local-gov,268620,Masters,14,Never-married,Prof-specialty,Not-in-family,White,Female,0,0,40,United-States,<=50K
59,Self-emp-not-inc,191367,10th,6,Married-civ-spouse,Exec-managerial,Husband,White,Male,0,0,36,United-States,<=50K
60,Self-emp-not-inc,376973,HS-grad,9,Married-civ-spouse,Craft-repair,Husband,White,Male,0,0,42,United-States,>50K
30,Private,166961,HS-grad,9,Never-married,Sales,Unmarried,White,Female,0,0,35,Mexico,<=50K
20,Private,41356,Some-college,10,Never-married,Prof-specialty,Not-in-family,White,Female,0,0,40,United-States,<=50K
30,Private,167558,HS-grad,9,Never-married,Sales,Unmarried,White,Female,0,0,35,Mexico,<=50K
48,Private,166863,Masters,14,Married-civ-spouse,Exec-managerial,Husband,White,Male,0,0,40,United-States,>50K
26,Private,170984,Some-college,10,Never-married,Farming-fishing,Not-in-family,White,Female,0,0,38,United-States,<=50K
55,Private,377017,Bachelors,13,Married-civ-spouse,Transport-moving,Husband,White,Male,15024,0,60,United-States,>50K
26,Private,216711,Masters,14,Never-married,Prof-specialty,Not-in-family,White,Female,0,0,10,United-States,<=50K
23,Private,243367,HS-grad,9,Never-married,Other-service,Not-in-family,White,Female,0,0,30,United-States,<=50K
52,Private,147340,HS-grad,9,Married-civ-spouse,Craft-repair,Husband,White,Male,0,0,40,United-States,<=50K
35,Private,34572,HS-grad,9,Never-married,Handlers-cleaners,Not-in-family,White,Female,0,0,40,United-States,<=50K
33,Private,149784,HS-grad,9,Married-civ-spouse,Sales,Husband,White,Male,0,0,40,United-States,>50K
36,Private,158555,HS-grad,9,Married-civ-spouse,Machine-op-inspct,Husband,White,Male,0,0,40,United-States,<=50K
57,Private,433989,Masters,14,Married-civ-spouse,Prof-specialty,Husband,White,Male,0,1980,45,United-States,>50K
45,Private,247547,Assoc-voc,11,Married-civ-spouse,Prof-specialty,Husband,White,Male,0,1902,40,United-States,>50K
52,Private,257726,Assoc-voc,11,Divorced,Adm-clerical,Not-in-family,White,Female,0,0,40,Germany,<=50K
41,Federal-gov,275395,Some-college,10,Married-civ-spouse,Exec-managerial,Husband,White,Male,0,0,40,United-States,>50K
51,Private,148884,HS-grad,9,Married-civ-spouse,Craft-repair,Husband,White,Male,0,0,40,United-States,<=50K
42,Private,57101,HS-grad,9,Divorced,Prof-specialty,Not-in-family,White,Female,0,0,45,United-States,<=50K
33,Self-emp-inc,287372,Some-college,10,Married-civ-spouse,Exec-managerial,Husband,White,Male,0,0,50,United-States,>50K
40,Private,122215,Assoc-acdm,12,Married-civ-spouse,Sales,Husband,White,Male,0,0,40,United-States,>50K
39,Private,24515,Bachelors,13,Married-civ-spouse,Prof-specialty,Husband,White,Male,0,0,50,United-States,>50K
33,Private,100154,10th,6,Separated,Handlers-cleaners,Not-in-family,White,Male,0,0,40,United-States,<=50K
26,Self-emp-not-inc,109609,Some-college,10,Separated,Craft-repair,Not-in-family,White,Male,0,0,30,United-States,<=50K
55,Private,191177,HS-grad,9,Married-civ-spouse,Sales,Husband,White,Male,0,0,40,United-States,<=50K
37,Private,174032,Bachelors,13,Married-civ-spouse,Farming-fishing,Husband,White,Male,0,0,45,United-States,<=50K
47,Local-gov,171351,HS-grad,9,Divorced,Adm-clerical,Not-in-family,White,Female,0,0,40,United-States,<=50K
27,State-gov,56121,Bachelors,13,Married-civ-spouse,Protective-serv,Wife,Black,Female,0,0,48,United-States,<=50K
53,Self-emp-not-inc,302847,HS-grad,9,Married-civ-spouse,Sales,Husband,White,Male,0,0,35,United-States,<=50K
25,Private,396633,Some-college,10,Married-civ-spouse,Adm-clerical,Wife,Black,Female,0,0,56,United-States,>50K
22,Private,88050,Assoc-acdm,12,Married-civ-spouse,Exec-managerial,Husband,Asian-Pac-Islander,Male,0,0,6,United-States,<=50K
47,Private,147140,HS-grad,9,Married-civ-spouse,Craft-repair,Husband,White,Male,0,0,40,United-States,>50K
55,Private,191177,HS-grad,9,Married-civ-spouse,Sales,Husband,White,Male,0,0,40,United-States,<=50K
52,Private,328239,Some-college,10,Never-married,Exec-managerial,Not-in-family,White,Male,0,0,40,United-States,<=50K
21,Private,287372,HS-grad,9,Never-married,Other-service,Own-child,White,Male,0,0,35,United-States,<=50K
22,Private,406978,Bachelors,13,Never-married,Exec-managerial,Other-relative,White,Female,0,0,40,United-States,<=50K
24,Private,281356,1st-4th,2,Never-married,Farming-fishing,Not-in-family,Other,Male,0,0,66,Mexico,<=50K
35,Self-emp-inc,236769,Prof-school,15,Married-civ-spouse,Prof-specialty,Husband,White,Male,0,0,50,United-States,>50K
34,Private,346594,HS-grad,9,Never-married,Handlers-cleaners,Not-in-family,White,Male,0,0,60,United-States,<=50K
60,Local-gov,124771,Bachelors,13,Married-civ-spouse,Prof-specialty,Husband,White,Male,7298,0,40,United-States,>50K
51,Private,245317,Some-college,10,Married-civ-spouse,Adm-clerical,Wife,White,Female,0,0,40,United-States,<=50K
57,Private,29859,Bachelors,13,Married-civ-spouse,Prof-specialty,Husband,White,Male,2907,0,40,United-States,>50K
60,Local-gov,124987,Bachelors,13,Married-civ-spouse,Prof-specialty,Husband,White,Male,7298,0,40,United-States,>50K
60,Self-emp-not-inc,205469,HS-grad,9,Never-married,Exec-managerial,Not-in-family,Black,Male,0,2559,50,United-States,>50K
45,Local-gov,213002,Bachelors,13,Divorced,Prof-specialty,Not-in-family,White,Female,0,0,50,United-States,>50K
41,Private,26669,HS-grad,9,Divorced,Adm-clerical,Unmarried,White,Female,0,0,45,United-States,<=50K
44,Self-emp-not-inc,252046,Masters,14,Married-civ-spouse,Prof-specialty,Husband,White,Male,0,0,54,United-States,<=50K
20,Private,410034,Some-college,10,Never-married,Prof-specialty,Not-in-family,White,Female,0,0,40,United-States,<=50K
74,?,89667,Bachelors,13,Widowed,?,Not-in-family,Other,Female,0,0,35,United-States,<=50K
27,Private,249352,9th,5,Married-civ-spouse,Protective-serv,Husband,White,Male,0,0,40,Guatemala,<=50K
22,Private,219835,Some-college,10,Never-married,Sales,Own-child,White,Female,0,0,25,United-States,<=50K
18,Private,301862,HS-grad,9,Never-married,Other-service,Own-child,White,Female,0,0,20,United-States,<=50K
39,Private,237691,Bachelors,13,Married-civ-spouse,Sales,Husband,White,Male,0,0,30,United-States,>50K
27,State-gov,553473,Bachelors,13,Married-civ-spouse,Protective-serv,Wife,Black,Female,0,0,48,United-States,<=50K
46,Federal-gov,259757,Some-college,10,Married-civ-spouse,Adm-clerical,Husband,White,Male,0,0,80,United-States,>50K
31,Private,265201,HS-grad,9,Never-married,Adm-clerical,Not-in-family,White,Female,0,0,40,Germany,<=50K
27,State-gov,561334,Bachelors,13,Married-civ-spouse,Protective-serv,Wife,Black,Female,0,0,48,United-States,<=50K
28,Private,205469,Bachelors,13,Never-married,Sales,Not-in-family,White,Female,0,0,40,United-States,<=50K
56,Self-emp-inc,303090,Some-college,10,Married-civ-spouse,Sales,Husband,White,Male,0,0,50,United-States,<=50K
36,Local-gov,254202,Prof-school,15,Divorced,Prof-specialty,Unmarried,White,Female,0,0,24,Germany,<=50K
60,Self-emp-not-inc,377017,HS-grad,9,Married-civ-spouse,Craft-repair,Husband,White,Male,0,0,42,United-States,>50K
41,Private,112812,HS-grad,9,Widowed,Sales,Not-in-family,White,Female,0,0,40,United-States,<=50K
47,Private,93557,HS-grad,9,Married-civ-spouse,Farming-fishing,Husband,White,Male,0,0,40,United-States,<=50K
19,Private,221095,Some-college,10,Never-married,Other-service,Own-child,White,Male,0,0,30,United-States,<=50K
33,Self-emp-not-inc,67482,Assoc-voc,11,Divorced,Other-service,Unmarried,White,Female,0,0,99,United-States,<=50K
27,Private,176616,Assoc-voc,11,Never-married,Craft-repair,Not-in-family,White,Male,0,0,40,United-States,<=50K
35,Private,34965,HS-grad,9,Never-married,Handlers-cleaners,Not-in-family,White,Female,0,0,40,United-States,<=50K
44,Private,346762,HS-grad,9,Divorced,Other-service,Unmarried,White,Female,0,0,40,United-States,<=50K
49,Private,176972,Bachelors,13,Married-civ-spouse,Exec-managerial,Husband,White,Male,0,0,50,United-States,>50K
53,Self-emp-inc,233149,Assoc-acdm,12,Married-civ-spouse,Transport-moving,Husband,White,Male,0,0,45,United-States,>50K
22,Private,220603,Bachelors,13,Never-married,Adm-clerical,Own-child,White,Male,0,0,40,United-States,<=50K
25,Self-emp-not-inc,210781,Bachelors,13,Never-married,Prof-specialty,Own-child,White,Male,0,0,30,United-States,<=50K
24,Self-emp-not-inc,172695,Assoc-acdm,12,Never-married,Craft-repair,Own-child,White,Male,0,0,40,United-States,<=50K
29,Private,207875,HS-grad,9,Never-married,Craft-repair,Own-child,White,Male,0,0,50,United-States,<=50K
20,Private,33331,5th-6th,3,Married-civ-spouse,Craft-repair,Husband,White,Male,0,0,40,Mexico,<=50K
28,Private,254500,Bachelors,13,Married-civ-spouse,Prof-specialty,Husband,White,Male,0,0,50,United-States,<=50K
41,Private,332689,HS-grad,9,Married-civ-spouse,Craft-repair,Husband,White,Male,0,0,45,United-States,<=50K
21,Private,176900,Some-college,10,Never-married,Other-service,Own-child,White,Male,0,0,24,United-States,<=50K
27,Private,430151,Bachelors,13,Never-married,Craft-repair,Not-in-family,White,Male,0,0,50,United-States,<=50K
19,?,193898,Some-college,10,Never-married,?,Own-child,White,Male,0,0,40,United-States,<=50K
26,Private,194243,HS-grad,9,Never-married,Adm-clerical,Own-child,White,Female,2354,0,40,United-States,<=50K
25,Local-gov,176486,HS-grad,9,Never-married,Other-service,Own-child,White,Male,0,0,40,United-States,<=50K
18,Private,51415,Some-college,10,Never-married,Other-service,Own-child,White,Male,0,0,8,United-States,<=50K
56,Private,103948,11th,7,Married-civ-spouse,Transport-moving,Husband,White,Male,0,0,40,United-States,<=50K
27,Private,194134,9th,5,Never-married,Other-service,Own-child,White,Male,0,0,50,Mexico,<=50K
21,Private,225724,Some-college,10,Never-married,Adm-clerical,Own-child,White,Female,0,0,20,United-States,<=50K
31,Private,198170,Some-college,10,Married-civ-spouse,Adm-clerical,Wife,White,Female,0,0,40,United-States,<=50K
27,Private,19302,HS-grad,9,Married-civ-spouse,Machine-op-inspct,Husband,White,Male,0,0,40,United-States,<=50K
54,Private,250034,Bachelors,13,Married-civ-spouse,Craft-repair,Husband,Black,Male,0,0,40,United-States,<=50K
29,Private,54595,Some-college,10,Never-married,Adm-clerical,Own-child,Black,Female,0,0,40,United-States,<=50K
31,Private,272069,Assoc-voc,11,Divorced,Transport-moving,Not-in-family,White,Male,0,0,40,United-States,<=50K
23,Private,128487,Bachelors,13,Never-married,Prof-specialty,Not-in-family,White,Female,0,0,20,United-States,<=50K
30,Private,48014,Masters,14,Never-married,Adm-clerical,Not-in-family,White,Female,0,0,40,France,<=50K
71,Self-emp-not-inc,322789,HS-grad,9,Married-civ-spouse,Farming-fishing,Husband,Amer-Indian-Eskimo,Male,0,0,35,United-States,<=50K
30,Private,398019,1st-4th,2,Separated,Priv-house-serv,Other-relative,White,Female,0,0,30,Mexico,<=50K
52,Private,153751,9th,5,Separated,Other-service,Not-in-family,Black,Female,0,0,30,United-States,<=50K
33,Private,149784,HS-grad,9,Married-civ-spouse,Sales,Husband,White,Male,0,0,40,United-States,>50K
28,Private,175710,9th,5,Divorced,Prof-specialty,Not-in-family,Black,Female,0,0,40,United-States,<=50K
45,Local-gov,213620,Bachelors,13,Divorced,Prof-specialty,Not-in-family,White,Female,0,0,50,United-States,>50K
29,Private,227890,HS-grad,9,Never-married,Protective-serv,Other-relative,Black,Male,0,0,40,United-States,<=50K
29,State-gov,118520,HS-grad,9,Married-civ-spouse,Protective-serv,Husband,White,Male,0,0,42,United-States,<=50K
25,Private,130760,Some-college,10,Divorced,Other-service,Not-in-family,White,Male,0,0,30,United-States,<=50K
46,Private,182691,Doctorate,16,Married-civ-spouse,Prof-specialty,Husband,White,Male,0,0,55,United-States,>50K
29,Private,245053,Assoc-voc,11,Married-civ-spouse,Tech-support,Husband,White,Male,0,2051,40,United-States,<=50K
42,Private,385452,Bachelors,13,Married-civ-spouse,Adm-clerical,Husband,White,Male,0,0,40,United-States,>50K
27,Private,168854,Bachelors,13,Married-civ-spouse,Exec-managerial,Husband,White,Male,0,0,40,United-States,<=50K
22,Private,219835,Bachelors,13,Never-married,Adm-clerical,Own-child,White,Male,0,0,40,United-States,<=50K
23,State-gov,278155,Bachelors,13,Never-married,Adm-clerical,Own-child,White,Male,0,0,40,United-States,<=50K
55,Private,410034,9th,5,Divorced,Craft-repair,Unmarried,White,Female,99999,0,37,United-States,>50K
32,Private,167558,Prof-school,15,Married-civ-spouse,Prof-specialty,Wife,Asian-Pac-Islander,Female,15024,0,50,United-States,>50K
22,Local-gov,389850,Some-college,10,Never-married,Prof-specialty,Own-child,White,Female,594,0,25,United-States,<=50K
23,Private,284907,Bachelors,13,Never-married,Sales,Not-in-family,Asian-Pac-Islander,Male,0,0,50,Taiwan,<=50K
39,State-gov,112812,HS-grad,9,Married-civ-spouse,Protective-serv,Other-relative,White,Female,0,0,40,United-States,<=50K
36,Private,249352,Assoc-acdm,12,Never-married,Craft-repair,Not-in-family,White,Male,0,0,40,United-States,<=50K
51,Self-emp-inc,180195,HS-grad,9,Married-civ-spouse,Sales,Husband,White,Male,0,0,50,United-States,<=50K
64,Self-emp-inc,271346,HS-grad,9,Married-civ-spouse,Craft-repair,Husband,White,Male,0,0,40,United-States,>50K
31,Private,103435,Bachelors,13,Married-civ-spouse,Sales,Husband,White,Male,0,0,50,United-States,>50K
41,Private,290441,HS-grad,9,Married-civ-spouse,Craft-repair,Husband,White,Male,0,0,40,United-States,<=50K
41,Private,106159,HS-grad,9,Never-married,Machine-op-inspct,Own-child,White,Male,14084,0,48,United-States,>50K
23,Private,119793,Assoc-acdm,12,Never-married,Adm-clerical,Own-child,White,Male,0,0,40,United-States,<=50K
52,Self-emp-inc,88781,Masters,14,Married-civ-spouse,Exec-managerial,Husband,White,Male,15024,0,60,United-States,>50K
33,Private,158993,Some-college,10,Married-civ-spouse,Adm-clerical,Husband,White,Male,0,0,40,United-States,>50K
41,Private,33394,HS-grad,9,Married-civ-spouse,Craft-repair,Husband,White,Male,0,0,45,United-States,<=50K
