age,workclass,fnlwgt,education,education-num,marital-status,occupation,relationship,race,sex,capital-gain,capital-loss,hours-per-week,native-country,income
49,Private,80220,Some-college,15,Married-civ-spouse,Prof-specialty,Husband,White,Male,0,0,60,United-States,>50K
31,Private,189528,HS-grad,9,Married-civ-spouse,Transport-moving,Husband,White,Male,0,0,50,United-States,<=50K
29,Private,272209,HS-grad,9,Married-civ-spouse,Adm-clerical,Husband,White,Male,0,0,30,Mexico,<=50K
50,Private,96586,Assoc-voc,11,Married-civ-spouse,Other-service,Husband,White,Male,0,0,40,United-States,<=50K
67,Self-emp-inc,116358,Bachelors,13,Widowed,Other-service,Unmarried,White,Female,0,0,35,United-States,<=50K
41,Private,266467,HS-grad,9,Divorced,Adm-clerical,Unmarried,White,Female,0,0,45,United-States,<=50K
56,Private,362067,Masters,14,Married-civ-spouse,Exec-managerial,Husband,White,Male,0,0,60,England,>50K
39,Private,139057,Prof-school,15,Married-civ-spouse,Prof-specialty,Husband,Asian-Pac-Islander,Male,0,0,38,India,<=50K
53,Private,353881,Some-college,10,Married-civ-spouse,Craft-repair,Husband,White,Male,0,0,47,United-States,>50K
35,Private,117381,Bachelors,13,Divorced,Sales,Not-in-family,White,Male,0,0,40,United-States,<=50K
29,Private,355686,HS-grad,9,Married-civ-spouse,Sales,Husband,White,Male,0,0,60,United-States,<=50K
17,Private,74712,11th,7,Never-married,Priv-house-serv,Own-child,White,Male,0,0,20,United-States,<=50K
18,Private,59313,HS-grad,9,Never-married,Priv-house-serv,Other-relative,White,Female,0,0,10,United-States,<=50K
48,Private,85355,HS-grad,9,Married-civ-spouse,Craft-repair,Husband,White,Male,0,0,40,United-States,<=50K
61,?,63526,12th,8,Never-married,?,Not-in-family,Black,Male,0,0,52,United-States,<=50K
22,Private,180195,Some-college,10,Never-married,Sales,Own-child,White,Male,0,0,20,United-States,<=50K
29,Private,182556,Assoc-voc,11,Married-civ-spouse,Machine-op-inspct,Husband,White,Male,0,0,40,United-States,<=50K
21,Private,191243,Some-college,10,Never-married,Other-service,Own-child,White,Male,0,0,40,United-States,<=50K
50,Private,96586,Assoc-voc,11,Married-civ-spouse,Other-service,Husband,White,Male,0,0,40,United-States,<=50K
33,Private,45796,HS-grad,9,Married-civ-spouse,Sales,Husband,White,Male,0,0,40,United-States,>50K
32,State-gov,194980,Masters,14,Never-married,Prof-specialty,Not-in-family,Asian-Pac-Islander,Female,0,0,40,Japan,<=50K
37,Private,221167,HS-grad,9,Never-married,Other-service,Own-child,Amer-Indian-Eskimo,Male,0,0,18,United-States,<=50K
54,Self-emp-not-inc,201413,Bachelors,13,Married-civ-spouse,Sales,Husband,White,Male,0,0,50,United-States,>50K
25,Private,81654,12th,8,Married-civ-spouse,Transport-moving,Husband,White,Male,0,0,40,United-States,<=50K
17,?,256253,10th,6,Never-married,?,Own-child,White,Female,0,0,15,United-States,<=50K
29,Private,228860,Some-college,10,Married-civ-spouse,Exec-managerial,Husband,White,Male,0,1887,50,United-States,>50K
29,State-gov,118457,HS-grad,9,Married-civ-spouse,Protective-serv,Husband,White,Male,0,0,42,United-States,<=50K
42,Private,245873,HS-grad,9,Married-civ-spouse,Sales,Husband,White,Male,0,0,50,United-States,<=50K
42,Private,184198,HS-grad,9,Divorced,Craft-repair,Not-in-family,White,Male,0,0,43,United-States,>50K
63,Local-gov,109849,Bachelors,13,Never-married,Prof-specialty,Not-in-family,Black,Female,0,0,21,United-States,<=50K
34,Private,118605,Assoc-acdm,12,Married-civ-spouse,Prof-specialty,Husband,White,Male,0,0,55,United-States,<=50K
74,Private,180871,Bachelors,13,Widowed,Other-service,Not-in-family,White,Female,0,0,8,United-States,<=50K
26,Private,127202,HS-grad,9,Divorced,Machine-op-inspct,Not-in-family,White,Male,0,0,40,United-States,<=50K
32,Local-gov,118457,Bachelors,13,Never-married,Prof-specialty,Not-in-family,White,Male,0,0,55,United-States,<=50K
48,Private,246367,Some-college,10,Widowed,Adm-clerical,Not-in-family,White,Female,0,0,50,United-States,<=50K
33,Private,149981,HS-grad,9,Married-civ-spouse,Sales,Husband,White,Male,0,0,40,United-States,>50K
31,Private,82906,HS-grad,9,Never-married,Sales,Own-child,White,Male,0,0,40,United-States,<=50K
36,Private,311255,HS-grad,9,Married-civ-spouse,Machine-op-inspct,Husband,Black,Male,0,0,40,Haiti,<=50K
28,Private,31732,Some-college,10,Married-civ-spouse,Sales,Husband,Amer-Indian-Eskimo,Male,0,0,60,United-States,<=50K
34,Private,56424,Some-college,10,Married-civ-spouse,Exec-managerial,Husband,White,Male,0,0,50,United-States,>50K
39,Private,236648,HS-grad,9,Married-civ-spouse,Craft-repair,Husband,White,Male,0,0,40,United-States,<=50K
35,Private,34965,Some-college,10,Married-civ-spouse,Sales,Husband,White,Male,0,0,60,United-States,>50K
29,Private,273569,HS-grad,9,Married-civ-spouse,Adm-clerical,Husband,White,Male,0,0,30,Mexico,<=50K
21,Private,73471,Some-college,10,Never-married,Exec-managerial,Own-child,White,Female,0,0,40,United-States,<=50K
43,Local-gov,98130,Bachelors,13,Divorced,Prof-specialty,Own-child,White,Female,0,0,39,United-States,<=50K
55,Local-gov,258121,Prof-school,15,Married-civ-spouse,Prof-specialty,Husband,White,Male,0,1902,40,United-States,>50K
32,State-gov,159589,Assoc-acdm,12,Married-civ-spouse,Craft-repair,Husband,White,Male,0,0,40,United-States,<=50K
19,Private,322658,HS-grad,9,Never-married,Sales,Not-in-family,Asian-Pac-Islander,Male,0,0,30,United-States,<=50K
45,Private,184198,Assoc-acdm,12,Divorced,Craft-repair,Not-in-family,White,Male,0,0,40,United-States,<=50K
51,Private,306538,Assoc-voc,11,Married-civ-spouse,Craft-repair,Husband,White,Male,0,0,40,Canada,>50K
42,Private,386136,Bachelors,13,Married-civ-spouse,Adm-clerical,Husband,White,Male,0,0,40,United-States,>50K
59,Private,194290,HS-grad,9,Married-civ-spouse,Farming-fishing,Husband,White,Male,0,0,48,United-States,<=50K
34,State-gov,239284,HS-grad,9,Divorced,Transport-moving,Unmarried,White,Female,0,0,40,United-States,<=50K
23,Private,171351,HS-grad,9,Never-married,Sales,Unmarried,White,Female,0,0,48,United-States,<=50K
31,Private,250238,Prof-school,15,Married-civ-spouse,Prof-specialty,Husband,White,Male,0,0,50,United-States,>50K
67,Private,212370,HS-grad,9,Married-civ-spouse,Other-service,Husband,White,Male,0,0,10,United-States,<=50K
29,Private,183111,Assoc-voc,11,Married-civ-spouse,Machine-op-inspct,Husband,White,Male,0,0,40,United-States,<=50K
55,?,229335,Assoc-acdm,12,Married-spouse-absent,?,Not-in-family,White,Female,0,0,5,United-States,<=50K
54,Self-emp-not-inc,36327,7th-8th,4,Married-civ-spouse,Machine-op-inspct,Husband,White,Male,0,0,50,United-States,<=50K
51,Private,245317,Some-college,10,Married-civ-spouse,Adm-clerical,Wife,White,Female,0,0,40,United-States,<=50K
37,Private,199251,Some-college,10,Married-civ-spouse,Other-service,Wife,White,Female,0,0,40,United-States,<=50K
21,Private,63526,Some-college,10,Never-married,Craft-repair,Not-in-family,White,Male,0,0,70,United-States,<=50K
28,Local-gov,168539,Masters,14,Married-civ-spouse,Prof-specialty,Wife,White,Female,7688,0,35,United-States,>50K
39,Private,138192,Bachelors,13,Married-civ-spouse,Craft-repair,Husband,White,Male,0,0,40,United-States,>50K
27,Private,167558,HS-grad,9,Never-married,Exec-managerial,Own-child,White,Male,0,0,40,United-States,<=50K
39,Private,271122,HS-grad,9,Married-civ-spouse,Farming-fishing,Husband,White,Male,0,0,45,United-States,<=50K
34,Private,122609,11th,7,Married-civ-spouse,Machine-op-inspct,Own-child,White,Female,0,0,40,United-States,<=50K
41,Private,110970,HS-grad,9,Married-civ-spouse,Craft-repair,Husband,White,Male,0,0,60,United-States,>50K
70,?,148959,HS-grad,9,Widowed,?,Not-in-family,White,Female,2964,0,12,United-States,<=50K
54,Self-emp-not-inc,36327,7th-8th,4,Married-civ-spouse,Machine-op-inspct,Husband,White,Male,0,0,50,United-States,<=50K
23,Private,231562,Some-college,10,Never-married,Handlers-cleaners,Own-child,Black,Male,0,0,22,United-States,<=50K
44,Private,305673,Assoc-acdm,12,Divorced,Exec-managerial,Not-in-family,White,Female,0,1980,40,United-States,<=50K
22,Private,287190,Bachelors,13,Never-married,Exec-managerial,Own-child,White,Male,0,0,45,United-States,<=50K
45,Self-emp-not-inc,285580,HS-grad,9,Married-civ-spouse,Exec-managerial,Husband,Asian-Pac-Islander,Male,0,0,40,China,<=50K
43,Private,219632,Bachelors,13,Divorced,Sales,Not-in-family,White,Female,0,0,50,United-States,<=50K
37,Self-emp-not-inc,58683,HS-grad,9,Divorced,Farming-fishing,Unmarried,White,Male,0,0,56,United-States,<=50K
44,Private,306309,Assoc-acdm,12,Divorced,Exec-managerial,Not-in-family,White,Female,0,1980,40,United-States,<=50K
52,Self-emp-inc,74712,HS-grad,9,Married-civ-spouse,Sales,Husband,Asian-Pac-Islander,Male,0,0,40,United-States,>50K
29,Private,188503,HS-grad,9,Divorced,Farming-fishing,Not-in-family,White,Male,0,0,40,United-States,<=50K
37,Local-gov,520775,HS-grad,9,Never-married,Other-service,Not-in-family,White,Male,0,0,40,United-States,<=50K
40,Private,121874,Assoc-acdm,12,Married-civ-spouse,Sales,Husband,White,Male,7688,0,50,United-States,>50K
22,Private,219233,Bachelors,13,Never-married,Adm-clerical,Own-child,White,Male,0,0,40,United-States,<=50K
51,Private,27804,Some-college,10,Divorced,Priv-house-serv,Unmarried,Amer-Indian-Eskimo,Female,0,0,35,United-States,<=50K
47,Local-gov,220426,Assoc-acdm,12,Separated,Exec-managerial,Not-in-family,White,Male,0,1408,40,United-States,<=50K
22,Private,137578,Some-college,10,Never-married,Craft-repair,Not-in-family,White,Male,0,0,40,United-States,<=50K
25,Private,371987,HS-grad,9,Divorced,Adm-clerical,Not-in-family,White,Female,0,0,40,United-States,<=50K
49,Private,177211,Bachelors,13,Married-civ-spouse,Exec-managerial,Husband,White,Male,0,0,50,United-States,>50K
22,?,99543,Some-college,10,Never-married,?,Own-child,White,Male,0,0,20,United-States,<=50K
79,?,142282,Prof-school,15,Married-civ-spouse,?,Husband,White,Male,0,0,10,United-States,<=50K
46,Private,172571,11th,7,Widowed,Other-service,Not-in-family,White,Female,0,0,27,El-Salvador,<=50K
36,Private,279472,Assoc-acdm,12,Never-married,Tech-support,Unmarried,White,Female,0,0,45,United-States,<=50K
69,Self-emp-inc,182378,Bachelors,13,Separated,Exec-managerial,Not-in-family,White,Male,0,0,40,United-States,<=50K
62,?,83439,7th-8th,4,Married-civ-spouse,?,Husband,White,Male,0,0,40,United-States,<=50K
36,Private,191243,HS-grad,9,Divorced,Craft-repair,Not-in-family,White,Male,0,0,75,United-States,<=50K
60,?,131852,5th-6th,3,Married-civ-spouse,?,Husband,White,Male,0,0,30,United-States,>50K
63,Local-gov,109849,Bachelors,13,Never-married,Prof-specialty,Not-in-family,Black,Female,0,0,21,United-States,<=50K
23,Private,51838,12th,8,Never-married,Priv-house-serv,Own-child,White,Male,0,0,30,United-States,<=50K
36,Private,496526,Bachelors,13,Married-civ-spouse,Prof-specialty,Husband,White,Male,0,0,50,United-States,>50K
31,Self-emp-not-inc,113211,HS-grad,9,Divorced,Craft-repair,Not-in-family,White,Male,0,0,60,United-States,<=50K
39,Private,107991,Some-college,10,Married-civ-spouse,Exec-managerial,Husband,White,Male,0,0,45,United-States,>50K
41,Private,125768,Some-college,10,Divorced,Craft-repair,Not-in-family,White,Male,0,0,40,United-States,>50K
38,Private,152744,Bachelors,13,Never-married,Prof-specialty,Not-in-family,White,Male,0,0,41,United-States,>50K
30,Private,48520,Masters,14,Never-married,Adm-clerical,Not-in-family,White,Female,0,0,40,France,<=50K
31,Private,202937,Some-college,10,Divorced,Adm-clerical,Unmarried,Black,Female,0,0,40,United-States,<=50K
53,Local-gov,216636,Doctorate,16,Divorced,Prof-specialty,Not-in-family,White,Female,10566,0,40,United-States,>50K
44,Self-emp-inc,57711,Some-college,10,Married-civ-spouse,Craft-repair,Husband,White,Male,0,0,40,United-States,>50K
47,Private,139391,5th-6th,3,Never-married,Machine-op-inspct,Unmarried,White,Female,0,0,40,Dominican-Republic,<=50K
52,Private,119679,HS-grad,9,Married-civ-spouse,Machine-op-inspct,Husband,White,Male,0,0,40,United-States,<=50K
41,Private,106159,HS-grad,9,Never-married,Machine-op-inspct,Own-child,White,Male,14084,0,48,United-States,>50K
28,Private,306868,12th,8,Never-married,Prof-specialty,Unmarried,White,Female,0,0,40,United-States,<=50K
60,Private,40293,9th,5,Married-civ-spouse,Machine-op-inspct,Husband,White,Male,2228,0,37,United-States,<=50K
65,Private,387468,Assoc-voc,11,Married-civ-spouse,Adm-clerical,Husband,White,Male,0,0,15,United-States,<=50K
22,?,27937,Some-college,10,Never-married,?,Own-child,White,Male,0,0,36,United-States,<=50K
55,Private,206351,HS-grad,9,Married-civ-spouse,Transport-moving,Husband,White,Male,0,0,65,United-States,<=50K
20,Federal-gov,54566,Some-college,10,Never-married,Adm-clerical,Other-relative,White,Female,0,0,40,United-States,<=50K
44,Private,306309,Assoc-acdm,12,Divorced,Exec-managerial,Not-in-family,White,Female,0,1980,40,United-States,<=50K
22,?,279129,Some-college,10,Never-married,?,Own-child,White,Male,0,0,36,United-States,<=50K
51,Private,456430,HS-grad,9,Divorced,Prof-specialty,Not-in-family,White,Male,0,0,40,United-States,<=50K
19,Private,102723,Some-college,10,Never-married,Adm-clerical,Own-child,White,Female,0,0,40,United-States,<=50K
22,Private,147340,Some-college,10,Never-married,Other-service,Not-in-family,White,Male,0,0,15,United-States,<=50K
35,Private,281982,Some-college,10,Married-civ-spouse,Prof-specialty,Husband,White,Male,0,0,40,United-States,>50K
33,Private,180052,HS-grad,9,Married-civ-spouse,Sales,Wife,White,Female,0,0,20,United-States,<=50K
28,Private,236834,9th,5,Never-married,Priv-house-serv,Not-in-family,White,Female,0,0,35,Mexico,<=50K
18,Self-emp-not-inc,132717,HS-grad,9,Never-married,Farming-fishing,Own-child,White,Male,0,0,40,United-States,<=50K
54,Private,144284,Some-college,10,Married-civ-spouse,Sales,Wife,White,Female,0,0,40,United-States,>50K
54,Federal-gov,447346,Some-college,10,Divorced,Adm-clerical,Not-in-family,White,Female,0,0,40,United-States,<=50K
48,Private,213225,Some-college,10,Married-civ-spouse,Craft-repair,Husband,White,Male,0,0,60,United-States,>50K
50,Private,194501,HS-grad,9,Married-civ-spouse,Sales,Husband,White,Male,0,0,60,United-States,>50K
59,Private,168337,HS-grad,9,Married-spouse-absent,Priv-house-serv,Not-in-family,White,Female,0,0,36,Poland,<=50K
34,Private,113530,Bachelors,13,Married-civ-spouse,Exec-managerial,Husband,White,Male,0,0,40,United-States,<=50K
19,Private,102723,Some-college,10,Never-married,Adm-clerical,Own-child,White,Female,0,0,40,United-States,<=50K
25,State-gov,218309,Bachelors,13,Never-married,Protective-serv,Not-in-family,Black,Female,0,0,40,United-States,<=50K
35,Private,142282,Some-college,10,Separated,Other-service,Unmarried,White,Female,0,0,25,United-States,<=50K
31,Private,339029,HS-grad,9,Married-civ-spouse,Craft-repair,Husband,White,Male,0,1848,40,United-States,>50K
52,Local-gov,89705,Masters,14,Married-civ-spouse,Prof-specialty,Husband,White,Male,0,0,40,United-States,>50K
20,Private,104164,HS-grad,9,Never-married,Handlers-cleaners,Own-child,White,Male,0,0,40,United-States,<=50K
30,Private,168539,Assoc-acdm,12,Never-married,Other-service,Other-relative,Asian-Pac-Islander,Male,0,0,40,Vietnam,<=50K
22,Private,94662,Assoc-voc,11,Never-married,Craft-repair,Not-in-family,White,Male,0,0,44,United-States,<=50K
60,Private,194980,HS-grad,9,Separated,Adm-clerical,Unmarried,Black,Female,0,0,20,United-States,<=50K
17,?,170721,10th,6,Never-married,?,Own-child,White,Female,0,0,20,United-States,<=50K
37,Private,199251,Some-college,10,Married-civ-spouse,Other-service,Wife,White,Female,0,0,40,United-States,<=50K
29,Private,56630,Assoc-voc,11,Married-civ-spouse,Adm-clerical,Husband,White,Male,0,0,40,United-States,<=50K
39,Private,240841,Some-college,10,Never-married,Other-service,Not-in-family,White,Female,0,0,25,United-States,<=50K
39,Private,138992,Bachelors,13,Married-civ-spouse,Craft-repair,Husband,White,Male,0,0,40,United-States,>50K
70,?,149102,HS-grad,9,Widowed,?,Not-in-family,White,Female,2964,0,12,United-States,<=50K
33,Private,343231,HS-grad,9,Married-civ-spouse,Craft-repair,Husband,White,Male,0,0,40,United-States,<=50K
31,Private,188888,Masters,14,Married-civ-spouse,Exec-managerial,Wife,White,Female,0,0,40,United-States,>50K
56,Self-emp-inc,21626,12th,8,Married-civ-spouse,Exec-managerial,Husband,White,Male,0,1651,40,United-States,<=50K
30,Private,263970,9th,5,Never-married,Handlers-cleaners,Unmarried,Black,Male,0,0,40,United-States,<=50K
45,Self-emp-inc,84324,Assoc-acdm,12,Married-civ-spouse,Prof-specialty,Husband,White,Male,0,0,50,United-States,>50K
18,?,172571,Some-college,10,Never-married,?,Own-child,Black,Female,0,0,24,United-States,<=50K
44,Private,74680,Some-college,10,Married-civ-spouse,Craft-repair,Husband,White,Male,5178,0,50,United-States,>50K
27,Private,254711,Some-college,10,Divorced,Adm-clerical,Unmarried,Black,Female,0,0,36,United-States,<=50K
57,Private,78707,HS-grad,9,Never-married,Adm-clerical,Own-child,White,Female,0,0,40,United-States,<=50K
23,Private,109952,Some-college,10,Married-civ-spouse,Craft-repair,Husband,White,Male,0,0,60,United-States,<=50K
63,Private,102412,HS-grad,9,Divorced,Sales,Not-in-family,White,Female,0,0,40,United-States,<=50K
43,Private,149102,Bachelors,13,Married-civ-spouse,Adm-clerical,Husband,White,Male,0,0,40,United-States,>50K
26,Private,282701,Some-college,10,Never-married,Sales,Not-in-family,White,Male,0,0,45,United-States,<=50K
24,Private,85041,HS-grad,9,Separated,Other-service,Unmarried,White,Female,0,0,25,United-States,<=50K
54,?,95329,Some-college,10,Divorced,?,Own-child,White,Male,0,0,50,United-States,<=50K
73,Self-emp-not-inc,102510,7th-8th,4,Married-civ-spouse,Farming-fishing,Husband,White,Male,6418,0,99,United-States,>50K
53,State-gov,104501,Doctorate,16,Married-civ-spouse,Prof-specialty,Husband,White,Male,0,0,40,?,>50K
79,?,142581,Prof-school,15,Married-civ-spouse,?,Husband,White,Male,0,0,10,United-States,<=50K
28,Local-gov,168416,Masters,14,Married-civ-spouse,Prof-specialty,Wife,White,Female,7688,0,35,United-States,>50K
71,State-gov,210673,HS-grad,9,Married-civ-spouse,Protective-serv,Husband,White,Male,0,0,28,United-States,<=50K
63,Self-emp-not-inc,403911,HS-grad,9,Married-civ-spouse,Craft-repair,Husband,White,Male,0,0,30,United-States,<=50K
45,Private,82797,Bachelors,13,Married-civ-spouse,Exec-managerial,Husband,White,Male,0,0,45,United-States,>50K
27,Private,168330,HS-grad,9,Never-married,Exec-managerial,Own-child,White,Male,0,0,40,United-States,<=50K
17,Private,95909,11th,7,Never-married,Handlers-cleaners,Own-child,White,Male,0,0,12,United-States,<=50K
24,Private,275369,HS-grad,9,Married-civ-spouse,Machine-op-inspct,Husband,White,Male,0,0,50,United-States,<=50K
26,Self-emp-not-inc,109609,Some-college,10,Separated,Craft-repair,Not-in-family,White,Male,0,0,30,United-States,<=50K
22,State-gov,24395,Some-college,10,Married-civ-spouse,Adm-clerical,Wife,White,Female,0,0,20,United-States,<=50K
42,Private,187158,Masters,14,Married-civ-spouse,Sales,Husband,White,Male,15024,0,50,?,>50K
30,Private,152030,Some-college,10,Married-civ-spouse,Craft-repair,Husband,White,Male,0,0,58,United-States,<=50K
28,Private,132222,HS-grad,9,Never-married,Adm-clerical,Own-child,White,Male,0,0,40,United-States,<=50K
22,Local-gov,393480,Some-college,10,Never-married,Prof-specialty,Own-child,White,Female,594,0,25,United-States,<=50K
46,Private,58343,Bachelors,13,Married-civ-spouse,Exec-managerial,Husband,White,Male,15024,0,55,United-States,>50K
34,Private,118605,Assoc-acdm,12,Married-civ-spouse,Prof-specialty,Husband,White,Male,0,0,55,United-States,<=50K
30,Private,342414,HS-grad,9,Married-civ-spouse,Tech-support,Husband,White,Male,0,0,40,United-States,<=50K
44,Self-emp-inc,219086,HS-grad,9,Married-civ-spouse,Other-service,Husband,Black,Male,0,0,48,United-States,<=50K
29,Private,195904,Prof-school,15,Divorced,Prof-specialty,Own-child,White,Female,2174,0,72,United-States,<=50K
45,Self-emp-not-inc,285575,HS-grad,9,Married-civ-spouse,Exec-managerial,Husband,Asian-Pac-Islander,Male,0,0,40,China,<=50K
18,Private,297188,HS-grad,9,Never-married,Other-service,Own-child,White,Female,0,0,20,United-States,<=50K
40,Private,353219,Some-college,10,Married-civ-spouse,Craft-repair,Husband,Black,Male,0,0,40,United-States,>50K
39,Private,226443,HS-grad,9,Married-civ-spouse,Farming-fishing,Husband,White,Male,0,0,24,United-States,<=50K
50,Private,145033,Prof-school,15,Married-civ-spouse,Prof-specialty,Husband,White,Male,0,2415,60,United-States,>50K
28,Private,251905,Bachelors,13,Married-civ-spouse,Prof-specialty,Husband,White,Male,0,0,50,United-States,<=50K
48,Private,175262,1st-4th,2,Separated,Machine-op-inspct,Other-relative,Black,Male,0,0,48,United-States,<=50K
50,Self-emp-inc,25005,HS-grad,9,Married-civ-spouse,Exec-managerial,Husband,White,Male,0,0,50,United-States,>50K
35,Private,115792,Bachelors,13,Married-civ-spouse,Prof-specialty,Husband,White,Male,0,0,55,United-States,<=50K
50,Local-gov,364946,Some-college,10,Widowed,Adm-clerical,Unmarried,White,Female,0,0,40,United-States,<=50K
26,Self-emp-not-inc,332249,Bachelors,13,Never-married,Sales,Not-in-family,White,Male,0,0,60,United-States,>50K
42,Private,339482,Doctorate,16,Never-married,Prof-specialty,Not-in-family,White,Male,0,0,50,United-States,<=50K
53,Private,194134,11th,7,Widowed,Other-service,Own-child,White,Female,0,0,47,United-States,<=50K
55,Private,204751,HS-grad,9,Married-civ-spouse,Transport-moving,Husband,White,Male,0,0,65,United-States,<=50K
51,Private,61270,HS-grad,9,Married-civ-spouse,Handlers-cleaners,Husband,White,Male,0,0,40,United-States,>50K
54,State-gov,151584,Some-college,10,Married-civ-spouse,Prof-specialty,Husband,White,Male,0,1902,40,United-States,>50K
43,Private,281982,Some-college,10,Divorced,Craft-repair,Unmarried,White,Male,0,0,42,United-States,<=50K
33,Private,85355,HS-grad,9,Separated,Machine-op-inspct,Not-in-family,White,Male,0,0,30,United-States,<=50K
43,Private,263970,11th,7,Never-married,Other-service,Not-in-family,Black,Male,0,0,40,United-States,<=50K
39,Private,103710,HS-grad,9,Never-married,Sales,Unmarried,White,Female,0,0,60,United-States,<=50K
35,Private,340599,HS-grad,9,Divorced,Craft-repair,Unmarried,White,Female,0,0,48,United-States,<=50K
49,Local-gov,186539,Masters,14,Married-civ-spouse,Protective-serv,Husband,White,Male,0,0,40,United-States,>50K
49,Private,273569,HS-grad,9,Married-civ-spouse,Exec-managerial,Husband,White,Male,0,0,72,United-States,<=50K
33,State-gov,355856,Masters,14,Married-civ-spouse,Protective-serv,Husband,Black,Male,0,0,40,United-States,<=50K
70,?,149102,HS-grad,9,Widowed,?,Not-in-family,White,Female,2907,0,12,United-States,<=50K
37,Private,127539,Some-college,10,Never-married,Transport-moving,Unmarried,White,Female,0,0,20,Puerto-Rico,<=50K
32,Private,171637,Some-college,10,Never-married,Adm-clerical,Own-child,White,Female,0,0,40,United-States,<=50K
49,Private,177211,Bachelors,13,Married-civ-spouse,Exec-managerial,Husband,White,Male,0,0,50,United-States,>50K
44,Self-emp-inc,57233,Some-college,10,Married-civ-spouse,Craft-repair,Husband,White,Male,0,0,40,United-States,>50K
40,Federal-gov,77332,Some-college,10,Divorced,Adm-clerical,Not-in-family,White,Female,0,0,50,United-States,<=50K
23,Private,203067,Bachelors,13,Never-married,Prof-specialty,Not-in-family,White,Female,0,0,40,United-States,<=50K
42,Private,66118,Some-college,10,Divorced,Machine-op-inspct,Not-in-family,White,Female,0,0,40,United-States,<=50K
30,State-gov,72257,Some-college,10,Never-married,Protective-serv,Not-in-family,Black,Male,0,0,45,United-States,<=50K
28,Self-emp-not-inc,180928,HS-grad,9,Never-married,Exec-managerial,Own-child,White,Male,0,0,40,United-States,<=50K
30,Private,199307,Bachelors,13,Never-married,Exec-managerial,Not-in-family,Black,Female,0,0,40,United-States,<=50K
24,Private,126540,Bachelors,13,Never-married,Sales,Not-in-family,White,Female,0,0,50,United-States,<=50K
25,State-gov,218124,Bachelors,13,Never-married,Protective-serv,Not-in-family,Black,Female,0,0,40,United-States,<=50K
40,Private,221172,Assoc-acdm,12,Married-civ-spouse,Exec-managerial,Husband,White,Male,0,0,50,United-States,>50K
23,Private,133963,Assoc-voc,11,Never-married,Adm-clerical,Unmarried,White,Female,0,0,40,United-States,<=50K
33,State-gov,358783,Masters,14,Married-civ-spouse,Protective-serv,Husband,Black,Male,0,0,40,United-States,<=50K
57,Local-gov,170066,HS-grad,9,Married-civ-spouse,Transport-moving,Husband,White,Male,0,0,25,United-States,>50K
40,Self-emp-not-inc,210673,Bachelors,13,Married-civ-spouse,Sales,Husband,White,Male,0,0,40,United-States,<=50K
26,Private,192302,Some-college,10,Married-civ-spouse,Exec-managerial,Wife,White,Female,0,0,25,United-States,<=50K
47,Private,104068,HS-grad,9,Divorced,Prof-specialty,Unmarried,Amer-Indian-Eskimo,Female,0,0,40,United-States,<=50K
27,Private,164113,Bachelors,13,Married-civ-spouse,Other-service,Husband,White,Male,0,0,40,United-States,<=50K
35,Private,340260,HS-grad,9,Divorced,Craft-repair,Unmarried,White,Female,0,0,48,United-States,<=50K
38,Private,200352,Bachelors,13,Married-civ-spouse,Exec-managerial,Husband,White,Male,0,0,50,United-States,<=50K
57,Private,48014,HS-grad,9,Married-civ-spouse,Transport-moving,Husband,White,Male,0,0,40,United-States,<=50K
44,Local-gov,67243,Masters,14,Never-married,Prof-specialty,Own-child,White,Female,0,0,55,United-States,<=50K
36,Private,207853,HS-grad,9,Divorced,Craft-repair,Own-child,White,Male,0,0,40,United-States,<=50K
49,Private,177212,Bachelors,13,Married-civ-spouse,Exec-managerial,Husband,White,Male,0,0,50,United-States,>50K
23,Private,154205,Some-college,10,Never-married,Adm-clerical,Other-relative,Asian-Pac-Islander,Female,0,0,40,United-States,<=50K
48,Private,113364,Bachelors,13,Married-civ-spouse,Craft-repair,Husband,White,Male,99999,0,40,United-States,>50K
21,Private,27937,Some-college,10,Never-married,Sales,Not-in-family,White,Female,0,0,55,United-States,<=50K
47,Private,150993,Prof-school,15,Married-civ-spouse,Exec-managerial,Husband,White,Male,7688,0,60,United-States,>50K
56,Self-emp-not-inc,254711,HS-grad,9,Married-civ-spouse,Sales,Husband,White,Male,0,0,20,United-States,<=50K
22,Private,172571,Some-college,10,Never-married,Handlers-cleaners,Not-in-family,White,Male,0,0,40,Poland,<=50K
48,Private,43535,10th,6,Married-civ-spouse,Craft-repair,Husband,White,Male,0,0,65,United-States,>50K
29,Private,404547,10th,6,Separated,Sales,Unmarried,White,Female,0,0,40,United-States,<=50K
18,Self-emp-not-inc,40293,HS-grad,9,Never-married,Farming-fishing,Other-relative,White,Male,0,0,40,United-States,<=50K
45,Private,72618,Assoc-voc,11,Divorced,Exec-managerial,Not-in-family,White,Male,0,0,60,United-States,<=50K
25,State-gov,218184,Bachelors,13,Never-married,Protective-serv,Not-in-family,Black,Female,0,0,40,United-States,<=50K
31,Private,340260,HS-grad,9,Married-civ-spouse,Craft-repair,Husband,White,Male,0,1848,40,United-States,>50K
36,Federal-gov,473748,Some-college,10,Divorced,Exec-managerial,Unmarried,Black,Female,0,0,40,United-States,>50K
65,Without-pay,271122,7th-8th,4,Widowed,Farming-fishing,Unmarried,White,Female,0,0,50,United-States,<=50K
47,Private,277488,Assoc-voc,11,Never-married,Other-service,Not-in-family,White,Female,0,0,55,United-States,<=50K
50,Self-emp-inc,249456,HS-grad,9,Married-civ-spouse,Exec-managerial,Husband,White,Male,0,0,50,United-States,>50K
39,Private,192002,HS-grad,9,Never-married,Machine-op-inspct,Unmarried,White,Male,0,0,48,United-States,<=50K
19,Private,302146,Some-college,10,Never-married,Craft-repair,Own-child,White,Female,0,0,40,United-States,<=50K
66,Private,86010,10th,6,Widowed,Transport-moving,Not-in-family,White,Female,0,0,11,United-States,<=50K
47,Local-gov,128401,Doctorate,16,Never-married,Prof-specialty,Unmarried,White,Female,0,0,40,United-States,<=50K
28,Private,236834,9th,5,Never-married,Priv-house-serv,Not-in-family,White,Female,0,0,35,Mexico,<=50K
28,Private,211440,HS-grad,9,Married-civ-spouse,Machine-op-inspct,Husband,White,Male,2407,0,40,United-States,<=50K
50,Local-gov,282779,HS-grad,9,Married-civ-spouse,Machine-op-inspct,Husband,White,Male,4386,0,48,United-States,>50K
41,Private,130408,HS-grad,9,Divorced,Sales,Unmarried,Black,Female,0,0,38,United-States,<=50K
49,Private,447346,Some-college,10,Separated,Exec-managerial,Unmarried,Black,Female,0,0,60,United-States,<=50K
41,Private,110970,HS-grad,9,Married-civ-spouse,Craft-repair,Husband,White,Male,0,0,60,United-States,>50K
21,Private,295621,Some-college,10,Never-married,Other-service,Not-in-family,White,Female,0,0,25,United-States,<=50K
40,Private,376540,Some-college,10,Married-civ-spouse,Craft-repair,Husband,White,Male,0,0,40,?,<=50K
42,Private,212944,Some-college,10,Married-civ-spouse,Sales,Husband,White,Male,0,0,60,United-States,>50K
47,Private,158924,HS-grad,9,Married-civ-spouse,Tech-support,Wife,White,Female,0,0,40,United-States,<=50K
18,Self-emp-not-inc,40052,HS-grad,9,Never-married,Farming-fishing,Other-relative,White,Male,0,0,40,United-States,<=50K
53,Private,714597,Some-college,10,Married-civ-spouse,Exec-managerial,Husband,White,Male,0,0,55,United-States,<=50K
40,Self-emp-not-inc,183470,Masters,14,Divorced,Prof-specialty,Not-in-family,White,Female,0,2205,45,United-States,<=50K
51,Private,158343,HS-grad,9,Married-civ-spouse,Transport-moving,Husband,White,Male,0,0,84,United-States,>50K
27,Private,147430,Some-college,10,Never-married,Exec-managerial,Own-child,White,Female,0,0,40,United-States,<=50K
39,Private,138192,Bachelors,13,Married-civ-spouse,Craft-repair,Husband,White,Male,0,0,40,United-States,>50K
39,Private,38948,HS-grad,9,Divorced,Exec-managerial,Not-in-family,White,Female,0,0,38,United-States,<=50K
66,Private,165517,11th,7,Married-civ-spouse,Sales,Husband,White,Male,0,0,26,United-States,<=50K
28,Private,25249,Bachelors,13,Married-civ-spouse,Prof-specialty,Husband,White,Male,0,0,50,United-States,<=50K
56,Private,226894,HS-grad,9,Divorced,Adm-clerical,Not-in-family,White,Female,0,0,40,United-States,<=50K
67,Private,100718,HS-grad,9,Married-civ-spouse,Handlers-cleaners,Husband,White,Male,0,0,30,United-States,<=50K
42,Self-emp-not-inc,200496,Prof-school,15,Never-married,Prof-specialty,Not-in-family,White,Male,0,0,38,United-States,<=50K
60,Private,135567,Some-college,10,Married-civ-spouse,Craft-repair,Husband,White,Male,15024,0,48,United-States,>50K
50,Private,146497,HS-grad,9,Widowed,Adm-clerical,Unmarried,White,Female,0,0,35,United-States,<=50K
53,Federal-gov,177484,Some-college,10,Never-married,Prof-specialty,Unmarried,White,Female,0,0,40,United-States,<=50K
24,Private,38948,Bachelors,13,Never-married,Exec-managerial,Not-in-family,Black,Male,0,0,40,United-States,<=50K
22,Private,30424,Some-college,10,Never-married,Priv-house-serv,Own-child,White,Female,0,0,28,United-States,<=50K
40,Private,133963,10th,6,Separated,Transport-moving,Unmarried,White,Female,0,0,70,United-States,<=50K
22,Private,219632,Bachelors,13,Never-married,Adm-clerical,Own-child,White,Male,0,0,40,United-States,<=50K
29,Local-gov,94064,Masters,14,Married-civ-spouse,Prof-specialty,Husband,White,Male,0,0,50,United-States,<=50K
38,Private,200235,Bachelors,13,Married-civ-spouse,Exec-managerial,Husband,White,Male,0,0,50,United-States,<=50K
57,Local-gov,169628,HS-grad,9,Married-civ-spouse,Transport-moving,Husband,White,Male,0,0,25,United-States,>50K
29,Private,196116,Prof-school,15,Divorced,Prof-specialty,Own-child,White,Female,2174,0,72,United-States,<=50K
39,Private,211440,Bachelors,13,Married-civ-spouse,Sales,Husband,White,Male,0,0,50,United-States,>50K
36,State-gov,77146,Masters,14,Never-married,Prof-specialty,Not-in-family,White,Male,0,0,40,United-States,<=50K
62,Self-emp-not-inc,134737,12th,8,Married-civ-spouse,Craft-repair,Husband,White,Male,0,0,40,United-States,>50K
28,Private,29441,HS-grad,9,Married-civ-spouse,Craft-repair,Husband,White,Male,0,1740,30,United-States,<=50K
61,?,63552,12th,8,Never-married,?,Not-in-family,Black,Male,0,0,52,United-States,<=50K
22,Private,171748,Some-college,10,Never-married,Handlers-cleaners,Not-in-family,White,Male,0,0,40,Poland,<=50K
75,Self-emp-not-inc,106873,11th,7,Widowed,Sales,Not-in-family,White,Male,0,0,40,United-States,<=50K
28,Private,337064,Bachelors,13,Never-married,Sales,Not-in-family,White,Male,0,0,45,United-States,<=50K
57,Private,142282,Masters,14,Married-civ-spouse,Exec-managerial,Husband,Black,Male,0,1977,40,United-States,>50K
35,State-gov,28738,Bachelors,13,Never-married,Adm-clerical,Not-in-family,White,Female,4101,0,40,United-States,<=50K
51,Private,91506,HS-grad,9,Married-civ-spouse,Transport-moving,Husband,White,Male,7688,0,40,United-States,>50K
36,Private,118909,Assoc-acdm,12,Never-married,Adm-clerical,Unmarried,Black,Female,0,0,40,Jamaica,<=50K
52,Private,257910,Assoc-voc,11,Divorced,Adm-clerical,Not-in-family,White,Female,0,0,40,Germany,<=50K
22,Private,180052,Some-college,10,Never-married,Sales,Own-child,White,Male,0,0,20,United-States,<=50K
50,Self-emp-inc,249644,HS-grad,9,Married-civ-spouse,Exec-managerial,Husband,White,Male,0,0,50,United-States,>50K
27,Private,167405,HS-grad,9,Married-spouse-absent,Farming-fishing,Own-child,White,Female,0,0,40,Mexico,<=50K
18,Self-emp-not-inc,40052,HS-grad,9,Never-married,Farming-fishing,Other-relative,White,Male,0,0,40,United-States,<=50K
32,Local-gov,118457,Bachelors,13,Never-married,Prof-specialty,Not-in-family,White,Male,0,0,55,United-States,<=50K
41,Private,141186,HS-grad,9,Married-spouse-absent,Adm-clerical,Unmarried,White,Female,0,0,40,United-States,<=50K
44,Local-gov,59924,Bachelors,13,Divorced,Prof-specialty,Own-child,White,Female,0,0,60,United-States,<=50K
48,Private,116825,HS-grad,9,Divorced,Adm-clerical,Unmarried,White,Female,0,0,45,United-States,<=50K
81,?,89391,Prof-school,15,Married-civ-spouse,?,Husband,White,Male,0,0,24,United-States,>50K
58,Private,98630,Masters,14,Married-civ-spouse,Prof-specialty,Husband,White,Male,0,0,40,United-States,>50K
35,State-gov,287988,Bachelors,13,Never-married,Adm-clerical,Not-in-family,White,Female,4101,0,40,United-States,<=50K
55,Private,329530,Some-college,10,Divorced,Sales,Not-in-family,White,Male,0,0,65,United-States,>50K
65,Private,179758,Some-college,10,Married-civ-spouse,Exec-managerial,Wife,White,Female,0,0,40,United-States,<=50K
30,Private,393480,1st-4th,2,Separated,Priv-house-serv,Other-relative,White,Female,0,0,30,Mexico,<=50K
35,Private,108140,HS-grad,9,Divorced,Craft-repair,Not-in-family,White,Male,0,0,40,United-States,<=50K
59,Self-emp-not-inc,114774,Some-college,10,Married-civ-spouse,Craft-repair,Husband,White,Male,0,0,20,United-States,>50K
31,Private,192002,Bachelors,13,Married-civ-spouse,Prof-specialty,Husband,White,Male,0,0,40,United-States,>50K
31,Private,262285,HS-grad,9,Never-married,Adm-clerical,Not-in-family,White,Female,0,0,40,Germany,<=50K
58,Private,98630,Masters,14,Married-civ-spouse,Prof-specialty,Husband,White,Male,0,0,40,United-States,>50K
37,Private,152909,Assoc-voc,11,Married-civ-spouse,Adm-clerical,Husband,White,Male,7688,0,40,United-States,>50K
33,Private,72338,Prof-school,15,Married-civ-spouse,Exec-managerial,Husband,Asian-Pac-Islander,Male,0,0,65,Japan,>50K
37,Self-emp-inc,116554,Masters,14,Divorced,Exec-managerial,Not-in-family,White,Female,0,0,70,United-States,<=50K
34,Private,87218,Masters,14,Married-civ-spouse,Exec-managerial,Husband,White,Male,0,1887,50,United-States,>50K
35,Private,268553,HS-grad,9,Divorced,Other-service,Not-in-family,White,Female,0,0,45,United-States,<=50K
51,Federal-gov,217715,Some-college,10,Divorced,Prof-specialty,Not-in-family,Black,Female,0,0,40,United-States,<=50K
30,Private,199118,Bachelors,13,Never-married,Exec-managerial,Not-in-family,Black,Female,0,0,40,United-States,<=50K
21,Private,280440,Some-college,10,Never-married,Sales,Not-in-family,White,Female,0,0,55,United-States,<=50K
71,State-gov,100063,HS-grad,9,Married-civ-spouse,Craft-repair,Husband,Black,Male,0,0,40,United-States,<=50K
22,Private,259120,HS-grad,9,Never-married,Transport-moving,Own-child,Black,Male,0,0,24,United-States,<=50K
27,Private,260253,Bachelors,13,Never-married,Exec-managerial,Not-in-family,White,Female,0,0,40,United-States,<=50K
35,Private,249644,Bachelors,13,Never-married,Adm-clerical,Own-child,Black,Female,0,0,40,United-States,<=50K
53,Private,99476,HS-grad,9,Divorced,Other-service,Not-in-family,White,Female,0,0,38,United-States,<=50K
53,Local-gov,217530,Doctorate,16,Divorced,Prof-specialty,Not-in-family,White,Female,10520,0,40,United-States,>50K
39,Private,107682,Some-college,10,Married-civ-spouse,Exec-managerial,Husband,White,Male,0,0,45,United-States,>50K
47,Private,208872,Some-college,10,Married-civ-spouse,Craft-repair,Husband,White,Male,0,0,40,United-States,<=50K
51,Private,144236,Bachelors,13,Married-civ-spouse,Prof-specialty,Husband,White,Male,0,0,40,United-States,>50K
36,Private,189528,Some-college,10,Separated,Other-service,Other-relative,Black,Female,0,0,40,United-States,<=50K
20,Private,164922,HS-grad,9,Never-married,Craft-repair,Own-child,White,Male,0,0,40,United-States,<=50K
42,Self-emp-not-inc,200569,Prof-school,15,Never-married,Prof-specialty,Not-in-family,White,Male,0,0,38,United-States,<=50K
54,Private,209962,Some-college,10,Divorced,Adm-clerical,Unmarried,White,Female,0,0,40,United-States,<=50K
21,Private,218184,HS-grad,9,Never-married,Other-service,Own-child,White,Male,0,0,35,United-States,<=50K
31,Local-gov,275369,Some-college,10,Never-married,Protective-serv,Not-in-family,Black,Male,0,0,40,United-States,<=50K
32,Federal-gov,83413,Bachelors,13,Married-civ-spouse,Adm-clerical,Husband,White,Male,0,0,35,United-States,>50K
23,Private,216691,HS-grad,9,Never-married,Transport-moving,Own-child,White,Male,0,0,40,United-States,<=50K
45,Self-emp-not-inc,285580,HS-grad,9,Married-civ-spouse,Exec-managerial,Husband,Asian-Pac-Islander,Male,0,0,40,China,<=50K
37,Private,306538,HS-grad,9,Divorced,Craft-repair,Unmarried,White,Male,0,0,38,United-States,<=50K
48,Local-gov,195949,Some-college,10,Married-civ-spouse,Protective-serv,Husband,White,Male,0,0,42,United-States,>50K
22,?,265201,Some-college,10,Never-married,?,Not-in-family,White,Female,0,0,28,United-States,<=50K
36,Federal-gov,113129,Bachelors,13,Married-civ-spouse,Prof-specialty,Husband,Asian-Pac-Islander,Male,0,0,40,United-States,<=50K
57,Self-emp-not-inc,258490,Bachelors,13,Married-civ-spouse,Exec-managerial,Husband,White,Male,0,0,50,United-States,<=50K
29,Private,353881,HS-grad,9,Married-civ-spouse,Sales,Husband,White,Male,0,0,60,United-States,<=50K
43,Local-gov,98130,Bachelors,13,Divorced,Prof-specialty,Own-child,White,Female,0,0,39,United-States,<=50K
50,Private,85815,Assoc-voc,11,Divorced,Prof-specialty,Not-in-family,Asian-Pac-Islander,Male,0,0,38,United-States,>50K
47,Private,27624,Assoc-voc,11,Never-married,Other-service,Not-in-family,White,Female,0,0,55,United-States,<=50K
27,Private,214881,Bachelors,13,Married-civ-spouse,Prof-specialty,Wife,White,Female,7298,0,45,England,>50K
41,Private,106159,HS-grad,9,Never-married,Machine-op-inspct,Own-child,White,Male,14344,0,48,United-States,>50K
73,Self-emp-not-inc,161510,HS-grad,9,Widowed,Craft-repair,Not-in-family,White,Male,0,0,24,United-States,<=50K
39,Private,107991,Some-college,10,Married-civ-spouse,Exec-managerial,Husband,White,Male,0,0,45,United-States,>50K
60,Self-emp-not-inc,205246,HS-grad,9,Never-married,Exec-managerial,Not-in-family,Black,Male,0,2559,50,United-States,>50K
27,Private,167005,HS-grad,9,Married-spouse-absent,Farming-fishing,Own-child,White,Female,0,0,40,Mexico,<=50K
38,Self-emp-not-inc,187635,Masters,14,Never-married,Prof-specialty,Not-in-family,White,Female,0,0,48,United-States,<=50K
62,Private,244395,Doctorate,16,Married-civ-spouse,Prof-specialty,Husband,White,Male,15024,0,50,United-States,>50K
39,Private,138069,Bachelors,13,Married-civ-spouse,Craft-repair,Husband,White,Male,0,0,40,United-States,>50K
28,Private,269455,HS-grad,9,Never-married,Transport-moving,Unmarried,White,Male,0,0,50,United-States,<=50K
63,Self-emp-not-inc,299347,7th-8th,4,Married-civ-spouse,Farming-fishing,Husband,White,Male,7688,0,60,United-States,>50K
37,Private,188467,Bachelors,13,Never-married,Adm-clerical,Not-in-family,White,Female,0,0,35,United-States,<=50K
31,Self-emp-not-inc,404062,10th,6,Married-civ-spouse,Farming-fishing,Husband,White,Male,0,0,55,Portugal,>50K
41,Private,329530,HS-grad,9,Married-civ-spouse,Machine-op-inspct,Husband,White,Male,0,0,40,United-States,<=50K
55,Local-gov,257910,Prof-school,15,Married-civ-spouse,Prof-specialty,Husband,White,Male,0,1902,40,United-States,>50K
58,Private,320984,Some-college,10,Married-civ-spouse,Sales,Husband,White,Male,0,0,45,United-States,>50K
32,Private,106541,5th-6th,3,Married-civ-spouse,Other-service,Other-relative,White,Male,0,0,40,United-States,<=50K
18,Self-emp-not-inc,40052,HS-grad,9,Never-married,Farming-fishing,Other-relative,White,Male,0,0,40,United-States,<=50K
28,Local-gov,168337,Masters,14,Married-civ-spouse,Prof-specialty,Wife,White,Female,7688,0,35,United-States,>50K
22,State-gov,138705,Bachelors,13,Never-married,Prof-specialty,Not-in-family,White,Male,0,0,15,United-States,<=50K
31,Private,263970,HS-grad,9,Never-married,Adm-clerical,Not-in-family,White,Female,0,0,40,Germany,<=50K
18,Self-emp-not-inc,132717,HS-grad,9,Never-married,Farming-fishing,Own-child,White,Male,0,0,40,United-States,<=50K
20,Private,333701,5th-6th,3,Married-civ-spouse,Craft-repair,Husband,White,Male,0,0,40,Mexico,<=50K
27,Private,168330,HS-grad,9,Never-married,Exec-managerial,Own-child,White,Male,0,0,40,United-States,<=50K
18,Self-emp-inc,37778,12th,8,Never-married,Farming-fishing,Own-child,White,Male,0,0,10,United-States,<=50K
30,Private,47771,Masters,14,Never-married,Adm-clerical,Not-in-family,White,Female,0,0,40,France,<=50K
44,Private,450141,HS-grad,9,Married-civ-spouse,Farming-fishing,Husband,White,Male,0,0,70,United-States,<=50K
22,Private,185397,Bachelors,13,Never-married,Exec-managerial,Own-child,White,Female,0,0,40,United-States,<=50K
46,Private,57929,HS-grad,9,Divorced,Other-service,Not-in-family,White,Male,0,0,25,United-States,<=50K
50,Private,145175,Prof-school,15,Married-civ-spouse,Prof-specialty,Husband,White,Male,0,2415,60,United-States,>50K
31,Private,124420,11th,7,Married-civ-spouse,Craft-repair,Husband,White,Male,0,0,40,United-States,<=50K
30,Private,167534,HS-grad,9,Never-married,Sales,Unmarried,White,Female,0,0,35,Mexico,<=50K
31,Private,344200,Some-college,10,Married-civ-spouse,Sales,Husband,White,Male,0,0,40,United-States,<=50K
20,Private,173704,Some-college,10,Never-married,Sales,Own-child,White,Female,0,0,4,United-States,<=50K
47,Private,188246,HS-grad,9,Married-civ-spouse,Transport-moving,Husband,White,Male,0,0,25,United-States,<=50K
55,Private,177484,11th,7,Married-civ-spouse,Other-service,Husband,Black,Male,0,1672,40,United-States,<=50K
50,Self-emp-not-inc,170617,Assoc-acdm,12,Married-civ-spouse,Protective-serv,Husband,White,Male,0,0,20,United-States,<=50K
49,Local-gov,342709,Masters,14,Never-married,Prof-specialty,Not-in-family,White,Female,0,0,80,United-States,<=50K
71,State-gov,100063,HS-grad,9,Married-civ-spouse,Craft-repair,Husband,Black,Male,0,0,40,United-States,<=50K
58,Private,132704,Bachelors,13,Divorced,Adm-clerical,Not-in-family,White,Male,3325,0,40,United-States,<=50K
41,Private,109539,HS-grad,9,Never-married,Sales,Not-in-family,White,Female,0,0,40,United-States,<=50K
24,State-gov,322658,Bachelors,13,Never-married,Exec-managerial,Not-in-family,White,Female,0,0,40,United-States,<=50K
28,Local-gov,135158,Bachelors,13,Never-married,Adm-clerical,Not-in-family,Black,Female,4101,0,60,United-States,<=50K
54,Local-gov,188467,5th-6th,3,Never-married,Machine-op-inspct,Not-in-family,White,Male,0,2001,35,United-States,<=50K
28,Private,132222,HS-grad,9,Never-married,Adm-clerical,Own-child,White,Male,0,0,40,United-States,<=50K
21,Private,279472,Some-college,10,Never-married,Sales,Not-in-family,White,Female,0,0,55,United-States,<=50K
56,Private,39952,HS-grad,9,Widowed,Adm-clerical,Not-in-family,White,Female,0,0,40,United-States,<=50K
25,Private,37088,HS-grad,9,Divorced,Adm-clerical,Not-in-family,White,Female,0,0,40,United-States,<=50K
47,Private,387468,Some-college,10,Married-civ-spouse,Prof-specialty,Husband,White,Male,0,0,40,Scotland,>50K
38,Private,89559,Some-college,10,Separated,Prof-specialty,Unmarried,White,Female,0,0,40,Germany,<=50K
19,Private,139466,Some-college,10,Never-married,Sales,Own-child,White,Female,0,0,25,United-States,<=50K
71,Local-gov,33619,Masters,14,Widowed,Prof-specialty,Not-in-family,White,Female,0,0,40,United-States,<=50K
27,Local-gov,191202,HS-grad,9,Never-married,Other-service,Own-child,White,Male,0,0,45,United-States,<=50K
54,Federal-gov,511517,HS-grad,9,Married-civ-spouse,Prof-specialty,Husband,White,Male,0,0,40,United-States,>50K
27,Private,255621,Some-college,10,Divorced,Adm-clerical,Unmarried,Black,Female,0,0,36,United-States,<=50K
65,?,274200,HS-grad,9,Widowed,?,Unmarried,White,Male,0,0,40,United-States,<=50K
33,Private,51048,HS-grad,9,Married-civ-spouse,Prof-specialty,Husband,White,Male,0,0,40,United-States,<=50K
55,Private,208872,HS-grad,9,Married-civ-spouse,Sales,Husband,White,Male,0,0,35,United-States,<=50K
41,Private,190483,HS-grad,9,Divorced,Priv-house-serv,Not-in-family,White,Female,0,0,40,Guatemala,<=50K
37,Private,94334,7th-8th,4,Never-married,Machine-op-inspct,Own-child,White,Female,0,0,25,United-States,<=50K
59,Private,168337,HS-grad,9,Married-spouse-absent,Priv-house-serv,Not-in-family,White,Female,0,0,36,Poland,<=50K
55,Self-emp-inc,79662,HS-grad,9,Married-civ-spouse,Transport-moving,Husband,White,Male,0,0,60,United-States,<=50K
41,Private,240283,5th-6th,3,Married-civ-spouse,Farming-fishing,Husband,White,Male,0,0,40,Mexico,<=50K
24,Private,206351,Bachelors,13,Never-married,Adm-clerical,Own-child,White,Female,0,0,40,United-States,<=50K
32,Self-emp-not-inc,182556,Masters,14,Never-married,Prof-specialty,Not-in-family,White,Male,0,0,40,United-States,<=50K
35,Local-gov,190772,Bachelors,13,Married-civ-spouse,Craft-repair,Husband,White,Male,0,0,40,United-States,<=50K
33,Private,339163,HS-grad,9,Married-civ-spouse,Craft-repair,Husband,White,Male,0,0,40,United-States,<=50K
36,Private,207973,HS-grad,9,Divorced,Craft-repair,Own-child,White,Male,0,0,40,United-States,<=50K
22,Private,162236,10th,6,Never-married,Sales,Own-child,White,Male,0,0,15,United-States,<=50K
39,State-gov,112812,HS-grad,9,Married-civ-spouse,Protective-serv,Other-relative,White,Female,0,0,40,United-States,<=50K
63,Private,102412,HS-grad,9,Divorced,Sales,Not-in-family,White,Female,0,0,40,United-States,<=50K
62,Private,272209,HS-grad,9,Divorced,Priv-house-serv,Unmarried,Black,Female,0,0,99,United-States,<=50K
61,?,63552,12th,8,Never-married,?,Not-in-family,Black,Male,0,0,52,United-States,<=50K
30,Private,113129,Some-college,10,Never-married,Other-service,Not-in-family,White,Male,0,0,24,United-States,<=50K
30,Private,145139,HS-grad,9,Never-married,Craft-repair,Not-in-family,White,Male,0,0,45,United-States,<=50K
43,State-gov,187635,Some-college,10,Separated,Craft-repair,Not-in-family,White,Male,0,0,37,United-States,<=50K
49,Private,45093,Some-college,10,Separated,Exec-managerial,Unmarried,Black,Female,0,0,60,United-States,<=50K
24,Private,89347,11th,7,Never-married,Machine-op-inspct,Not-in-family,White,Female,0,0,40,United-States,<=50K
57,Private,169853,Bachelors,13,Married-civ-spouse,Protective-serv,Husband,White,Male,0,0,40,United-States,>50K
49,Private,190885,HS-grad,9,Married-civ-spouse,Craft-repair,Husband,White,Male,0,0,40,United-States,>50K
44,Private,305673,Assoc-acdm,12,Divorced,Exec-managerial,Not-in-family,White,Female,0,1980,40,United-States,<=50K
55,Private,204751,HS-grad,9,Married-civ-spouse,Transport-moving,Husband,White,Male,0,0,65,United-States,<=50K
40,Federal-gov,77332,Some-college,10,Divorced,Adm-clerical,Not-in-family,White,Female,0,0,50,United-States,<=50K
45,State-gov,127202,Masters,14,Divorced,Exec-managerial,Not-in-family,White,Male,0,0,45,United-States,<=50K
35,State-gov,28738,Bachelors,13,Never-married,Adm-clerical,Not-in-family,White,Female,4101,0,40,United-States,<=50K
42,Private,245873,HS-grad,9,Married-civ-spouse,Sales,Husband,White,Male,0,0,50,United-States,<=50K
60,Self-emp-not-inc,377121,HS-grad,9,Married-civ-spouse,Craft-repair,Husband,White,Male,0,0,42,United-States,>50K
58,Private,115605,Masters,14,Married-civ-spouse,Prof-specialty,Husband,White,Male,0,0,50,United-States,>50K
21,Private,74680,Some-college,10,Never-married,Exec-managerial,Own-child,White,Female,0,0,40,United-States,<=50K
66,?,182451,7th-8th,4,Married-civ-spouse,?,Husband,White,Male,0,0,30,United-States,<=50K
36,Private,33474,Bachelors,13,Married-civ-spouse,Sales,Husband,White,Male,0,1887,35,United-States,>50K
31,Local-gov,265434,Bachelors,13,Never-married,Protective-serv,Not-in-family,White,Male,4650,0,40,United-States,<=50K
62,Private,202958,Some-college,10,Married-civ-spouse,Machine-op-inspct,Husband,White,Male,0,0,40,United-States,<=50K
72,Self-emp-not-inc,476558,HS-grad,9,Married-civ-spouse,Sales,Husband,White,Male,0,0,30,United-States,<=50K
41,Private,265932,HS-grad,9,Divorced,Adm-clerical,Unmarried,White,Female,0,0,45,United-States,<=50K
47,Self-emp-not-inc,85982,Masters,14,Never-married,Prof-specialty,Not-in-family,Amer-Indian-Eskimo,Female,0,0,60,United-States,<=50K
42,Private,23580,Assoc-acdm,12,Married-civ-spouse,Craft-repair,Husband,White,Male,0,0,50,United-States,>50K
36,Federal-gov,112847,Bachelors,13,Married-civ-spouse,Prof-specialty,Husband,Asian-Pac-Islander,Male,0,0,40,United-States,<=50K
49,Local-gov,185660,Masters,14,Married-civ-spouse,Protective-serv,Husband,White,Male,0,0,40,United-States,>50K
47,Local-gov,219233,Assoc-acdm,12,Separated,Exec-managerial,Not-in-family,White,Male,0,1408,40,United-States,<=50K
52,Federal-gov,22428,Bachelors,13,Married-civ-spouse,Protective-serv,Husband,White,Male,0,0,60,United-States,>50K
51,Private,249332,Bachelors,13,Married-civ-spouse,Exec-managerial,Husband,White,Male,0,0,55,United-States,>50K
34,Local-gov,158242,Bachelors,13,Never-married,Exec-managerial,Not-in-family,White,Female,0,0,43,United-States,<=50K
39,Private,38389,HS-grad,9,Divorced,Exec-managerial,Not-in-family,White,Female,0,0,38,United-States,<=50K
82,?,52498,Some-college,10,Widowed,?,Not-in-family,Amer-Indian-Eskimo,Male,0,0,3,United-States,<=50K
42,Self-emp-not-inc,200681,Prof-school,15,Never-married,Prof-specialty,Not-in-family,White,Male,0,0,38,United-States,<=50K
42,Local-gov,126319,Bachelors,13,Married-civ-spouse,Prof-specialty,Wife,White,Female,0,0,40,United-States,>50K
57,Self-emp-not-inc,257910,Bachelors,13,Married-civ-spouse,Exec-managerial,Husband,White,Male,0,0,50,United-States,<=50K
38,Federal-gov,307404,Some-college,10,Divorced,Adm-clerical,Unmarried,White,Female,0,0,40,United-States,<=50K
27,Private,82242,Bachelors,13,Never-married,Exec-managerial,Other-relative,White,Male,0,0,45,Germany,<=50K
82,?,403911,HS-grad,9,Never-married,?,Not-in-family,White,Male,0,0,3,United-States,<=50K
44,Self-emp-inc,219086,HS-grad,9,Married-civ-spouse,Other-service,Husband,Black,Male,0,0,48,United-States,<=50K
56,Self-emp-inc,216691,12th,8,Married-civ-spouse,Exec-managerial,Husband,White,Male,0,1651,40,United-States,<=50K
68,Self-emp-inc,140782,HS-grad,9,Married-civ-spouse,Sales,Husband,White,Male,0,0,40,United-States,<=50K
36,Federal-gov,473748,Some-college,10,Divorced,Exec-managerial,Unmarried,Black,Female,0,0,40,United-States,>50K
51,Private,91506,HS-grad,9,Married-civ-spouse,Transport-moving,Husband,White,Male,7688,0,40,United-States,>50K
20,Private,47310,Some-college,10,Never-married,Craft-repair,Own-child,White,Male,0,0,40,United-States,<=50K
82,Self-emp-not-inc,181372,HS-grad,9,Divorced,Exec-managerial,Not-in-family,White,Male,0,0,12,United-States,<=50K
50,Private,194740,HS-grad,9,Married-civ-spouse,Sales,Husband,White,Male,0,0,60,United-States,>50K
24,Private,21154,Some-college,10,Never-married,Adm-clerical,Own-child,White,Female,0,0,30,United-States,<=50K
75,Self-emp-not-inc,106961,11th,7,Widowed,Sales,Not-in-family,White,Male,0,0,40,United-States,<=50K
62,?,83439,7th-8th,4,Married-civ-spouse,?,Husband,White,Male,0,0,40,United-States,<=50K
48,Self-emp-inc,215039,Some-college,10,Married-civ-spouse,Exec-managerial,Husband,White,Male,0,0,55,United-States,>50K
41,Private,130793,HS-grad,9,Divorced,Sales,Unmarried,Black,Female,0,0,38,United-States,<=50K
49,Private,274276,HS-grad,9,Married-civ-spouse,Exec-managerial,Husband,White,Male,0,0,72,United-States,<=50K
29,Private,36943,Some-college,10,Married-civ-spouse,Craft-repair,Husband,White,Male,0,0,40,United-States,<=50K
22,Private,259351,HS-grad,9,Never-married,Transport-moving,Own-child,Black,Male,0,0,24,United-States,<=50K
29,Private,180455,HS-grad,9,Married-civ-spouse,Machine-op-inspct,Husband,White,Male,0,0,40,United-States,<=50K
33,Federal-gov,138069,HS-grad,9,Never-married,Other-service,Not-in-family,White,Male,0,0,32,United-States,<=50K
31,Private,119079,Some-college,10,Divorced,Other-service,Own-child,White,Female,0,0,20,United-States,<=50K
28,Private,250630,Bachelors,13,Married-civ-spouse,Prof-specialty,Husband,White,Male,0,0,50,United-States,<=50K
22,Private,94662,Assoc-voc,11,Never-married,Craft-repair,Not-in-family,White,Male,0,0,44,United-States,<=50K
23,State-gov,27624,Bachelors,13,Never-married,Adm-clerical,Own-child,White,Male,0,0,40,United-States,<=50K
42,Self-emp-inc,170617,HS-grad,9,Married-civ-spouse,Exec-managerial,Husband,White,Male,5178,0,50,United-States,>50K
39,Private,59313,12th,8,Married-spouse-absent,Transport-moving,Not-in-family,Black,Male,0,0,45,?,<=50K
33,Private,129707,Bachelors,13,Never-married,Adm-clerical,Not-in-family,White,Male,0,0,60,United-States,>50K
31,Private,339029,HS-grad,9,Married-civ-spouse,Craft-repair,Husband,White,Male,0,1848,40,United-States,>50K
50,Private,96586,Assoc-voc,11,Married-civ-spouse,Other-service,Husband,White,Male,0,0,40,United-States,<=50K
48,Private,47039,HS-grad,9,Widowed,Handlers-cleaners,Other-relative,White,Female,0,0,48,United-States,<=50K
51,Private,120508,10th,6,Never-married,Farming-fishing,Own-child,White,Male,0,0,40,United-States,<=50K
20,State-gov,24367,Some-college,10,Never-married,Prof-specialty,Own-child,White,Female,0,0,20,United-States,<=50K
28,Private,238355,9th,5,Never-married,Priv-house-serv,Not-in-family,White,Female,0,0,35,Mexico,<=50K
49,Private,453067,Some-college,10,Separated,Exec-managerial,Unmarried,Black,Female,0,0,60,United-States,<=50K
65,Private,236648,Bachelors,13,Divorced,Adm-clerical,Not-in-family,White,Female,0,0,40,United-States,<=50K
50,?,87263,HS-grad,9,Married-civ-spouse,?,Husband,White,Male,0,0,55,United-States,>50K
48,Private,439263,10th,6,Married-civ-spouse,Craft-repair,Husband,White,Male,0,0,65,United-States,>50K
49,Private,177211,Bachelors,13,Married-civ-spouse,Exec-managerial,Husband,White,Male,0,0,50,United-States,>50K
30,Private,398067,1st-4th,2,Separated,Priv-house-serv,Other-relative,White,Female,0,0,30,Mexico,<=50K
31,Private,221157,Prof-school,15,Divorced,Tech-support,Not-in-family,White,Female,0,0,35,United-States,<=50K
42,Private,89226,Assoc-voc,11,Married-civ-spouse,Transport-moving,Husband,White,Male,0,0,45,United-States,>50K
33,State-gov,306678,Masters,14,Never-married,Prof-specialty,Not-in-family,White,Male,0,0,50,United-States,<=50K
37,Private,82540,Prof-school,15,Divorced,Prof-specialty,Not-in-family,White,Male,13550,0,36,United-States,>50K
23,Private,43535,HS-grad,9,Divorced,Other-service,Not-in-family,White,Female,0,0,24,United-States,<=50K
43,State-gov,187635,Some-college,10,Separated,Craft-repair,Not-in-family,White,Male,0,0,37,United-States,<=50K
53,Local-gov,216691,Doctorate,16,Divorced,Prof-specialty,Not-in-family,White,Female,10520,0,40,United-States,>50K
51,Private,45599,HS-grad,9,Divorced,Prof-specialty,Not-in-family,White,Male,0,0,40,United-States,<=50K
53,Private,35459,Some-college,10,Married-civ-spouse,Craft-repair,Husband,White,Male,0,0,47,United-States,>50K
21,Private,113163,Some-college,10,Never-married,Adm-clerical,Own-child,White,Male,0,0,50,United-States,<=50K
38,Private,236648,HS-grad,9,Married-civ-spouse,Craft-repair,Husband,White,Male,0,0,45,United-States,>50K
41,Private,43535,Assoc-voc,11,Married-civ-spouse,Sales,Husband,White,Male,4386,0,60,United-States,>50K
27,Self-emp-not-inc,63526,HS-grad,9,Married-civ-spouse,Farming-fishing,Husband,White,Male,0,0,50,United-States,<=50K
20,?,355856,Some-college,10,Never-married,?,Own-child,White,Female,0,0,35,United-States,<=50K
44,Private,167405,HS-grad,9,Married-civ-spouse,Adm-clerical,Husband,White,Male,0,0,48,United-States,>50K
19,Private,38925,11th,7,Never-married,Other-service,Own-child,White,Male,0,0,40,United-States,<=50K
34,Private,113364,Bachelors,13,Married-civ-spouse,Exec-managerial,Husband,White,Male,0,0,40,United-States,<=50K
26,Self-emp-not-inc,109609,Some-college,10,Separated,Craft-repair,Not-in-family,White,Male,0,0,30,United-States,<=50K
61,Private,86872,HS-grad,9,Widowed,Adm-clerical,Not-in-family,White,Female,0,0,40,United-States,<=50K
27,Private,175262,HS-grad,9,Never-married,Adm-clerical,Own-child,White,Female,0,0,40,United-States,<=50K
25,Private,81654,12th,8,Married-civ-spouse,Transport-moving,Husband,White,Male,0,0,40,United-States,<=50K
33,Private,173411,Assoc-voc,11,Married-civ-spouse,Craft-repair,Husband,White,Male,0,0,40,United-States,<=50K
21,Private,27937,Some-college,10,Never-married,Sales,Not-in-family,White,Female,0,0,55,United-States,<=50K
34,Private,87218,Masters,14,Married-civ-spouse,Exec-managerial,Husband,White,Male,0,1887,50,United-States,>50K
40,Private,200471,Bachelors,13,Separated,Sales,Not-in-family,White,Male,0,0,40,United-States,<=50K
29,Federal-gov,244087,Bachelors,13,Married-civ-spouse,Exec-managerial,Husband,White,Male,7688,0,40,United-States,>50K
26,Private,211840,Assoc-voc,11,Separated,Adm-clerical,Unmarried,Black,Female,114,0,40,United-States,<=50K
31,Private,83413,HS-grad,9,Never-married,Sales,Own-child,White,Male,0,0,40,United-States,<=50K
39,Private,50700,HS-grad,9,Married-civ-spouse,Prof-specialty,Husband,White,Male,0,0,40,United-States,<=50K
49,Local-gov,224763,Some-college,10,Divorced,Adm-clerical,Not-in-family,White,Female,0,0,44,United-States,<=50K
55,?,226894,Assoc-acdm,12,Married-spouse-absent,?,Not-in-family,White,Female,0,0,5,United-States,<=50K
41,Private,84817,Assoc-voc,11,Divorced,Prof-specialty,Unmarried,White,Female,3887,0,40,United-States,<=50K
29,Private,188246,HS-grad,9,Divorced,Farming-fishing,Not-in-family,White,Male,0,0,40,United-States,<=50K
21,Private,46814,HS-grad,9,Married-spouse-absent,Adm-clerical,Own-child,White,Female,0,0,40,United-States,<=50K
66,Private,282701,HS-grad,9,Widowed,Sales,Not-in-family,White,Female,0,0,40,United-States,<=50K
49,Private,139268,HS-grad,9,Married-civ-spouse,Craft-repair,Husband,White,Male,7298,0,40,United-States,>50K
19,Private,189194,HS-grad,9,Never-married,Sales,Unmarried,Black,Female,0,0,20,United-States,<=50K
37,Private,38925,HS-grad,9,Married-civ-spouse,Transport-moving,Husband,White,Male,0,0,50,United-States,<=50K
35,?,374716,9th,5,Married-civ-spouse,?,Wife,White,Female,0,0,35,United-States,<=50K
63,Self-emp-not-inc,404547,HS-grad,9,Married-civ-spouse,Craft-repair,Husband,White,Male,0,0,30,United-States,<=50K
47,Private,34845,HS-grad,9,Married-civ-spouse,Transport-moving,Husband,White,Male,0,0,60,United-States,<=50K
35,Local-gov,72338,HS-grad,9,Divorced,Farming-fishing,Own-child,Asian-Pac-Islander,Male,0,0,56,United-States,<=50K
44,Private,321709,HS-grad,9,Separated,Machine-op-inspct,Own-child,Black,Male,0,0,40,United-States,<=50K
20,?,174666,Some-college,10,Never-married,?,Own-child,White,Male,0,0,20,United-States,<=50K
47,Private,146497,Some-college,10,Separated,Adm-clerical,Unmarried,White,Female,0,0,16,Germany,<=50K
31,Private,124318,HS-grad,9,Divorced,Adm-clerical,Unmarried,White,Female,0,0,40,United-States,<=50K
51,Private,145574,Masters,14,Married-civ-spouse,Exec-managerial,Husband,White,Male,99999,0,50,?,>50K
29,Private,182926,Assoc-voc,11,Married-civ-spouse,Machine-op-inspct,Husband,White,Male,0,0,40,United-States,<=50K
57,Private,123084,HS-grad,9,Married-civ-spouse,Adm-clerical,Wife,White,Female,0,0,45,United-States,<=50K
65,Private,386672,Assoc-voc,11,Married-civ-spouse,Adm-clerical,Husband,White,Male,0,0,15,United-States,<=50K
34,Private,97723,Bachelors,13,Married-civ-spouse,Prof-specialty,Husband,White,Male,0,0,40,United-States,>50K
63,Self-emp-not-inc,29859,7th-8th,4,Married-civ-spouse,Farming-fishing,Husband,White,Male,7688,0,60,United-States,>50K
59,Self-emp-not-inc,114760,Some-college,10,Married-civ-spouse,Craft-repair,Husband,White,Male,0,0,20,United-States,>50K
45,Self-emp-not-inc,284021,HS-grad,9,Married-civ-spouse,Exec-managerial,Husband,Asian-Pac-Islander,Male,0,0,40,China,<=50K
31,Private,202822,Some-college,10,Divorced,Adm-clerical,Unmarried,Black,Female,0,0,40,United-States,<=50K
39,Private,211440,Bachelors,13,Married-civ-spouse,Sales,Husband,White,Male,0,0,50,United-States,>50K
27,Private,163333,11th,7,Married-civ-spouse,Machine-op-inspct,Husband,White,Male,0,0,42,United-States,<=50K
44,Private,81853,HS-grad,9,Never-married,Sales,Not-in-family,Asian-Pac-Islander,Female,0,0,40,United-States,<=50K
43,Private,282069,Some-college,10,Divorced,Craft-repair,Unmarried,White,Male,0,0,42,United-States,<=50K
47,Private,147236,HS-grad,9,Married-civ-spouse,Craft-repair,Husband,White,Male,0,0,40,United-States,>50K
36,Private,160724,HS-grad,9,Married-civ-spouse,Machine-op-inspct,Husband,White,Male,0,0,60,United-States,<=50K
35,Private,89508,HS-grad,9,Married-civ-spouse,Transport-moving,Husband,White,Male,0,0,50,United-States,>50K
37,Private,106159,HS-grad,9,Married-civ-spouse,Handlers-cleaners,Husband,White,Male,0,0,40,United-States,<=50K
61,Private,120914,Prof-school,15,Married-civ-spouse,Transport-moving,Husband,White,Male,0,0,5,United-States,>50K
36,Private,52465,Some-college,10,Divorced,Adm-clerical,Unmarried,White,Female,0,0,40,United-States,<=50K
58,Private,78707,HS-grad,9,Married-civ-spouse,Craft-repair,Husband,White,Male,0,0,40,United-States,>50K
56,Private,231348,HS-grad,9,Divorced,Adm-clerical,Not-in-family,White,Female,0,0,40,United-States,<=50K
35,Private,165609,Bachelors,13,Married-civ-spouse,Exec-managerial,Husband,White,Male,0,0,50,United-States,>50K
47,Private,147253,Some-college,10,Separated,Adm-clerical,Unmarried,White,Female,0,0,16,Germany,<=50K
39,Private,50700,HS-grad,9,Married-civ-spouse,Prof-specialty,Husband,White,Male,0,0,40,United-States,<=50K
46,Private,353263,9th,5,Divorced,Other-service,Unmarried,White,Female,0,0,40,United-States,<=50K
44,Self-emp-inc,220230,HS-grad,9,Married-civ-spouse,Other-service,Husband,Black,Male,0,0,48,United-States,<=50K
48,Private,246367,Some-college,10,Widowed,Adm-clerical,Not-in-family,White,Female,0,0,50,United-States,<=50K
30,Self-emp-not-inc,113364,Some-college,10,Never-married,Craft-repair,Own-child,White,Male,0,0,30,United-States,<=50K
62,Private,243986,Doctorate,16,Married-civ-spouse,Prof-specialty,Husband,White,Male,14344,0,50,United-States,>50K
27,Private,164607,Bachelors,13,Married-civ-spouse,Other-service,Husband,White,Male,0,0,40,United-States,<=50K
43,Local-gov,256253,Bachelors,13,Married-civ-spouse,Prof-specialty,Husband,White,Male,0,0,55,United-States,>50K
36,Private,189528,Some-college,10,Separated,Other-service,Other-relative,Black,Female,0,0,40,United-States,<=50K
21,Private,189888,HS-grad,9,Never-married,Handlers-cleaners,Not-in-family,White,Male,3325,0,60,United-States,<=50K
47,Private,147236,HS-grad,9,Married-civ-spouse,Craft-repair,Husband,White,Male,0,0,40,United-States,>50K
31,Private,188682,Masters,14,Married-civ-spouse,Exec-managerial,Wife,White,Female,0,0,40,United-States,>50K
42,Local-gov,126319,Bachelors,13,Married-civ-spouse,Prof-specialty,Wife,White,Female,0,0,40,United-States,>50K
42,Private,119111,HS-grad,9,Married-civ-spouse,Machine-op-inspct,Husband,White,Male,0,1579,42,United-States,<=50K
36,Private,161141,HS-grad,9,Married-civ-spouse,Machine-op-inspct,Husband,White,Male,0,0,40,United-States,<=50K
63,Self-emp-not-inc,29859,7th-8th,4,Married-civ-spouse,Farming-fishing,Husband,White,Male,7688,0,60,United-States,>50K
30,Private,113129,Some-college,10,Never-married,Other-service,Not-in-family,White,Male,0,0,24,United-States,<=50K
39,Private,103710,HS-grad,9,Never-married,Sales,Unmarried,White,Female,0,0,60,United-States,<=50K
24,Private,191202,HS-grad,9,Never-married,Adm-clerical,Own-child,White,Female,0,0,40,United-States,<=50K
26,Self-emp-not-inc,332689,Bachelors,13,Never-married,Sales,Not-in-family,White,Male,0,0,60,United-States,>50K
18,Self-emp-inc,377121,12th,8,Never-married,Farming-fishing,Own-child,White,Male,0,0,10,United-States,<=50K
60,Self-emp-not-inc,88570,Assoc-voc,11,Married-civ-spouse,Transport-moving,Wife,White,Female,0,0,15,Germany,>50K
45,Private,287988,Assoc-acdm,12,Divorced,Adm-clerical,Unmarried,Black,Male,0,0,35,United-States,<=50K
21,Private,191503,Some-college,10,Never-married,Other-service,Own-child,White,Male,0,0,40,United-States,<=50K
27,Private,199251,Some-college,10,Never-married,Adm-clerical,Own-child,White,Female,0,0,40,Mexico,<=50K
40,Private,200235,Bachelors,13,Separated,Sales,Not-in-family,White,Male,0,0,40,United-States,<=50K
62,Private,245053,Doctorate,16,Married-civ-spouse,Prof-specialty,Husband,White,Male,1506,0,50,United-States,>50K
31,Local-gov,240283,Some-college,10,Married-civ-spouse,Protective-serv,Husband,Black,Male,0,1902,50,United-States,>50K
65,?,273569,HS-grad,9,Widowed,?,Unmarried,White,Male,0,0,40,United-States,<=50K
27,Private,115244,HS-grad,9,Separated,Craft-repair,Not-in-family,White,Male,0,0,45,United-States,<=50K
46,Private,456062,Doctorate,16,Married-civ-spouse,Prof-specialty,Husband,White,Male,0,2415,55,United-States,>50K
37,Private,340599,11th,7,Separated,Other-service,Unmarried,Black,Female,0,0,40,United-States,<=50K
35,Private,169853,Some-college,10,Married-civ-spouse,Tech-support,Husband,White,Male,0,0,40,United-States,>50K
30,Private,255004,Assoc-acdm,12,Divorced,Sales,Not-in-family,White,Male,0,0,52,United-States,<=50K
27,Private,199118,Some-college,10,Never-married,Adm-clerical,Own-child,White,Female,0,0,40,Mexico,<=50K
41,Private,144032,HS-grad,9,Married-civ-spouse,Exec-managerial,Husband,White,Male,0,0,60,United-States,<=50K
42,Private,66118,Some-college,10,Divorced,Machine-op-inspct,Not-in-family,White,Female,0,0,40,United-States,<=50K
24,Private,211440,Some-college,10,Never-married,Adm-clerical,Own-child,White,Female,0,0,30,United-States,<=50K
36,Federal-gov,472604,Some-college,10,Divorced,Exec-managerial,Unmarried,Black,Female,0,0,40,United-States,>50K
49,Local-gov,223342,Some-college,10,Divorced,Adm-clerical,Not-in-family,White,Female,0,0,44,United-States,<=50K
18,Private,281982,5th-6th,3,Never-married,Handlers-cleaners,Other-relative,White,Male,0,0,30,Honduras,<=50K
60,Self-emp-not-inc,89884,HS-grad,9,Married-civ-spouse,Sales,Husband,White,Male,0,0,50,United-States,<=50K
41,Private,109539,HS-grad,9,Never-married,Sales,Not-in-family,White,Female,0,0,40,United-States,<=50K
33,Private,52498,10th,6,Never-married,Other-service,Unmarried,White,Male,0,0,40,United-States,<=50K
51,Private,145717,Masters,14,Married-civ-spouse,Exec-managerial,Husband,White,Male,99999,0,50,?,>50K
63,Local-gov,109800,Bachelors,13,Never-married,Prof-specialty,Not-in-family,Black,Female,0,0,21,United-States,<=50K
55,Private,353628,7th-8th,4,Married-civ-spouse,Transport-moving,Husband,White,Male,0,0,50,United-States,<=50K
47,Private,59924,Some-college,10,Divorced,Adm-clerical,Unmarried,White,Female,0,0,42,United-States,<=50K
36,Private,33394,11th,7,Separated,Exec-managerial,Not-in-family,White,Female,0,0,32,United-States,<=50K
64,Private,159589,HS-grad,9,Married-civ-spouse,Transport-moving,Husband,White,Male,10566,0,40,United-States,<=50K
45,Private,184198,Assoc-acdm,12,Divorced,Craft-repair,Not-in-family,White,Male,0,0,40,United-States,<=50K
38,Federal-gov,172571,Some-college,10,Divorced,Adm-clerical,Not-in-family,White,Male,0,0,40,United-States,>50K
23,Self-emp-not-inc,188798,HS-grad,9,Married-civ-spouse,Handlers-cleaners,Own-child,White,Male,0,0,40,United-States,<=50K
36,State-gov,77146,Masters,14,Never-married,Prof-specialty,Not-in-family,White,Male,0,0,40,United-States,<=50K
18,Private,31732,11th,7,Never-married,Other-service,Own-child,White,Male,0,0,23,United-States,<=50K
34,Private,113530,Bachelors,13,Married-civ-spouse,Exec-managerial,Husband,White,Male,0,0,40,United-States,<=50K
34,Self-emp-inc,513977,HS-grad,9,Divorced,Craft-repair,Not-in-family,Black,Male,0,0,50,United-States,<=50K
63,Self-emp-not-inc,79190,1st-4th,2,Widowed,Other-service,Unmarried,White,Female,0,0,30,El-Salvador,<=50K
50,Private,128378,5th-6th,3,Married-civ-spouse,Handlers-cleaners,Husband,White,Male,0,0,55,?,<=50K
63,Self-emp-not-inc,79662,1st-4th,2,Widowed,Other-service,Unmarried,White,Female,0,0,30,El-Salvador,<=50K
34,Private,83800,Some-college,10,Married-civ-spouse,Other-service,Wife,White,Female,0,0,30,United-States,<=50K
38,Private,76317,Assoc-voc,11,Married-civ-spouse,Exec-managerial,Husband,White,Male,0,0,55,United-States,>50K
49,Self-emp-not-inc,148316,HS-grad,9,Divorced,Farming-fishing,Not-in-family,White,Female,0,0,28,United-States,<=50K
28,Self-emp-not-inc,420054,HS-grad,9,Married-civ-spouse,Craft-repair,Husband,White,Male,0,0,40,Italy,<=50K
26,Private,86872,HS-grad,9,Married-civ-spouse,Transport-moving,Husband,White,Male,0,0,40,United-States,>50K
62,?,83413,7th-8th,4,Married-civ-spouse,?,Husband,White,Male,0,0,40,United-States,<=50K
57,Private,48014,HS-grad,9,Married-civ-spouse,Transport-moving,Husband,White,Male,0,0,40,United-States,<=50K
34,Private,118605,Assoc-acdm,12,Married-civ-spouse,Prof-specialty,Husband,White,Male,0,0,55,United-States,<=50K
61,Local-gov,149981,HS-grad,9,Widowed,Adm-clerical,Not-in-family,White,Female,0,0,40,United-States,<=50K
65,Private,164970,HS-grad,9,Married-civ-spouse,Other-service,Husband,White,Male,0,0,32,United-States,<=50K
29,Local-gov,107411,Prof-school,15,Never-married,Prof-specialty,Not-in-family,White,Female,0,0,70,United-States,<=50K
39,Private,171461,HS-grad,9,Married-civ-spouse,Craft-repair,Husband,White,Male,0,0,40,United-States,<=50K
37,Private,221532,HS-grad,9,Never-married,Other-service,Own-child,Amer-Indian-Eskimo,Male,0,0,18,United-States,<=50K
17,Private,184198,11th,7,Never-married,Sales,Own-child,White,Female,0,0,13,United-States,<=50K
18,Private,136162,Some-college,10,Never-married,Adm-clerical,Own-child,White,Male,0,0,40,United-States,<=50K
24,Private,89347,11th,7,Never-married,Machine-op-inspct,Not-in-family,White,Female,0,0,40,United-States,<=50K
22,Private,35459,Some-college,10,Never-married,Adm-clerical,Not-in-family,White,Female,0,0,40,United-States,<=50K
39,Private,149726,Some-college,10,Married-civ-spouse,Craft-repair,Husband,White,Male,0,0,55,United-States,>50K
23,Private,45317,Some-college,10,Separated,Sales,Own-child,White,Female,0,0,40,United-States,<=50K
30,Self-emp-not-inc,113530,Some-college,10,Never-married,Craft-repair,Own-child,White,Male,0,0,30,United-States,<=50K
31,Private,199609,HS-grad,9,Divorced,Adm-clerical,Not-in-family,White,Female,0,0,40,Germany,<=50K
52,Self-emp-inc,74712,HS-grad,9,Married-civ-spouse,Sales,Husband,Asian-Pac-Islander,Male,0,0,40,United-States,>50K
39,Private,51048,HS-grad,9,Married-civ-spouse,Prof-specialty,Husband,White,Male,0,0,40,United-States,<=50K
33,Private,53373,10th,6,Never-married,Other-service,Unmarried,White,Male,0,0,40,United-States,<=50K
54,Private,221172,HS-grad,9,Widowed,Other-service,Unmarried,Asian-Pac-Islander,Female,0,0,40,Philippines,<=50K
32,Private,215990,Some-college,10,Never-married,Craft-repair,Not-in-family,White,Male,4650,0,45,United-States,<=50K
50,Private,85982,Assoc-voc,11,Divorced,Prof-specialty,Not-in-family,Asian-Pac-Islander,Male,0,0,38,United-States,>50K
79,?,142282,Prof-school,15,Married-civ-spouse,?,Husband,White,Male,0,0,10,United-States,<=50K
34,Local-gov,188798,Bachelors,13,Never-married,Prof-specialty,Not-in-family,White,Female,0,0,40,United-States,<=50K
35,Private,99156,Bachelors,13,Never-married,Sales,Not-in-family,White,Male,0,0,50,United-States,<=50K
48,Federal-gov,94342,Bachelors,13,Divorced,Exec-managerial,Not-in-family,White,Male,0,0,45,United-States,<=50K
55,Self-emp-not-inc,78954,HS-grad,9,Married-civ-spouse,Farming-fishing,Husband,Asian-Pac-Islander,Male,0,0,70,United-States,<=50K
34,Private,113364,Bachelors,13,Married-civ-spouse,Exec-managerial,Husband,White,Male,0,0,40,United-States,<=50K
34,Private,141058,Some-college,10,Married-civ-spouse,Other-service,Husband,White,Male,0,0,62,Mexico,<=50K
52,Private,256253,Assoc-voc,11,Divorced,Adm-clerical,Not-in-family,White,Female,0,0,40,Germany,<=50K
63,Private,102412,HS-grad,9,Divorced,Sales,Not-in-family,White,Female,0,0,40,United-States,<=50K
35,Federal-gov,207973,Doctorate,16,Married-civ-spouse,Prof-specialty,Husband,White,Male,0,0,55,Canada,<=50K
41,Private,106679,Masters,14,Never-married,Exec-managerial,Not-in-family,White,Male,27828,0,50,United-States,>50K
18,?,171748,Some-college,10,Never-married,?,Own-child,Black,Female,0,0,24,United-States,<=50K
38,Private,200235,Bachelors,13,Married-civ-spouse,Exec-managerial,Husband,White,Male,0,0,50,United-States,<=50K
22,?,287190,Some-college,10,Never-married,?,Not-in-family,White,Male,0,0,15,United-States,<=50K
49,Private,274276,HS-grad,9,Married-civ-spouse,Exec-managerial,Husband,White,Male,0,0,72,United-States,<=50K
54,Federal-gov,50700,HS-grad,9,Married-civ-spouse,Prof-specialty,Husband,White,Male,0,0,40,United-States,>50K
42,Private,89226,Assoc-voc,11,Married-civ-spouse,Transport-moving,Husband,White,Male,0,0,45,United-States,>50K
37,Private,144236,HS-grad,9,Divorced,Exec-managerial,Unmarried,White,Female,0,0,50,United-States,<=50K
29,Private,243986,11th,7,Never-married,Other-service,Unmarried,Black,Female,0,0,40,United-States,<=50K
62,Private,244087,Doctorate,16,Married-civ-spouse,Prof-specialty,Husband,White,Male,14344,0,50,United-States,>50K
35,Private,142233,Some-college,10,Separated,Other-service,Unmarried,White,Female,0,0,25,United-States,<=50K
28,Local-gov,135568,Bachelors,13,Never-married,Adm-clerical,Not-in-family,Black,Female,4101,0,60,United-States,<=50K
70,Self-emp-inc,241844,9th,5,Divorced,Sales,Not-in-family,White,Male,0,0,45,United-States,<=50K
32,Private,194501,Bachelors,13,Married-civ-spouse,Sales,Husband,White,Male,0,1902,40,United-States,>50K
75,Self-emp-not-inc,106873,11th,7,Widowed,Sales,Not-in-family,White,Male,0,0,40,United-States,<=50K
36,Private,192323,Masters,14,Married-civ-spouse,Prof-specialty,Husband,White,Male,0,1977,60,United-States,>50K
59,State-gov,192258,Doctorate,16,Married-civ-spouse,Prof-specialty,Husband,White,Male,0,0,40,United-States,>50K
40,Private,200496,Bachelors,13,Separated,Sales,Not-in-family,White,Male,0,0,40,United-States,<=50K
51,Private,456062,HS-grad,9,Divorced,Prof-specialty,Not-in-family,White,Male,0,0,40,United-States,<=50K
23,Private,439263,HS-grad,9,Divorced,Other-service,Not-in-family,White,Female,0,0,24,United-States,<=50K
58,Private,31732,Some-college,10,Married-civ-spouse,Sales,Husband,White,Male,0,0,45,United-States,>50K
17,Private,36943,10th,6,Never-married,Sales,Own-child,White,Female,0,0,10,United-States,<=50K
32,Private,198362,Some-college,10,Divorced,Exec-managerial,Not-in-family,White,Female,0,0,38,United-States,<=50K
33,Federal-gov,137814,HS-grad,9,Never-married,Other-service,Not-in-family,White,Male,0,0,32,United-States,<=50K
26,Private,195327,HS-grad,9,Never-married,Sales,Own-child,White,Male,0,0,40,United-States,<=50K
31,Private,168524,Bachelors,13,Never-married,Exec-managerial,Unmarried,White,Female,0,0,50,United-States,<=50K
47,Private,78954,11th,7,Divorced,Sales,Unmarried,White,Female,0,0,28,United-States,<=50K
46,Local-gov,231562,Masters,14,Divorced,Exec-managerial,Not-in-family,White,Male,0,0,50,United-States,>50K
22,Federal-gov,282069,Some-college,10,Never-married,Transport-moving,Own-child,White,Male,0,0,4,United-States,<=50K
55,Private,204751,HS-grad,9,Married-civ-spouse,Transport-moving,Husband,White,Male,0,0,65,United-States,<=50K
28,Private,363405,Masters,14,Never-married,Prof-specialty,Not-in-family,White,Male,0,0,50,United-States,<=50K
42,Private,161251,Bachelors,13,Married-civ-spouse,Sales,Husband,White,Male,7298,0,40,United-States,>50K
23,Private,180280,Assoc-voc,11,Never-married,Adm-clerical,Own-child,White,Female,0,0,40,United-States,<=50K
51,Self-emp-inc,180280,HS-grad,9,Married-civ-spouse,Sales,Husband,White,Male,0,0,50,United-States,<=50K
31,Private,363130,Some-college,10,Married-civ-spouse,Exec-managerial,Husband,Black,Male,0,0,40,United-States,>50K
40,Private,100292,HS-grad,9,Married-civ-spouse,Sales,Husband,White,Male,0,0,52,United-States,>50K
57,Private,78707,HS-grad,9,Never-married,Adm-clerical,Own-child,White,Female,0,0,40,United-States,<=50K
25,State-gov,218184,Bachelors,13,Never-married,Protective-serv,Not-in-family,Black,Female,0,0,40,United-States,<=50K
48,Private,47022,HS-grad,9,Widowed,Handlers-cleaners,Other-relative,White,Female,0,0,48,United-States,<=50K
52,Private,247806,Masters,14,Married-civ-spouse,Exec-managerial,Husband,White,Male,15024,0,50,United-States,>50K
35,Private,170066,Some-college,10,Married-civ-spouse,Tech-support,Husband,White,Male,0,0,40,United-States,>50K
25,Private,371987,HS-grad,9,Divorced,Adm-clerical,Not-in-family,White,Female,0,0,40,United-States,<=50K
39,Private,388023,HS-grad,9,Divorced,Exec-managerial,Not-in-family,White,Female,0,0,38,United-States,<=50K
65,Private,207875,Some-college,10,Married-civ-spouse,Protective-serv,Husband,White,Male,0,0,16,United-States,<=50K
18,Self-emp-not-inc,403910,HS-grad,9,Never-married,Farming-fishing,Other-relative,White,Male,0,0,40,United-States,<=50K
19,Private,96483,HS-grad,9,Never-married,Other-service,Own-child,Asian-Pac-Islander,Female,0,0,40,United-States,<=50K
40,Private,100292,HS-grad,9,Married-civ-spouse,Sales,Husband,White,Male,0,0,52,United-States,>50K
30,Private,147430,HS-grad,9,Married-spouse-absent,Adm-clerical,Not-in-family,White,Female,0,0,40,United-States,<=50K
26,Self-emp-not-inc,331861,Bachelors,13,Never-married,Sales,Not-in-family,White,Male,0,0,60,United-States,>50K
36,Private,496526,Bachelors,13,Married-civ-spouse,Prof-specialty,Husband,White,Male,0,0,50,United-States,>50K
47,Private,386136,Some-college,10,Married-civ-spouse,Prof-specialty,Husband,White,Male,0,0,40,Scotland,>50K
24,Private,89360,11th,7,Never-married,Machine-op-inspct,Not-in-family,White,Female,0,0,40,United-States,<=50K
32,Federal-gov,82906,Bachelors,13,Married-civ-spouse,Adm-clerical,Husband,White,Male,0,0,35,United-States,>50K
37,Self-emp-not-inc,151580,11th,7,Married-civ-spouse,Transport-moving,Husband,White,Male,0,0,45,United-States,<=50K
35,Self-emp-not-inc,89508,Some-college,10,Married-civ-spouse,Exec-managerial,Husband,White,Male,3908,0,60,United-States,<=50K
28,Private,142370,HS-grad,9,Never-married,Machine-op-inspct,Not-in-family,White,Male,0,0,48,United-States,<=50K
35,Private,115605,Bachelors,13,Married-civ-spouse,Prof-specialty,Husband,White,Male,0,0,55,United-States,<=50K
24,Private,126613,Bachelors,13,Never-married,Sales,Not-in-family,White,Female,0,0,50,United-States,<=50K
58,Private,98630,Masters,14,Married-civ-spouse,Prof-specialty,Husband,White,Male,0,0,40,United-States,>50K
37,Local-gov,152307,Some-college,10,Never-married,Craft-repair,Not-in-family,White,Male,0,0,40,United-States,<=50K
20,?,358783,Some-college,10,Never-married,?,Own-child,White,Female,0,0,35,United-States,<=50K
31,Local-gov,240504,Some-college,10,Married-civ-spouse,Protective-serv,Husband,Black,Male,0,1902,50,United-States,>50K
47,Private,140752,5th-6th,3,Never-married,Machine-op-inspct,Unmarried,White,Female,0,0,40,Dominican-Republic,<=50K
25,Private,81654,12th,8,Married-civ-spouse,Transport-moving,Husband,White,Male,0,0,40,United-States,<=50K
33,Private,118681,Bachelors,13,Never-married,Exec-managerial,Not-in-family,White,Female,0,0,40,United-States,<=50K
40,Private,132326,Some-college,10,Married-civ-spouse,Machine-op-inspct,Husband,White,Male,4386,0,50,United-States,>50K
42,Private,89226,Assoc-voc,11,Married-civ-spouse,Transport-moving,Husband,White,Male,0,0,45,United-States,>50K
22,Private,225156,HS-grad,9,Never-married,Adm-clerical,Not-in-family,White,Female,0,0,40,United-States,<=50K
48,Private,464484,HS-grad,9,Widowed,Handlers-cleaners,Other-relative,White,Female,0,0,48,United-States,<=50K
17,Private,27012,12th,8,Never-married,Other-service,Own-child,White,Female,0,0,16,United-States,<=50K
25,Private,130408,Some-college,10,Divorced,Other-service,Not-in-family,White,Male,0,0,30,United-States,<=50K
50,Private,128378,5th-6th,3,Married-civ-spouse,Handlers-cleaners,Husband,White,Male,0,0,55,?,<=50K
34,Private,97723,Bachelors,13,Married-civ-spouse,Prof-specialty,Husband,White,Male,0,0,40,United-States,>50K
22,Private,124454,Some-college,10,Never-married,Sales,Not-in-family,White,Male,0,0,30,United-States,<=50K
51,Local-gov,250630,9th,5,Married-civ-spouse,Other-service,Wife,White,Female,0,0,38,Puerto-Rico,<=50K
19,Private,144236,Some-college,10,Never-married,Adm-clerical,Own-child,White,Male,0,0,18,United-States,<=50K
50,Self-emp-not-inc,279129,Masters,14,Married-civ-spouse,Exec-managerial,Husband,White,Male,0,0,20,United-States,<=50K
51,Private,245873,Some-college,10,Married-civ-spouse,Adm-clerical,Wife,White,Female,0,0,40,United-States,<=50K
59,State-gov,192302,Doctorate,16,Married-civ-spouse,Prof-specialty,Husband,White,Male,0,0,40,United-States,>50K
51,Private,351416,Some-college,10,Divorced,Prof-specialty,Unmarried,White,Female,0,0,40,United-States,<=50K
51,Private,302146,11th,7,Never-married,Other-service,Not-in-family,Black,Female,0,0,40,United-States,<=50K
53,Private,346754,Some-college,10,Married-civ-spouse,Exec-managerial,Wife,White,Female,0,0,40,United-States,>50K
41,Private,329530,HS-grad,9,Married-civ-spouse,Machine-op-inspct,Husband,White,Male,0,0,40,United-States,<=50K
36,Private,161092,HS-grad,9,Married-civ-spouse,Machine-op-inspct,Husband,White,Male,0,0,60,United-States,<=50K
55,Local-gov,258490,Prof-school,15,Married-civ-spouse,Prof-specialty,Husband,White,Male,0,1902,40,United-States,>50K
37,Private,106159,HS-grad,9,Married-civ-spouse,Handlers-cleaners,Husband,White,Male,0,0,40,United-States,<=50K
71,State-gov,210982,HS-grad,9,Married-civ-spouse,Protective-serv,Husband,White,Male,0,0,28,United-States,<=50K
43,Private,282304,Some-college,10,Divorced,Craft-repair,Unmarried,White,Male,0,0,42,United-States,<=50K
41,Private,112812,HS-grad,9,Married-civ-spouse,Craft-repair,Husband,White,Male,0,0,60,United-States,>50K
39,Private,192302,HS-grad,9,Never-married,Machine-op-inspct,Unmarried,White,Male,0,0,48,United-States,<=50K
60,Private,398067,9th,5,Married-civ-spouse,Machine-op-inspct,Husband,White,Male,2228,0,37,United-States,<=50K
39,State-gov,112847,HS-grad,9,Married-civ-spouse,Protective-serv,Other-relative,White,Female,0,0,40,United-States,<=50K
25,Private,258121,Bachelors,13,Never-married,Prof-specialty,Not-in-family,White,Male,0,0,45,United-States,<=50K
39,Private,191503,HS-grad,9,Never-married,Machine-op-inspct,Unmarried,White,Male,0,0,48,United-States,<=50K
34,Private,141570,Some-college,10,Married-civ-spouse,Other-service,Husband,White,Male,0,0,62,Japan,<=50K
22,Private,150080,Some-college,10,Never-married,Adm-clerical,Own-child,White,Female,0,0,20,United-States,<=50K
35,Private,247547,HS-grad,9,Separated,Prof-specialty,Other-relative,Black,Female,0,0,40,United-States,<=50K
63,Self-emp-not-inc,79190,1st-4th,2,Widowed,Other-service,Unmarried,White,Female,0,0,30,El-Salvador,<=50K
22,Private,171637,Some-college,10,Never-married,Handlers-cleaners,Not-in-family,White,Male,0,0,40,Poland,<=50K
48,Self-emp-inc,214994,Some-college,10,Married-civ-spouse,Exec-managerial,Husband,White,Male,0,0,55,United-States,>50K
62,Private,82906,Bachelors,13,Married-civ-spouse,Exec-managerial,Wife,White,Female,4064,0,35,England,<=50K
28,Private,265201,Some-college,10,Never-married,Adm-clerical,Not-in-family,White,Female,0,0,60,United-States,<=50K
52,Private,431513,9th,5,Separated,Other-service,Not-in-family,Black,Male,0,0,40,United-States,<=50K
28,Private,27012,HS-grad,9,Never-married,Transport-moving,Unmarried,White,Male,0,0,50,United-States,<=50K
52,Self-emp-inc,75619,HS-grad,9,Married-civ-spouse,Sales,Husband,Asian-Pac-Islander,Male,0,0,40,United-States,>50K
32,Private,87310,Masters,14,Married-civ-spouse,Sales,Husband,White,Male,0,0,60,United-States,>50K
56,Private,398067,HS-grad,9,Widowed,Adm-clerical,Not-in-family,White,Female,0,0,40,United-States,<=50K
47,Private,107991,HS-grad,9,Divorced,Adm-clerical,Unmarried,White,Female,0,0,48,United-States,<=50K
40,Private,183404,Some-college,10,Separated,Other-service,Unmarried,White,Female,0,0,8,United-States,<=50K
34,Self-emp-not-inc,34965,Some-college,10,Married-civ-spouse,Craft-repair,Husband,White,Male,0,0,40,United-States,<=50K
47,Private,147253,HS-grad,9,Married-civ-spouse,Craft-repair,Husband,White,Male,0,0,40,United-States,>50K
29,Private,272913,HS-grad,9,Married-civ-spouse,Adm-clerical,Husband,White,Male,0,0,30,Mexico,<=50K
35,Private,101073,Some-college,10,Married-civ-spouse,Transport-moving,Husband,White,Male,0,0,45,United-States,>50K
40,Federal-gov,77332,Some-college,10,Divorced,Adm-clerical,Not-in-family,White,Female,0,0,50,United-States,<=50K
51,Private,142764,Doctorate,16,Divorced,Craft-repair,Not-in-family,White,Female,4787,0,60,United-States,>50K
36,Private,50700,Bachelors,13,Married-civ-spouse,Prof-specialty,Husband,White,Male,0,0,50,United-States,>50K
45,Self-emp-not-inc,285575,HS-grad,9,Married-civ-spouse,Exec-managerial,Husband,Asian-Pac-Islander,Male,0,0,40,China,<=50K
41,Local-gov,26669,Some-college,10,Divorced,Exec-managerial,Not-in-family,White,Female,0,0,40,United-States,<=50K
21,Private,182117,Bachelors,13,Never-married,Other-service,Other-relative,White,Male,0,0,20,United-States,<=50K
38,Self-emp-not-inc,322143,Bachelors,13,Married-civ-spouse,Other-service,Husband,White,Male,0,0,10,United-States,<=50K
48,Private,163687,Bachelors,13,Divorced,Exec-managerial,Not-in-family,White,Female,0,0,50,United-States,>50K
26,Private,127539,HS-grad,9,Divorced,Machine-op-inspct,Not-in-family,White,Male,0,0,40,United-States,<=50K
23,Private,377121,Some-college,10,Never-married,Other-service,Unmarried,White,Female,0,0,25,United-States,<=50K
22,Private,163687,10th,6,Never-married,Sales,Own-child,White,Male,0,0,15,United-States,<=50K
41,Self-emp-not-inc,170721,HS-grad,9,Married-civ-spouse,Craft-repair,Husband,White,Male,0,0,50,United-States,>50K
61,Private,120939,Prof-school,15,Married-civ-spouse,Transport-moving,Husband,White,Male,0,0,5,United-States,>50K
38,Private,236391,HS-grad,9,Married-civ-spouse,Craft-repair,Husband,White,Male,0,0,45,United-States,>50K
30,Private,241350,HS-grad,9,Separated,Handlers-cleaners,Own-child,Black,Male,0,0,40,United-States,<=50K
47,Private,168337,HS-grad,9,Married-civ-spouse,Craft-repair,Husband,White,Male,2907,0,40,United-States,<=50K
34,State-gov,240283,HS-grad,9,Divorced,Transport-moving,Unmarried,White,Female,0,0,40,United-States,<=50K
46,Private,155489,Masters,14,Married-civ-spouse,Exec-managerial,Husband,White,Male,0,0,50,United-States,>50K
25,Private,207875,7th-8th,4,Married-civ-spouse,Handlers-cleaners,Husband,White,Male,0,0,40,Mexico,<=50K
46,Private,240841,Some-college,10,Never-married,Exec-managerial,Not-in-family,White,Male,8614,0,50,United-States,>50K
61,Local-gov,150095,HS-grad,9,Widowed,Adm-clerical,Not-in-family,White,Female,0,0,40,United-States,<=50K
36,Private,309778,HS-grad,9,Married-civ-spouse,Machine-op-inspct,Husband,Black,Male,0,0,40,Haiti,<=50K
50,Self-emp-inc,249644,HS-grad,9,Married-civ-spouse,Exec-managerial,Husband,White,Male,0,0,50,United-States,>50K
50,Private,133963,HS-grad,9,Divorced,Adm-clerical,Unmarried,White,Female,0,0,35,United-States,<=50K
18,Private,210574,HS-grad,9,Never-married,Sales,Own-child,White,Female,0,0,20,United-States,<=50K
36,Private,192002,HS-grad,9,Divorced,Craft-repair,Not-in-family,White,Male,0,0,75,United-States,<=50K
57,Private,144012,Bachelors,13,Married-civ-spouse,Exec-managerial,Husband,White,Male,0,0,40,United-States,>50K
22,?,242391,Some-college,10,Never-married,?,Own-child,Asian-Pac-Islander,Male,0,0,40,China,<=50K
25,Private,36877,Assoc-acdm,12,Divorced,Other-service,Not-in-family,White,Female,0,0,32,United-States,<=50K
53,Private,108943,9th,5,Married-civ-spouse,Transport-moving,Husband,White,Male,0,0,40,United-States,<=50K
60,Private,175431,HS-grad,9,Widowed,Machine-op-inspct,Unmarried,White,Female,0,0,40,United-States,<=50K
71,State-gov,209962,HS-grad,9,Married-civ-spouse,Protective-serv,Husband,White,Male,0,0,28,United-States,<=50K
31,Private,122116,HS-grad,9,Separated,Handlers-cleaners,Not-in-family,White,Male,0,0,40,United-States,<=50K
23,Private,195508,Bachelors,13,Married-civ-spouse,Sales,Husband,White,Male,0,0,45,United-States,<=50K
34,Private,405713,Some-college,10,Divorced,Machine-op-inspct,Not-in-family,White,Female,0,0,40,United-States,<=50K
30,Private,212091,Some-college,10,Separated,Sales,Unmarried,Black,Female,0,0,16,United-States,<=50K
36,Private,511517,Bachelors,13,Married-civ-spouse,Prof-specialty,Husband,White,Male,0,0,50,United-States,>50K
38,Federal-gov,339163,Some-college,10,Married-civ-spouse,Adm-clerical,Husband,Asian-Pac-Islander,Male,0,0,40,Philippines,>50K
33,Private,180052,HS-grad,9,Married-civ-spouse,Sales,Wife,White,Female,0,0,20,United-States,<=50K
50,Private,145714,HS-grad,9,Widowed,Adm-clerical,Unmarried,White,Female,0,0,35,United-States,<=50K
19,Private,323054,HS-grad,9,Never-married,Sales,Not-in-family,Asian-Pac-Islander,Male,0,0,30,United-States,<=50K
36,Private,353628,Bachelors,13,Divorced,Adm-clerical,Unmarried,White,Female,0,0,40,United-States,<=50K
50,Private,92079,Some-college,10,Married-civ-spouse,Tech-support,Husband,White,Male,0,0,45,United-States,>50K
47,Local-gov,219632,Assoc-acdm,12,Separated,Exec-managerial,Not-in-family,White,Male,0,1408,40,United-States,<=50K
39,Private,189382,Some-college,10,Never-married,Adm-clerical,Not-in-family,White,Female,0,0,40,United-States,<=50K
21,Private,293176,HS-grad,9,Never-married,Sales,Not-in-family,White,Male,0,0,60,United-States,<=50K
49,Private,272209,HS-grad,9,Married-civ-spouse,Exec-managerial,Husband,White,Male,0,0,72,United-States,<=50K
38,Private,47310,Bachelors,13,Married-civ-spouse,Other-service,Husband,White,Male,0,0,35,Mexico,<=50K
34,State-gov,180859,Bachelors,13,Married-civ-spouse,Adm-clerical,Husband,White,Male,0,0,55,United-States,<=50K
53,Private,99476,HS-grad,9,Divorced,Other-service,Not-in-family,White,Female,0,0,38,United-States,<=50K
22,Private,150175,Some-college,10,Never-married,Adm-clerical,Own-child,White,Female,0,0,20,United-States,<=50K
21,Private,353628,10th,6,Separated,Sales,Unmarried,Black,Female,0,0,38,United-States,<=50K
20,State-gov,24367,Some-college,10,Never-married,Prof-specialty,Own-child,White,Female,0,0,20,United-States,<=50K
60,Federal-gov,65308,Bachelors,13,Married-civ-spouse,Adm-clerical,Husband,Black,Male,0,0,40,United-States,>50K
41,Private,141058,HS-grad,9,Married-spouse-absent,Adm-clerical,Unmarried,White,Female,0,0,40,United-States,<=50K
49,Private,139057,HS-grad,9,Married-civ-spouse,Craft-repair,Husband,White,Male,7298,0,40,United-States,>50K
31,Private,122347,HS-grad,9,Separated,Handlers-cleaners,Not-in-family,White,Male,0,0,40,United-States,<=50K
22,Private,88050,Assoc-acdm,12,Married-civ-spouse,Exec-managerial,Husband,Asian-Pac-Islander,Male,0,0,6,United-States,<=50K
29,Federal-gov,157313,Assoc-voc,11,Never-married,Prof-specialty,Not-in-family,White,Female,0,0,40,United-States,<=50K
35,Private,106873,HS-grad,9,Married-civ-spouse,Sales,Husband,White,Male,0,0,60,United-States,<=50K
45,Private,193920,Assoc-voc,11,Never-married,Other-service,Unmarried,White,Female,0,0,40,Mexico,<=50K
28,Private,250630,Bachelors,13,Married-civ-spouse,Prof-specialty,Husband,White,Male,0,0,50,United-States,<=50K
54,Private,199609,Some-college,10,Divorced,Craft-repair,Unmarried,White,Female,0,0,48,United-States,<=50K
38,Private,269786,Assoc-voc,11,Married-civ-spouse,Transport-moving,Husband,White,Male,0,0,70,United-States,<=50K
31,Private,192939,Assoc-acdm,12,Never-married,Adm-clerical,Not-in-family,White,Male,2202,0,38,United-States,<=50K
21,Private,63526,Some-college,10,Never-married,Craft-repair,Not-in-family,White,Male,0,0,70,United-States,<=50K
35,Private,101073,Some-college,10,Married-civ-spouse,Transport-moving,Husband,White,Male,0,0,45,United-States,>50K
25,Private,373606,Assoc-acdm,12,Divorced,Other-service,Not-in-family,White,Female,0,0,32,United-States,<=50K
79,?,142370,Prof-school,15,Married-civ-spouse,?,Husband,White,Male,0,0,10,United-States,<=50K
23,Private,217530,HS-grad,9,Never-married,Transport-moving,Own-child,White,Male,0,0,40,United-States,<=50K
46,Self-emp-not-inc,24367,10th,6,Married-civ-spouse,Farming-fishing,Husband,White,Male,0,0,99,United-States,>50K
50,Private,72351,Bachelors,13,Divorced,Sales,Not-in-family,White,Male,0,0,45,United-States,<=50K
30,Private,168330,HS-grad,9,Never-married,Sales,Unmarried,White,Female,0,0,35,Mexico,<=50K
37,State-gov,464484,Bachelors,13,Never-married,Prof-specialty,Not-in-family,White,Male,0,0,38,United-States,<=50K
27,Private,82242,Bachelors,13,Never-married,Exec-managerial,Other-relative,White,Male,0,0,45,Germany,<=50K
37,Private,355856,Bachelors,13,Married-civ-spouse,Craft-repair,Husband,Asian-Pac-Islander,Male,0,0,40,Cambodia,>50K
55,Private,147430,Some-college,10,Married-civ-spouse,Craft-repair,Husband,White,Male,5013,0,52,United-States,<=50K
37,Private,82797,Prof-school,15,Divorced,Prof-specialty,Not-in-family,White,Male,14084,0,36,United-States,>50K
42,Private,244087,HS-grad,9,Married-civ-spouse,Sales,Husband,White,Male,0,0,50,United-States,<=50K
20,?,359972,Some-college,10,Never-married,?,Own-child,White,Female,0,0,35,United-States,<=50K
36,Self-emp-not-inc,344200,Assoc-voc,11,Married-civ-spouse,Farming-fishing,Husband,White,Male,3908,0,75,United-States,<=50K
25,Private,164970,HS-grad,9,Never-married,Machine-op-inspct,Own-child,White,Male,4416,0,40,United-States,<=50K
74,Private,180455,Bachelors,13,Widowed,Other-service,Not-in-family,White,Female,0,0,8,United-States,<=50K
46,Private,403911,Assoc-voc,11,Married-civ-spouse,Craft-repair,Husband,Black,Male,0,0,40,United-States,>50K
56,Private,40052,HS-grad,9,Widowed,Adm-clerical,Not-in-family,White,Female,0,0,40,United-States,<=50K
59,Private,168337,HS-grad,9,Married-spouse-absent,Priv-house-serv,Not-in-family,White,Female,0,0,36,Poland,<=50K
19,Private,139466,Some-college,10,Never-married,Sales,Own-child,White,Female,0,0,25,United-States,<=50K
22,State-gov,138069,Bachelors,13,Never-married,Prof-specialty,Not-in-family,White,Male,0,0,15,United-States,<=50K
29,Private,364986,Bachelors,13,Married-civ-spouse,Exec-managerial,Husband,White,Male,0,1628,47,United-States,<=50K
27,Local-gov,33234,HS-grad,9,Never-married,Farming-fishing,Own-child,White,Male,0,0,40,United-States,<=50K
23,Private,376973,Some-college,10,Never-married,Other-service,Unmarried,White,Female,0,0,25,United-States,<=50K
18,Private,212760,HS-grad,9,Married-civ-spouse,Craft-repair,Husband,White,Male,0,0,25,United-States,<=50K
29,Private,309778,Bachelors,13,Never-married,Craft-repair,Not-in-family,White,Male,0,0,40,United-States,<=50K
23,Private,128378,Bachelors,13,Never-married,Prof-specialty,Not-in-family,White,Female,0,0,20,United-States,<=50K
20,?,174714,Some-college,10,Never-married,?,Own-child,White,Male,0,0,20,United-States,<=50K
23,Self-emp-not-inc,188972,HS-grad,9,Married-civ-spouse,Handlers-cleaners,Own-child,White,Male,0,0,40,United-States,<=50K
34,Local-gov,158242,Bachelors,13,Never-married,Exec-managerial,Not-in-family,White,Female,0,0,43,United-States,<=50K
31,Private,61777,10th,6,Never-married,Other-service,Not-in-family,White,Male,0,0,40,United-States,<=50K
50,Self-emp-inc,249644,HS-grad,9,Married-civ-spouse,Exec-managerial,Husband,White,Male,0,0,50,United-States,>50K
19,Private,156410,HS-grad,9,Never-married,Other-service,Own-child,White,Female,0,1628,20,United-States,<=50K
28,Private,337505,Bachelors,13,Never-married,Sales,Not-in-family,White,Male,0,0,45,United-States,<=50K
18,Private,231348,HS-grad,9,Never-married,Sales,Own-child,White,Female,0,0,33,United-States,<=50K
29,State-gov,214994,Bachelors,13,Married-civ-spouse,Prof-specialty,Husband,White,Male,0,0,40,Honduras,>50K
20,State-gov,24395,Some-college,10,Never-married,Prof-specialty,Own-child,White,Female,0,0,20,United-States,<=50K
42,Private,161141,Bachelors,13,Married-civ-spouse,Sales,Husband,White,Male,7298,0,40,United-States,>50K
30,Private,48014,Masters,14,Never-married,Adm-clerical,Not-in-family,White,Female,0,0,40,France,<=50K
34,Private,322143,HS-grad,9,Never-married,Other-service,Not-in-family,White,Female,0,0,28,United-States,<=50K
49,Private,157569,HS-grad,9,Married-civ-spouse,Craft-repair,Husband,White,Male,0,0,40,United-States,<=50K
44,Local-gov,67243,Masters,14,Never-married,Prof-specialty,Own-child,White,Female,0,0,55,United-States,<=50K
27,Private,217715,HS-grad,9,Married-civ-spouse,Machine-op-inspct,Husband,White,Male,0,0,40,Mexico,<=50K
56,Self-emp-not-inc,254500,HS-grad,9,Married-civ-spouse,Sales,Husband,White,Male,0,0,20,United-States,<=50K
47,Self-emp-not-inc,232894,Masters,14,Married-civ-spouse,Prof-specialty,Husband,White,Male,0,0,40,United-States,>50K
56,Self-emp-inc,216842,12th,8,Married-civ-spouse,Exec-managerial,Husband,White,Male,0,1651,40,United-States,<=50K
49,Self-emp-not-inc,148254,HS-grad,9,Divorced,Farming-fishing,Not-in-family,White,Female,0,0,28,United-States,<=50K
48,Local-gov,195949,Some-college,10,Married-civ-spouse,Protective-serv,Husband,White,Male,0,0,42,United-States,>50K
82,Self-emp-not-inc,181372,HS-grad,9,Divorced,Exec-managerial,Not-in-family,White,Male,0,0,12,United-States,<=50K
26,Private,98155,HS-grad,9,Married-AF-spouse,Sales,Husband,White,Male,0,0,55,United-States,<=50K
42,State-gov,102343,Prof-school,15,Married-civ-spouse,Prof-specialty,Husband,Asian-Pac-Islander,Male,0,0,72,India,>50K
44,Private,116358,Bachelors,13,Married-civ-spouse,Sales,Husband,Asian-Pac-Islander,Male,0,0,40,United-States,>50K
40,Private,221336,Assoc-acdm,12,Married-civ-spouse,Exec-managerial,Husband,White,Male,0,0,50,United-States,>50K
33,Private,100154,10th,6,Separated,Handlers-cleaners,Not-in-family,White,Male,0,0,40,United-States,<=50K
26,Self-emp-not-inc,109609,Some-college,10,Separated,Craft-repair,Not-in-family,White,Male,0,0,30,United-States,<=50K
55,Private,209040,HS-grad,9,Married-civ-spouse,Sales,Husband,White,Male,0,0,35,United-States,<=50K
33,Private,172695,Assoc-voc,11,Married-civ-spouse,Craft-repair,Husband,White,Male,0,0,40,United-States,<=50K
56,Private,229223,HS-grad,9,Divorced,Adm-clerical,Not-in-family,White,Female,0,0,40,United-States,<=50K
51,Private,99987,10th,6,Separated,Machine-op-inspct,Unmarried,Black,Female,0,0,40,United-States,<=50K
51,Private,455399,HS-grad,9,Divorced,Prof-specialty,Not-in-family,White,Male,0,0,40,United-States,<=50K
53,Private,346754,Some-college,10,Married-civ-spouse,Exec-managerial,Wife,White,Female,0,0,40,United-States,>50K
22,Private,88050,Assoc-acdm,12,Married-civ-spouse,Exec-managerial,Husband,Asian-Pac-Islander,Male,0,0,6,United-States,<=50K
47,Private,147140,HS-grad,9,Married-civ-spouse,Craft-repair,Husband,White,Male,0,0,40,United-States,>50K
33,Private,121874,HS-grad,9,Married-civ-spouse,Sales,Husband,White,Male,0,0,45,United-States,<=50K
43,State-gov,187635,Some-college,10,Separated,Craft-repair,Not-in-family,White,Male,0,0,37,United-States,<=50K
21,Private,219632,HS-grad,9,Never-married,Other-service,Own-child,White,Male,0,0,35,United-States,<=50K
22,Private,185407,Bachelors,13,Never-married,Exec-managerial,Own-child,White,Female,0,0,40,United-States,<=50K
29,Private,267556,11th,7,Never-married,Craft-repair,Own-child,Black,Male,0,0,40,Haiti,<=50K
29,State-gov,212954,Bachelors,13,Married-civ-spouse,Prof-specialty,Husband,White,Male,0,0,40,Honduras,>50K
37,Private,256253,HS-grad,9,Separated,Craft-repair,Not-in-family,White,Male,0,0,50,United-States,<=50K
48,Private,113163,Bachelors,13,Married-civ-spouse,Craft-repair,Husband,White,Male,99999,0,40,United-States,>50K
51,Private,245317,Some-college,10,Married-civ-spouse,Adm-clerical,Wife,White,Female,0,0,40,United-States,<=50K
62,Private,244395,Doctorate,16,Married-civ-spouse,Prof-specialty,Husband,White,Male,14344,0,50,United-States,>50K
42,Private,167424,HS-grad,9,Married-civ-spouse,Handlers-cleaners,Husband,White,Male,5013,0,35,United-States,<=50K
48,Federal-gov,156618,HS-grad,9,Married-civ-spouse,Adm-clerical,Husband,Black,Male,0,0,50,United-States,>50K
46,Local-gov,232220,Masters,14,Divorced,Exec-managerial,Not-in-family,White,Male,0,0,50,United-States,>50K
31,Private,200235,HS-grad,9,Divorced,Adm-clerical,Not-in-family,White,Female,0,0,40,Germany,<=50K
42,Private,173411,Masters,14,Married-civ-spouse,Prof-specialty,Husband,White,Male,0,0,40,United-States,<=50K
20,Private,413297,Some-college,10,Never-married,Prof-specialty,Not-in-family,White,Female,0,0,40,United-States,<=50K
28,Local-gov,135567,Bachelors,13,Never-married,Adm-clerical,Not-in-family,Black,Female,4101,0,60,United-States,<=50K
31,Private,225605,Bachelors,13,Never-married,Prof-specialty,Not-in-family,White,Male,0,0,40,United-States,<=50K
20,Private,167333,Some-college,10,Never-married,Priv-house-serv,Own-child,White,Female,0,0,40,United-States,<=50K
18,Private,302146,HS-grad,9,Never-married,Other-service,Own-child,White,Female,0,0,20,United-States,<=50K
51,Private,143774,Bachelors,13,Married-civ-spouse,Prof-specialty,Husband,White,Male,0,0,40,United-States,>50K
35,Private,170562,HS-grad,9,Never-married,Machine-op-inspct,Unmarried,Black,Female,0,0,48,United-States,<=50K
50,Private,194897,Some-college,10,Married-civ-spouse,Exec-managerial,Husband,White,Male,0,0,50,United-States,>50K
22,Private,225605,HS-grad,9,Never-married,Adm-clerical,Not-in-family,White,Female,0,0,40,United-States,<=50K
29,Private,246367,11th,7,Never-married,Other-service,Unmarried,Black,Female,0,0,40,United-States,<=50K
45,Private,193920,Assoc-voc,11,Never-married,Other-service,Unmarried,White,Female,0,0,40,Mexico,<=50K
56,Self-emp-inc,303090,Some-college,10,Married-civ-spouse,Sales,Husband,White,Male,0,0,50,United-States,<=50K
35,Private,268893,HS-grad,9,Divorced,Other-service,Not-in-family,White,Female,0,0,45,United-States,<=50K
41,Private,69333,HS-grad,9,Married-civ-spouse,Craft-repair,Husband,White,Male,0,0,45,United-States,>50K
52,State-gov,189888,HS-grad,9,Separated,Other-service,Not-in-family,White,Female,0,0,35,United-States,<=50K
33,Private,51048,HS-grad,9,Married-civ-spouse,Prof-specialty,Husband,White,Male,0,0,40,United-States,<=50K
19,Private,226894,Some-college,10,Never-married,Prof-specialty,Own-child,White,Male,0,0,11,United-States,<=50K
33,Local-gov,120508,Bachelors,13,Divorced,Protective-serv,Unmarried,White,Female,0,0,60,Germany,<=50K
25,Private,256173,Bachelors,13,Never-married,Prof-specialty,Not-in-family,White,Male,0,0,45,United-States,<=50K
36,Private,282069,Assoc-acdm,12,Never-married,Tech-support,Unmarried,White,Female,0,0,45,United-States,<=50K
53,Private,99476,HS-grad,9,Divorced,Other-service,Not-in-family,White,Female,0,0,38,United-States,<=50K
43,Federal-gov,145175,Bachelors,13,Married-civ-spouse,Adm-clerical,Husband,White,Male,0,0,42,United-States,>50K
54,Self-emp-not-inc,200960,Bachelors,13,Married-civ-spouse,Sales,Husband,White,Male,0,0,50,United-States,>50K
22,Private,220993,Bachelors,13,Never-married,Adm-clerical,Own-child,White,Male,0,0,40,United-States,<=50K
23,Self-emp-not-inc,188925,HS-grad,9,Married-civ-spouse,Handlers-cleaners,Own-child,White,Male,0,0,40,United-States,<=50K
69,Self-emp-inc,182556,Bachelors,13,Separated,Exec-managerial,Not-in-family,White,Male,0,0,40,United-States,<=50K
30,Private,145574,HS-grad,9,Never-married,Craft-repair,Not-in-family,White,Male,0,0,45,United-States,<=50K
34,State-gov,180928,Bachelors,13,Married-civ-spouse,Adm-clerical,Husband,White,Male,0,0,55,United-States,<=50K
20,Private,33394,5th-6th,3,Married-civ-spouse,Craft-repair,Husband,White,Male,0,0,40,Mexico,<=50K
39,Private,269455,HS-grad,9,Married-civ-spouse,Farming-fishing,Husband,White,Male,0,0,45,United-States,<=50K
19,Private,230704,Some-college,10,Never-married,Prof-specialty,Own-child,White,Male,0,0,11,United-States,<=50K
22,Private,94662,Assoc-voc,11,Never-married,Craft-repair,Not-in-family,White,Male,0,0,44,United-States,<=50K
18,Private,135568,Some-college,10,Never-married,Adm-clerical,Own-child,White,Male,0,0,40,United-States,<=50K
37,Private,142764,HS-grad,9,Divorced,Exec-managerial,Unmarried,White,Female,0,0,50,United-States,<=50K
27,Private,168138,HS-grad,9,Never-married,Exec-managerial,Own-child,White,Male,0,0,40,United-States,<=50K
30,State-gov,714597,Some-college,10,Never-married,Protective-serv,Not-in-family,Black,Male,0,0,45,United-States,<=50K
65,Self-emp-inc,150080,HS-grad,9,Married-civ-spouse,Transport-moving,Husband,White,Male,0,0,40,United-States,<=50K
40,Private,200352,Bachelors,13,Separated,Sales,Not-in-family,White,Male,0,0,40,United-States,<=50K
47,Private,147140,Some-college,10,Separated,Adm-clerical,Unmarried,White,Female,0,0,16,Germany,<=50K
51,Private,244473,Some-college,10,Married-civ-spouse,Adm-clerical,Wife,White,Female,0,0,40,United-States,<=50K
27,Private,193898,HS-grad,9,Married-civ-spouse,Machine-op-inspct,Husband,White,Male,0,0,40,United-States,<=50K
43,Private,143583,10th,6,Married-civ-spouse,Handlers-cleaners,Husband,Black,Male,0,0,40,United-States,<=50K
20,Federal-gov,55395,Some-college,10,Never-married,Adm-clerical,Other-relative,White,Female,0,0,40,United-States,<=50K
30,Private,255621,Assoc-acdm,12,Divorced,Sales,Not-in-family,White,Male,0,0,52,United-States,<=50K
26,Private,135158,Bachelors,13,Never-married,Tech-support,Own-child,White,Female,0,0,35,United-States,<=50K
34,Local-gov,158242,Bachelors,13,Never-married,Exec-managerial,Not-in-family,White,Female,0,0,43,United-States,<=50K
66,Private,33619,HS-grad,9,Married-civ-spouse,Other-service,Husband,Black,Male,0,0,4,United-States,<=50K
36,Private,334366,11th,7,Separated,Exec-managerial,Not-in-family,White,Female,0,0,32,United-States,<=50K
63,Local-gov,109849,Bachelors,13,Never-married,Prof-specialty,Not-in-family,Black,Female,0,0,21,United-States,<=50K
33,Private,150080,HS-grad,9,Married-civ-spouse,Sales,Husband,White,Male,0,0,40,United-States,>50K
28,Private,175485,9th,5,Divorced,Prof-specialty,Not-in-family,Black,Female,0,0,40,United-States,<=50K
53,Local-gov,216842,Doctorate,16,Divorced,Prof-specialty,Not-in-family,White,Female,10520,0,40,United-States,>50K
25,Private,194897,HS-grad,9,Never-married,Sales,Own-child,Amer-Indian-Eskimo,Male,6849,0,40,United-States,<=50K
31,Private,122347,HS-grad,9,Separated,Handlers-cleaners,Not-in-family,White,Male,0,0,40,United-States,<=50K
48,Private,189277,Some-college,10,Divorced,Handlers-cleaners,Own-child,White,Male,2176,0,40,United-States,<=50K
35,Private,165609,Bachelors,13,Married-civ-spouse,Exec-managerial,Husband,White,Male,0,0,50,United-States,>50K
56,Self-emp-inc,216842,12th,8,Married-civ-spouse,Exec-managerial,Husband,White,Male,0,1651,40,United-States,<=50K
30,Private,87418,Bachelors,13,Married-civ-spouse,Exec-managerial,Husband,White,Male,0,0,45,United-States,>50K
25,Private,135567,9th,5,Married-civ-spouse,Handlers-cleaners,Husband,White,Male,0,0,40,United-States,<=50K
22,Private,285575,Bachelors,13,Never-married,Exec-managerial,Own-child,White,Male,0,0,45,United-States,<=50K
23,State-gov,278155,Bachelors,13,Never-married,Adm-clerical,Own-child,White,Male,0,0,40,United-States,<=50K
53,Local-gov,216691,Doctorate,16,Divorced,Prof-specialty,Not-in-family,White,Female,10520,0,40,United-States,>50K
26,Private,211440,Assoc-voc,11,Separated,Adm-clerical,Unmarried,Black,Female,114,0,40,United-States,<=50K
22,Local-gov,38948,Some-college,10,Never-married,Prof-specialty,Own-child,White,Female,594,0,25,United-States,<=50K
21,Private,214994,11th,7,Never-married,Handlers-cleaners,Own-child,White,Male,0,0,40,United-States,<=50K
47,Private,188330,HS-grad,9,Married-civ-spouse,Transport-moving,Husband,White,Male,0,0,25,United-States,<=50K
35,Private,422933,Bachelors,13,Never-married,Other-service,Not-in-family,White,Male,0,0,37,United-States,<=50K
51,Self-emp-inc,180280,HS-grad,9,Married-civ-spouse,Sales,Husband,White,Male,0,0,50,United-States,<=50K
39,Self-emp-not-inc,306309,HS-grad,9,Married-civ-spouse,Exec-managerial,Husband,White,Male,0,0,40,United-States,>50K
43,Federal-gov,145574,Bachelors,13,Married-civ-spouse,Adm-clerical,Husband,White,Male,0,0,42,United-States,>50K
43,Private,335997,HS-grad,9,Married-civ-spouse,Handlers-cleaners,Husband,Black,Male,0,0,40,United-States,<=50K
41,Private,106159,HS-grad,9,Never-married,Machine-op-inspct,Own-child,White,Male,14084,0,48,United-States,>50K
33,Private,259120,11th,7,Separated,Machine-op-inspct,Other-relative,White,Male,0,0,30,United-States,<=50K
32,Private,54566,Bachelors,13,Married-civ-spouse,Sales,Husband,White,Male,99999,0,50,United-States,>50K
39,Private,149981,Some-college,10,Married-civ-spouse,Craft-repair,Husband,White,Male,0,0,55,United-States,>50K
44,Private,45093,HS-grad,9,Married-civ-spouse,Farming-fishing,Husband,White,Male,0,0,70,United-States,<=50K
