age,workclass,fnlwgt,education,education-num,marital-status,occupation,relationship,race,sex,capital-gain,capital-loss,hours-per-week,native-country,income
33,Private,218124,Bachelors,13,Married-civ-spouse,Sales,Husband,White,Male,0,0,80,Columbia,>50K
35,Private,209109,HS-grad,9,Married-civ-spouse,Transport-moving,Husband,White,Male,0,0,60,United-States,<=50K
27,Local-gov,199307,HS-grad,9,Married-civ-spouse,Adm-clerical,Husband,White,Male,0,0,38,United-States,<=50K
40,Private,69333,Bachelors,13,Married-civ-spouse,Farming-fishing,Husband,White,Male,0,0,40,United-States,<=50K
46,Private,116952,7th-8th,4,Married-civ-spouse,Prof-specialty,Wife,White,Female,0,0,45,United-States,<=50K
39,Private,238255,HS-grad,9,Divorced,Adm-clerical,Unmarried,White,Female,0,0,40,United-States,<=50K
33,Private,219701,Bachelors,13,Married-civ-spouse,Sales,Husband,White,Male,0,0,80,Columbia,>50K
39,Private,139057,Prof-school,15,Married-civ-spouse,Prof-specialty,Husband,Asian-Pac-Islander,Male,0,0,38,India,<=50K
38,Private,324469,Some-college,10,Married-civ-spouse,Exec-managerial,Husband,White,Male,0,0,40,United-States,>50K
33,Self-emp-not-inc,183470,Assoc-acdm,12,Divorced,Sales,Not-in-family,White,Male,0,0,40,United-States,<=50K
30,Private,553473,HS-grad,9,Married-civ-spouse,Sales,Husband,White,Male,0,0,55,United-States,<=50K
17,Private,112763,11th,7,Never-married,Handlers-cleaners,Own-child,White,Male,0,0,12,United-States,<=50K
32,Private,282304,HS-grad,9,Married-AF-spouse,Other-service,Other-relative,White,Female,0,0,10,United-States,<=50K
48,Private,85341,HS-grad,9,Married-civ-spouse,Craft-repair,Husband,White,Male,0,0,40,United-States,<=50K
61,?,64112,12th,8,Never-married,?,Not-in-family,Black,Male,0,0,52,United-States,<=50K
22,Private,200401,Some-college,10,Never-married,Sales,Own-child,White,Male,0,0,15,United-States,<=50K
29,Private,160456,Assoc-acdm,12,Married-civ-spouse,Prof-specialty,Husband,White,Male,0,0,50,United-States,<=50K
20,Private,219835,Some-college,10,Never-married,Sales,Own-child,White,Male,0,0,30,?,<=50K
40,Private,352612,10th,6,Married-civ-spouse,Craft-repair,Husband,White,Male,0,0,40,United-States,<=50K
28,Self-emp-not-inc,190836,HS-grad,9,Married-civ-spouse,Sales,Husband,White,Male,0,0,50,United-States,>50K
24,State-gov,389850,Masters,14,Never-married,Prof-specialty,Not-in-family,Black,Female,0,0,40,United-States,<=50K
39,Private,391874,HS-grad,9,Separated,Handlers-cleaners,Not-in-family,Black,Male,0,0,40,United-States,<=50K
66,Self-emp-not-inc,342906,HS-grad,9,Married-civ-spouse,Transport-moving,Husband,White,Male,0,0,50,United-States,>50K
25,Private,255161,11th,7,Married-civ-spouse,Transport-moving,Husband,White,Male,0,0,40,United-States,<=50K
17,?,256173,10th,6,Never-married,?,Own-child,White,Female,0,0,15,United-States,<=50K
35,Local-gov,116960,Masters,14,Married-civ-spouse,Prof-specialty,Husband,White,Male,0,1887,40,United-States,>50K
28,State-gov,209547,HS-grad,9,Married-civ-spouse,Protective-serv,Husband,White,Male,0,0,40,United-States,<=50K
51,Private,194134,HS-grad,9,Married-civ-spouse,Protective-serv,Husband,White,Male,0,0,40,United-States,<=50K
41,State-gov,367251,HS-grad,9,Divorced,Protective-serv,Not-in-family,White,Male,0,0,40,United-States,>50K
34,Private,118584,Bachelors,13,Never-married,Exec-managerial,Not-in-family,White,Female,0,0,40,United-States,<=50K
49,Private,116927,Bachelors,13,Married-civ-spouse,Sales,Husband,White,Male,0,0,60,United-States,<=50K
77,Local-gov,182191,7th-8th,4,Widowed,Adm-clerical,Not-in-family,White,Female,0,0,40,United-States,<=50K
29,Private,188171,HS-grad,9,Divorced,Farming-fishing,Not-in-family,White,Male,0,0,40,United-States,<=50K
23,Private,180060,Bachelors,13,Never-married,Machine-op-inspct,Own-child,White,Male,0,0,50,United-States,<=50K
52,Private,329733,Some-college,10,Never-married,Exec-managerial,Not-in-family,White,Male,0,0,40,United-States,<=50K
19,Private,134737,HS-grad,9,Never-married,Other-service,Own-child,White,Male,0,0,35,United-States,<=50K
29,Private,419146,HS-grad,9,Never-married,Machine-op-inspct,Not-in-family,White,Male,0,0,48,United-States,<=50K
36,Private,311255,HS-grad,9,Married-civ-spouse,Machine-op-inspct,Husband,Black,Male,0,0,40,Haiti,<=50K
34,Local-gov,326342,Some-college,10,Married-civ-spouse,Exec-managerial,Husband,Amer-Indian-Eskimo,Male,0,0,40,United-States,<=50K
24,Private,46401,Some-college,10,Married-civ-spouse,Farming-fishing,Husband,White,Male,0,0,50,United-States,>50K
33,Private,340755,HS-grad,9,Married-civ-spouse,Craft-repair,Husband,White,Male,0,0,40,United-States,<=50K
43,Self-emp-inc,240255,Some-college,10,Married-civ-spouse,Exec-managerial,Husband,White,Male,0,0,70,United-States,>50K
72,?,305874,HS-grad,9,Married-civ-spouse,?,Husband,White,Male,0,0,20,United-States,<=50K
42,Private,207937,Some-college,10,Divorced,Exec-managerial,Unmarried,White,Female,0,0,45,United-States,<=50K
50,Private,313986,Assoc-acdm,12,Divorced,Sales,Not-in-family,White,Female,0,0,40,United-States,<=50K
51,Local-gov,146244,Doctorate,16,Married-civ-spouse,Prof-specialty,Husband,White,Male,0,1887,40,United-States,>50K
63,Self-emp-not-inc,33487,7th-8th,4,Married-civ-spouse,Craft-repair,Husband,White,Male,0,0,40,United-States,<=50K
27,Private,282023,HS-grad,9,Married-civ-spouse,Transport-moving,Husband,Black,Male,0,0,40,United-States,<=50K
36,Private,111243,10th,6,Divorced,Sales,Own-child,White,Male,0,0,40,United-States,<=50K
35,Private,329341,9th,5,Married-civ-spouse,Other-service,Husband,White,Male,0,0,40,Mexico,<=50K
28,Private,181291,Bachelors,13,Married-civ-spouse,Exec-managerial,Husband,White,Male,0,0,50,England,>50K
65,Private,174666,HS-grad,9,Married-civ-spouse,Machine-op-inspct,Husband,White,Male,0,0,40,United-States,<=50K
34,State-gov,240283,HS-grad,9,Divorced,Transport-moving,Unmarried,White,Female,0,0,40,United-States,<=50K
35,Private,259757,HS-grad,9,Married-spouse-absent,Transport-moving,Other-relative,White,Female,0,0,40,Dominican-Republic,<=50K
39,Private,211938,Bachelors,13,Married-civ-spouse,Sales,Husband,White,Male,0,0,50,United-States,>50K
36,Federal-gov,67317,HS-grad,9,Married-civ-spouse,Adm-clerical,Husband,White,Male,0,0,40,United-States,<=50K
29,Private,161155,Assoc-acdm,12,Married-civ-spouse,Prof-specialty,Husband,White,Male,0,0,50,United-States,<=50K
32,Federal-gov,90653,HS-grad,9,Never-married,Exec-managerial,Unmarried,White,Female,0,1380,40,United-States,<=50K
44,Private,32426,Bachelors,13,Never-married,Exec-managerial,Not-in-family,White,Female,0,0,5,United-States,<=50K
46,Private,72619,Some-college,10,Married-civ-spouse,Exec-managerial,Wife,White,Female,0,0,40,United-States,>50K
37,Private,199118,Some-college,10,Married-civ-spouse,Other-service,Wife,White,Female,0,0,40,United-States,<=50K
22,Private,182189,Some-college,10,Never-married,Craft-repair,Own-child,White,Male,0,0,40,United-States,<=50K
27,Private,214068,Bachelors,13,Married-civ-spouse,Prof-specialty,Wife,White,Female,7298,0,45,England,>50K
33,Local-gov,107123,Masters,14,Married-civ-spouse,Prof-specialty,Husband,White,Male,0,0,40,United-States,>50K
39,Private,107038,HS-grad,9,Never-married,Craft-repair,Own-child,White,Male,0,0,40,United-States,<=50K
39,Private,27187,HS-grad,9,Married-civ-spouse,Farming-fishing,Husband,White,Male,0,0,45,United-States,<=50K
46,Private,116952,7th-8th,4,Married-civ-spouse,Prof-specialty,Wife,White,Female,0,0,45,United-States,<=50K
32,Private,150057,HS-grad,9,Married-civ-spouse,Handlers-cleaners,Husband,White,Male,0,0,40,United-States,>50K
61,Private,87032,HS-grad,9,Widowed,Adm-clerical,Not-in-family,White,Female,0,0,40,United-States,<=50K
52,Private,94448,Assoc-voc,11,Married-civ-spouse,Prof-specialty,Husband,White,Male,0,0,40,United-States,<=50K
21,Private,346754,Some-college,10,Never-married,Adm-clerical,Own-child,Asian-Pac-Islander,Male,0,0,20,United-States,<=50K
37,Private,189382,Assoc-acdm,12,Divorced,Adm-clerical,Not-in-family,White,Female,0,1504,40,United-States,<=50K
23,Private,389850,9th,5,Never-married,Farming-fishing,Unmarried,White,Male,0,0,70,United-States,<=50K
30,Private,256173,HS-grad,9,Married-civ-spouse,Other-service,Husband,Black,Male,0,0,25,United-States,<=50K
50,Private,313986,Assoc-acdm,12,Divorced,Sales,Not-in-family,White,Female,0,0,40,United-States,<=50K
33,Private,229328,HS-grad,9,Divorced,Exec-managerial,Not-in-family,White,Male,0,0,60,United-States,<=50K
37,Private,189728,Assoc-acdm,12,Divorced,Adm-clerical,Not-in-family,White,Female,0,1504,40,United-States,<=50K
44,Private,261504,HS-grad,9,Married-civ-spouse,Craft-repair,Husband,White,Male,0,0,40,United-States,>50K
29,Private,188171,HS-grad,9,Divorced,Farming-fishing,Not-in-family,White,Male,0,0,40,United-States,<=50K
27,Local-gov,191177,HS-grad,9,Never-married,Other-service,Own-child,White,Male,0,0,45,United-States,<=50K
28,Private,207513,Bachelors,13,Married-civ-spouse,Sales,Husband,White,Male,7298,0,42,United-States,>50K
23,Private,271075,Assoc-voc,11,Never-married,Craft-repair,Own-child,White,Male,0,0,33,United-States,<=50K
51,Private,278632,Some-college,10,Divorced,Priv-house-serv,Unmarried,Amer-Indian-Eskimo,Female,0,0,35,United-States,<=50K
38,Private,188888,Bachelors,13,Never-married,Exec-managerial,Not-in-family,White,Male,0,1340,40,United-States,<=50K
22,Private,182191,Some-college,10,Never-married,Craft-repair,Own-child,White,Male,0,0,40,United-States,<=50K
27,Private,246687,11th,7,Divorced,Machine-op-inspct,Unmarried,White,Female,0,0,40,United-States,<=50K
41,Private,173584,Assoc-voc,11,Married-civ-spouse,Craft-repair,Husband,White,Male,0,0,43,United-States,>50K
22,?,291981,Some-college,10,Never-married,?,Not-in-family,White,Male,0,0,15,United-States,<=50K
56,?,425497,Assoc-acdm,12,Married-civ-spouse,?,Husband,White,Male,0,0,20,United-States,<=50K
36,Self-emp-not-inc,188972,Doctorate,16,Separated,Prof-specialty,Unmarried,White,Female,0,0,10,Canada,<=50K
20,Private,357848,9th,5,Never-married,Machine-op-inspct,Unmarried,White,Female,0,0,40,United-States,<=50K
69,Self-emp-inc,182237,Bachelors,13,Separated,Exec-managerial,Not-in-family,White,Male,0,0,40,United-States,<=50K
56,?,428030,Assoc-acdm,12,Married-civ-spouse,?,Husband,White,Male,0,0,20,United-States,<=50K
33,Private,226032,HS-grad,9,Divorced,Exec-managerial,Not-in-family,White,Male,0,0,60,United-States,<=50K
40,Private,196116,Bachelors,13,Married-civ-spouse,Adm-clerical,Husband,White,Male,0,0,40,United-States,>50K
37,Local-gov,221955,Assoc-voc,11,Never-married,Other-service,Unmarried,Black,Female,0,0,32,United-States,<=50K
31,Private,204742,12th,8,Never-married,Sales,Own-child,White,Male,0,0,32,United-States,<=50K
39,Private,244566,Bachelors,13,Married-civ-spouse,Prof-specialty,Husband,White,Male,0,0,50,United-States,>50K
31,Self-emp-not-inc,113129,HS-grad,9,Divorced,Craft-repair,Not-in-family,White,Male,0,0,60,United-States,<=50K
45,Federal-gov,155981,Some-college,10,Married-civ-spouse,Prof-specialty,Husband,White,Male,0,0,40,United-States,>50K
51,Private,251905,Some-college,10,Divorced,Craft-repair,Not-in-family,White,Male,0,0,48,United-States,>50K
28,Private,209609,Bachelors,13,Never-married,Prof-specialty,Not-in-family,White,Male,0,0,60,United-States,>50K
48,Private,239708,Bachelors,13,Separated,Adm-clerical,Unmarried,Asian-Pac-Islander,Female,0,0,40,Philippines,<=50K
47,Private,229328,Some-college,10,Divorced,Adm-clerical,Unmarried,Black,Female,0,0,40,United-States,<=50K
51,Local-gov,252029,Doctorate,16,Divorced,Prof-specialty,Not-in-family,White,Female,0,0,45,United-States,>50K
45,Private,267989,Bachelors,13,Married-civ-spouse,Exec-managerial,Husband,White,Male,0,0,50,United-States,>50K
19,?,180532,10th,6,Never-married,?,Unmarried,White,Female,0,0,35,United-States,<=50K
40,Self-emp-inc,102226,HS-grad,9,Married-civ-spouse,Exec-managerial,Husband,White,Male,0,0,40,United-States,<=50K
41,Private,106159,HS-grad,9,Never-married,Machine-op-inspct,Own-child,White,Male,14344,0,48,United-States,>50K
24,Private,198751,11th,7,Never-married,Sales,Own-child,White,Female,0,0,30,United-States,<=50K
22,Federal-gov,473836,Bachelors,13,Never-married,Tech-support,Own-child,White,Male,0,0,8,United-States,<=50K
47,Private,27804,10th,6,Married-civ-spouse,Craft-repair,Husband,White,Male,0,0,35,United-States,<=50K
22,Private,219086,Some-college,10,Married-civ-spouse,Sales,Husband,White,Male,0,0,55,United-States,<=50K
37,Private,339029,Some-college,10,Married-civ-spouse,Transport-moving,Husband,White,Male,0,0,50,United-States,<=50K
21,Private,41031,Some-college,10,Never-married,Adm-clerical,Own-child,White,Female,0,0,35,United-States,<=50K
37,Private,189703,Assoc-acdm,12,Divorced,Adm-clerical,Not-in-family,White,Female,0,1504,40,United-States,<=50K
18,Private,236391,Some-college,10,Never-married,Adm-clerical,Own-child,White,Male,0,0,30,United-States,<=50K
46,Private,589809,HS-grad,9,Divorced,Other-service,Not-in-family,White,Male,0,0,25,United-States,<=50K
19,Private,102723,Some-college,10,Never-married,Adm-clerical,Own-child,White,Female,0,0,40,United-States,<=50K
20,Private,175006,Some-college,10,Never-married,Prof-specialty,Own-child,White,Male,0,0,15,United-States,<=50K
24,Private,46401,Some-college,10,Married-civ-spouse,Farming-fishing,Husband,White,Male,0,0,50,United-States,>50K
55,Private,84774,HS-grad,9,Married-civ-spouse,Priv-house-serv,Wife,White,Female,0,0,30,United-States,<=50K
25,Private,359808,5th-6th,3,Never-married,Adm-clerical,Not-in-family,White,Female,0,0,33,Mexico,<=50K
18,Self-emp-not-inc,131192,HS-grad,9,Never-married,Farming-fishing,Own-child,White,Male,0,0,40,United-States,<=50K
54,Private,144397,Some-college,10,Married-civ-spouse,Sales,Wife,White,Female,0,0,40,United-States,>50K
39,Private,235646,Some-college,10,Divorced,Adm-clerical,Not-in-family,White,Female,0,0,40,United-States,<=50K
43,Self-emp-inc,240842,Some-college,10,Married-civ-spouse,Exec-managerial,Husband,White,Male,0,0,70,United-States,>50K
28,Self-emp-not-inc,190836,HS-grad,9,Married-civ-spouse,Sales,Husband,White,Male,0,0,50,United-States,>50K
60,Private,205852,HS-grad,9,Separated,Other-service,Not-in-family,White,Female,0,0,25,United-States,<=50K
33,Private,172822,Assoc-voc,11,Married-civ-spouse,Craft-repair,Husband,White,Male,0,0,40,United-States,<=50K
19,Private,102723,Some-college,10,Never-married,Adm-clerical,Own-child,White,Female,0,0,40,United-States,<=50K
24,State-gov,391874,Masters,14,Never-married,Prof-specialty,Not-in-family,Black,Female,0,0,40,United-States,<=50K
22,Private,150175,Some-college,10,Never-married,Adm-clerical,Own-child,White,Female,0,0,20,United-States,<=50K
51,Private,335997,HS-grad,9,Married-civ-spouse,Craft-repair,Husband,White,Male,0,1902,40,United-States,>50K
49,Private,34218,Masters,14,Married-civ-spouse,Sales,Husband,White,Male,0,0,40,United-States,>50K
28,Private,143766,HS-grad,9,Never-married,Machine-op-inspct,Not-in-family,White,Male,0,0,48,United-States,<=50K
30,Private,261677,9th,5,Never-married,Handlers-cleaners,Unmarried,Black,Male,0,0,40,United-States,<=50K
17,Private,79662,10th,6,Never-married,Priv-house-serv,Other-relative,White,Male,0,0,30,United-States,<=50K
52,Private,214091,HS-grad,9,Widowed,Other-service,Not-in-family,Amer-Indian-Eskimo,Female,0,0,40,United-States,<=50K
48,Private,238255,Bachelors,13,Separated,Adm-clerical,Unmarried,Asian-Pac-Islander,Female,0,0,40,Philippines,<=50K
29,Private,446559,Assoc-acdm,12,Married-civ-spouse,Exec-managerial,Wife,White,Female,0,0,50,United-States,<=50K
40,Private,69333,Bachelors,13,Married-civ-spouse,Farming-fishing,Husband,White,Male,0,0,40,United-States,<=50K
30,State-gov,61989,Some-college,10,Never-married,Prof-specialty,Not-in-family,White,Female,0,0,5,United-States,<=50K
40,Private,115258,Assoc-voc,11,Married-civ-spouse,Exec-managerial,Husband,White,Male,0,0,50,United-States,>50K
33,?,190385,HS-grad,9,Never-married,?,Unmarried,Black,Female,0,0,20,United-States,<=50K
26,Private,197286,HS-grad,9,Married-civ-spouse,Craft-repair,Husband,White,Male,0,0,40,United-States,<=50K
44,Local-gov,157614,Masters,14,Divorced,Prof-specialty,Not-in-family,White,Female,0,0,50,United-States,>50K
31,Private,124420,11th,7,Married-civ-spouse,Craft-repair,Husband,White,Male,0,0,40,United-States,<=50K
30,Private,265086,9th,5,Never-married,Handlers-cleaners,Unmarried,Black,Male,0,0,40,United-States,<=50K
32,Private,419146,12th,8,Married-civ-spouse,Sales,Husband,White,Male,0,0,40,United-States,>50K
22,?,266645,Some-college,10,Never-married,?,Not-in-family,White,Female,0,0,28,United-States,<=50K
47,Self-emp-inc,77660,Some-college,10,Married-civ-spouse,Exec-managerial,Husband,White,Male,14344,0,50,United-States,>50K
35,Private,215990,Some-college,10,Divorced,Adm-clerical,Not-in-family,White,Female,0,0,45,United-States,<=50K
28,Private,60288,HS-grad,9,Never-married,Adm-clerical,Own-child,White,Female,0,0,40,United-States,<=50K
21,Private,305498,Some-college,10,Married-civ-spouse,Craft-repair,Husband,White,Male,0,0,54,United-States,<=50K
63,Private,102412,HS-grad,9,Divorced,Sales,Not-in-family,White,Female,0,0,40,United-States,<=50K
52,Private,156953,HS-grad,9,Married-civ-spouse,Handlers-cleaners,Husband,White,Male,0,0,40,United-States,>50K
26,Private,282609,Some-college,10,Never-married,Sales,Not-in-family,White,Male,0,0,45,United-States,<=50K
55,Private,84774,HS-grad,9,Married-civ-spouse,Priv-house-serv,Wife,White,Female,0,0,30,United-States,<=50K
48,?,144586,Some-college,10,Divorced,?,Unmarried,Black,Female,0,0,30,United-States,<=50K
39,Self-emp-inc,122742,Assoc-acdm,12,Married-civ-spouse,Exec-managerial,Husband,White,Male,15024,0,55,United-States,>50K
37,Private,126540,Masters,14,Married-civ-spouse,Exec-managerial,Husband,White,Male,0,1977,40,United-States,>50K
56,?,428030,Assoc-acdm,12,Married-civ-spouse,?,Husband,White,Male,0,0,20,United-States,<=50K
46,Private,225623,Bachelors,13,Married-civ-spouse,Sales,Wife,White,Female,0,0,16,United-States,>50K
55,Self-emp-not-inc,204502,HS-grad,9,Married-civ-spouse,Sales,Husband,White,Male,0,0,35,United-States,<=50K
43,Self-emp-not-inc,350103,HS-grad,9,Married-civ-spouse,Craft-repair,Husband,White,Male,0,0,60,United-States,<=50K
58,Private,275967,Bachelors,13,Married-civ-spouse,Exec-managerial,Husband,White,Male,0,0,50,United-States,>50K
32,Private,177675,HS-grad,9,Never-married,Craft-repair,Own-child,White,Male,0,0,40,United-States,<=50K
17,Private,79682,10th,6,Never-married,Priv-house-serv,Other-relative,White,Male,0,0,30,United-States,<=50K
24,Private,274577,HS-grad,9,Married-civ-spouse,Machine-op-inspct,Husband,White,Male,0,0,50,United-States,<=50K
21,Private,344891,Some-college,10,Never-married,Adm-clerical,Own-child,Asian-Pac-Islander,Male,0,0,20,United-States,<=50K
37,Self-emp-not-inc,205359,Some-college,10,Married-civ-spouse,Exec-managerial,Wife,White,Female,0,0,15,United-States,<=50K
39,Private,244566,Bachelors,13,Married-civ-spouse,Prof-specialty,Husband,White,Male,0,0,50,United-States,>50K
43,Self-emp-not-inc,66118,Some-college,10,Married-civ-spouse,Farming-fishing,Husband,White,Male,0,0,50,United-States,<=50K
30,Private,144750,HS-grad,9,Never-married,Craft-repair,Not-in-family,White,Male,0,0,45,United-States,<=50K
35,Private,215990,Some-college,10,Divorced,Adm-clerical,Not-in-family,White,Female,0,0,45,United-States,<=50K
31,Private,318082,Assoc-voc,11,Married-civ-spouse,Craft-repair,Husband,White,Male,4386,0,40,Mexico,>50K
49,Private,116952,Bachelors,13,Married-civ-spouse,Sales,Husband,White,Male,0,0,60,United-States,<=50K
39,Private,496743,HS-grad,9,Married-civ-spouse,Prof-specialty,Husband,White,Male,0,0,40,United-States,<=50K
60,Private,240504,HS-grad,9,Married-civ-spouse,Machine-op-inspct,Husband,Black,Male,0,0,40,United-States,<=50K
45,Federal-gov,170769,HS-grad,9,Divorced,Tech-support,Not-in-family,White,Female,4865,0,40,United-States,<=50K
36,Private,311671,HS-grad,9,Married-civ-spouse,Machine-op-inspct,Husband,Black,Male,0,0,40,Haiti,<=50K
20,Private,226894,HS-grad,9,Never-married,Machine-op-inspct,Own-child,White,Female,0,0,30,United-States,<=50K
45,Private,156015,Some-college,10,Married-civ-spouse,Adm-clerical,Husband,Black,Male,0,0,40,United-States,>50K
35,Private,145139,HS-grad,9,Married-civ-spouse,Machine-op-inspct,Husband,White,Male,0,0,40,United-States,<=50K
51,Local-gov,146244,Doctorate,16,Married-civ-spouse,Prof-specialty,Husband,White,Male,0,1887,40,United-States,>50K
25,Local-gov,45474,Bachelors,13,Married-civ-spouse,Prof-specialty,Husband,White,Male,0,0,60,United-States,<=50K
19,Private,121972,HS-grad,9,Never-married,Other-service,Own-child,Black,Male,0,0,40,United-States,<=50K
50,Self-emp-inc,250034,HS-grad,9,Married-civ-spouse,Exec-managerial,Husband,White,Male,0,0,50,United-States,>50K
29,Private,127388,Bachelors,13,Married-civ-spouse,Sales,Husband,White,Male,0,0,45,United-States,<=50K
31,?,182926,Bachelors,13,Married-civ-spouse,?,Wife,White,Female,4064,0,29,Canada,<=50K
45,Private,172907,11th,7,Divorced,Transport-moving,Not-in-family,White,Male,0,2824,76,United-States,>50K
32,Private,324469,Bachelors,13,Never-married,Prof-specialty,Own-child,White,Male,0,0,40,United-States,<=50K
40,Self-emp-inc,141186,Bachelors,13,Married-civ-spouse,Exec-managerial,Wife,White,Female,0,0,55,United-States,>50K
56,Private,133025,HS-grad,9,Married-civ-spouse,Transport-moving,Husband,White,Male,0,0,50,United-States,<=50K
57,Private,69884,HS-grad,9,Married-civ-spouse,Sales,Husband,White,Male,0,0,40,United-States,>50K
54,Private,216149,Masters,14,Married-civ-spouse,Exec-managerial,Husband,White,Male,0,1887,44,United-States,>50K
45,Private,147755,Some-college,10,Divorced,Craft-repair,Not-in-family,White,Male,0,0,50,United-States,<=50K
19,Private,255161,HS-grad,9,Never-married,Sales,Own-child,White,Male,0,0,25,United-States,<=50K
49,Private,180060,Masters,14,Married-spouse-absent,Prof-specialty,Not-in-family,White,Male,0,0,40,United-States,<=50K
39,Private,214896,HS-grad,9,Separated,Other-service,Not-in-family,White,Female,0,0,40,El-Salvador,<=50K
45,Local-gov,234537,HS-grad,9,Divorced,Adm-clerical,Unmarried,White,Female,0,0,35,United-States,<=50K
49,Local-gov,186539,Masters,14,Married-civ-spouse,Protective-serv,Husband,White,Male,0,0,40,United-States,>50K
50,Private,193746,HS-grad,9,Married-civ-spouse,Exec-managerial,Husband,White,Male,0,0,60,United-States,<=50K
44,Private,284086,Some-college,10,Married-civ-spouse,Transport-moving,Husband,Black,Male,0,0,40,United-States,<=50K
54,Private,185522,HS-grad,9,Widowed,Sales,Not-in-family,White,Female,5178,0,40,United-States,<=50K
22,Private,220269,Some-college,10,Never-married,Sales,Own-child,White,Female,0,0,25,United-States,<=50K
19,Private,45093,Some-college,10,Never-married,Adm-clerical,Own-child,White,Female,0,0,8,United-States,<=50K
47,Local-gov,173938,Bachelors,13,Married-civ-spouse,Craft-repair,Husband,White,Male,0,0,50,United-States,>50K
34,Private,209609,Some-college,10,Married-civ-spouse,Adm-clerical,Husband,White,Male,0,0,40,United-States,>50K
40,Federal-gov,77332,Some-college,10,Divorced,Adm-clerical,Not-in-family,White,Female,0,0,50,United-States,<=50K
26,Private,322547,Bachelors,13,Never-married,Prof-specialty,Not-in-family,White,Female,0,0,45,United-States,<=50K
39,Private,235259,Some-college,10,Divorced,Adm-clerical,Not-in-family,White,Female,0,0,40,United-States,<=50K
43,Local-gov,419146,Some-college,10,Separated,Craft-repair,Not-in-family,Black,Male,0,0,40,United-States,<=50K
28,Self-emp-not-inc,180928,HS-grad,9,Never-married,Exec-managerial,Own-child,White,Male,0,0,40,United-States,<=50K
23,Private,206974,Assoc-voc,11,Never-married,Craft-repair,Unmarried,Black,Female,0,0,40,United-States,<=50K
25,Private,188401,7th-8th,4,Never-married,Machine-op-inspct,Other-relative,White,Female,0,0,40,Dominican-Republic,<=50K
27,State-gov,553473,Bachelors,13,Married-civ-spouse,Protective-serv,Wife,Black,Female,0,0,48,United-States,<=50K
40,Private,114537,Assoc-voc,11,Married-civ-spouse,Exec-managerial,Husband,White,Male,0,0,50,United-States,>50K
33,Private,357848,Bachelors,13,Never-married,Adm-clerical,Own-child,White,Female,0,0,10,United-States,<=50K
36,Private,294760,Assoc-voc,11,Married-civ-spouse,Tech-support,Husband,White,Male,0,0,50,United-States,<=50K
66,Self-emp-not-inc,34218,HS-grad,9,Married-civ-spouse,Transport-moving,Husband,White,Male,0,0,50,United-States,>50K
39,Self-emp-not-inc,340755,Bachelors,13,Married-civ-spouse,Exec-managerial,Husband,White,Male,0,0,50,United-States,<=50K
31,?,182191,Bachelors,13,Married-civ-spouse,?,Wife,White,Female,4064,0,30,Canada,<=50K
47,Private,104068,HS-grad,9,Divorced,Prof-specialty,Unmarried,Amer-Indian-Eskimo,Female,0,0,40,United-States,<=50K
33,Local-gov,155659,Assoc-voc,11,Married-civ-spouse,Tech-support,Husband,White,Male,0,0,40,United-States,<=50K
41,Private,265086,HS-grad,9,Divorced,Adm-clerical,Unmarried,White,Female,0,0,45,United-States,<=50K
29,Private,183111,Assoc-voc,11,Married-civ-spouse,Machine-op-inspct,Husband,White,Male,0,0,40,United-States,<=50K
55,Self-emp-inc,79662,HS-grad,9,Married-civ-spouse,Transport-moving,Husband,White,Male,0,0,60,United-States,<=50K
31,Private,374969,Bachelors,13,Never-married,Prof-specialty,Not-in-family,White,Female,0,0,40,United-States,<=50K
32,Private,188246,HS-grad,9,Divorced,Craft-repair,Own-child,White,Male,0,0,40,United-States,<=50K
52,Private,114674,Bachelors,13,Married-civ-spouse,Prof-specialty,Husband,White,Male,0,0,52,United-States,>50K
33,Private,110787,Some-college,10,Divorced,Craft-repair,Other-relative,Other,Female,0,0,40,United-States,<=50K
40,Private,121972,Assoc-acdm,12,Married-civ-spouse,Sales,Husband,White,Male,7688,0,50,United-States,>50K
37,Private,33678,Some-college,10,Married-civ-spouse,Transport-moving,Husband,White,Male,0,0,50,United-States,<=50K
49,Private,187203,Masters,14,Married-civ-spouse,Exec-managerial,Husband,White,Male,15024,0,50,United-States,>50K
28,State-gov,175837,HS-grad,9,Married-civ-spouse,Protective-serv,Husband,White,Male,0,0,40,United-States,<=50K
29,Private,169104,Masters,14,Never-married,Sales,Not-in-family,White,Male,0,0,40,United-States,<=50K
42,Private,202115,Bachelors,13,Married-civ-spouse,Exec-managerial,Husband,White,Male,0,0,45,United-States,>50K
46,Private,116952,7th-8th,4,Married-civ-spouse,Prof-specialty,Wife,White,Female,0,0,45,United-States,<=50K
36,Self-emp-not-inc,350103,HS-grad,9,Married-civ-spouse,Craft-repair,Husband,White,Male,0,0,40,United-States,<=50K
30,Private,259058,Masters,14,Divorced,Prof-specialty,Unmarried,White,Male,0,1726,40,United-States,<=50K
31,Private,309778,Bachelors,13,Separated,Sales,Own-child,Black,Female,0,0,40,United-States,<=50K
44,Private,265932,HS-grad,9,Married-civ-spouse,Craft-repair,Husband,White,Male,0,0,40,United-States,>50K
32,Private,102986,5th-6th,3,Married-civ-spouse,Machine-op-inspct,Wife,Asian-Pac-Islander,Female,0,0,40,Laos,>50K
65,Without-pay,27012,7th-8th,4,Widowed,Farming-fishing,Unmarried,White,Female,0,0,50,United-States,<=50K
31,Private,37546,Bachelors,13,Never-married,Prof-specialty,Not-in-family,White,Female,0,0,40,United-States,<=50K
53,State-gov,197176,Masters,14,Married-civ-spouse,Exec-managerial,Husband,White,Male,0,0,70,United-States,>50K
35,Private,187802,HS-grad,9,Never-married,Machine-op-inspct,Own-child,White,Male,0,0,40,United-States,<=50K
21,Private,73679,Some-college,10,Never-married,Exec-managerial,Own-child,White,Female,0,0,40,United-States,<=50K
30,State-gov,54102,11th,7,Married-civ-spouse,Transport-moving,Husband,White,Male,0,0,40,United-States,<=50K
49,Local-gov,173682,Bachelors,13,Never-married,Prof-specialty,Not-in-family,White,Female,0,0,50,United-States,<=50K
23,Private,175526,11th,7,Never-married,Farming-fishing,Other-relative,White,Female,0,0,40,Puerto-Rico,<=50K
35,Private,35595,Some-college,10,Married-civ-spouse,Tech-support,Husband,White,Male,2829,0,55,Poland,<=50K
50,Local-gov,283613,HS-grad,9,Married-civ-spouse,Machine-op-inspct,Husband,White,Male,4101,0,48,United-States,>50K
41,Private,130408,HS-grad,9,Divorced,Sales,Unmarried,Black,Female,0,0,38,United-States,<=50K
28,Private,305673,Some-college,10,Never-married,Adm-clerical,Unmarried,Black,Female,0,0,40,United-States,<=50K
32,Private,150175,HS-grad,9,Married-civ-spouse,Handlers-cleaners,Husband,White,Male,0,0,40,United-States,>50K
20,Private,33487,Some-college,10,Never-married,Other-service,Own-child,White,Female,0,0,10,United-States,<=50K
26,Private,359808,Some-college,10,Married-civ-spouse,Sales,Husband,White,Male,0,0,50,?,<=50K
36,Private,61778,Some-college,10,Married-civ-spouse,Craft-repair,Husband,White,Male,0,0,60,United-States,>50K
59,Private,230039,HS-grad,9,Never-married,Exec-managerial,Unmarried,White,Female,0,625,38,United-States,<=50K
18,Self-emp-not-inc,401930,HS-grad,9,Never-married,Farming-fishing,Other-relative,White,Male,0,0,40,United-States,<=50K
53,Private,71151,Some-college,10,Married-civ-spouse,Exec-managerial,Husband,White,Male,0,0,55,United-States,<=50K
30,Private,258973,Masters,14,Divorced,Prof-specialty,Unmarried,White,Male,0,1726,40,United-States,<=50K
43,Private,203203,HS-grad,9,Married-civ-spouse,Transport-moving,Husband,White,Male,0,0,50,United-States,>50K
21,State-gov,151888,Some-college,10,Never-married,Adm-clerical,Own-child,White,Female,0,0,30,United-States,<=50K
33,Local-gov,107417,Masters,14,Married-civ-spouse,Prof-specialty,Husband,White,Male,0,0,40,United-States,>50K
67,Private,223020,HS-grad,9,Divorced,Adm-clerical,Not-in-family,White,Female,0,0,15,United-States,<=50K
52,Private,93127,11th,7,Married-civ-spouse,Other-service,Husband,White,Male,0,0,32,United-States,<=50K
39,Self-emp-not-inc,188798,Assoc-voc,11,Married-civ-spouse,Farming-fishing,Husband,White,Male,0,0,60,United-States,<=50K
39,Private,236944,HS-grad,9,Divorced,Adm-clerical,Unmarried,White,Female,0,0,40,United-States,<=50K
60,Private,181008,12th,8,Married-civ-spouse,Adm-clerical,Husband,White,Male,0,0,40,United-States,<=50K
32,Self-emp-not-inc,182237,Masters,14,Never-married,Prof-specialty,Not-in-family,White,Male,0,0,40,United-States,<=50K
59,Self-emp-inc,170583,Some-college,10,Married-civ-spouse,Exec-managerial,Husband,White,Male,15024,0,60,United-States,>50K
77,Private,184466,HS-grad,9,Widowed,Craft-repair,Unmarried,White,Female,0,0,5,United-States,<=50K
50,Private,168212,Some-college,10,Married-spouse-absent,Transport-moving,Unmarried,White,Male,0,0,40,United-States,<=50K
22,Private,170915,11th,7,Never-married,Craft-repair,Not-in-family,Amer-Indian-Eskimo,Male,0,0,40,United-States,<=50K
27,Private,194243,Prof-school,15,Never-married,Prof-specialty,Own-child,White,Female,0,0,40,United-States,<=50K
28,Private,137898,Assoc-acdm,12,Never-married,Sales,Own-child,White,Female,0,0,35,United-States,<=50K
24,Self-emp-not-inc,171928,Assoc-acdm,12,Never-married,Craft-repair,Own-child,White,Male,0,0,40,United-States,<=50K
29,Private,58115,Bachelors,13,Married-civ-spouse,Sales,Husband,White,Male,0,0,41,United-States,<=50K
28,Private,380390,Bachelors,13,Married-civ-spouse,Exec-managerial,Husband,White,Male,0,0,50,United-States,<=50K
66,Self-emp-not-inc,340755,HS-grad,9,Married-civ-spouse,Transport-moving,Husband,White,Male,0,0,50,United-States,>50K
45,Federal-gov,171351,HS-grad,9,Divorced,Tech-support,Not-in-family,White,Female,4865,0,40,United-States,<=50K
35,Private,185325,Bachelors,13,Married-civ-spouse,Prof-specialty,Husband,White,Male,0,0,50,United-States,>50K
33,State-gov,305874,Masters,14,Never-married,Prof-specialty,Not-in-family,White,Male,0,0,50,United-States,<=50K
35,Private,124692,Bachelors,13,Married-civ-spouse,Craft-repair,Husband,White,Male,0,0,50,United-States,>50K
28,Private,29393,HS-grad,9,Married-civ-spouse,Craft-repair,Husband,White,Male,0,1740,30,United-States,<=50K
20,?,350103,Some-college,10,Never-married,?,Own-child,Amer-Indian-Eskimo,Male,0,0,72,United-States,<=50K
26,Private,359193,Some-college,10,Married-civ-spouse,Sales,Husband,White,Male,0,0,50,?,<=50K
61,Self-emp-not-inc,225890,10th,6,Widowed,Craft-repair,Other-relative,White,Male,0,0,18,Outlying-US(Guam-USVI-etc),<=50K
31,Private,182191,10th,6,Separated,Transport-moving,Unmarried,White,Male,0,0,40,United-States,<=50K
54,Private,216842,Masters,14,Married-civ-spouse,Exec-managerial,Husband,White,Male,0,1887,44,United-States,>50K
35,Private,162236,Assoc-voc,11,Divorced,Adm-clerical,Not-in-family,White,Female,6849,0,40,United-States,<=50K
71,Private,244566,7th-8th,4,Married-civ-spouse,Transport-moving,Husband,White,Male,6514,0,40,United-States,>50K
25,Private,136277,Bachelors,13,Never-married,Adm-clerical,Own-child,Black,Female,0,0,40,United-States,<=50K
52,Private,257863,Assoc-voc,11,Divorced,Adm-clerical,Not-in-family,White,Female,0,0,40,Germany,<=50K
20,Private,32426,Some-college,10,Never-married,Sales,Not-in-family,White,Male,0,0,25,United-States,<=50K
28,Self-emp-not-inc,190836,HS-grad,9,Married-civ-spouse,Sales,Husband,White,Male,0,0,50,United-States,>50K
23,Private,175526,11th,7,Never-married,Farming-fishing,Other-relative,White,Female,0,0,40,South,<=50K
19,Private,67433,HS-grad,9,Never-married,Machine-op-inspct,Own-child,White,Male,0,0,43,United-States,<=50K
49,Private,116385,Bachelors,13,Married-civ-spouse,Sales,Husband,White,Male,0,0,60,United-States,<=50K
31,Private,158924,HS-grad,9,Married-civ-spouse,Adm-clerical,Wife,White,Female,0,0,27,United-States,<=50K
31,Private,251905,Bachelors,13,Divorced,Exec-managerial,Unmarried,White,Female,0,0,40,United-States,<=50K
45,Federal-gov,171598,HS-grad,9,Divorced,Tech-support,Not-in-family,White,Female,4865,0,40,United-States,<=50K
56,?,425497,Assoc-acdm,12,Married-civ-spouse,?,Husband,White,Male,0,0,20,United-States,<=50K
58,Private,98630,Masters,14,Married-civ-spouse,Prof-specialty,Husband,White,Male,0,0,40,United-States,>50K
23,Private,106615,Assoc-acdm,12,Never-married,Prof-specialty,Own-child,White,Female,2176,0,25,United-States,<=50K
54,Private,144608,Some-college,10,Married-civ-spouse,Sales,Wife,White,Female,0,0,40,United-States,>50K
42,Private,291981,Some-college,10,Divorced,Machine-op-inspct,Not-in-family,White,Female,0,0,40,United-States,<=50K
43,Private,199698,HS-grad,9,Separated,Adm-clerical,Unmarried,White,Female,0,0,20,United-States,<=50K
35,Private,102976,HS-grad,9,Divorced,Exec-managerial,Not-in-family,White,Male,0,0,50,United-States,<=50K
84,Self-emp-inc,173682,Some-college,10,Married-civ-spouse,Sales,Husband,White,Male,0,0,35,United-States,>50K
30,Private,142760,Bachelors,13,Married-civ-spouse,Prof-specialty,Husband,White,Male,0,0,40,United-States,>50K
28,Private,476558,HS-grad,9,Never-married,Adm-clerical,Not-in-family,White,Female,0,0,40,United-States,<=50K
58,Private,98630,Masters,14,Married-civ-spouse,Prof-specialty,Husband,White,Male,0,0,40,United-States,>50K
39,Self-emp-inc,122742,Assoc-acdm,12,Married-civ-spouse,Exec-managerial,Husband,White,Male,15024,0,55,United-States,>50K
53,Private,250238,Bachelors,13,Married-civ-spouse,Exec-managerial,Husband,Black,Male,0,0,50,United-States,>50K
46,Private,141186,Assoc-acdm,12,Divorced,Prof-specialty,Not-in-family,White,Female,0,0,50,United-States,<=50K
36,Local-gov,410034,Bachelors,13,Married-civ-spouse,Prof-specialty,Husband,White,Male,0,1887,40,United-States,>50K
36,Private,191754,HS-grad,9,Divorced,Craft-repair,Not-in-family,White,Male,0,0,75,United-States,<=50K
35,Private,189382,Some-college,10,Divorced,Other-service,Unmarried,Black,Female,0,0,40,United-States,<=50K
46,Private,274577,Bachelors,13,Divorced,Craft-repair,Not-in-family,Black,Female,0,0,40,United-States,<=50K
33,Private,214068,Some-college,10,Divorced,Tech-support,Unmarried,White,Female,0,0,40,United-States,<=50K
71,State-gov,100063,HS-grad,9,Married-civ-spouse,Craft-repair,Husband,Black,Male,0,0,40,United-States,<=50K
34,Private,200471,HS-grad,9,Separated,Transport-moving,Own-child,White,Male,0,0,25,Columbia,<=50K
23,Private,382272,11th,7,Never-married,Other-service,Other-relative,White,Male,0,0,40,Philippines,<=50K
65,Private,283613,Masters,14,Married-civ-spouse,Adm-clerical,Other-relative,White,Female,0,0,40,United-States,>50K
53,Private,99476,HS-grad,9,Divorced,Other-service,Not-in-family,White,Female,0,0,38,United-States,<=50K
44,Local-gov,157887,Masters,14,Divorced,Prof-specialty,Not-in-family,White,Female,0,0,50,United-States,>50K
50,Private,174491,Some-college,10,Married-civ-spouse,Sales,Husband,White,Male,0,0,45,United-States,>50K
47,Private,188171,Some-college,10,Married-civ-spouse,Prof-specialty,Husband,White,Male,0,0,40,United-States,<=50K
43,Private,124692,Bachelors,13,Married-civ-spouse,Sales,Husband,White,Male,0,0,40,United-States,>50K
22,Local-gov,212213,Some-college,10,Never-married,Adm-clerical,Own-child,Black,Female,0,0,40,United-States,<=50K
21,Private,221955,HS-grad,9,Never-married,Machine-op-inspct,Unmarried,White,Male,0,0,40,Mexico,<=50K
36,Self-emp-not-inc,206351,Bachelors,13,Never-married,Craft-repair,Own-child,White,Male,0,0,40,United-States,<=50K
57,Private,102442,Some-college,10,Divorced,Adm-clerical,Unmarried,White,Female,0,0,40,United-States,<=50K
22,Private,199343,Some-college,10,Never-married,Sales,Own-child,White,Male,0,0,15,United-States,<=50K
56,Federal-gov,156383,Some-college,10,Separated,Other-service,Not-in-family,Black,Male,0,0,40,United-States,<=50K
40,Local-gov,328466,Masters,14,Married-civ-spouse,Exec-managerial,Husband,White,Male,0,0,35,United-States,>50K
45,Private,240810,HS-grad,9,Never-married,Transport-moving,Not-in-family,White,Male,0,0,40,United-States,<=50K
36,Private,311671,HS-grad,9,Married-civ-spouse,Machine-op-inspct,Husband,Black,Male,0,0,40,Haiti,<=50K
37,Private,290763,HS-grad,9,Divorced,Machine-op-inspct,Not-in-family,White,Male,0,0,40,United-States,<=50K
47,Local-gov,140644,Some-college,10,Married-civ-spouse,Protective-serv,Husband,White,Male,0,0,40,United-States,>50K
56,?,430195,Assoc-acdm,12,Married-civ-spouse,?,Husband,White,Male,0,0,20,United-States,<=50K
39,Private,139145,Prof-school,15,Married-civ-spouse,Prof-specialty,Husband,Asian-Pac-Islander,Male,0,0,38,India,<=50K
33,Self-emp-not-inc,192337,Bachelors,13,Married-civ-spouse,Craft-repair,Husband,White,Male,0,0,50,United-States,<=50K
29,Private,353881,HS-grad,9,Married-civ-spouse,Sales,Husband,White,Male,0,0,60,United-States,<=50K
61,Private,57408,Bachelors,13,Divorced,Adm-clerical,Not-in-family,White,Female,0,0,35,United-States,<=50K
48,Private,431513,10th,6,Married-civ-spouse,Craft-repair,Husband,White,Male,0,0,65,United-States,>50K
39,Private,67317,Assoc-voc,11,Never-married,Prof-specialty,Not-in-family,White,Female,4650,0,32,United-States,<=50K
47,Private,121836,Masters,14,Married-civ-spouse,Adm-clerical,Wife,White,Female,7688,0,38,United-States,>50K
41,Private,106159,HS-grad,9,Never-married,Machine-op-inspct,Own-child,White,Male,14344,0,48,United-States,>50K
63,Private,86108,HS-grad,9,Widowed,Farming-fishing,Not-in-family,White,Male,0,0,6,United-States,<=50K
43,Private,136819,Some-college,10,Married-civ-spouse,Exec-managerial,Husband,White,Male,0,0,40,United-States,>50K
56,Private,75785,HS-grad,9,Married-civ-spouse,Exec-managerial,Husband,White,Male,0,0,40,United-States,>50K
53,Private,285580,HS-grad,9,Divorced,Sales,Not-in-family,White,Female,0,0,60,England,<=50K
30,Private,171705,Bachelors,13,Married-spouse-absent,Sales,Not-in-family,White,Female,0,0,50,United-States,<=50K
66,Self-emp-inc,197816,Bachelors,13,Married-civ-spouse,Exec-managerial,Husband,White,Male,10605,0,40,United-States,>50K
35,Private,125933,Bachelors,13,Married-civ-spouse,Craft-repair,Husband,White,Male,0,0,50,United-States,>50K
20,Private,33551,HS-grad,9,Never-married,Transport-moving,Own-child,White,Male,0,0,40,United-States,<=50K
65,Self-emp-not-inc,118584,11th,7,Married-civ-spouse,Exec-managerial,Husband,White,Male,9386,0,59,?,>50K
23,Private,202662,Bachelors,13,Never-married,Prof-specialty,Not-in-family,White,Female,0,0,40,United-States,<=50K
50,Private,130408,Bachelors,13,Divorced,Exec-managerial,Not-in-family,White,Female,0,0,50,United-States,>50K
48,Private,235218,HS-grad,9,Married-civ-spouse,Exec-managerial,Husband,White,Male,0,0,50,United-States,<=50K
51,Local-gov,145714,Doctorate,16,Married-civ-spouse,Prof-specialty,Husband,White,Male,0,1887,40,United-States,>50K
73,Private,187581,Some-college,10,Married-civ-spouse,Protective-serv,Husband,White,Male,0,0,40,United-States,<=50K
36,Private,172129,9th,5,Married-civ-spouse,Handlers-cleaners,Husband,White,Male,0,0,40,United-States,<=50K
30,Private,258973,Masters,14,Divorced,Prof-specialty,Unmarried,White,Male,0,1726,40,United-States,<=50K
47,Private,121441,Masters,14,Married-civ-spouse,Adm-clerical,Wife,White,Female,7688,0,38,United-States,>50K
31,Private,205359,12th,8,Never-married,Sales,Own-child,White,Male,0,0,32,United-States,<=50K
27,Private,181200,HS-grad,9,Never-married,Adm-clerical,Own-child,White,Female,0,0,35,Italy,<=50K
18,Private,23580,11th,7,Never-married,Handlers-cleaners,Own-child,White,Male,0,0,12,United-States,<=50K
23,?,305673,Assoc-acdm,12,Married-civ-spouse,?,Husband,White,Male,0,0,40,El-Salvador,<=50K
44,Private,111483,HS-grad,9,Never-married,Adm-clerical,Own-child,White,Male,0,1504,50,United-States,<=50K
17,Self-emp-not-inc,368700,11th,7,Never-married,Farming-fishing,Own-child,White,Male,0,0,10,United-States,<=50K
52,Private,255621,Assoc-voc,11,Divorced,Adm-clerical,Not-in-family,White,Female,0,0,40,Germany,<=50K
43,Self-emp-not-inc,350181,HS-grad,9,Married-civ-spouse,Craft-repair,Husband,White,Male,0,0,60,United-States,<=50K
17,Private,272185,11th,7,Never-married,Adm-clerical,Own-child,White,Female,0,0,7,United-States,<=50K
37,Private,293176,HS-grad,9,Divorced,Machine-op-inspct,Not-in-family,White,Male,0,0,40,United-States,<=50K
54,Private,216149,Masters,14,Married-civ-spouse,Exec-managerial,Husband,White,Male,0,1887,44,United-States,>50K
37,Private,216842,11th,7,Married-civ-spouse,Craft-repair,Husband,White,Male,0,0,45,United-States,<=50K
22,Private,215251,HS-grad,9,Never-married,Other-service,Own-child,White,Female,0,0,40,Germany,<=50K
28,Private,206129,Some-college,10,Married-civ-spouse,Sales,Husband,White,Male,0,0,40,United-States,<=50K
44,Private,225623,Some-college,10,Divorced,Sales,Unmarried,White,Female,0,1408,46,United-States,<=50K
50,Private,376277,HS-grad,9,Married-civ-spouse,Transport-moving,Husband,Black,Male,0,0,40,United-States,<=50K
39,Private,167777,11th,7,Married-civ-spouse,Craft-repair,Husband,White,Male,0,0,35,United-States,<=50K
50,Private,113129,Bachelors,13,Married-civ-spouse,Sales,Husband,White,Male,0,0,40,United-States,<=50K
49,Local-gov,173584,Bachelors,13,Never-married,Prof-specialty,Not-in-family,White,Female,0,0,50,United-States,<=50K
66,?,107038,7th-8th,4,Never-married,?,Other-relative,Black,Male,0,0,30,United-States,<=50K
36,Self-emp-not-inc,104772,Bachelors,13,Married-civ-spouse,Prof-specialty,Husband,White,Male,3908,0,40,United-States,<=50K
31,Private,190836,HS-grad,9,Never-married,Sales,Not-in-family,White,Female,0,0,40,United-States,<=50K
44,Private,32426,Bachelors,13,Never-married,Exec-managerial,Not-in-family,White,Female,0,0,5,United-States,<=50K
28,Local-gov,134737,Bachelors,13,Never-married,Adm-clerical,Not-in-family,Black,Female,4101,0,60,United-States,<=50K
30,Private,258973,Masters,14,Divorced,Prof-specialty,Unmarried,White,Male,0,1726,40,United-States,<=50K
32,Private,177271,HS-grad,9,Never-married,Craft-repair,Own-child,White,Male,0,0,40,United-States,<=50K
20,Private,91733,Some-college,10,Never-married,Sales,Own-child,White,Female,0,0,8,United-States,<=50K
61,Private,87032,HS-grad,9,Widowed,Adm-clerical,Not-in-family,White,Female,0,0,40,United-States,<=50K
25,Private,37088,HS-grad,9,Divorced,Adm-clerical,Not-in-family,White,Female,0,0,40,United-States,<=50K
49,Self-emp-not-inc,393480,Some-college,10,Married-civ-spouse,Prof-specialty,Husband,White,Male,0,0,40,United-States,>50K
38,Private,89559,Some-college,10,Separated,Prof-specialty,Unmarried,White,Female,0,0,40,Germany,<=50K
19,Private,165505,Some-college,10,Never-married,Sales,Own-child,White,Female,0,0,20,United-States,<=50K
66,Local-gov,261062,Masters,14,Widowed,Prof-specialty,Not-in-family,White,Female,0,0,40,United-States,<=50K
27,Local-gov,191256,HS-grad,9,Never-married,Other-service,Own-child,White,Male,0,0,45,United-States,<=50K
44,Federal-gov,34419,Prof-school,15,Married-civ-spouse,Prof-specialty,Husband,White,Male,0,0,40,United-States,>50K
35,Private,189382,Some-college,10,Divorced,Other-service,Unmarried,Black,Female,0,0,40,United-States,<=50K
66,?,107123,7th-8th,4,Never-married,?,Other-relative,Black,Male,0,0,30,United-States,<=50K
36,Private,66118,HS-grad,9,Married-civ-spouse,Sales,Husband,White,Male,0,0,50,United-States,<=50K
49,Private,124692,HS-grad,9,Married-civ-spouse,Sales,Husband,White,Male,0,0,40,United-States,<=50K
35,Private,266860,HS-grad,9,Divorced,Other-service,Not-in-family,White,Female,0,0,45,United-States,<=50K
41,Local-gov,352056,Assoc-acdm,12,Never-married,Exec-managerial,Not-in-family,White,Male,0,0,40,United-States,<=50K
49,Private,146538,HS-grad,9,Never-married,Craft-repair,Unmarried,White,Female,0,0,40,Puerto-Rico,<=50K
55,Self-emp-inc,79662,HS-grad,9,Married-civ-spouse,Transport-moving,Husband,White,Male,0,0,60,United-States,<=50K
30,Private,137126,5th-6th,3,Married-civ-spouse,Craft-repair,Husband,White,Male,0,0,40,Mexico,<=50K
24,Private,207513,Bachelors,13,Never-married,Adm-clerical,Own-child,White,Female,0,0,40,United-States,<=50K
26,Private,156976,Assoc-voc,11,Separated,Other-service,Not-in-family,Black,Male,0,0,40,United-States,<=50K
61,Private,197176,7th-8th,4,Married-civ-spouse,Machine-op-inspct,Husband,White,Male,0,0,40,United-States,<=50K
36,Self-emp-not-inc,34862,HS-grad,9,Married-civ-spouse,Craft-repair,Husband,White,Male,0,0,40,United-States,<=50K
23,Private,151967,HS-grad,9,Divorced,Craft-repair,Not-in-family,White,Male,4650,0,50,Ireland,<=50K
34,Private,209609,10th,6,Never-married,Farming-fishing,Not-in-family,White,Male,0,0,40,United-States,<=50K
39,State-gov,112812,HS-grad,9,Married-civ-spouse,Protective-serv,Other-relative,White,Female,0,0,40,United-States,<=50K
63,Private,102412,HS-grad,9,Divorced,Sales,Not-in-family,White,Female,0,0,40,United-States,<=50K
32,Private,102986,5th-6th,3,Married-civ-spouse,Machine-op-inspct,Wife,Asian-Pac-Islander,Female,0,0,40,Laos,>50K
33,?,190836,HS-grad,9,Never-married,?,Unmarried,Black,Female,0,0,20,United-States,<=50K
30,Private,113129,Some-college,10,Never-married,Other-service,Not-in-family,White,Male,0,0,24,United-States,<=50K
30,Private,145139,HS-grad,9,Never-married,Craft-repair,Not-in-family,White,Male,0,0,45,United-States,<=50K
43,State-gov,187635,Some-college,10,Separated,Craft-repair,Not-in-family,White,Male,0,0,37,United-States,<=50K
47,Private,226894,Some-college,10,Divorced,Adm-clerical,Unmarried,Black,Female,0,0,40,United-States,<=50K
31,Private,93106,Assoc-voc,11,Never-married,Adm-clerical,Not-in-family,White,Female,0,0,40,United-States,<=50K
52,Private,114537,Bachelors,13,Married-civ-spouse,Prof-specialty,Husband,White,Male,0,0,52,United-States,>50K
38,Private,215039,HS-grad,9,Married-civ-spouse,Craft-repair,Husband,White,Male,0,0,40,United-States,<=50K
37,Private,189382,Assoc-acdm,12,Divorced,Adm-clerical,Not-in-family,White,Female,0,1504,40,United-States,<=50K
56,Private,133025,HS-grad,9,Married-civ-spouse,Transport-moving,Husband,White,Male,0,0,50,United-States,<=50K
39,Private,235307,Some-college,10,Divorced,Adm-clerical,Not-in-family,White,Female,0,0,40,United-States,<=50K
36,Self-emp-not-inc,122493,HS-grad,9,Married-civ-spouse,Craft-repair,Husband,White,Male,0,0,47,United-States,<=50K
39,Private,67433,Assoc-voc,11,Never-married,Prof-specialty,Not-in-family,White,Female,4650,0,32,United-States,<=50K
42,Private,24515,HS-grad,9,Married-civ-spouse,Sales,Husband,White,Male,0,0,50,United-States,<=50K
51,Private,61743,HS-grad,9,Married-civ-spouse,Handlers-cleaners,Husband,White,Male,0,0,40,United-States,>50K
45,Federal-gov,126675,Masters,14,Married-civ-spouse,Prof-specialty,Husband,White,Male,0,0,45,United-States,>50K
21,Private,412316,Some-college,10,Never-married,Adm-clerical,Own-child,White,Female,0,0,35,United-States,<=50K
56,?,428030,Assoc-acdm,12,Married-civ-spouse,?,Husband,White,Male,0,0,20,United-States,<=50K
45,Private,247162,Assoc-voc,11,Married-civ-spouse,Prof-specialty,Husband,White,Male,0,1902,40,United-States,>50K
25,Private,320984,Bachelors,13,Never-married,Exec-managerial,Not-in-family,White,Male,4101,0,35,United-States,<=50K
55,Self-emp-not-inc,225890,Some-college,10,Married-civ-spouse,Farming-fishing,Husband,White,Male,0,0,40,United-States,<=50K
55,Self-emp-not-inc,204752,HS-grad,9,Married-civ-spouse,Sales,Husband,White,Male,0,0,35,United-States,<=50K
41,Private,265086,HS-grad,9,Divorced,Adm-clerical,Unmarried,White,Female,0,0,45,United-States,<=50K
37,Private,340599,11th,7,Separated,Other-service,Unmarried,Black,Female,0,0,40,United-States,<=50K
45,Private,266645,Bachelors,13,Married-civ-spouse,Exec-managerial,Husband,White,Male,0,0,50,United-States,>50K
29,Private,183575,Assoc-voc,11,Married-civ-spouse,Machine-op-inspct,Husband,White,Male,0,0,40,United-States,<=50K
49,Local-gov,185846,Masters,14,Married-civ-spouse,Protective-serv,Husband,White,Male,0,0,40,United-States,>50K
38,Private,188571,Bachelors,13,Never-married,Exec-managerial,Not-in-family,White,Male,0,1340,40,United-States,<=50K
33,Private,218124,Bachelors,13,Married-civ-spouse,Sales,Husband,White,Male,0,0,80,Columbia,>50K
45,Private,243240,Bachelors,13,Married-civ-spouse,Exec-managerial,Husband,White,Male,0,0,60,United-States,>50K
49,Local-gov,173584,Bachelors,13,Never-married,Prof-specialty,Not-in-family,White,Female,0,0,50,United-States,<=50K
34,Private,272372,HS-grad,9,Divorced,Adm-clerical,Unmarried,Black,Female,0,0,40,United-States,<=50K
20,?,34572,Some-college,10,Never-married,?,Own-child,Amer-Indian-Eskimo,Male,0,0,72,United-States,<=50K
32,Self-emp-not-inc,182926,Masters,14,Never-married,Prof-specialty,Not-in-family,White,Male,0,0,40,United-States,<=50K
46,Private,225890,Bachelors,13,Married-civ-spouse,Sales,Wife,White,Female,0,0,16,United-States,>50K
40,Private,69311,Bachelors,13,Married-civ-spouse,Farming-fishing,Husband,White,Male,0,0,40,United-States,<=50K
57,Private,294760,Some-college,10,Divorced,Exec-managerial,Other-relative,White,Female,594,0,10,United-States,<=50K
29,State-gov,382272,Bachelors,13,Never-married,Craft-repair,Not-in-family,White,Male,0,0,40,United-States,<=50K
52,?,244395,HS-grad,9,Married-civ-spouse,?,Husband,White,Male,0,0,35,United-States,<=50K
42,Private,244566,HS-grad,9,Married-civ-spouse,Sales,Husband,White,Male,0,0,50,United-States,<=50K
38,Private,187203,Bachelors,13,Married-civ-spouse,Prof-specialty,Husband,White,Male,0,0,50,United-States,<=50K
49,Private,125768,HS-grad,9,Married-civ-spouse,Sales,Husband,White,Male,0,0,40,United-States,<=50K
47,Private,122493,Bachelors,13,Divorced,Farming-fishing,Not-in-family,Black,Female,0,0,46,United-States,>50K
50,Private,268553,HS-grad,9,Married-civ-spouse,Transport-moving,Husband,White,Male,7298,0,40,United-States,>50K
31,Private,281025,Some-college,10,Married-civ-spouse,Handlers-cleaners,Husband,White,Male,0,0,45,United-States,<=50K
82,Self-emp-not-inc,181372,HS-grad,9,Divorced,Exec-managerial,Not-in-family,White,Male,0,0,12,United-States,<=50K
32,Private,268620,HS-grad,9,Married-civ-spouse,Exec-managerial,Husband,White,Male,0,0,50,United-States,>50K
39,Private,235218,Some-college,10,Divorced,Adm-clerical,Not-in-family,White,Female,0,0,40,United-States,<=50K
45,Private,34572,Bachelors,13,Never-married,Transport-moving,Not-in-family,White,Male,0,0,30,United-States,<=50K
72,?,305673,HS-grad,9,Married-civ-spouse,?,Husband,White,Male,0,0,20,United-States,<=50K
49,State-gov,175325,Some-college,10,Married-civ-spouse,Prof-specialty,Husband,White,Male,0,0,50,United-States,>50K
60,Private,178244,HS-grad,9,Divorced,Other-service,Unmarried,Black,Female,0,0,38,United-States,<=50K
50,Private,194097,HS-grad,9,Married-civ-spouse,Exec-managerial,Husband,White,Male,0,0,60,United-States,<=50K
29,Private,36943,Some-college,10,Married-civ-spouse,Craft-repair,Husband,White,Male,0,0,40,United-States,<=50K
22,Private,335997,HS-grad,9,Never-married,Other-service,Not-in-family,Black,Male,0,0,70,United-States,<=50K
33,Private,170583,HS-grad,9,Married-civ-spouse,Craft-repair,Husband,White,Male,0,0,40,United-States,<=50K
45,Private,24185,HS-grad,9,Never-married,Transport-moving,Not-in-family,White,Male,0,0,40,United-States,<=50K
32,Private,198362,Some-college,10,Divorced,Exec-managerial,Not-in-family,White,Female,0,0,38,United-States,<=50K
29,Private,57929,Bachelors,13,Married-civ-spouse,Sales,Husband,White,Male,0,0,41,United-States,<=50K
29,State-gov,38151,Bachelors,13,Never-married,Craft-repair,Not-in-family,White,Male,0,0,40,United-States,<=50K
24,Self-emp-not-inc,171705,Assoc-acdm,12,Never-married,Craft-repair,Own-child,White,Male,0,0,40,United-States,<=50K
56,Self-emp-not-inc,162256,HS-grad,9,Widowed,Adm-clerical,Unmarried,White,Female,99999,0,40,United-States,>50K
30,State-gov,54102,11th,7,Married-civ-spouse,Transport-moving,Husband,White,Male,0,0,40,United-States,<=50K
45,Self-emp-inc,121124,Prof-school,15,Never-married,Craft-repair,Not-in-family,White,Male,0,0,50,United-States,>50K
32,Private,151053,HS-grad,9,Married-civ-spouse,Handlers-cleaners,Husband,White,Male,0,0,40,United-States,>50K
52,Private,94448,Assoc-voc,11,Married-civ-spouse,Prof-specialty,Husband,White,Male,0,0,40,United-States,<=50K
41,Private,291578,HS-grad,9,Widowed,Machine-op-inspct,Not-in-family,White,Female,0,0,40,United-States,<=50K
24,Private,141570,10th,6,Never-married,Machine-op-inspct,Not-in-family,White,Male,0,0,45,United-States,<=50K
21,Self-emp-not-inc,318082,Some-college,10,Never-married,Other-service,Own-child,White,Male,0,0,30,United-States,<=50K
25,Private,188571,7th-8th,4,Never-married,Machine-op-inspct,Other-relative,White,Female,0,0,40,Dominican-Republic,<=50K
43,Local-gov,419146,Some-college,10,Separated,Craft-repair,Not-in-family,Black,Male,0,0,40,United-States,<=50K
48,Private,162236,Bachelors,13,Divorced,Exec-managerial,Not-in-family,White,Female,0,0,50,United-States,>50K
60,Federal-gov,63526,Bachelors,13,Married-civ-spouse,Adm-clerical,Husband,Black,Male,0,0,40,United-States,>50K
47,Private,279680,10th,6,Married-civ-spouse,Craft-repair,Husband,White,Male,0,0,35,United-States,<=50K
35,Private,166549,Bachelors,13,Married-civ-spouse,Exec-managerial,Husband,White,Male,0,0,50,United-States,>50K
50,Private,466325,Bachelors,13,Married-spouse-absent,Sales,Not-in-family,White,Female,0,0,20,Germany,<=50K
42,Private,64112,Some-college,10,Divorced,Machine-op-inspct,Not-in-family,White,Female,0,0,40,United-States,<=50K
41,Private,43535,Bachelors,13,Married-civ-spouse,Transport-moving,Husband,White,Male,0,0,48,Canada,>50K
45,Private,344891,Bachelors,13,Never-married,Transport-moving,Not-in-family,White,Male,0,0,30,United-States,<=50K
41,Private,43535,Bachelors,13,Married-civ-spouse,Transport-moving,Husband,White,Male,0,0,48,Canada,>50K
23,Private,43535,HS-grad,9,Divorced,Other-service,Not-in-family,White,Female,0,0,24,United-States,<=50K
43,Self-emp-not-inc,159537,Some-college,10,Never-married,Sales,Not-in-family,White,Male,0,0,65,United-States,<=50K
38,Self-emp-not-inc,423616,HS-grad,9,Married-civ-spouse,Sales,Wife,White,Female,0,0,24,United-States,>50K
46,Private,57408,HS-grad,9,Divorced,Other-service,Not-in-family,White,Male,0,0,25,United-States,<=50K
31,Private,226525,Some-college,10,Married-civ-spouse,Craft-repair,Husband,White,Male,0,0,55,United-States,>50K
22,Private,182117,Some-college,10,Never-married,Craft-repair,Own-child,White,Male,0,0,40,United-States,<=50K
38,Private,266645,Masters,14,Married-civ-spouse,Exec-managerial,Husband,White,Male,0,0,60,United-States,>50K
43,Private,305498,Assoc-voc,11,Married-civ-spouse,Exec-managerial,Husband,White,Male,15024,0,40,United-States,>50K
25,Private,344060,HS-grad,9,Married-civ-spouse,Other-service,Husband,White,Male,0,0,50,Laos,<=50K
19,?,473836,Some-college,10,Never-married,?,Own-child,White,Female,0,0,40,United-States,<=50K
38,Private,236944,HS-grad,9,Married-civ-spouse,Craft-repair,Husband,White,Male,0,0,45,United-States,>50K
22,Federal-gov,471452,Bachelors,13,Never-married,Tech-support,Own-child,White,Male,0,0,8,United-States,<=50K
30,Private,107991,Assoc-acdm,12,Married-civ-spouse,Craft-repair,Husband,White,Male,0,0,40,United-States,<=50K
57,Private,102442,Some-college,10,Divorced,Adm-clerical,Unmarried,White,Female,0,0,40,United-States,<=50K
61,Private,87032,HS-grad,9,Widowed,Adm-clerical,Not-in-family,White,Female,0,0,40,United-States,<=50K
25,Private,109419,HS-grad,9,Never-married,Adm-clerical,Own-child,White,Female,0,0,40,United-States,<=50K
42,Private,70261,11th,7,Married-civ-spouse,Transport-moving,Husband,White,Male,0,0,45,United-States,<=50K
33,Private,172907,Assoc-voc,11,Married-civ-spouse,Craft-repair,Husband,White,Male,0,0,40,United-States,<=50K
42,Private,207937,Some-college,10,Divorced,Exec-managerial,Unmarried,White,Female,0,0,45,United-States,<=50K
36,Local-gov,410034,Bachelors,13,Married-civ-spouse,Prof-specialty,Husband,White,Male,0,1887,40,United-States,>50K
34,Private,187158,Assoc-acdm,12,Never-married,Sales,Unmarried,White,Male,0,0,50,United-States,<=50K
43,Federal-gov,202662,Bachelors,13,Married-civ-spouse,Adm-clerical,Husband,White,Male,7298,0,40,United-States,>50K
48,Private,239947,Bachelors,13,Separated,Adm-clerical,Unmarried,Asian-Pac-Islander,Female,0,0,40,Philippines,<=50K
33,Private,69311,HS-grad,9,Never-married,Handlers-cleaners,Not-in-family,White,Male,0,0,40,United-States,<=50K
54,Self-emp-not-inc,57101,HS-grad,9,Married-civ-spouse,Craft-repair,Husband,White,Male,0,0,35,United-States,<=50K
65,Local-gov,125892,Some-college,10,Divorced,Adm-clerical,Not-in-family,White,Female,0,0,28,United-States,<=50K
43,Local-gov,322799,Some-college,10,Never-married,Exec-managerial,Not-in-family,White,Female,0,0,12,United-States,<=50K
41,Private,85341,Assoc-voc,11,Divorced,Prof-specialty,Unmarried,White,Female,3887,0,40,United-States,<=50K
29,Private,185397,HS-grad,9,Divorced,Handlers-cleaners,Not-in-family,White,Male,0,0,40,United-States,<=50K
19,Private,45381,Some-college,10,Never-married,Adm-clerical,Own-child,White,Female,0,0,8,United-States,<=50K
66,Private,185325,HS-grad,9,Widowed,Sales,Other-relative,White,Female,0,0,35,United-States,<=50K
44,Private,201723,Bachelors,13,Married-civ-spouse,Exec-managerial,Husband,White,Male,15024,0,45,United-States,>50K
41,Private,131192,HS-grad,9,Divorced,Sales,Unmarried,Black,Female,0,0,38,United-States,<=50K
34,Self-emp-not-inc,203784,HS-grad,9,Married-civ-spouse,Transport-moving,Husband,White,Male,0,0,62,United-States,<=50K
33,Private,195576,HS-grad,9,Married-civ-spouse,Adm-clerical,Wife,White,Female,0,0,52,United-States,<=50K
71,Private,78277,HS-grad,9,Married-civ-spouse,Craft-repair,Husband,White,Male,0,0,15,United-States,<=50K
35,Private,209900,HS-grad,9,Married-civ-spouse,Transport-moving,Husband,White,Male,0,0,60,United-States,<=50K
53,Private,107123,HS-grad,9,Divorced,Other-service,Not-in-family,Black,Male,0,0,40,United-States,<=50K
44,Private,32172,HS-grad,9,Separated,Machine-op-inspct,Own-child,Black,Male,0,0,40,United-States,<=50K
26,?,208994,Some-college,10,Never-married,?,Own-child,White,Male,0,0,12,United-States,<=50K
20,Private,33487,Some-college,10,Never-married,Other-service,Own-child,White,Female,0,0,10,United-States,<=50K
48,Private,75785,HS-grad,9,Divorced,Transport-moving,Other-relative,White,Male,0,0,60,United-States,<=50K
51,Private,145649,Masters,14,Married-civ-spouse,Exec-managerial,Husband,White,Male,99999,0,50,?,>50K
29,Private,182926,Assoc-voc,11,Married-civ-spouse,Machine-op-inspct,Husband,White,Male,0,0,40,United-States,<=50K
55,Private,84774,HS-grad,9,Married-civ-spouse,Priv-house-serv,Wife,White,Female,0,0,30,United-States,<=50K
47,Local-gov,286750,Masters,14,Married-civ-spouse,Prof-specialty,Husband,White,Male,0,0,40,United-States,<=50K
30,Private,36270,Assoc-acdm,12,Married-civ-spouse,Sales,Husband,White,Male,0,0,40,United-States,<=50K
63,Self-emp-not-inc,299383,7th-8th,4,Married-civ-spouse,Farming-fishing,Husband,White,Male,7688,0,60,United-States,>50K
34,Private,209808,Some-college,10,Married-civ-spouse,Adm-clerical,Husband,White,Male,0,0,40,United-States,>50K
36,Private,311101,HS-grad,9,Married-civ-spouse,Machine-op-inspct,Husband,Black,Male,0,0,40,Haiti,<=50K
47,Private,227310,Some-college,10,Divorced,Adm-clerical,Unmarried,Black,Female,0,0,40,United-States,<=50K
39,Private,210982,Bachelors,13,Married-civ-spouse,Sales,Husband,White,Male,0,0,50,United-States,>50K
27,Private,162256,11th,7,Married-civ-spouse,Machine-op-inspct,Husband,White,Male,0,0,42,United-States,<=50K
53,Private,99476,HS-grad,9,Divorced,Other-service,Not-in-family,White,Female,0,0,38,United-States,<=50K
29,Private,376277,Some-college,10,Divorced,Adm-clerical,Not-in-family,White,Male,0,0,36,United-States,<=50K
52,Private,156976,HS-grad,9,Married-civ-spouse,Handlers-cleaners,Husband,White,Male,0,0,40,United-States,>50K
35,Private,209547,HS-grad,9,Married-civ-spouse,Transport-moving,Husband,White,Male,0,0,60,United-States,<=50K
42,Private,99679,HS-grad,9,Married-civ-spouse,Transport-moving,Husband,White,Male,0,0,60,United-States,>50K
27,Private,101618,HS-grad,9,Married-civ-spouse,Exec-managerial,Husband,White,Male,0,0,50,United-States,<=50K
51,Private,163212,Bachelors,13,Married-civ-spouse,Transport-moving,Husband,White,Male,0,0,56,United-States,>50K
39,Private,23580,Some-college,10,Divorced,Adm-clerical,Not-in-family,White,Female,0,0,40,United-States,<=50K
58,Private,321205,Doctorate,16,Married-civ-spouse,Prof-specialty,Husband,White,Male,0,0,50,United-States,>50K
25,Private,374524,HS-grad,9,Divorced,Adm-clerical,Not-in-family,White,Female,0,0,40,United-States,<=50K
35,Private,166416,Bachelors,13,Married-civ-spouse,Exec-managerial,Husband,White,Male,0,0,50,United-States,>50K
47,Private,147002,Some-college,10,Separated,Adm-clerical,Unmarried,White,Female,0,0,16,Germany,<=50K
32,Private,36943,HS-grad,9,Married-civ-spouse,Craft-repair,Husband,White,Male,0,0,40,United-States,<=50K
47,Private,78954,11th,7,Divorced,Sales,Unmarried,White,Female,0,0,28,United-States,<=50K
36,Private,191754,HS-grad,9,Married-civ-spouse,Craft-repair,Husband,White,Male,0,0,50,United-States,<=50K
47,Private,146497,Some-college,10,Separated,Adm-clerical,Unmarried,White,Female,0,0,16,Germany,<=50K
43,Self-emp-not-inc,160261,Some-college,10,Never-married,Sales,Not-in-family,White,Male,0,0,65,United-States,<=50K
52,Private,247162,Masters,14,Married-civ-spouse,Exec-managerial,Husband,White,Male,14344,0,50,United-States,>50K
24,Private,102258,Bachelors,13,Married-civ-spouse,Sales,Husband,White,Male,0,0,40,United-States,<=50K
52,Federal-gov,223892,Bachelors,13,Married-civ-spouse,Protective-serv,Husband,White,Male,0,0,60,United-States,>50K
38,Local-gov,156383,Some-college,10,Never-married,Protective-serv,Unmarried,Black,Female,0,0,40,United-States,<=50K
27,Private,194501,9th,5,Never-married,Other-service,Own-child,White,Male,0,0,50,Mexico,<=50K
30,Private,175878,HS-grad,9,Married-civ-spouse,Craft-repair,Husband,White,Male,0,0,42,United-States,>50K
41,Private,112763,Prof-school,15,Married-civ-spouse,Prof-specialty,Wife,White,Female,0,0,40,United-States,>50K
41,Private,112763,Prof-school,15,Married-civ-spouse,Prof-specialty,Wife,White,Female,0,0,40,United-States,>50K
38,Private,184466,HS-grad,9,Married-civ-spouse,Craft-repair,Husband,White,Male,0,1740,48,United-States,<=50K
50,Private,112873,Bachelors,13,Married-civ-spouse,Sales,Husband,White,Male,0,0,40,United-States,<=50K
49,State-gov,423222,Masters,14,Married-civ-spouse,Sales,Husband,White,Male,99999,0,80,United-States,>50K
30,Private,113129,Some-college,10,Never-married,Other-service,Not-in-family,White,Male,0,0,24,United-States,<=50K
23,Private,171598,HS-grad,9,Never-married,Sales,Unmarried,White,Female,0,0,48,United-States,<=50K
41,Private,141570,HS-grad,9,Married-spouse-absent,Adm-clerical,Unmarried,White,Female,0,0,40,United-States,<=50K
25,Private,34218,Bachelors,13,Never-married,Tech-support,Not-in-family,White,Male,0,0,40,United-States,<=50K
17,Self-emp-not-inc,365986,11th,7,Never-married,Farming-fishing,Own-child,White,Male,0,0,10,United-States,<=50K
37,State-gov,76317,Prof-school,15,Married-civ-spouse,Prof-specialty,Wife,White,Female,0,0,39,United-States,>50K
39,Private,140282,Prof-school,15,Married-civ-spouse,Prof-specialty,Husband,Asian-Pac-Islander,Male,0,0,38,India,<=50K
18,Private,319146,Some-college,10,Never-married,Sales,Own-child,White,Male,0,0,35,United-States,<=50K
27,Private,199307,Some-college,10,Never-married,Adm-clerical,Own-child,White,Female,0,0,40,Mexico,<=50K
43,Private,246687,Assoc-acdm,12,Never-married,Sales,Own-child,White,Male,0,0,40,United-States,<=50K
49,Private,187802,Masters,14,Married-civ-spouse,Exec-managerial,Husband,White,Male,1506,0,50,United-States,>50K
31,Local-gov,240255,Some-college,10,Married-civ-spouse,Protective-serv,Husband,Black,Male,0,1902,50,United-States,>50K
82,?,29441,7th-8th,4,Widowed,?,Not-in-family,White,Male,0,0,5,United-States,<=50K
27,Private,101618,HS-grad,9,Married-civ-spouse,Exec-managerial,Husband,White,Male,0,0,50,United-States,<=50K
58,Private,314092,Assoc-voc,11,Married-civ-spouse,Craft-repair,Husband,White,Male,0,1887,48,United-States,>50K
52,Self-emp-not-inc,209900,10th,6,Married-civ-spouse,Exec-managerial,Wife,Black,Female,0,0,40,United-States,<=50K
35,Private,169823,Some-college,10,Married-civ-spouse,Tech-support,Husband,White,Male,0,0,40,United-States,>50K
25,Private,339482,Bachelors,13,Never-married,Tech-support,Not-in-family,White,Male,0,0,40,United-States,<=50K
30,State-gov,61989,Some-college,10,Never-married,Prof-specialty,Not-in-family,White,Female,0,0,5,United-States,<=50K
50,Private,193746,HS-grad,9,Married-civ-spouse,Exec-managerial,Husband,White,Male,0,0,60,United-States,<=50K
35,State-gov,35626,Some-college,10,Divorced,Adm-clerical,Unmarried,White,Female,0,0,15,United-States,<=50K
27,Private,187693,HS-grad,9,Never-married,Handlers-cleaners,Own-child,White,Male,0,0,40,United-States,<=50K
47,Private,226525,Some-college,10,Divorced,Adm-clerical,Unmarried,Black,Female,0,0,40,United-States,<=50K
47,Private,139145,Some-college,10,Divorced,Adm-clerical,Not-in-family,White,Female,0,0,60,United-States,<=50K
18,Private,282304,5th-6th,3,Never-married,Handlers-cleaners,Other-relative,White,Male,0,0,30,Honduras,<=50K
43,Self-emp-not-inc,353012,HS-grad,9,Married-civ-spouse,Craft-repair,Husband,White,Male,0,0,60,United-States,<=50K
49,Private,125933,HS-grad,9,Married-civ-spouse,Sales,Husband,White,Male,0,0,40,United-States,<=50K
44,Private,151790,Assoc-acdm,12,Separated,Exec-managerial,Not-in-family,White,Male,0,0,40,United-States,<=50K
65,Private,193451,HS-grad,9,Married-civ-spouse,Sales,Husband,White,Male,9386,0,40,United-States,>50K
37,Local-gov,221532,Assoc-voc,11,Never-married,Other-service,Unmarried,Black,Female,0,0,32,United-States,<=50K
55,Private,353263,7th-8th,4,Married-civ-spouse,Transport-moving,Husband,White,Male,0,0,50,United-States,<=50K
35,State-gov,357173,Some-college,10,Divorced,Adm-clerical,Unmarried,White,Female,0,0,15,United-States,<=50K
33,Private,287988,Bachelors,13,Separated,Prof-specialty,Not-in-family,White,Female,0,0,40,United-States,<=50K
39,Private,171928,HS-grad,9,Married-civ-spouse,Other-service,Husband,White,Male,5013,0,40,United-States,<=50K
61,Private,219086,12th,8,Divorced,Protective-serv,Not-in-family,White,Male,0,0,37,Cuba,<=50K
58,Private,98630,Masters,14,Married-civ-spouse,Prof-specialty,Husband,White,Male,0,0,40,United-States,>50K
18,Self-emp-not-inc,40077,HS-grad,9,Never-married,Farming-fishing,Other-relative,White,Male,0,0,40,United-States,<=50K
21,Self-emp-not-inc,319146,Some-college,10,Never-married,Other-service,Own-child,White,Male,0,0,30,United-States,<=50K
17,Private,111772,11th,7,Never-married,Handlers-cleaners,Own-child,White,Male,0,0,12,United-States,<=50K
40,Private,120672,Bachelors,13,Married-civ-spouse,Sales,Husband,White,Male,0,0,45,United-States,<=50K
41,Private,311101,HS-grad,9,Divorced,Craft-repair,Not-in-family,White,Male,0,0,40,United-States,<=50K
77,Local-gov,181705,7th-8th,4,Widowed,Adm-clerical,Not-in-family,White,Female,0,0,40,United-States,<=50K
41,Private,192779,7th-8th,4,Married-civ-spouse,Other-service,Husband,White,Male,0,0,40,?,<=50K
65,Without-pay,272372,7th-8th,4,Widowed,Farming-fishing,Unmarried,White,Female,0,0,50,United-States,<=50K
23,Private,145389,Some-college,10,Married-civ-spouse,Sales,Wife,White,Female,0,0,40,United-States,<=50K
38,Private,76317,Assoc-voc,11,Married-civ-spouse,Exec-managerial,Husband,White,Male,0,0,55,United-States,>50K
67,Private,221532,HS-grad,9,Divorced,Adm-clerical,Not-in-family,White,Female,0,0,15,United-States,<=50K
31,Private,324629,HS-grad,9,Married-civ-spouse,Craft-repair,Husband,White,Male,0,0,40,United-States,<=50K
26,Private,86872,HS-grad,9,Married-civ-spouse,Transport-moving,Husband,White,Male,0,0,40,United-States,>50K
52,?,243631,HS-grad,9,Married-civ-spouse,?,Husband,White,Male,0,0,35,United-States,<=50K
55,Self-emp-inc,79662,HS-grad,9,Married-civ-spouse,Transport-moving,Husband,White,Male,0,0,60,United-States,<=50K
29,Private,160728,Assoc-acdm,12,Married-civ-spouse,Prof-specialty,Husband,White,Male,0,0,50,United-States,<=50K
77,Private,184456,HS-grad,9,Widowed,Craft-repair,Unmarried,White,Female,0,0,5,United-States,<=50K
70,Private,173682,HS-grad,9,Married-civ-spouse,Sales,Husband,White,Male,0,0,40,United-States,<=50K
27,Private,123991,Bachelors,13,Never-married,Sales,Not-in-family,White,Female,0,0,40,United-States,<=50K
36,Self-emp-not-inc,122493,HS-grad,9,Married-civ-spouse,Craft-repair,Husband,White,Male,0,0,47,United-States,<=50K
34,Private,199251,Masters,14,Never-married,Other-service,Not-in-family,Amer-Indian-Eskimo,Male,0,0,40,United-States,<=50K
17,Private,118681,11th,7,Never-married,Sales,Other-relative,White,Female,0,0,24,United-States,<=50K
18,Private,135924,Some-college,10,Never-married,Adm-clerical,Own-child,White,Male,0,0,40,United-States,<=50K
26,Private,322799,Bachelors,13,Never-married,Prof-specialty,Not-in-family,White,Female,0,0,45,United-States,<=50K
20,Private,393480,Some-college,10,Never-married,Farming-fishing,Not-in-family,White,Female,0,0,40,United-States,<=50K
31,Private,225890,Some-college,10,Married-civ-spouse,Craft-repair,Husband,White,Male,0,0,55,United-States,>50K
20,Private,39477,Some-college,10,Never-married,Farming-fishing,Not-in-family,White,Female,0,0,40,United-States,<=50K
32,Self-emp-not-inc,183111,Masters,14,Never-married,Prof-specialty,Not-in-family,White,Male,0,0,40,United-States,<=50K
25,Private,36943,HS-grad,9,Divorced,Adm-clerical,Not-in-family,White,Female,0,0,40,United-States,<=50K
57,Private,236391,HS-grad,9,Married-civ-spouse,Machine-op-inspct,Husband,Black,Male,0,0,40,United-States,>50K
48,Private,85341,HS-grad,9,Married-civ-spouse,Craft-repair,Husband,White,Male,0,0,40,United-States,<=50K
25,Private,183575,11th,7,Never-married,Craft-repair,Own-child,White,Male,0,0,40,United-States,<=50K
48,Self-emp-not-inc,229328,12th,8,Widowed,Sales,Unmarried,Asian-Pac-Islander,Female,0,0,40,South,<=50K
35,Self-emp-not-inc,89508,Some-college,10,Married-civ-spouse,Exec-managerial,Husband,White,Male,4064,0,60,United-States,<=50K
61,Private,149909,Some-college,10,Divorced,Other-service,Not-in-family,Black,Male,0,0,40,United-States,<=50K
77,?,231604,9th,5,Married-civ-spouse,?,Husband,Black,Male,0,0,40,United-States,<=50K
41,Federal-gov,73679,Masters,14,Never-married,Prof-specialty,Other-relative,White,Female,0,0,40,United-States,<=50K
60,Private,52537,Masters,14,Never-married,Prof-specialty,Not-in-family,White,Male,0,0,50,United-States,<=50K
26,Private,473836,7th-8th,4,Never-married,Craft-repair,Not-in-family,White,Male,0,0,40,Mexico,<=50K
66,Private,335997,HS-grad,9,Married-civ-spouse,Other-service,Husband,Black,Male,0,0,4,United-States,<=50K
29,Private,126754,Bachelors,13,Married-civ-spouse,Sales,Husband,White,Male,0,0,45,United-States,<=50K
22,Private,219086,Some-college,10,Married-civ-spouse,Sales,Husband,White,Male,0,0,55,United-States,<=50K
35,Private,161683,Assoc-voc,11,Divorced,Adm-clerical,Not-in-family,White,Female,6849,0,40,United-States,<=50K
41,Private,110732,Some-college,10,Divorced,Tech-support,Not-in-family,White,Female,0,0,40,United-States,<=50K
25,Local-gov,45474,Bachelors,13,Married-civ-spouse,Prof-specialty,Husband,White,Male,0,0,60,United-States,<=50K
44,Private,201454,Bachelors,13,Married-civ-spouse,Exec-managerial,Husband,White,Male,15024,0,45,United-States,>50K
21,?,177271,Some-college,10,Never-married,?,Own-child,White,Female,0,0,40,United-States,<=50K
33,Private,172694,Assoc-voc,11,Married-civ-spouse,Craft-repair,Husband,White,Male,0,0,40,United-States,<=50K
22,?,287480,Some-college,10,Never-married,?,Not-in-family,White,Male,0,0,15,United-States,<=50K
50,Private,194134,HS-grad,9,Married-civ-spouse,Exec-managerial,Husband,White,Male,0,0,60,United-States,<=50K
57,Private,69884,HS-grad,9,Married-civ-spouse,Sales,Husband,White,Male,0,0,40,United-States,>50K
42,Private,89226,Assoc-voc,11,Married-civ-spouse,Transport-moving,Husband,White,Male,0,0,45,United-States,>50K
33,Private,118261,HS-grad,9,Married-civ-spouse,Machine-op-inspct,Wife,White,Female,0,0,46,United-States,>50K
40,Private,215990,9th,5,Never-married,Machine-op-inspct,Unmarried,Black,Female,0,0,40,Haiti,<=50K
38,Private,397877,Bachelors,13,Married-civ-spouse,Exec-managerial,Husband,White,Male,15024,0,50,United-States,>50K
20,Private,334105,Some-college,10,Never-married,Other-service,Own-child,White,Female,0,0,10,United-States,<=50K
28,Local-gov,136277,Bachelors,13,Never-married,Adm-clerical,Not-in-family,Black,Female,4101,0,60,United-States,<=50K
50,Private,72338,Bachelors,13,Divorced,Sales,Not-in-family,White,Male,0,0,45,United-States,<=50K
35,Local-gov,116952,Masters,14,Married-civ-spouse,Prof-specialty,Husband,White,Male,0,1887,40,United-States,>50K
27,Private,128365,Bachelors,13,Never-married,Prof-specialty,Own-child,White,Male,0,0,40,United-States,<=50K
36,Private,192939,Masters,14,Married-civ-spouse,Prof-specialty,Husband,White,Male,0,1977,60,United-States,>50K
54,Private,216145,Masters,14,Married-civ-spouse,Exec-managerial,Husband,White,Male,0,1887,44,United-States,>50K
60,Private,52152,Masters,14,Never-married,Prof-specialty,Not-in-family,White,Male,0,0,50,United-States,<=50K
36,Private,67243,HS-grad,9,Married-civ-spouse,Sales,Husband,White,Male,0,0,50,United-States,<=50K
34,State-gov,240842,HS-grad,9,Divorced,Transport-moving,Unmarried,White,Female,0,0,40,United-States,<=50K
46,Private,220269,Some-college,10,Married-civ-spouse,Tech-support,Husband,White,Male,0,0,40,United-States,>50K
35,Private,261504,HS-grad,9,Married-spouse-absent,Transport-moving,Other-relative,White,Female,0,0,40,Dominican-Republic,<=50K
32,Private,198362,Some-college,10,Divorced,Exec-managerial,Not-in-family,White,Female,0,0,38,United-States,<=50K
82,Self-emp-not-inc,181912,HS-grad,9,Divorced,Exec-managerial,Not-in-family,White,Male,0,0,12,United-States,<=50K
27,Local-gov,191202,HS-grad,9,Never-married,Other-service,Own-child,White,Male,0,0,45,United-States,<=50K
34,Private,118584,Bachelors,13,Never-married,Exec-managerial,Not-in-family,White,Female,0,0,40,United-States,<=50K
61,Private,57408,Bachelors,13,Divorced,Adm-clerical,Not-in-family,White,Female,0,0,35,United-States,<=50K
36,Private,166416,Bachelors,13,Divorced,Adm-clerical,Not-in-family,White,Male,0,0,55,United-States,>50K
20,Private,342906,Some-college,10,Never-married,Transport-moving,Own-child,White,Male,0,0,24,United-States,<=50K
56,Private,133861,HS-grad,9,Married-civ-spouse,Transport-moving,Husband,White,Male,0,0,50,United-States,<=50K
28,Private,33678,Bachelors,13,Never-married,Sales,Not-in-family,White,Male,0,0,45,United-States,<=50K
71,Private,244395,7th-8th,4,Married-civ-spouse,Transport-moving,Husband,White,Male,6514,0,40,United-States,>50K
23,Private,180195,Assoc-voc,11,Never-married,Adm-clerical,Own-child,White,Female,0,0,40,United-States,<=50K
44,Private,428030,HS-grad,9,Married-civ-spouse,Farming-fishing,Husband,White,Male,0,0,70,United-States,<=50K
31,Private,363130,Some-college,10,Married-civ-spouse,Exec-managerial,Husband,Black,Male,0,0,40,United-States,>50K
40,Private,100292,HS-grad,9,Married-civ-spouse,Sales,Husband,White,Male,0,0,52,United-States,>50K
28,Private,496743,HS-grad,9,Never-married,Adm-clerical,Not-in-family,White,Female,0,0,40,United-States,<=50K
39,Federal-gov,257175,Bachelors,13,Divorced,Tech-support,Unmarried,Black,Female,0,625,40,United-States,<=50K
41,Private,289669,HS-grad,9,Widowed,Machine-op-inspct,Not-in-family,White,Female,0,0,40,United-States,<=50K
49,State-gov,423222,Masters,14,Married-civ-spouse,Sales,Husband,White,Male,99999,0,80,United-States,>50K
35,Private,169982,Some-college,10,Married-civ-spouse,Tech-support,Husband,White,Male,0,0,40,United-States,>50K
35,Private,215251,Some-college,10,Divorced,Adm-clerical,Not-in-family,White,Female,0,0,45,United-States,<=50K
45,Local-gov,234195,HS-grad,9,Divorced,Adm-clerical,Unmarried,White,Female,0,0,35,United-States,<=50K
73,Private,187581,Some-college,10,Married-civ-spouse,Protective-serv,Husband,White,Male,0,0,40,United-States,<=50K
18,Self-emp-not-inc,40293,HS-grad,9,Never-married,Farming-fishing,Other-relative,White,Male,0,0,40,United-States,<=50K
39,Private,318082,HS-grad,9,Never-married,Adm-clerical,Unmarried,Black,Female,0,0,40,United-States,<=50K
39,State-gov,112820,HS-grad,9,Married-civ-spouse,Protective-serv,Other-relative,White,Female,0,0,40,United-States,<=50K
30,Private,147430,HS-grad,9,Married-spouse-absent,Adm-clerical,Not-in-family,White,Female,0,0,40,United-States,<=50K
26,Self-emp-not-inc,331861,Bachelors,13,Never-married,Sales,Not-in-family,White,Male,0,0,60,United-States,>50K
58,Private,319146,Doctorate,16,Married-civ-spouse,Prof-specialty,Husband,White,Male,0,0,50,United-States,>50K
52,Private,329530,Some-college,10,Never-married,Exec-managerial,Not-in-family,White,Male,0,0,40,United-States,<=50K
27,Private,96219,Bachelors,13,Never-married,Adm-clerical,Not-in-family,White,Female,0,0,45,United-States,<=50K
40,Local-gov,326342,Masters,14,Married-civ-spouse,Exec-managerial,Husband,White,Male,0,0,35,United-States,>50K
32,State-gov,71151,Bachelors,13,Married-civ-spouse,Tech-support,Husband,White,Male,0,0,20,United-States,<=50K
31,Private,281025,Some-college,10,Married-civ-spouse,Handlers-cleaners,Husband,White,Male,0,0,45,United-States,<=50K
31,Private,232894,HS-grad,9,Never-married,Handlers-cleaners,Not-in-family,White,Male,0,0,60,United-States,<=50K
34,Private,118584,Assoc-acdm,12,Married-civ-spouse,Prof-specialty,Husband,White,Male,0,0,55,United-States,<=50K
30,Private,171598,Bachelors,13,Married-spouse-absent,Sales,Not-in-family,White,Female,0,0,50,United-States,<=50K
58,Private,98630,Masters,14,Married-civ-spouse,Prof-specialty,Husband,White,Male,0,0,40,United-States,>50K
52,Private,32954,Some-college,10,Never-married,Exec-managerial,Not-in-family,White,Male,0,0,40,United-States,<=50K
22,?,376277,Some-college,10,Divorced,?,Not-in-family,White,Female,0,0,35,United-States,<=50K
31,Local-gov,240810,Some-college,10,Married-civ-spouse,Protective-serv,Husband,Black,Male,0,1902,50,United-States,>50K
41,Private,173584,Bachelors,13,Separated,Sales,Unmarried,White,Female,0,0,30,United-States,<=50K
18,Private,37546,10th,6,Never-married,Transport-moving,Not-in-family,White,Male,0,0,56,United-States,<=50K
30,Private,170915,Bachelors,13,Married-spouse-absent,Sales,Not-in-family,White,Female,0,0,50,United-States,<=50K
59,Self-emp-inc,170195,Some-college,10,Married-civ-spouse,Exec-managerial,Husband,White,Male,15024,0,60,United-States,>50K
32,Private,413760,12th,8,Married-civ-spouse,Sales,Husband,White,Male,0,0,40,United-States,>50K
27,?,330132,HS-grad,9,Never-married,?,Not-in-family,White,Female,0,0,25,United-States,<=50K
39,Private,214303,HS-grad,9,Separated,Other-service,Not-in-family,White,Female,0,0,40,El-Salvador,<=50K
17,Private,272185,11th,7,Never-married,Adm-clerical,Own-child,White,Female,0,0,7,United-States,<=50K
45,Private,147755,Some-college,10,Divorced,Craft-repair,Not-in-family,White,Male,0,0,50,United-States,<=50K
41,Private,192381,7th-8th,4,Married-civ-spouse,Other-service,Husband,White,Male,0,0,40,?,<=50K
32,Private,419146,12th,8,Married-civ-spouse,Sales,Husband,White,Male,0,0,40,United-States,>50K
53,Private,121441,Some-college,10,Married-civ-spouse,Sales,Husband,White,Male,0,0,55,United-States,<=50K
47,Private,158420,HS-grad,9,Married-civ-spouse,Tech-support,Wife,White,Female,0,0,40,United-States,<=50K
32,Private,176969,HS-grad,9,Never-married,Craft-repair,Own-child,White,Male,0,0,40,United-States,<=50K
39,Self-emp-not-inc,339029,Bachelors,13,Married-civ-spouse,Exec-managerial,Husband,White,Male,0,0,50,United-States,<=50K
37,Private,199307,Some-college,10,Married-civ-spouse,Other-service,Wife,White,Female,0,0,40,United-States,<=50K
50,Self-emp-inc,23580,Assoc-acdm,12,Married-civ-spouse,Prof-specialty,Husband,White,Male,0,0,48,United-States,>50K
33,Private,213813,Some-college,10,Divorced,Tech-support,Unmarried,White,Female,0,0,40,United-States,<=50K
36,Private,250034,1st-4th,2,Never-married,Other-service,Other-relative,Other,Female,0,0,40,El-Salvador,<=50K
53,Private,346754,Some-college,10,Married-civ-spouse,Exec-managerial,Wife,White,Female,0,0,40,United-States,>50K
40,Private,231604,HS-grad,9,Married-civ-spouse,Craft-repair,Husband,White,Male,0,0,40,United-States,<=50K
36,Private,161155,HS-grad,9,Married-civ-spouse,Machine-op-inspct,Husband,White,Male,0,0,60,United-States,<=50K
51,Local-gov,146244,Doctorate,16,Married-civ-spouse,Prof-specialty,Husband,White,Male,0,1887,40,United-States,>50K
29,Private,149620,HS-grad,9,Married-civ-spouse,Farming-fishing,Husband,White,Male,0,0,60,United-States,<=50K
55,Self-emp-not-inc,204742,HS-grad,9,Married-civ-spouse,Sales,Husband,White,Male,0,0,35,United-States,<=50K
42,Private,54878,Some-college,10,Divorced,Farming-fishing,Not-in-family,White,Male,0,0,40,United-States,<=50K
40,Private,181200,Masters,14,Married-civ-spouse,Exec-managerial,Husband,White,Male,0,0,50,United-States,>50K
34,Private,350103,HS-grad,9,Never-married,Handlers-cleaners,Not-in-family,White,Male,0,0,60,United-States,<=50K
34,Private,354558,Bachelors,13,Married-civ-spouse,Sales,Husband,White,Male,0,0,40,United-States,<=50K
25,Private,110164,HS-grad,9,Never-married,Adm-clerical,Own-child,White,Female,0,0,40,United-States,<=50K
22,Private,286750,Bachelors,13,Never-married,Exec-managerial,Own-child,White,Male,0,0,45,United-States,<=50K
32,Private,155057,HS-grad,9,Separated,Prof-specialty,Not-in-family,White,Male,0,0,55,United-States,<=50K
22,Private,220603,Some-college,10,Married-civ-spouse,Sales,Husband,White,Male,0,0,55,United-States,<=50K
22,Private,150057,Some-college,10,Never-married,Adm-clerical,Own-child,White,Female,0,0,20,United-States,<=50K
30,Private,391874,Assoc-acdm,12,Married-spouse-absent,Sales,Not-in-family,Black,Female,0,0,40,United-States,<=50K
53,Private,194134,11th,7,Widowed,Other-service,Own-child,White,Female,0,0,47,United-States,<=50K
20,Private,217235,Some-college,10,Never-married,Sales,Own-child,White,Male,0,0,30,?,<=50K
43,Self-emp-inc,240810,Some-college,10,Married-civ-spouse,Exec-managerial,Husband,White,Male,0,0,70,United-States,>50K
57,Private,296152,Some-college,10,Divorced,Exec-managerial,Other-relative,White,Female,594,0,10,United-States,<=50K
27,Private,69757,Some-college,10,Never-married,Adm-clerical,Not-in-family,White,Female,0,0,60,United-States,<=50K
26,Private,431513,11th,7,Separated,Other-service,Unmarried,Black,Male,0,0,40,United-States,<=50K
34,Private,200681,HS-grad,9,Separated,Transport-moving,Own-child,White,Male,0,0,25,Columbia,<=50K
57,Private,237691,HS-grad,9,Married-civ-spouse,Machine-op-inspct,Husband,Black,Male,0,0,40,United-States,>50K
28,Private,632733,Masters,14,Married-civ-spouse,Sales,Husband,White,Male,0,0,60,United-States,>50K
55,Private,96415,HS-grad,9,Widowed,Other-service,Unmarried,Black,Female,0,0,35,United-States,<=50K
39,Private,108943,11th,7,Divorced,Other-service,Unmarried,White,Female,0,0,40,United-States,<=50K
20,Private,91733,Some-college,10,Never-married,Sales,Own-child,White,Female,0,0,8,United-States,<=50K
43,Self-emp-not-inc,64112,Some-college,10,Married-civ-spouse,Farming-fishing,Husband,White,Male,0,0,50,United-States,<=50K
41,Private,173938,Assoc-voc,11,Married-civ-spouse,Craft-repair,Husband,White,Male,0,0,43,United-States,>50K
33,Private,359808,HS-grad,9,Married-civ-spouse,Craft-repair,Husband,White,Male,0,0,40,United-States,<=50K
49,State-gov,175109,Some-college,10,Married-civ-spouse,Prof-specialty,Husband,White,Male,0,0,50,United-States,>50K
46,Local-gov,359327,Some-college,10,Divorced,Adm-clerical,Unmarried,White,Female,0,0,45,United-States,<=50K
54,Private,103580,Assoc-acdm,12,Divorced,Exec-managerial,Unmarried,White,Female,0,0,55,United-States,>50K
39,Private,211938,Bachelors,13,Married-civ-spouse,Sales,Husband,White,Male,0,0,50,United-States,>50K
54,Private,221281,HS-grad,9,Widowed,Other-service,Unmarried,Asian-Pac-Islander,Female,0,0,40,Philippines,<=50K
33,Private,152591,Some-college,10,Divorced,Exec-managerial,Own-child,White,Female,0,0,40,United-States,<=50K
27,Local-gov,209109,Masters,14,Never-married,Prof-specialty,Own-child,White,Male,0,0,35,United-States,<=50K
57,Self-emp-not-inc,272792,Bachelors,13,Married-civ-spouse,Sales,Husband,White,Male,0,0,10,United-States,<=50K
61,Private,225263,Bachelors,13,Married-civ-spouse,Exec-managerial,Wife,White,Female,0,0,30,United-States,>50K
30,Private,181705,HS-grad,9,Divorced,Machine-op-inspct,Not-in-family,White,Male,0,0,40,United-States,<=50K
20,Private,367240,Some-college,10,Never-married,Other-service,Own-child,White,Female,0,0,20,United-States,<=50K
18,Private,374969,10th,6,Never-married,Transport-moving,Not-in-family,White,Male,0,0,56,United-States,<=50K
25,Private,180195,HS-grad,9,Never-married,Craft-repair,Not-in-family,White,Male,0,0,75,United-States,<=50K
51,Private,163212,Bachelors,13,Married-civ-spouse,Transport-moving,Husband,White,Male,0,0,56,United-States,>50K
38,Private,236944,HS-grad,9,Married-civ-spouse,Craft-repair,Husband,White,Male,0,0,45,United-States,>50K
39,Private,392518,HS-grad,9,Separated,Handlers-cleaners,Not-in-family,Black,Male,0,0,40,United-States,<=50K
57,Private,238255,HS-grad,9,Married-civ-spouse,Other-service,Husband,White,Male,0,0,40,Laos,<=50K
34,State-gov,240504,HS-grad,9,Divorced,Transport-moving,Unmarried,White,Female,0,0,40,United-States,<=50K
53,State-gov,197176,Masters,14,Married-civ-spouse,Exec-managerial,Husband,White,Male,0,0,70,United-States,>50K
30,Private,107991,Assoc-acdm,12,Married-civ-spouse,Craft-repair,Husband,White,Male,0,0,40,United-States,<=50K
53,Private,346754,Some-college,10,Married-civ-spouse,Exec-managerial,Wife,White,Female,0,0,40,United-States,>50K
69,Private,102874,HS-grad,9,Widowed,Adm-clerical,Not-in-family,White,Female,0,0,24,United-States,<=50K
36,Private,311101,HS-grad,9,Married-civ-spouse,Machine-op-inspct,Husband,Black,Male,0,0,40,Haiti,<=50K
50,Self-emp-inc,249644,HS-grad,9,Married-civ-spouse,Exec-managerial,Husband,White,Male,0,0,50,United-States,>50K
52,Private,202115,HS-grad,9,Married-civ-spouse,Other-service,Wife,White,Female,0,0,25,United-States,<=50K
18,Private,210714,HS-grad,9,Never-married,Sales,Own-child,White,Female,0,0,20,United-States,<=50K
36,Private,191807,HS-grad,9,Divorced,Craft-repair,Not-in-family,White,Male,0,0,75,United-States,<=50K
41,Private,173682,Assoc-voc,11,Married-civ-spouse,Craft-repair,Husband,White,Male,0,0,43,United-States,>50K
56,Federal-gov,156842,Some-college,10,Separated,Other-service,Not-in-family,Black,Male,0,0,40,United-States,<=50K
25,Private,368700,Assoc-acdm,12,Divorced,Other-service,Not-in-family,White,Female,0,0,32,United-States,<=50K
40,Private,212582,10th,6,Never-married,Transport-moving,Not-in-family,White,Male,0,0,40,United-States,<=50K
60,Private,206129,HS-grad,9,Separated,Other-service,Not-in-family,White,Female,0,0,25,United-States,<=50K
63,Self-emp-inc,165505,HS-grad,9,Married-civ-spouse,Exec-managerial,Husband,White,Male,0,0,40,United-States,<=50K
32,Private,153264,HS-grad,9,Separated,Prof-specialty,Not-in-family,White,Male,0,0,55,United-States,<=50K
26,Private,321865,Bachelors,13,Never-married,Prof-specialty,Not-in-family,White,Female,0,0,45,United-States,<=50K
42,Private,293926,Some-college,10,Divorced,Machine-op-inspct,Not-in-family,White,Female,0,0,40,United-States,<=50K
30,Private,113129,Some-college,10,Never-married,Other-service,Not-in-family,White,Male,0,0,24,United-States,<=50K
32,Private,423222,12th,8,Married-civ-spouse,Sales,Husband,White,Male,0,0,40,United-States,>50K
46,Local-gov,36943,Some-college,10,Married-civ-spouse,Craft-repair,Husband,Black,Male,0,0,40,United-States,>50K
55,Private,84817,HS-grad,9,Married-civ-spouse,Priv-house-serv,Wife,White,Female,0,0,30,United-States,<=50K
56,Self-emp-not-inc,186191,11th,7,Widowed,Other-service,Unmarried,White,Female,0,0,50,United-States,<=50K
26,Private,430195,11th,7,Separated,Other-service,Unmarried,Black,Male,0,0,40,United-States,<=50K
31,Private,254148,Bachelors,13,Divorced,Exec-managerial,Unmarried,White,Female,0,0,40,United-States,<=50K
46,Private,220748,Some-college,10,Married-civ-spouse,Tech-support,Husband,White,Male,0,0,40,United-States,>50K
46,State-gov,102628,Masters,14,Widowed,Protective-serv,Unmarried,White,Male,0,0,40,United-States,<=50K
20,Private,328301,Some-college,10,Never-married,Machine-op-inspct,Not-in-family,White,Female,0,0,40,United-States,<=50K
25,Private,180532,HS-grad,9,Never-married,Craft-repair,Not-in-family,White,Male,0,0,75,United-States,<=50K
49,Private,27187,HS-grad,9,Married-civ-spouse,Exec-managerial,Husband,White,Male,0,0,72,United-States,<=50K
63,Local-gov,214387,Bachelors,13,Married-civ-spouse,Transport-moving,Husband,White,Male,0,0,40,Cuba,<=50K
39,Self-emp-not-inc,188507,Assoc-voc,11,Married-civ-spouse,Farming-fishing,Husband,White,Male,0,0,60,United-States,<=50K
53,Private,99476,HS-grad,9,Divorced,Other-service,Not-in-family,White,Female,0,0,38,United-States,<=50K
31,Private,181372,HS-grad,9,Divorced,Adm-clerical,Unmarried,White,Female,0,0,35,United-States,<=50K
28,?,174666,10th,6,Separated,?,Not-in-family,White,Male,0,0,80,United-States,<=50K
20,Private,332689,Some-college,10,Never-married,Other-service,Own-child,White,Female,0,0,10,United-States,<=50K
38,Private,229414,Bachelors,13,Never-married,Exec-managerial,Not-in-family,Black,Male,13550,0,40,United-States,>50K
39,Private,237691,HS-grad,9,Divorced,Adm-clerical,Unmarried,White,Female,0,0,40,United-States,<=50K
50,Local-gov,282313,HS-grad,9,Married-civ-spouse,Machine-op-inspct,Husband,White,Male,4101,0,48,United-States,>50K
32,Private,155193,HS-grad,9,Separated,Prof-specialty,Not-in-family,White,Male,0,0,55,United-States,<=50K
34,Private,157887,Bachelors,13,Married-civ-spouse,Exec-managerial,Husband,White,Male,0,0,70,United-States,<=50K
36,Private,275967,Assoc-acdm,12,Never-married,Tech-support,Unmarried,White,Female,0,0,45,United-States,<=50K
27,Private,101618,HS-grad,9,Married-civ-spouse,Exec-managerial,Husband,White,Male,0,0,50,United-States,<=50K
45,Private,194097,Assoc-voc,11,Never-married,Other-service,Unmarried,White,Female,0,0,40,Mexico,<=50K
31,Private,279680,Some-college,10,Married-civ-spouse,Handlers-cleaners,Husband,White,Male,0,0,45,United-States,<=50K
45,Private,105381,Some-college,10,Divorced,Machine-op-inspct,Not-in-family,White,Female,0,0,40,United-States,<=50K
25,Private,255486,11th,7,Married-civ-spouse,Transport-moving,Husband,White,Male,0,0,40,United-States,<=50K
29,State-gov,380922,Bachelors,13,Never-married,Craft-repair,Not-in-family,White,Male,0,0,40,United-States,<=50K
18,Private,231141,Some-college,10,Never-married,Other-service,Own-child,White,Male,0,0,30,United-States,<=50K
35,Private,169982,Some-college,10,Married-civ-spouse,Tech-support,Husband,White,Male,0,0,40,United-States,>50K
25,Private,37088,Assoc-acdm,12,Divorced,Other-service,Not-in-family,White,Female,0,0,32,United-States,<=50K
73,Local-gov,232871,7th-8th,4,Married-civ-spouse,Protective-serv,Husband,White,Male,2228,0,10,United-States,<=50K
34,Private,200401,HS-grad,9,Separated,Transport-moving,Own-child,White,Male,0,0,25,Columbia,<=50K
38,Private,266860,Masters,14,Married-civ-spouse,Exec-managerial,Husband,White,Male,0,0,60,United-States,>50K
36,Private,358682,Bachelors,13,Never-married,Exec-managerial,Other-relative,White,Male,0,0,50,?,<=50K
30,Private,168138,HS-grad,9,Never-married,Sales,Unmarried,White,Female,0,0,35,Mexico,<=50K
23,State-gov,61270,5th-6th,3,Never-married,Transport-moving,Not-in-family,White,Male,0,0,35,United-States,<=50K
20,Private,32954,9th,5,Never-married,Priv-house-serv,Own-child,White,Male,0,0,40,Mexico,<=50K
38,Local-gov,169104,Bachelors,13,Married-civ-spouse,Protective-serv,Husband,Asian-Pac-Islander,Male,0,0,40,Philippines,>50K
43,Local-gov,175109,Some-college,10,Married-civ-spouse,Other-service,Husband,White,Male,0,0,40,United-States,<=50K
43,Federal-gov,204742,Bachelors,13,Married-civ-spouse,Adm-clerical,Husband,White,Male,7298,0,40,United-States,>50K
30,Private,54318,HS-grad,9,Married-civ-spouse,Sales,Husband,White,Male,0,0,55,United-States,<=50K
19,?,48597,Some-college,10,Never-married,?,Own-child,White,Female,0,0,40,United-States,<=50K
39,Self-emp-not-inc,188588,Assoc-voc,11,Married-civ-spouse,Farming-fishing,Husband,White,Male,0,0,60,United-States,<=50K
34,Private,112873,HS-grad,9,Separated,Handlers-cleaners,Not-in-family,White,Male,2228,0,40,United-States,<=50K
61,Local-gov,152744,HS-grad,9,Widowed,Tech-support,Not-in-family,White,Female,0,0,40,United-States,<=50K
60,Federal-gov,63526,Bachelors,13,Married-civ-spouse,Adm-clerical,Husband,Black,Male,0,0,40,United-States,>50K
61,Private,177287,HS-grad,9,Married-civ-spouse,Machine-op-inspct,Husband,White,Male,0,0,40,United-States,<=50K
63,Self-emp-inc,165505,HS-grad,9,Married-civ-spouse,Exec-managerial,Husband,White,Male,0,0,40,United-States,<=50K
19,Private,119529,Some-college,10,Never-married,Other-service,Own-child,White,Female,0,0,15,United-States,<=50K
34,Self-emp-not-inc,119721,7th-8th,4,Never-married,Handlers-cleaners,Unmarried,Black,Male,0,0,10,United-States,<=50K
29,Private,281315,HS-grad,9,Married-civ-spouse,Craft-repair,Husband,White,Male,0,0,40,United-States,<=50K
33,Local-gov,302836,HS-grad,9,Never-married,Other-service,Not-in-family,Black,Male,0,0,40,United-States,<=50K
20,Private,363130,Some-college,10,Never-married,Other-service,Own-child,White,Female,0,0,20,United-States,<=50K
27,Local-gov,199539,HS-grad,9,Married-civ-spouse,Adm-clerical,Husband,White,Male,0,0,38,United-States,<=50K
23,Private,272372,Assoc-voc,11,Never-married,Craft-repair,Own-child,White,Male,0,0,33,United-States,<=50K
23,Private,202115,Bachelors,13,Never-married,Prof-specialty,Not-in-family,White,Female,0,0,40,United-States,<=50K
26,?,208994,Some-college,10,Never-married,?,Own-child,White,Male,0,0,12,United-States,<=50K
23,Self-emp-not-inc,189240,HS-grad,9,Married-civ-spouse,Handlers-cleaners,Own-child,White,Male,0,0,40,United-States,<=50K
41,Federal-gov,73070,Masters,14,Never-married,Prof-specialty,Other-relative,White,Female,0,0,40,United-States,<=50K
48,Private,193898,10th,6,Married-civ-spouse,Machine-op-inspct,Husband,White,Male,0,0,40,United-States,<=50K
36,Self-emp-not-inc,350103,HS-grad,9,Married-civ-spouse,Craft-repair,Husband,White,Male,0,0,40,United-States,<=50K
32,Federal-gov,90653,HS-grad,9,Never-married,Exec-managerial,Unmarried,White,Female,0,1380,40,United-States,<=50K
22,Private,218407,Some-college,10,Married-civ-spouse,Sales,Husband,White,Male,0,0,55,United-States,<=50K
20,Private,230039,HS-grad,9,Never-married,Machine-op-inspct,Own-child,White,Female,0,0,30,United-States,<=50K
41,Private,169823,Prof-school,15,Married-civ-spouse,Prof-specialty,Husband,White,Male,0,0,46,United-States,>50K
21,State-gov,151584,Some-college,10,Never-married,Adm-clerical,Own-child,White,Female,0,0,30,United-States,<=50K
28,Private,206974,Bachelors,13,Married-civ-spouse,Sales,Husband,White,Male,7298,0,42,United-States,>50K
20,Private,365986,Some-college,10,Never-married,Other-service,Own-child,White,Female,0,0,20,United-States,<=50K
47,Private,188507,HS-grad,9,Married-civ-spouse,Transport-moving,Husband,White,Male,0,0,25,United-States,<=50K
63,Private,161563,HS-grad,9,Married-civ-spouse,Craft-repair,Husband,White,Male,0,0,48,United-States,<=50K
27,?,329530,HS-grad,9,Never-married,?,Not-in-family,White,Female,0,0,25,United-States,<=50K
25,Private,344804,HS-grad,9,Married-civ-spouse,Other-service,Husband,White,Male,0,0,50,Mexico,<=50K
35,Private,144608,HS-grad,9,Married-civ-spouse,Machine-op-inspct,Husband,White,Male,0,0,40,United-States,<=50K
58,Private,318082,Doctorate,16,Married-civ-spouse,Prof-specialty,Husband,White,Male,0,0,50,United-States,>50K
37,Private,126613,Masters,14,Married-civ-spouse,Exec-managerial,Husband,White,Male,0,1977,40,United-States,>50K
49,Private,144396,11th,7,Divorced,Exec-managerial,Not-in-family,White,Female,0,0,38,United-States,<=50K
47,Local-gov,140782,Some-college,10,Married-civ-spouse,Protective-serv,Husband,White,Male,0,0,40,United-States,>50K
82,Self-emp-not-inc,181372,HS-grad,9,Divorced,Exec-managerial,Not-in-family,White,Male,0,0,12,United-States,<=50K
44,Private,45093,HS-grad,9,Married-civ-spouse,Farming-fishing,Husband,White,Male,0,0,70,United-States,<=50K
31,Private,226525,Some-college,10,Married-civ-spouse,Craft-repair,Husband,White,Male,0,0,55,United-States,>50K
38,Local-gov,169823,Bachelors,13,Married-civ-spouse,Protective-serv,Husband,Asian-Pac-Islander,Male,0,0,40,Philippines,>50K
35,Private,185336,Bachelors,13,Married-civ-spouse,Prof-specialty,Husband,White,Male,0,0,50,United-States,>50K
45,Private,101656,10th,6,Never-married,Machine-op-inspct,Not-in-family,Asian-Pac-Islander,Male,0,0,40,Vietnam,<=50K
25,Self-emp-not-inc,113436,Some-college,10,Never-married,Craft-repair,Unmarried,White,Male,0,0,35,United-States,<=50K
54,Private,191202,HS-grad,9,Married-civ-spouse,Sales,Husband,White,Male,0,0,40,United-States,<=50K
33,Private,172694,Assoc-voc,11,Married-civ-spouse,Craft-repair,Husband,White,Male,0,0,40,United-States,<=50K
41,Private,263970,HS-grad,9,Divorced,Adm-clerical,Unmarried,White,Female,0,0,45,United-States,<=50K
27,State-gov,55395,Bachelors,13,Married-civ-spouse,Protective-serv,Wife,Black,Female,0,0,48,United-States,<=50K
36,Self-emp-not-inc,36270,HS-grad,9,Divorced,Transport-moving,Not-in-family,White,Male,0,0,60,United-States,<=50K
46,Private,72619,Some-college,10,Married-civ-spouse,Exec-managerial,Wife,White,Female,0,0,40,United-States,>50K
23,Private,285004,Bachelors,13,Never-married,Sales,Not-in-family,Asian-Pac-Islander,Male,0,0,50,Taiwan,<=50K
43,Self-emp-inc,209205,Prof-school,15,Married-civ-spouse,Prof-specialty,Husband,White,Male,0,0,25,United-States,>50K
36,Private,172186,HS-grad,9,Married-civ-spouse,Sales,Husband,White,Male,0,0,45,United-States,<=50K
52,Private,329530,Some-college,10,Never-married,Exec-managerial,Not-in-family,White,Male,0,0,40,United-States,<=50K
19,Private,69311,HS-grad,9,Never-married,Handlers-cleaners,Own-child,White,Male,0,0,30,United-States,<=50K
24,Private,207513,Bachelors,13,Never-married,Adm-clerical,Own-child,White,Female,0,0,40,United-States,<=50K
20,Private,32954,9th,5,Never-married,Priv-house-serv,Own-child,White,Male,0,0,40,Mexico,<=50K
43,Self-emp-inc,209109,Prof-school,15,Married-civ-spouse,Prof-specialty,Husband,White,Male,0,0,25,United-States,>50K
31,Private,240255,HS-grad,9,Never-married,Handlers-cleaners,Not-in-family,White,Male,0,0,60,United-States,<=50K
51,Private,106698,Bachelors,13,Married-civ-spouse,Exec-managerial,Husband,White,Male,5178,0,60,United-States,>50K
47,Local-gov,185846,Some-college,10,Divorced,Adm-clerical,Unmarried,White,Female,0,0,38,Mexico,<=50K
44,Private,201928,Bachelors,13,Married-civ-spouse,Exec-managerial,Husband,White,Male,14344,0,45,United-States,>50K
34,Private,112820,HS-grad,9,Separated,Handlers-cleaners,Not-in-family,White,Male,2463,0,40,United-States,<=50K
46,Private,403911,HS-grad,9,Married-civ-spouse,Craft-repair,Husband,Black,Male,0,1902,40,United-States,>50K
44,Local-gov,157273,Masters,14,Divorced,Prof-specialty,Not-in-family,White,Female,0,0,50,United-States,>50K
39,Private,239708,HS-grad,9,Divorced,Adm-clerical,Unmarried,White,Female,0,0,40,United-States,<=50K
28,Private,508548,Masters,14,Married-civ-spouse,Prof-specialty,Husband,White,Male,0,0,60,United-States,<=50K
20,Private,393691,Some-college,10,Never-married,Farming-fishing,Not-in-family,White,Female,0,0,40,United-States,<=50K
28,Local-gov,135567,Bachelors,13,Never-married,Adm-clerical,Not-in-family,Black,Female,4101,0,60,United-States,<=50K
29,Private,168212,Masters,14,Never-married,Sales,Not-in-family,White,Male,0,0,40,United-States,<=50K
21,Private,195813,Some-college,10,Never-married,Other-service,Own-child,White,Female,0,0,35,United-States,<=50K
23,Private,24274,HS-grad,9,Never-married,Other-service,Not-in-family,White,Female,0,0,30,United-States,<=50K
30,Private,142717,Bachelors,13,Married-civ-spouse,Prof-specialty,Husband,White,Male,0,0,40,United-States,>50K
27,State-gov,54929,Bachelors,13,Married-civ-spouse,Protective-serv,Wife,Black,Female,0,0,48,United-States,<=50K
39,Private,107991,Some-college,10,Married-civ-spouse,Exec-managerial,Husband,White,Male,0,0,45,United-States,>50K
25,Private,109419,HS-grad,9,Never-married,Adm-clerical,Own-child,White,Female,0,0,40,United-States,<=50K
30,Private,39477,Assoc-acdm,12,Married-spouse-absent,Sales,Not-in-family,Black,Female,0,0,40,United-States,<=50K
45,Private,194097,Assoc-voc,11,Never-married,Other-service,Unmarried,White,Female,0,0,40,Mexico,<=50K
39,Self-emp-not-inc,83242,Some-college,10,Married-civ-spouse,Farming-fishing,Husband,White,Male,0,0,60,United-States,<=50K
33,Private,214068,Some-college,10,Divorced,Tech-support,Unmarried,White,Female,0,0,40,United-States,<=50K
49,Private,93557,HS-grad,9,Married-civ-spouse,Exec-managerial,Husband,White,Male,0,0,48,United-States,>50K
52,State-gov,190023,HS-grad,9,Separated,Other-service,Not-in-family,White,Female,0,0,35,United-States,<=50K
32,Private,72393,HS-grad,9,Married-civ-spouse,Craft-repair,Husband,White,Male,0,0,40,United-States,<=50K
18,Private,229414,Some-college,10,Never-married,Other-service,Own-child,White,Male,0,0,30,United-States,<=50K
49,Private,144396,11th,7,Divorced,Exec-managerial,Not-in-family,White,Female,0,0,38,United-States,<=50K
27,Private,423616,Bachelors,13,Never-married,Craft-repair,Not-in-family,White,Male,0,0,50,United-States,<=50K
31,Private,376277,Bachelors,13,Never-married,Prof-specialty,Not-in-family,White,Female,0,0,40,United-States,<=50K
53,Private,99476,HS-grad,9,Divorced,Other-service,Not-in-family,White,Female,0,0,38,United-States,<=50K
43,Federal-gov,145175,Bachelors,13,Married-civ-spouse,Adm-clerical,Husband,White,Male,0,0,42,United-States,>50K
51,Private,163921,Bachelors,13,Married-civ-spouse,Transport-moving,Husband,White,Male,0,0,56,United-States,>50K
26,Federal-gov,172129,Assoc-voc,11,Never-married,Craft-repair,Own-child,White,Male,0,0,50,Japan,<=50K
27,Private,188195,HS-grad,9,Never-married,Handlers-cleaners,Own-child,White,Male,0,0,40,United-States,<=50K
69,Self-emp-inc,183111,Bachelors,13,Separated,Exec-managerial,Not-in-family,White,Male,0,0,40,United-States,<=50K
30,Private,145389,HS-grad,9,Never-married,Craft-repair,Not-in-family,White,Male,0,0,45,United-States,<=50K
39,Self-emp-not-inc,188588,Assoc-voc,11,Married-civ-spouse,Farming-fishing,Husband,White,Male,0,0,60,United-States,<=50K
29,Private,58343,Bachelors,13,Married-civ-spouse,Sales,Husband,White,Male,0,0,41,United-States,<=50K
37,Private,216149,11th,7,Married-civ-spouse,Craft-repair,Husband,White,Male,0,0,45,United-States,<=50K
22,Private,200235,Some-college,10,Never-married,Sales,Own-child,White,Male,0,0,15,United-States,<=50K
23,Private,389850,9th,5,Never-married,Farming-fishing,Unmarried,White,Male,0,0,70,United-States,<=50K
18,Private,236391,Some-college,10,Never-married,Adm-clerical,Own-child,White,Male,0,0,30,United-States,<=50K
63,Private,45474,HS-grad,9,Divorced,Sales,Not-in-family,White,Female,3674,0,30,United-States,<=50K
27,Private,187802,HS-grad,9,Never-married,Handlers-cleaners,Own-child,White,Male,0,0,40,United-States,<=50K
22,Private,218124,Some-college,10,Married-civ-spouse,Sales,Husband,White,Male,0,0,55,United-States,<=50K
62,Local-gov,114060,HS-grad,9,Married-civ-spouse,Transport-moving,Husband,White,Male,0,0,40,United-States,<=50K
43,Private,246687,Assoc-acdm,12,Never-married,Sales,Own-child,White,Male,0,0,40,United-States,<=50K
47,Private,146497,Some-college,10,Separated,Adm-clerical,Unmarried,White,Female,0,0,16,Germany,<=50K
42,Private,206520,Some-college,10,Divorced,Exec-managerial,Unmarried,White,Female,0,0,45,United-States,<=50K
33,Private,155475,HS-grad,9,Married-civ-spouse,Sales,Husband,White,Male,0,0,40,United-States,<=50K
30,Private,262285,9th,5,Never-married,Handlers-cleaners,Unmarried,Black,Male,0,0,40,United-States,<=50K
21,Private,41356,Some-college,10,Never-married,Adm-clerical,Own-child,White,Female,0,0,35,United-States,<=50K
40,Private,284086,9th,5,Divorced,Transport-moving,Not-in-family,White,Male,0,0,30,United-States,<=50K
27,Private,194501,Prof-school,15,Never-married,Prof-specialty,Own-child,White,Female,0,0,40,United-States,<=50K
32,Private,257863,Bachelors,13,Never-married,Adm-clerical,Not-in-family,White,Female,0,0,50,United-States,<=50K
66,Private,33678,HS-grad,9,Married-civ-spouse,Other-service,Husband,Black,Male,0,0,4,United-States,<=50K
36,Self-emp-not-inc,189240,Doctorate,16,Separated,Prof-specialty,Unmarried,White,Female,0,0,10,Canada,<=50K
23,Local-gov,212856,Assoc-acdm,12,Never-married,Protective-serv,Own-child,Black,Female,0,0,35,United-States,<=50K
36,Private,132986,HS-grad,9,Married-civ-spouse,Machine-op-inspct,Husband,White,Male,0,0,40,United-States,>50K
49,Private,151474,Assoc-voc,11,Divorced,Prof-specialty,Unmarried,Black,Female,0,0,40,United-States,<=50K
44,Local-gov,157473,Masters,14,Divorced,Prof-specialty,Not-in-family,White,Female,0,0,50,United-States,>50K
29,Private,227890,HS-grad,9,Never-married,Protective-serv,Other-relative,Black,Male,0,0,40,United-States,<=50K
28,Private,142760,HS-grad,9,Never-married,Machine-op-inspct,Not-in-family,White,Male,0,0,48,United-States,<=50K
45,Private,147755,Some-college,10,Divorced,Craft-repair,Not-in-family,White,Male,0,0,50,United-States,<=50K
35,Private,185336,Bachelors,13,Married-civ-spouse,Prof-specialty,Husband,White,Male,0,0,50,United-States,>50K
40,Private,69757,Bachelors,13,Married-civ-spouse,Farming-fishing,Husband,White,Male,0,0,40,United-States,<=50K
34,Private,195897,Bachelors,13,Married-civ-spouse,Exec-managerial,Husband,White,Male,0,0,50,United-States,>50K
37,Private,215990,11th,7,Married-civ-spouse,Craft-repair,Husband,White,Male,0,0,45,United-States,<=50K
22,Private,285004,Bachelors,13,Never-married,Exec-managerial,Own-child,White,Male,0,0,45,United-States,<=50K
36,Self-emp-not-inc,206351,Bachelors,13,Never-married,Craft-repair,Own-child,White,Male,0,0,40,United-States,<=50K
44,Local-gov,157614,Masters,14,Divorced,Prof-specialty,Not-in-family,White,Female,0,0,50,United-States,>50K
26,Private,210714,Assoc-voc,11,Separated,Adm-clerical,Unmarried,Black,Female,114,0,40,United-States,<=50K
19,Private,163921,Some-college,10,Never-married,Sales,Own-child,White,Female,0,0,20,United-States,<=50K
25,Private,193051,Bachelors,13,Married-civ-spouse,Tech-support,Husband,White,Male,0,0,35,United-States,<=50K
47,Private,188330,HS-grad,9,Married-civ-spouse,Transport-moving,Husband,White,Male,0,0,25,United-States,<=50K
31,Private,226443,Bachelors,13,Never-married,Prof-specialty,Not-in-family,White,Male,0,0,40,United-States,<=50K
55,Private,191367,HS-grad,9,Married-civ-spouse,Sales,Husband,White,Male,0,0,40,United-States,<=50K
44,Private,258121,HS-grad,9,Married-civ-spouse,Craft-repair,Husband,White,Male,0,0,40,United-States,>50K
40,Private,114537,Assoc-voc,11,Married-civ-spouse,Exec-managerial,Husband,White,Male,0,0,50,United-States,>50K
29,Private,279129,HS-grad,9,Married-civ-spouse,Craft-repair,Husband,White,Male,0,0,40,United-States,<=50K
41,Private,106159,HS-grad,9,Never-married,Machine-op-inspct,Own-child,White,Male,14344,0,48,United-States,>50K
43,Local-gov,192337,Bachelors,13,Never-married,Other-service,Own-child,White,Male,0,0,40,United-States,<=50K
38,Private,393480,Bachelors,13,Married-civ-spouse,Exec-managerial,Husband,White,Male,1506,0,50,United-States,>50K
39,Private,149704,Some-college,10,Married-civ-spouse,Craft-repair,Husband,White,Male,0,0,55,United-States,>50K
49,Private,275395,HS-grad,9,Married-civ-spouse,Exec-managerial,Husband,White,Male,0,0,72,United-States,<=50K
