age,workclass,fnlwgt,education,education-num,marital-status,occupation,relationship,race,sex,capital-gain,capital-loss,hours-per-week,native-country,income
28,Private,62535,Masters,14,Married-civ-spouse,Sales,Husband,White,Male,0,0,60,United-States,>50K
31,Private,189382,HS-grad,9,Married-civ-spouse,Transport-moving,Husband,White,Male,0,0,50,United-States,<=50K
29,Private,272669,HS-grad,9,Married-civ-spouse,Adm-clerical,Husband,White,Male,0,0,30,Mexico,<=50K
31,Self-emp-not-inc,340755,Bachelors,13,Married-civ-spouse,Sales,Husband,White,Male,0,0,48,United-States,<=50K
67,Self-emp-inc,116517,Bachelors,13,Widowed,Other-service,Unmarried,White,Female,0,0,35,United-States,<=50K
53,Private,239284,HS-grad,9,Divorced,Adm-clerical,Unmarried,White,Female,0,0,40,United-States,<=50K
46,Self-emp-inc,215419,Doctorate,16,Married-civ-spouse,Prof-specialty,Husband,White,Male,0,0,60,United-States,>50K
40,State-gov,270324,Assoc-voc,11,Married-civ-spouse,Other-service,Husband,Black,Male,0,0,30,United-States,<=50K
50,Private,337505,Some-college,10,Married-civ-spouse,Craft-repair,Husband,White,Male,0,0,40,United-States,>50K
33,Self-emp-not-inc,183778,Assoc-acdm,12,Divorced,Sales,Not-in-family,White,Male,0,0,40,United-States,<=50K
30,Private,55272,HS-grad,9,Married-civ-spouse,Sales,Husband,White,Male,0,0,55,United-States,<=50K
21,Private,68318,9th,5,Never-married,Machine-op-inspct,Own-child,Black,Male,0,0,20,United-States,<=50K
46,Private,75256,HS-grad,9,Married-civ-spouse,Priv-house-serv,Wife,White,Female,0,0,40,United-States,<=50K
52,Private,94391,HS-grad,9,Married-civ-spouse,Adm-clerical,Husband,White,Male,0,0,40,United-States,<=50K
61,?,63526,12th,8,Never-married,?,Not-in-family,Black,Male,0,0,52,United-States,<=50K
22,Private,199698,Some-college,10,Never-married,Sales,Own-child,White,Male,0,0,15,United-States,<=50K
34,Private,359193,11th,7,Married-civ-spouse,Transport-moving,Husband,White,Male,0,0,40,United-States,<=50K
20,Private,490332,Some-college,10,Never-married,Sales,Own-child,White,Male,0,0,40,United-States,<=50K
52,Private,93127,11th,7,Married-civ-spouse,Other-service,Husband,White,Male,0,0,32,United-States,<=50K
43,Private,172186,HS-grad,9,Married-civ-spouse,Sales,Husband,White,Male,0,0,40,United-States,>50K
32,State-gov,194980,Masters,14,Never-married,Prof-specialty,Not-in-family,Asian-Pac-Islander,Female,0,0,40,Japan,<=50K
38,Private,215990,HS-grad,9,Married-civ-spouse,Machine-op-inspct,Husband,Black,Male,0,1740,40,Haiti,<=50K
58,Self-emp-not-inc,144351,HS-grad,9,Married-civ-spouse,Sales,Husband,White,Male,0,0,72,United-States,>50K
25,Private,256362,11th,7,Married-civ-spouse,Transport-moving,Husband,White,Male,0,0,40,United-States,<=50K
17,Private,154078,12th,8,Never-married,Other-service,Own-child,White,Female,0,0,16,United-States,<=50K
36,Local-gov,410114,Bachelors,13,Married-civ-spouse,Prof-specialty,Husband,White,Male,0,1887,40,United-States,>50K
26,State-gov,292120,HS-grad,9,Married-civ-spouse,Protective-serv,Husband,White,Male,0,0,38,United-States,<=50K
55,Local-gov,159028,HS-grad,9,Married-civ-spouse,Transport-moving,Husband,White,Male,0,0,40,United-States,<=50K
55,Private,171409,HS-grad,9,Divorced,Exec-managerial,Not-in-family,White,Male,0,0,60,United-States,>50K
25,Private,136277,Bachelors,13,Never-married,Adm-clerical,Own-child,Black,Female,0,0,40,United-States,<=50K
53,Federal-gov,117847,Assoc-acdm,12,Married-civ-spouse,Adm-clerical,Husband,White,Male,0,0,40,United-States,<=50K
44,Private,231777,Assoc-acdm,12,Widowed,Adm-clerical,Unmarried,White,Female,0,0,40,United-States,<=50K
56,Private,182460,Bachelors,13,Divorced,Exec-managerial,Not-in-family,White,Male,0,0,40,United-States,<=50K
20,Private,113307,7th-8th,4,Never-married,Machine-op-inspct,Other-relative,White,Male,0,0,40,United-States,<=50K
34,Private,215047,Some-college,10,Never-married,Exec-managerial,Not-in-family,White,Male,0,0,45,United-States,<=50K
33,Private,149943,HS-grad,9,Married-civ-spouse,Sales,Husband,White,Male,0,0,40,United-States,>50K
26,Private,535852,HS-grad,9,Never-married,Other-service,Unmarried,White,Male,0,0,40,United-States,<=50K
55,Self-emp-not-inc,79011,HS-grad,9,Married-civ-spouse,Farming-fishing,Husband,Asian-Pac-Islander,Male,0,0,70,United-States,<=50K
33,State-gov,358783,Masters,14,Married-civ-spouse,Protective-serv,Husband,Black,Male,0,0,40,United-States,<=50K
42,Private,69311,Some-college,10,Married-civ-spouse,Craft-repair,Husband,Black,Male,0,0,40,United-States,>50K
29,Private,56424,HS-grad,9,Married-civ-spouse,Craft-repair,Husband,White,Male,0,0,40,United-States,<=50K
34,Private,55395,Some-college,10,Married-civ-spouse,Exec-managerial,Husband,White,Male,0,0,50,United-States,>50K
29,Private,275223,HS-grad,9,Married-civ-spouse,Adm-clerical,Husband,White,Male,0,0,30,Mexico,<=50K
42,Private,65382,Some-college,10,Divorced,Machine-op-inspct,Not-in-family,White,Female,0,0,40,United-States,<=50K
35,Private,460322,Assoc-acdm,12,Divorced,Other-service,Unmarried,White,Female,0,0,50,United-States,<=50K
45,Federal-gov,126754,Masters,14,Married-civ-spouse,Prof-specialty,Husband,White,Male,0,0,45,United-States,>50K
59,Self-emp-not-inc,124924,Bachelors,13,Married-civ-spouse,Farming-fishing,Husband,White,Male,0,0,30,United-States,<=50K
38,Private,228457,HS-grad,9,Married-civ-spouse,Transport-moving,Husband,Other,Male,0,0,40,Puerto-Rico,<=50K
40,Private,103614,10th,6,Divorced,Craft-repair,Own-child,White,Male,0,0,40,United-States,<=50K
33,State-gov,428030,Bachelors,13,Married-civ-spouse,Prof-specialty,Husband,White,Male,0,0,15,Mexico,<=50K
36,Private,135312,Bachelors,13,Married-civ-spouse,Craft-repair,Husband,White,Male,0,0,48,United-States,>50K
53,Local-gov,204447,HS-grad,9,Married-civ-spouse,Exec-managerial,Husband,White,Male,0,0,60,United-States,<=50K
59,Private,169544,HS-grad,9,Divorced,Sales,Unmarried,White,Female,0,0,40,United-States,<=50K
22,Private,166863,HS-grad,9,Never-married,Sales,Unmarried,White,Female,0,0,40,United-States,<=50K
37,Private,226500,Bachelors,13,Married-civ-spouse,Sales,Husband,White,Male,0,0,55,United-States,>50K
71,Private,78277,HS-grad,9,Married-civ-spouse,Craft-repair,Husband,White,Male,0,0,15,United-States,<=50K
41,Private,188069,Bachelors,13,Married-civ-spouse,Prof-specialty,Husband,White,Male,0,0,40,United-States,<=50K
24,Private,374716,Bachelors,13,Never-married,Sales,Own-child,White,Female,0,1504,40,United-States,<=50K
47,Private,276153,Assoc-voc,11,Never-married,Other-service,Not-in-family,White,Female,0,0,55,United-States,<=50K
31,Private,198388,Some-college,10,Married-civ-spouse,Adm-clerical,Wife,White,Female,0,0,40,United-States,<=50K
37,Private,199118,Some-college,10,Married-civ-spouse,Other-service,Wife,White,Female,0,0,40,United-States,<=50K
28,Private,79702,Some-college,10,Never-married,Adm-clerical,Other-relative,Black,Male,0,0,40,United-States,<=50K
27,Private,213225,Bachelors,13,Married-civ-spouse,Prof-specialty,Wife,White,Female,7298,0,45,England,>50K
30,Private,175878,HS-grad,9,Married-civ-spouse,Craft-repair,Husband,White,Male,0,0,42,United-States,>50K
34,Private,235951,HS-grad,9,Never-married,Machine-op-inspct,Unmarried,White,Male,0,0,40,United-States,<=50K
40,Private,311395,HS-grad,9,Married-civ-spouse,Craft-repair,Husband,White,Male,0,0,40,United-States,<=50K
51,Local-gov,169104,7th-8th,4,Divorced,Other-service,Unmarried,White,Female,0,0,40,Columbia,<=50K
41,Private,145139,HS-grad,9,Married-civ-spouse,Machine-op-inspct,Husband,White,Male,0,0,40,United-States,>50K
70,?,148769,HS-grad,9,Widowed,?,Not-in-family,White,Female,2964,0,12,United-States,<=50K
54,Private,82566,Assoc-acdm,12,Married-civ-spouse,Sales,Husband,White,Male,0,0,45,United-States,<=50K
20,Private,183778,Some-college,10,Never-married,Sales,Own-child,Black,Male,0,0,20,United-States,<=50K
37,Private,189382,Assoc-acdm,12,Divorced,Adm-clerical,Not-in-family,White,Female,0,1504,40,United-States,<=50K
23,Private,180539,Bachelors,13,Never-married,Machine-op-inspct,Own-child,White,Male,0,0,50,United-States,<=50K
45,Self-emp-not-inc,286853,HS-grad,9,Married-civ-spouse,Exec-managerial,Husband,Asian-Pac-Islander,Male,0,0,40,China,<=50K
46,Private,353263,9th,5,Divorced,Other-service,Unmarried,White,Female,0,0,40,United-States,<=50K
45,Private,73471,Assoc-voc,11,Divorced,Exec-managerial,Not-in-family,White,Male,0,0,60,United-States,<=50K
37,Private,189703,Assoc-acdm,12,Divorced,Adm-clerical,Not-in-family,White,Female,0,1504,40,United-States,<=50K
57,Private,236944,HS-grad,9,Married-civ-spouse,Machine-op-inspct,Husband,Black,Male,0,0,40,United-States,>50K
28,Private,153870,HS-grad,9,Divorced,Handlers-cleaners,Not-in-family,White,Male,0,0,40,United-States,<=50K
28,Local-gov,168526,HS-grad,9,Never-married,Protective-serv,Not-in-family,White,Male,0,0,40,United-States,<=50K
35,Private,278114,Bachelors,13,Married-civ-spouse,Sales,Husband,White,Male,7298,0,48,United-States,>50K
24,Private,259931,11th,7,Never-married,Craft-repair,Not-in-family,White,Male,0,0,40,United-States,<=50K
39,Private,421633,Some-college,10,Divorced,Protective-serv,Unmarried,Black,Female,0,0,30,United-States,<=50K
46,Private,171095,Bachelors,13,Divorced,Machine-op-inspct,Not-in-family,White,Male,0,1590,40,?,<=50K
23,Private,197150,Some-college,10,Separated,Craft-repair,Not-in-family,White,Male,0,0,40,United-States,<=50K
37,Private,44780,Assoc-acdm,12,Divorced,Exec-managerial,Not-in-family,White,Female,0,0,40,United-States,<=50K
36,Private,135289,Bachelors,13,Married-civ-spouse,Craft-repair,Husband,White,Male,0,0,48,United-States,>50K
21,?,440138,Some-college,10,Never-married,?,Unmarried,White,Male,0,0,40,United-States,<=50K
63,?,231347,Masters,14,Married-civ-spouse,?,Husband,White,Male,0,0,30,United-States,<=50K
36,Self-emp-not-inc,188569,Doctorate,16,Separated,Prof-specialty,Unmarried,White,Female,0,0,10,Canada,<=50K
36,Private,280167,Assoc-acdm,12,Never-married,Tech-support,Unmarried,White,Female,0,0,45,United-States,<=50K
69,Self-emp-inc,182451,Bachelors,13,Separated,Exec-managerial,Not-in-family,White,Male,0,0,40,United-States,<=50K
58,?,535852,Bachelors,13,Married-civ-spouse,?,Husband,White,Male,0,0,70,United-States,<=50K
38,Private,258121,HS-grad,9,Divorced,Exec-managerial,Not-in-family,White,Male,0,0,50,United-States,<=50K
81,?,89391,Prof-school,15,Married-civ-spouse,?,Husband,White,Male,0,0,24,United-States,>50K
37,Local-gov,223020,Assoc-voc,11,Never-married,Other-service,Unmarried,Black,Female,0,0,32,United-States,<=50K
35,Private,233150,11th,7,Separated,Other-service,Unmarried,White,Male,0,0,20,United-States,<=50K
29,Private,48014,Some-college,10,Married-civ-spouse,Transport-moving,Husband,White,Male,0,0,45,United-States,>50K
35,Private,107882,HS-grad,9,Divorced,Craft-repair,Not-in-family,White,Male,0,0,40,United-States,<=50K
43,Private,137290,Some-college,10,Married-civ-spouse,Exec-managerial,Husband,White,Male,0,0,40,United-States,>50K
40,Private,124692,Assoc-voc,11,Divorced,Craft-repair,Unmarried,White,Male,0,0,50,United-States,>50K
44,Private,145139,Some-college,10,Separated,Exec-managerial,Not-in-family,White,Male,0,0,45,United-States,>50K
30,Private,48718,Masters,14,Never-married,Adm-clerical,Not-in-family,White,Female,0,0,40,France,<=50K
42,Private,337505,Some-college,10,Divorced,Adm-clerical,Not-in-family,Black,Female,0,0,40,United-States,<=50K
31,Private,196742,Prof-school,15,Divorced,Prof-specialty,Not-in-family,White,Female,0,0,45,United-States,>50K
34,Private,561334,Some-college,10,Married-civ-spouse,Exec-managerial,Husband,White,Male,0,0,50,United-States,>50K
35,?,373628,9th,5,Married-civ-spouse,?,Wife,White,Female,0,0,35,United-States,<=50K
27,Private,101618,HS-grad,9,Married-civ-spouse,Exec-managerial,Husband,White,Male,0,0,50,United-States,<=50K
41,Private,106159,HS-grad,9,Never-married,Machine-op-inspct,Own-child,White,Male,14344,0,48,United-States,>50K
28,Private,30759,12th,8,Never-married,Prof-specialty,Unmarried,White,Female,0,0,40,United-States,<=50K
22,Federal-gov,472604,Bachelors,13,Never-married,Tech-support,Own-child,White,Male,0,0,8,United-States,<=50K
63,Private,265932,10th,6,Married-civ-spouse,Adm-clerical,Husband,White,Male,0,0,45,United-States,<=50K
22,?,280167,Some-college,10,Never-married,?,Own-child,White,Male,0,0,36,United-States,<=50K
37,Private,337908,Some-college,10,Married-civ-spouse,Transport-moving,Husband,White,Male,0,0,50,United-States,<=50K
22,Private,355320,Some-college,10,Never-married,Adm-clerical,Not-in-family,White,Female,0,0,40,United-States,<=50K
49,Private,144608,11th,7,Divorced,Exec-managerial,Not-in-family,White,Female,0,0,38,United-States,<=50K
18,Private,236944,Some-college,10,Never-married,Adm-clerical,Own-child,White,Male,0,0,30,United-States,<=50K
46,Private,58484,HS-grad,9,Divorced,Other-service,Not-in-family,White,Male,0,0,25,United-States,<=50K
20,Private,166549,Some-college,10,Never-married,Priv-house-serv,Own-child,White,Female,0,0,40,United-States,<=50K
20,Private,174714,Some-college,10,Never-married,Prof-specialty,Own-child,White,Male,0,0,15,United-States,<=50K
39,Private,58343,Some-college,10,Married-civ-spouse,Machine-op-inspct,Husband,White,Male,0,0,40,United-States,>50K
55,Private,85572,HS-grad,9,Married-civ-spouse,Priv-house-serv,Wife,White,Female,0,0,30,United-States,<=50K
30,Private,39477,1st-4th,2,Separated,Priv-house-serv,Other-relative,White,Female,0,0,30,Mexico,<=50K
20,Private,104164,HS-grad,9,Never-married,Handlers-cleaners,Own-child,White,Male,0,0,40,United-States,<=50K
54,Private,144396,Some-college,10,Married-civ-spouse,Sales,Wife,White,Female,0,0,40,United-States,>50K
54,Federal-gov,439608,Some-college,10,Divorced,Adm-clerical,Not-in-family,White,Female,0,0,40,United-States,<=50K
46,Federal-gov,263498,Some-college,10,Married-civ-spouse,Adm-clerical,Husband,White,Male,0,0,80,United-States,>50K
58,Self-emp-not-inc,143731,HS-grad,9,Married-civ-spouse,Sales,Husband,White,Male,0,0,72,United-States,>50K
43,Private,270324,HS-grad,9,Separated,Other-service,Not-in-family,White,Female,0,0,26,United-States,<=50K
41,Private,188503,Bachelors,13,Married-civ-spouse,Prof-specialty,Husband,White,Male,0,0,40,United-States,<=50K
27,Private,167424,Some-college,10,Never-married,Adm-clerical,Not-in-family,White,Female,0,0,39,United-States,<=50K
24,State-gov,393480,Masters,14,Never-married,Prof-specialty,Not-in-family,Black,Female,0,0,40,United-States,<=50K
21,Private,225724,Some-college,10,Never-married,Adm-clerical,Own-child,White,Female,0,0,20,United-States,<=50K
46,Private,403118,HS-grad,9,Married-civ-spouse,Craft-repair,Husband,Black,Male,0,1902,40,United-States,>50K
59,Local-gov,53304,Bachelors,13,Married-civ-spouse,Prof-specialty,Husband,White,Male,0,0,50,United-States,>50K
27,Local-gov,134045,HS-grad,9,Never-married,Prof-specialty,Own-child,White,Male,0,0,40,United-States,<=50K
30,Private,169069,Assoc-acdm,12,Never-married,Other-service,Other-relative,Asian-Pac-Islander,Male,0,0,40,Vietnam,<=50K
18,Self-emp-not-inc,256908,10th,6,Never-married,Farming-fishing,Own-child,White,Male,0,0,40,United-States,<=50K
60,Private,194740,HS-grad,9,Separated,Adm-clerical,Unmarried,Black,Female,0,0,20,United-States,<=50K
40,Private,110490,Prof-school,15,Married-civ-spouse,Adm-clerical,Other-relative,Asian-Pac-Islander,Female,0,0,40,Philippines,<=50K
55,Self-emp-not-inc,52888,Prof-school,15,Married-civ-spouse,Prof-specialty,Wife,White,Female,0,0,10,United-States,<=50K
39,Private,358783,Assoc-acdm,12,Married-civ-spouse,Machine-op-inspct,Husband,White,Male,0,0,40,United-States,<=50K
33,Self-emp-not-inc,189265,Some-college,10,Never-married,Other-service,Not-in-family,White,Female,0,0,5,United-States,<=50K
52,Private,169069,Assoc-voc,11,Married-civ-spouse,Craft-repair,Husband,White,Male,0,0,40,United-States,>50K
21,?,105312,HS-grad,9,Never-married,?,Not-in-family,White,Female,0,0,20,United-States,<=50K
22,Private,398019,HS-grad,9,Married-civ-spouse,Craft-repair,Husband,White,Male,0,0,40,United-States,<=50K
39,Local-gov,113253,Bachelors,13,Married-civ-spouse,Prof-specialty,Wife,White,Female,0,0,50,United-States,>50K
31,Private,149507,12th,8,Married-civ-spouse,Craft-repair,Husband,White,Male,0,0,43,United-States,<=50K
28,State-gov,107303,Bachelors,13,Never-married,Tech-support,Own-child,Asian-Pac-Islander,Male,0,0,20,United-States,<=50K
37,Private,226500,Bachelors,13,Married-civ-spouse,Sales,Husband,White,Male,0,0,55,United-States,>50K
18,?,171928,Some-college,10,Never-married,?,Own-child,Black,Female,0,0,24,United-States,<=50K
47,Private,164113,Some-college,10,Married-civ-spouse,Craft-repair,Husband,Black,Male,7688,0,40,United-States,>50K
42,Private,337505,Some-college,10,Divorced,Adm-clerical,Not-in-family,Black,Female,0,0,40,United-States,<=50K
57,Private,78707,HS-grad,9,Never-married,Adm-clerical,Own-child,White,Female,0,0,40,United-States,<=50K
22,Private,218124,Some-college,10,Married-civ-spouse,Sales,Husband,White,Male,0,0,55,United-States,<=50K
56,Federal-gov,119099,HS-grad,9,Divorced,Adm-clerical,Not-in-family,White,Female,0,0,40,United-States,<=50K
47,Private,147236,HS-grad,9,Married-civ-spouse,Craft-repair,Husband,White,Male,0,0,40,United-States,>50K
29,Local-gov,169611,Some-college,10,Never-married,Protective-serv,Own-child,White,Male,0,0,48,United-States,<=50K
55,Private,84774,HS-grad,9,Married-civ-spouse,Priv-house-serv,Wife,White,Female,0,0,30,United-States,<=50K
46,Private,384795,Bachelors,13,Divorced,Prof-specialty,Unmarried,Black,Female,0,0,32,United-States,<=50K
49,Private,187119,Masters,14,Married-civ-spouse,Exec-managerial,Husband,White,Male,1506,0,50,United-States,>50K
28,Private,180539,Bachelors,13,Married-civ-spouse,Exec-managerial,Husband,White,Male,0,0,50,England,>50K
77,?,233150,9th,5,Married-civ-spouse,?,Husband,Black,Male,0,0,40,United-States,<=50K
40,Private,198660,Prof-school,15,Married-civ-spouse,Prof-specialty,Wife,White,Female,15024,0,30,United-States,>50K
71,State-gov,210714,HS-grad,9,Married-civ-spouse,Protective-serv,Husband,White,Male,0,0,28,United-States,<=50K
62,State-gov,253250,HS-grad,9,Married-civ-spouse,Adm-clerical,Husband,White,Male,0,0,40,United-States,<=50K
45,Private,82797,Bachelors,13,Married-civ-spouse,Exec-managerial,Husband,White,Male,0,0,45,United-States,>50K
28,Private,34292,HS-grad,9,Never-married,Craft-repair,Own-child,White,Male,0,0,40,United-States,<=50K
17,Private,376540,11th,7,Never-married,Handlers-cleaners,Own-child,White,Male,0,0,30,United-States,<=50K
24,Private,275223,HS-grad,9,Married-civ-spouse,Machine-op-inspct,Husband,White,Male,0,0,50,United-States,<=50K
34,Self-emp-not-inc,120672,7th-8th,4,Never-married,Handlers-cleaners,Unmarried,Black,Male,0,0,10,United-States,<=50K
37,Private,199251,Some-college,10,Married-civ-spouse,Other-service,Wife,White,Female,0,0,40,United-States,<=50K
30,Private,36327,Bachelors,13,Married-civ-spouse,Sales,Husband,White,Male,0,0,40,Mexico,>50K
37,Self-emp-not-inc,42044,Some-college,10,Married-civ-spouse,Farming-fishing,Husband,White,Male,0,0,84,United-States,<=50K
32,Private,175639,HS-grad,9,Never-married,Craft-repair,Own-child,White,Male,0,0,40,United-States,<=50K
32,Private,79870,Some-college,10,Married-civ-spouse,Exec-managerial,Own-child,White,Female,2597,0,40,Japan,<=50K
34,Private,241350,Bachelors,13,Married-civ-spouse,Exec-managerial,Husband,White,Male,7688,0,40,United-States,>50K
49,Private,116927,Bachelors,13,Married-civ-spouse,Sales,Husband,White,Male,0,0,60,United-States,<=50K
28,Private,82910,HS-grad,9,Married-civ-spouse,Transport-moving,Husband,White,Male,0,0,40,United-States,<=50K
27,Private,219718,HS-grad,9,Never-married,Handlers-cleaners,Other-relative,Black,Male,0,0,48,United-States,<=50K
29,Private,195891,Prof-school,15,Divorced,Prof-specialty,Own-child,White,Female,2174,0,72,United-States,<=50K
45,Self-emp-not-inc,285580,HS-grad,9,Married-civ-spouse,Exec-managerial,Husband,Asian-Pac-Islander,Male,0,0,40,China,<=50K
23,Private,241153,HS-grad,9,Never-married,Other-service,Not-in-family,White,Female,0,0,30,United-States,<=50K
46,Local-gov,372728,Some-college,10,Married-civ-spouse,Craft-repair,Husband,Black,Male,0,0,40,United-States,>50K
34,Private,186191,HS-grad,9,Married-civ-spouse,Machine-op-inspct,Husband,White,Male,0,0,40,United-States,<=50K
55,Local-gov,258121,Prof-school,15,Married-civ-spouse,Prof-specialty,Husband,White,Male,0,1902,40,United-States,>50K
37,Local-gov,74194,Assoc-voc,11,Married-civ-spouse,Exec-managerial,Husband,White,Male,0,0,45,United-States,<=50K
48,Private,175006,1st-4th,2,Separated,Machine-op-inspct,Other-relative,Black,Male,0,0,48,United-States,<=50K
63,Self-emp-inc,223020,HS-grad,9,Married-civ-spouse,Exec-managerial,Husband,White,Male,0,0,40,United-States,>50K
28,Private,198258,Assoc-voc,11,Married-civ-spouse,Sales,Husband,White,Male,0,0,40,United-States,<=50K
70,?,149640,HS-grad,9,Widowed,?,Not-in-family,White,Female,2964,0,12,United-States,<=50K
46,Private,149698,Bachelors,13,Divorced,Prof-specialty,Not-in-family,White,Male,0,0,45,England,>50K
28,Private,375655,Bachelors,13,Never-married,Sales,Unmarried,White,Male,0,0,50,United-States,<=50K
35,Private,186916,Assoc-voc,11,Married-civ-spouse,Exec-managerial,Wife,White,Female,0,0,42,United-States,>50K
62,Local-gov,114060,HS-grad,9,Married-civ-spouse,Transport-moving,Husband,White,Male,0,0,40,United-States,<=50K
51,Private,61270,HS-grad,9,Married-civ-spouse,Handlers-cleaners,Husband,White,Male,0,0,40,United-States,>50K
69,Private,229236,Bachelors,13,Widowed,Prof-specialty,Not-in-family,White,Male,0,2282,40,United-States,>50K
62,Private,113080,7th-8th,4,Divorced,Craft-repair,Own-child,White,Male,0,0,40,United-States,<=50K
21,Private,219718,HS-grad,9,Never-married,Other-service,Own-child,White,Male,0,0,35,United-States,<=50K
26,Private,159715,Masters,14,Never-married,Prof-specialty,Not-in-family,Asian-Pac-Islander,Male,0,0,20,India,<=50K
45,Private,177675,HS-grad,9,Never-married,Other-service,Not-in-family,White,Female,0,0,40,El-Salvador,<=50K
31,Local-gov,403107,HS-grad,9,Divorced,Adm-clerical,Unmarried,White,Female,0,0,40,United-States,<=50K
41,Local-gov,184105,Masters,14,Married-civ-spouse,Prof-specialty,Husband,White,Male,0,0,38,United-States,>50K
50,Private,193090,HS-grad,9,Married-civ-spouse,Exec-managerial,Husband,White,Male,0,0,60,United-States,<=50K
37,Private,240810,Some-college,10,Married-civ-spouse,Other-service,Husband,Black,Male,0,0,30,United-States,<=50K
70,?,149040,HS-grad,9,Widowed,?,Not-in-family,White,Female,2964,0,12,United-States,<=50K
22,Private,219867,Some-college,10,Never-married,Sales,Own-child,White,Female,0,0,25,United-States,<=50K
25,Private,182276,Some-college,10,Never-married,Adm-clerical,Not-in-family,White,Female,0,0,50,United-States,<=50K
37,Private,225623,HS-grad,9,Married-civ-spouse,Craft-repair,Husband,White,Male,0,0,45,United-States,>50K
47,State-gov,55272,Some-college,10,Married-civ-spouse,Craft-repair,Husband,White,Male,0,0,40,United-States,>50K
40,Federal-gov,77332,Some-college,10,Divorced,Adm-clerical,Not-in-family,White,Female,0,0,50,United-States,<=50K
26,Private,321865,Bachelors,13,Never-married,Prof-specialty,Not-in-family,White,Female,0,0,45,United-States,<=50K
65,Private,94552,Some-college,10,Divorced,Adm-clerical,Not-in-family,White,Female,0,0,40,United-States,<=50K
28,Private,79702,Some-college,10,Never-married,Adm-clerical,Other-relative,Black,Male,0,0,40,United-States,<=50K
24,Self-emp-not-inc,240160,HS-grad,9,Never-married,Craft-repair,Not-in-family,White,Male,0,0,35,United-States,<=50K
23,Private,126327,Some-college,10,Never-married,Other-service,Not-in-family,Asian-Pac-Islander,Female,0,0,35,Vietnam,<=50K
37,Private,178517,Bachelors,13,Never-married,Prof-specialty,Not-in-family,White,Female,0,0,45,United-States,<=50K
27,State-gov,553473,Bachelors,13,Married-civ-spouse,Protective-serv,Wife,Black,Female,0,0,48,United-States,<=50K
36,Private,135289,Bachelors,13,Married-civ-spouse,Craft-repair,Husband,White,Male,0,0,48,United-States,>50K
21,Private,201520,Assoc-acdm,12,Never-married,Adm-clerical,Not-in-family,White,Female,0,0,10,United-States,<=50K
33,State-gov,357691,Masters,14,Married-civ-spouse,Protective-serv,Husband,Black,Male,0,0,40,United-States,<=50K
40,Private,155972,HS-grad,9,Married-civ-spouse,Transport-moving,Husband,White,Male,0,0,60,United-States,>50K
44,Self-emp-not-inc,254907,Masters,14,Married-civ-spouse,Prof-specialty,Husband,White,Male,0,0,54,United-States,<=50K
40,Private,198660,Prof-school,15,Married-civ-spouse,Prof-specialty,Wife,White,Female,15024,0,30,United-States,>50K
46,Private,270522,Bachelors,13,Divorced,Craft-repair,Not-in-family,Black,Female,0,0,40,United-States,<=50K
33,Local-gov,155981,Assoc-voc,11,Married-civ-spouse,Tech-support,Husband,White,Male,0,0,40,United-States,<=50K
41,Private,265434,HS-grad,9,Divorced,Adm-clerical,Unmarried,White,Female,0,0,45,United-States,<=50K
52,Private,202956,7th-8th,4,Married-civ-spouse,Craft-repair,Husband,White,Male,0,0,40,United-States,<=50K
55,Self-emp-inc,79702,HS-grad,9,Married-civ-spouse,Transport-moving,Husband,White,Male,0,0,60,United-States,<=50K
49,Local-gov,172694,Bachelors,13,Never-married,Prof-specialty,Not-in-family,White,Female,0,0,50,United-States,<=50K
27,Private,189565,HS-grad,9,Married-civ-spouse,Exec-managerial,Own-child,White,Male,0,0,40,United-States,<=50K
43,Private,111895,Bachelors,13,Married-civ-spouse,Prof-specialty,Husband,White,Male,0,0,50,United-States,>50K
23,Private,154641,Some-college,10,Never-married,Adm-clerical,Other-relative,Asian-Pac-Islander,Female,0,0,40,United-States,<=50K
49,Self-emp-not-inc,219867,Bachelors,13,Married-civ-spouse,Sales,Husband,White,Male,15024,0,40,United-States,>50K
20,Private,166863,Some-college,10,Never-married,Priv-house-serv,Own-child,White,Female,0,0,40,United-States,<=50K
49,Private,186916,Masters,14,Married-civ-spouse,Exec-managerial,Husband,White,Male,15024,0,50,United-States,>50K
26,State-gov,29441,HS-grad,9,Married-civ-spouse,Protective-serv,Husband,White,Male,0,0,38,United-States,<=50K
30,Private,113129,Some-college,10,Never-married,Other-service,Not-in-family,White,Male,0,0,24,United-States,<=50K
36,Private,167424,Bachelors,13,Divorced,Adm-clerical,Not-in-family,White,Male,0,0,55,United-States,>50K
55,Local-gov,110490,Bachelors,13,Married-civ-spouse,Prof-specialty,Wife,White,Female,0,0,60,United-States,<=50K
24,Self-emp-not-inc,240175,HS-grad,9,Never-married,Craft-repair,Not-in-family,White,Male,0,0,35,United-States,<=50K
45,Private,72618,Assoc-voc,11,Divorced,Exec-managerial,Not-in-family,White,Male,0,0,60,United-States,<=50K
35,Private,276153,Bachelors,13,Never-married,Tech-support,Not-in-family,Asian-Pac-Islander,Female,4650,0,40,United-States,<=50K
51,Private,336215,HS-grad,9,Married-civ-spouse,Craft-repair,Husband,White,Male,0,1902,40,United-States,>50K
51,Federal-gov,33551,Some-college,10,Separated,Prof-specialty,Not-in-family,Black,Female,0,0,40,United-States,>50K
67,State-gov,54269,10th,6,Widowed,Other-service,Not-in-family,White,Female,0,0,12,United-States,<=50K
26,Private,322658,Bachelors,13,Never-married,Prof-specialty,Not-in-family,White,Female,0,0,45,United-States,<=50K
41,Self-emp-not-inc,334105,Bachelors,13,Married-civ-spouse,Exec-managerial,Husband,White,Male,0,0,55,United-States,>50K
34,Private,236543,HS-grad,9,Never-married,Machine-op-inspct,Unmarried,White,Male,0,0,40,United-States,<=50K
20,Private,398019,Some-college,10,Never-married,Farming-fishing,Not-in-family,White,Female,0,0,40,United-States,<=50K
66,Private,86010,10th,6,Widowed,Transport-moving,Not-in-family,White,Female,0,0,11,United-States,<=50K
29,Federal-gov,157541,Assoc-voc,11,Never-married,Prof-specialty,Not-in-family,White,Female,0,0,40,United-States,<=50K
30,Private,476558,Masters,14,Never-married,Adm-clerical,Not-in-family,White,Female,0,0,40,France,<=50K
35,Private,35595,Some-college,10,Married-civ-spouse,Tech-support,Husband,White,Male,2829,0,55,Poland,<=50K
52,Private,250630,Masters,14,Married-civ-spouse,Exec-managerial,Husband,White,Male,15024,0,50,United-States,>50K
41,Private,130408,HS-grad,9,Divorced,Sales,Unmarried,Black,Female,0,0,38,United-States,<=50K
38,Local-gov,155972,Some-college,10,Never-married,Protective-serv,Unmarried,Black,Female,0,0,40,United-States,<=50K
30,Private,175759,HS-grad,9,Married-civ-spouse,Craft-repair,Husband,White,Male,0,0,42,United-States,>50K
21,Private,226296,Some-college,10,Never-married,Other-service,Other-relative,White,Female,0,0,30,United-States,<=50K
53,Private,54929,Some-college,10,Married-civ-spouse,Craft-repair,Husband,White,Male,0,0,40,Guatemala,<=50K
46,Federal-gov,260549,Some-college,10,Married-civ-spouse,Adm-clerical,Husband,White,Male,0,0,80,United-States,>50K
52,Private,165289,HS-grad,9,Married-civ-spouse,Other-service,Wife,White,Female,0,0,38,United-States,<=50K
20,Self-emp-inc,83141,HS-grad,9,Never-married,Craft-repair,Own-child,White,Male,0,0,40,United-States,<=50K
53,Private,54318,Some-college,10,Married-civ-spouse,Craft-repair,Husband,White,Male,0,0,40,Guatemala,<=50K
27,Private,256916,5th-6th,3,Never-married,Transport-moving,Not-in-family,White,Male,0,0,40,Mexico,<=50K
40,Private,155475,HS-grad,9,Married-civ-spouse,Transport-moving,Husband,White,Male,0,0,60,United-States,>50K
20,Private,191069,Assoc-acdm,12,Never-married,Other-service,Not-in-family,White,Female,0,0,40,United-States,<=50K
43,Private,124520,Bachelors,13,Married-civ-spouse,Sales,Husband,White,Male,0,0,40,United-States,>50K
45,Local-gov,234663,HS-grad,9,Divorced,Adm-clerical,Unmarried,White,Female,0,0,35,United-States,<=50K
80,Private,86010,Doctorate,16,Married-civ-spouse,Prof-specialty,Husband,White,Male,0,0,30,United-States,<=50K
31,Self-emp-not-inc,341672,Bachelors,13,Married-civ-spouse,Sales,Husband,White,Male,0,0,48,United-States,<=50K
34,Private,180539,HS-grad,9,Divorced,Adm-clerical,Not-in-family,White,Female,0,0,40,United-States,<=50K
40,Private,148316,HS-grad,9,Married-civ-spouse,Craft-repair,Husband,White,Male,0,0,40,United-States,<=50K
42,Self-emp-not-inc,200294,Prof-school,15,Never-married,Prof-specialty,Not-in-family,White,Male,0,0,38,United-States,<=50K
47,Private,152156,Prof-school,15,Married-civ-spouse,Exec-managerial,Husband,White,Male,7688,0,60,United-States,>50K
61,Local-gov,150471,HS-grad,9,Widowed,Adm-clerical,Not-in-family,White,Female,0,0,40,United-States,<=50K
21,Private,108687,Some-college,10,Never-married,Sales,Own-child,White,Female,0,0,40,United-States,<=50K
26,Private,160968,Masters,14,Never-married,Prof-specialty,Not-in-family,Asian-Pac-Islander,Male,0,0,20,India,<=50K
30,Private,48014,Masters,14,Never-married,Adm-clerical,Not-in-family,White,Female,0,0,40,France,<=50K
23,Self-emp-not-inc,149698,10th,6,Never-married,Sales,Own-child,White,Female,0,0,40,United-States,<=50K
22,Private,285295,Bachelors,13,Never-married,Exec-managerial,Own-child,White,Male,0,0,45,United-States,<=50K
44,Private,185660,Masters,14,Married-civ-spouse,Prof-specialty,Husband,White,Male,0,0,40,United-States,<=50K
52,Private,256861,Bachelors,13,Married-civ-spouse,Exec-managerial,Husband,White,Male,0,0,50,United-States,<=50K
58,Private,190747,HS-grad,9,Married-civ-spouse,Sales,Husband,White,Male,0,0,40,United-States,>50K
53,Private,240160,HS-grad,9,Divorced,Adm-clerical,Unmarried,White,Female,0,0,40,United-States,<=50K
37,Private,226500,Bachelors,13,Married-civ-spouse,Sales,Husband,White,Male,0,0,55,United-States,>50K
36,State-gov,77146,Masters,14,Never-married,Prof-specialty,Not-in-family,White,Male,0,0,40,United-States,<=50K
58,State-gov,197150,Bachelors,13,Married-civ-spouse,Adm-clerical,Husband,White,Male,0,0,35,United-States,>50K
33,Private,226500,HS-grad,9,Married-civ-spouse,Other-service,Husband,White,Male,0,1672,50,United-States,<=50K
61,?,64112,12th,8,Never-married,?,Not-in-family,Black,Male,0,0,52,United-States,<=50K
20,State-gov,178510,Some-college,10,Never-married,Farming-fishing,Not-in-family,White,Male,0,0,40,United-States,<=50K
82,?,300816,7th-8th,4,Widowed,?,Not-in-family,White,Male,0,0,5,United-States,<=50K
49,Private,234972,11th,7,Married-civ-spouse,Transport-moving,Husband,White,Male,0,0,40,United-States,<=50K
44,Private,375657,Masters,14,Married-civ-spouse,Exec-managerial,Husband,Black,Male,0,1902,40,United-States,>50K
37,Private,44780,Assoc-acdm,12,Divorced,Exec-managerial,Not-in-family,White,Female,0,0,40,United-States,<=50K
55,Private,116878,Doctorate,16,Married-civ-spouse,Prof-specialty,Husband,White,Male,15024,0,30,United-States,>50K
26,State-gov,126327,Assoc-acdm,12,Never-married,Adm-clerical,Unmarried,Black,Female,0,0,40,United-States,<=50K
37,Private,450141,Assoc-acdm,12,Divorced,Exec-managerial,Not-in-family,White,Female,0,0,40,United-States,<=50K
20,Private,182661,Some-college,10,Never-married,Sales,Own-child,Black,Male,0,0,20,United-States,<=50K
30,Local-gov,38268,HS-grad,9,Separated,Other-service,Unmarried,White,Male,0,0,40,United-States,>50K
48,Private,176841,HS-grad,9,Married-civ-spouse,Other-service,Husband,White,Male,0,0,40,United-States,<=50K
26,Private,377121,HS-grad,9,Never-married,Handlers-cleaners,Own-child,White,Male,0,0,52,United-States,<=50K
43,Local-gov,174370,Masters,14,Married-civ-spouse,Prof-specialty,Husband,White,Male,0,0,50,United-States,<=50K
35,Private,145964,HS-grad,9,Married-civ-spouse,Prof-specialty,Wife,White,Female,3942,0,35,United-States,<=50K
44,Private,269786,Bachelors,13,Divorced,Machine-op-inspct,Unmarried,White,Female,0,0,56,United-States,<=50K
33,Self-emp-inc,135056,HS-grad,9,Married-civ-spouse,Farming-fishing,Husband,White,Male,2829,0,70,United-States,<=50K
81,?,89391,Prof-school,15,Married-civ-spouse,?,Husband,White,Male,0,0,24,United-States,>50K
55,Private,535852,Bachelors,13,Married-civ-spouse,Sales,Husband,White,Male,0,0,15,United-States,>50K
26,Private,490332,10th,6,Never-married,Adm-clerical,Not-in-family,White,Female,2907,0,40,United-States,<=50K
36,Self-emp-not-inc,188503,Masters,14,Never-married,Prof-specialty,Not-in-family,White,Female,0,0,60,United-States,>50K
51,Private,349751,Some-college,10,Divorced,Prof-specialty,Unmarried,White,Female,0,0,40,United-States,<=50K
45,Private,194352,Assoc-voc,11,Never-married,Other-service,Unmarried,White,Female,0,0,40,Mexico,<=50K
32,Private,159574,HS-grad,9,Never-married,Handlers-cleaners,Own-child,White,Male,0,0,50,United-States,<=50K
59,Self-emp-not-inc,114797,Some-college,10,Married-civ-spouse,Craft-repair,Husband,White,Male,0,0,20,United-States,>50K
31,Private,192258,Bachelors,13,Married-civ-spouse,Prof-specialty,Husband,White,Male,0,0,40,United-States,>50K
25,Private,364685,HS-grad,9,Divorced,Adm-clerical,Not-in-family,White,Female,0,0,40,United-States,<=50K
39,Private,91711,Masters,14,Married-civ-spouse,Exec-managerial,Husband,White,Male,0,0,40,United-States,>50K
34,Self-emp-not-inc,450141,Bachelors,13,Married-civ-spouse,Exec-managerial,Husband,White,Male,15024,0,35,United-States,>50K
31,Private,362067,Some-college,10,Married-civ-spouse,Exec-managerial,Husband,Black,Male,0,0,40,United-States,>50K
40,Private,135102,Assoc-acdm,12,Divorced,Adm-clerical,Unmarried,White,Female,0,0,40,United-States,<=50K
36,Local-gov,410114,Bachelors,13,Married-civ-spouse,Prof-specialty,Husband,White,Male,0,1887,40,United-States,>50K
38,Private,258474,HS-grad,9,Divorced,Exec-managerial,Not-in-family,White,Male,0,0,50,United-States,<=50K
35,Private,189240,Some-college,10,Divorced,Other-service,Unmarried,Black,Female,0,0,40,United-States,<=50K
50,Private,194004,Preschool,1,Never-married,Other-service,Not-in-family,Black,Female,0,0,40,Haiti,<=50K
35,Private,189240,Some-college,10,Divorced,Other-service,Unmarried,Black,Female,0,0,40,United-States,<=50K
56,Self-emp-not-inc,156015,HS-grad,9,Married-civ-spouse,Craft-repair,Husband,White,Male,0,0,40,United-States,<=50K
34,Private,200574,HS-grad,9,Separated,Transport-moving,Own-child,White,Male,0,0,25,Columbia,<=50K
22,Private,336880,Assoc-acdm,12,Never-married,Adm-clerical,Not-in-family,White,Female,0,0,25,United-States,<=50K
51,Federal-gov,335481,Some-college,10,Separated,Prof-specialty,Not-in-family,Black,Female,0,0,40,United-States,>50K
55,Private,92215,HS-grad,9,Divorced,Adm-clerical,Not-in-family,White,Female,0,0,40,United-States,<=50K
60,Private,125491,Bachelors,13,Divorced,Prof-specialty,Not-in-family,White,Female,8614,0,48,United-States,>50K
36,Self-emp-not-inc,105021,Some-college,10,Married-civ-spouse,Exec-managerial,Husband,White,Male,0,0,55,United-States,>50K
44,Private,27624,Some-college,10,Married-civ-spouse,Craft-repair,Husband,White,Male,0,0,40,United-States,<=50K
43,Private,124520,Bachelors,13,Married-civ-spouse,Sales,Husband,White,Male,0,0,40,United-States,>50K
23,Private,125019,Some-college,10,Never-married,Other-service,Not-in-family,Asian-Pac-Islander,Female,0,0,35,Vietnam,<=50K
27,Private,168138,HS-grad,9,Never-married,Exec-managerial,Own-child,White,Male,0,0,40,United-States,<=50K
42,Self-emp-not-inc,200574,Prof-school,15,Never-married,Prof-specialty,Not-in-family,White,Male,0,0,38,United-States,<=50K
43,Local-gov,115603,Some-college,10,Divorced,Adm-clerical,Unmarried,White,Female,0,0,40,United-States,<=50K
22,Private,199381,Some-college,10,Never-married,Sales,Own-child,White,Male,0,0,15,United-States,<=50K
43,Local-gov,413760,Some-college,10,Separated,Craft-repair,Not-in-family,Black,Male,0,0,40,United-States,<=50K
39,Private,91711,Masters,14,Married-civ-spouse,Exec-managerial,Husband,White,Male,0,0,40,United-States,>50K
26,Private,86750,HS-grad,9,Married-civ-spouse,Transport-moving,Husband,White,Male,0,0,40,United-States,>50K
45,Self-emp-not-inc,285580,HS-grad,9,Married-civ-spouse,Exec-managerial,Husband,Asian-Pac-Islander,Male,0,0,40,China,<=50K
36,Private,206541,HS-grad,9,Divorced,Craft-repair,Own-child,White,Male,0,0,40,United-States,<=50K
47,Local-gov,140644,Some-college,10,Married-civ-spouse,Protective-serv,Husband,White,Male,0,0,40,United-States,>50K
22,?,292120,Some-college,10,Never-married,?,Not-in-family,White,Male,0,0,15,United-States,<=50K
36,Private,210444,Bachelors,13,Married-civ-spouse,Prof-specialty,Husband,White,Male,0,0,38,United-States,<=50K
54,Self-emp-not-inc,36327,7th-8th,4,Married-civ-spouse,Machine-op-inspct,Husband,White,Male,0,0,50,United-States,<=50K
20,Private,216842,HS-grad,9,Never-married,Machine-op-inspct,Other-relative,White,Male,0,0,40,United-States,<=50K
45,Private,97176,11th,7,Divorced,Adm-clerical,Unmarried,White,Female,0,0,16,United-States,<=50K
36,Private,166549,Bachelors,13,Divorced,Adm-clerical,Not-in-family,White,Male,0,0,55,United-States,>50K
51,Self-emp-not-inc,85902,10th,6,Widowed,Transport-moving,Other-relative,White,Female,0,0,40,United-States,<=50K
38,State-gov,110426,Doctorate,16,Married-civ-spouse,Prof-specialty,Wife,White,Female,7688,0,40,?,>50K
41,Private,209609,HS-grad,9,Never-married,Machine-op-inspct,Not-in-family,White,Male,0,0,40,United-States,<=50K
80,Private,107740,HS-grad,9,Widowed,Handlers-cleaners,Not-in-family,White,Male,0,0,30,United-States,<=50K
43,Private,136277,Some-college,10,Married-civ-spouse,Exec-managerial,Husband,White,Male,0,0,40,United-States,>50K
57,Private,237386,HS-grad,9,Married-civ-spouse,Machine-op-inspct,Husband,Black,Male,0,0,40,United-States,>50K
45,Private,176810,HS-grad,9,Never-married,Other-service,Not-in-family,White,Female,0,0,40,El-Salvador,<=50K
37,Private,179681,Bachelors,13,Never-married,Prof-specialty,Not-in-family,White,Female,0,0,45,United-States,<=50K
53,Private,177916,Bachelors,13,Married-civ-spouse,Adm-clerical,Husband,White,Male,7298,0,40,United-States,>50K
49,Private,103123,Bachelors,13,Married-civ-spouse,Handlers-cleaners,Husband,White,Male,0,0,40,United-States,>50K
20,Private,335005,HS-grad,9,Never-married,Transport-moving,Own-child,White,Male,0,0,40,United-States,<=50K
55,Private,116927,Doctorate,16,Married-civ-spouse,Prof-specialty,Husband,White,Male,15024,0,30,United-States,>50K
38,Private,160029,Bachelors,13,Never-married,Prof-specialty,Not-in-family,White,Female,0,0,32,United-States,<=50K
58,State-gov,198223,Bachelors,13,Married-civ-spouse,Adm-clerical,Husband,White,Male,0,0,35,United-States,>50K
40,Private,308673,HS-grad,9,Married-civ-spouse,Craft-repair,Husband,White,Male,0,0,40,United-States,<=50K
55,Local-gov,257863,Prof-school,15,Married-civ-spouse,Prof-specialty,Husband,White,Male,0,1902,40,United-States,>50K
67,Self-emp-inc,51789,Some-college,10,Married-civ-spouse,Sales,Husband,White,Male,0,0,40,United-States,<=50K
33,Private,159574,7th-8th,4,Married-civ-spouse,Adm-clerical,Husband,White,Male,0,0,45,United-States,<=50K
20,Self-emp-inc,83141,HS-grad,9,Never-married,Craft-repair,Own-child,White,Male,0,0,40,United-States,<=50K
27,Private,213076,Bachelors,13,Married-civ-spouse,Prof-specialty,Wife,White,Female,7298,0,45,England,>50K
25,Self-emp-not-inc,210444,Bachelors,13,Never-married,Prof-specialty,Own-child,White,Male,0,0,30,United-States,<=50K
30,Private,147430,HS-grad,9,Married-spouse-absent,Adm-clerical,Not-in-family,White,Female,0,0,40,United-States,<=50K
17,Private,102726,12th,8,Never-married,Other-service,Own-child,White,Male,0,0,16,United-States,<=50K
41,Private,439608,7th-8th,4,Married-civ-spouse,Craft-repair,Husband,White,Male,0,0,40,?,<=50K
22,?,219086,HS-grad,9,Never-married,?,Own-child,Black,Male,0,1602,30,United-States,<=50K
18,Private,78528,11th,7,Never-married,Other-service,Own-child,White,Male,0,0,20,United-States,<=50K
28,Private,175323,Bachelors,13,Never-married,Adm-clerical,Not-in-family,White,Female,0,0,30,?,<=50K
38,Private,186067,HS-grad,9,Married-civ-spouse,Craft-repair,Husband,White,Male,0,0,55,United-States,<=50K
23,Private,193090,Bachelors,13,Never-married,Prof-specialty,Not-in-family,White,Female,0,0,38,United-States,<=50K
46,Private,57929,HS-grad,9,Divorced,Other-service,Not-in-family,White,Male,0,0,25,United-States,<=50K
54,Private,511668,Doctorate,16,Married-civ-spouse,Exec-managerial,Husband,White,Male,0,1977,43,United-States,>50K
25,Private,207875,7th-8th,4,Married-civ-spouse,Handlers-cleaners,Husband,White,Male,0,0,40,Mexico,<=50K
24,Private,439608,HS-grad,9,Never-married,Priv-house-serv,Not-in-family,White,Female,0,0,45,England,<=50K
37,Private,336215,Some-college,10,Married-civ-spouse,Transport-moving,Husband,White,Male,0,0,50,United-States,<=50K
26,Private,172186,Some-college,10,Never-married,Sales,Own-child,White,Female,0,0,24,United-States,<=50K
38,Private,228457,HS-grad,9,Married-civ-spouse,Transport-moving,Husband,Other,Male,0,0,40,Puerto-Rico,<=50K
44,Private,175323,Bachelors,13,Married-civ-spouse,Craft-repair,Husband,White,Male,0,0,12,United-States,<=50K
41,Private,188069,Bachelors,13,Married-civ-spouse,Prof-specialty,Husband,White,Male,0,0,40,United-States,<=50K
44,Local-gov,68318,Masters,14,Never-married,Prof-specialty,Own-child,White,Female,0,0,55,United-States,<=50K
61,?,632733,12th,8,Never-married,?,Not-in-family,Black,Male,0,0,52,United-States,<=50K
58,Self-emp-inc,216160,Assoc-voc,11,Divorced,Sales,Not-in-family,White,Male,2202,0,56,United-States,<=50K
27,Private,157747,HS-grad,9,Never-married,Other-service,Not-in-family,White,Female,0,0,42,United-States,<=50K
24,State-gov,322658,Bachelors,13,Never-married,Exec-managerial,Not-in-family,White,Female,0,0,40,United-States,<=50K
35,Private,272913,Bachelors,13,Never-married,Tech-support,Not-in-family,Asian-Pac-Islander,Female,4650,0,40,United-States,<=50K
33,Private,118714,Bachelors,13,Never-married,Sales,Not-in-family,White,Male,0,1590,40,United-States,<=50K
32,Private,176841,HS-grad,9,Never-married,Craft-repair,Own-child,White,Male,0,0,40,United-States,<=50K
24,Private,387663,Some-college,10,Married-spouse-absent,Farming-fishing,Unmarried,White,Female,0,0,40,United-States,<=50K
44,Private,230054,Assoc-acdm,12,Widowed,Adm-clerical,Unmarried,White,Female,0,0,40,United-States,<=50K
25,Private,37088,HS-grad,9,Divorced,Adm-clerical,Not-in-family,White,Female,0,0,40,United-States,<=50K
39,Private,57929,Some-college,10,Married-civ-spouse,Machine-op-inspct,Husband,White,Male,0,0,40,United-States,>50K
28,Private,292120,Some-college,10,Never-married,Adm-clerical,Own-child,White,Female,0,0,42,United-States,<=50K
19,Private,165505,Some-college,10,Never-married,Sales,Own-child,White,Female,0,0,20,United-States,<=50K
23,Federal-gov,41432,Bachelors,13,Never-married,Prof-specialty,Not-in-family,White,Female,0,0,15,United-States,<=50K
20,?,348144,HS-grad,9,Never-married,?,Own-child,White,Male,0,0,32,United-States,<=50K
51,Private,61270,HS-grad,9,Married-civ-spouse,Handlers-cleaners,Husband,White,Male,0,0,40,United-States,>50K
36,State-gov,224541,Some-college,10,Divorced,Other-service,Unmarried,Black,Female,0,0,20,United-States,<=50K
36,?,39236,HS-grad,9,Married-spouse-absent,?,Unmarried,Black,Male,0,0,50,United-States,<=50K
24,Private,50700,HS-grad,9,Married-civ-spouse,Farming-fishing,Husband,White,Male,0,0,50,United-States,<=50K
33,Private,154641,HS-grad,9,Married-civ-spouse,Sales,Husband,White,Male,0,0,40,United-States,<=50K
56,Private,196674,HS-grad,9,Divorced,Adm-clerical,Not-in-family,White,Female,0,0,40,United-States,<=50K
31,Private,93106,Assoc-voc,11,Never-married,Adm-clerical,Not-in-family,White,Female,0,0,40,United-States,<=50K
45,Private,176810,HS-grad,9,Never-married,Other-service,Not-in-family,White,Female,0,0,40,El-Salvador,<=50K
37,Private,278442,9th,5,Married-civ-spouse,Transport-moving,Husband,White,Male,0,0,40,United-States,<=50K
41,Private,240175,5th-6th,3,Married-civ-spouse,Farming-fishing,Husband,White,Male,0,0,40,Mexico,<=50K
23,Private,179681,Assoc-voc,11,Never-married,Adm-clerical,Own-child,White,Female,0,0,40,United-States,<=50K
46,Self-emp-not-inc,246981,Bachelors,13,Never-married,Prof-specialty,Not-in-family,Black,Male,0,0,23,United-States,<=50K
41,Private,187370,Bachelors,13,Married-civ-spouse,Prof-specialty,Husband,White,Male,0,0,40,United-States,<=50K
52,Private,94391,HS-grad,9,Married-civ-spouse,Adm-clerical,Husband,White,Male,0,0,40,United-States,<=50K
36,Private,208358,HS-grad,9,Divorced,Craft-repair,Own-child,White,Male,0,0,40,United-States,<=50K
22,Private,163265,10th,6,Never-married,Sales,Own-child,White,Male,0,0,15,United-States,<=50K
30,Private,159442,HS-grad,9,Separated,Adm-clerical,Not-in-family,White,Female,0,0,40,United-States,<=50K
47,Local-gov,171748,HS-grad,9,Divorced,Adm-clerical,Not-in-family,White,Female,0,0,40,United-States,<=50K
42,Federal-gov,158924,Assoc-acdm,12,Divorced,Prof-specialty,Unmarried,Asian-Pac-Islander,Female,0,0,40,Philippines,>50K
49,?,114648,12th,8,Divorced,?,Other-relative,Black,Male,0,0,40,United-States,<=50K
30,Private,113163,Some-college,10,Never-married,Other-service,Not-in-family,White,Male,0,0,24,United-States,<=50K
30,Private,144995,HS-grad,9,Never-married,Craft-repair,Not-in-family,White,Male,0,0,45,United-States,<=50K
20,Private,174655,Some-college,10,Never-married,Prof-specialty,Own-child,White,Male,0,0,15,United-States,<=50K
42,Private,336215,Some-college,10,Divorced,Adm-clerical,Not-in-family,Black,Female,0,0,40,United-States,<=50K
45,Private,97176,11th,7,Divorced,Adm-clerical,Unmarried,White,Female,0,0,16,United-States,<=50K
43,Private,123780,Bachelors,13,Married-civ-spouse,Sales,Husband,White,Male,0,0,40,United-States,>50K
49,Private,192258,HS-grad,9,Married-civ-spouse,Craft-repair,Husband,White,Male,0,0,40,United-States,>50K
37,Private,189382,Assoc-acdm,12,Divorced,Adm-clerical,Not-in-family,White,Female,0,1504,40,United-States,<=50K
56,Private,132996,HS-grad,9,Married-civ-spouse,Transport-moving,Husband,White,Male,0,0,50,United-States,<=50K
41,Local-gov,52037,Some-college,10,Divorced,Adm-clerical,Unmarried,White,Female,0,0,40,United-States,<=50K
50,Self-emp-not-inc,27937,Masters,14,Married-civ-spouse,Exec-managerial,Husband,White,Male,0,0,20,United-States,<=50K
35,Private,276153,Bachelors,13,Never-married,Tech-support,Not-in-family,Asian-Pac-Islander,Female,4650,0,40,United-States,<=50K
30,Private,54929,HS-grad,9,Married-civ-spouse,Sales,Husband,White,Male,0,0,55,United-States,<=50K
58,Private,78277,HS-grad,9,Married-civ-spouse,Craft-repair,Husband,White,Male,0,0,40,United-States,>50K
45,Federal-gov,126614,Masters,14,Married-civ-spouse,Prof-specialty,Husband,White,Male,0,0,45,United-States,>50K
20,Private,398019,Some-college,10,Never-married,Farming-fishing,Not-in-family,White,Female,0,0,40,United-States,<=50K
66,?,182451,7th-8th,4,Married-civ-spouse,?,Husband,White,Male,0,0,30,United-States,<=50K
37,Private,189565,Assoc-acdm,12,Divorced,Adm-clerical,Not-in-family,White,Female,0,1504,40,United-States,<=50K
28,Private,34965,Bachelors,13,Never-married,Exec-managerial,Not-in-family,Black,Male,2174,0,50,United-States,<=50K
50,Private,187089,Some-college,10,Married-civ-spouse,Craft-repair,Husband,White,Male,0,0,40,United-States,<=50K
80,Private,86111,Doctorate,16,Married-civ-spouse,Prof-specialty,Husband,White,Male,0,0,30,United-States,<=50K
41,Private,265434,HS-grad,9,Divorced,Adm-clerical,Unmarried,White,Female,0,0,45,United-States,<=50K
29,Private,244395,11th,7,Never-married,Other-service,Unmarried,Black,Female,0,0,40,United-States,<=50K
44,Self-emp-not-inc,342434,Bachelors,13,Married-civ-spouse,Craft-repair,Husband,White,Male,0,0,50,United-States,>50K
53,Federal-gov,117849,Assoc-acdm,12,Married-civ-spouse,Adm-clerical,Husband,White,Male,0,0,40,United-States,<=50K
45,Federal-gov,126613,Masters,14,Married-civ-spouse,Prof-specialty,Husband,White,Male,0,0,45,United-States,>50K
47,Local-gov,219086,Assoc-acdm,12,Separated,Exec-managerial,Not-in-family,White,Male,0,1408,40,United-States,<=50K
28,Private,180690,Bachelors,13,Married-civ-spouse,Exec-managerial,Husband,White,Male,0,0,50,England,>50K
45,Private,24344,Bachelors,13,Married-civ-spouse,Exec-managerial,Husband,White,Male,0,0,60,United-States,>50K
29,Federal-gov,157313,Assoc-voc,11,Never-married,Prof-specialty,Not-in-family,White,Female,0,0,40,United-States,<=50K
25,Private,364685,HS-grad,9,Divorced,Adm-clerical,Not-in-family,White,Female,0,0,40,United-States,<=50K
36,?,38973,HS-grad,9,Married-spouse-absent,?,Unmarried,Black,Male,0,0,50,United-States,<=50K
42,Self-emp-not-inc,200790,Prof-school,15,Never-married,Prof-specialty,Not-in-family,White,Male,0,0,38,United-States,<=50K
46,Private,225890,Bachelors,13,Married-civ-spouse,Sales,Wife,White,Female,0,0,16,United-States,>50K
52,Private,256636,Bachelors,13,Married-civ-spouse,Exec-managerial,Husband,White,Male,0,0,50,United-States,<=50K
26,Private,37650,Some-college,10,Divorced,Prof-specialty,Not-in-family,White,Female,5060,0,40,United-States,<=50K
36,State-gov,77146,Masters,14,Never-married,Prof-specialty,Not-in-family,White,Male,0,0,40,United-States,<=50K
65,?,362067,HS-grad,9,Married-civ-spouse,?,Husband,White,Male,0,0,40,United-States,>50K
55,Self-emp-not-inc,78707,HS-grad,9,Married-civ-spouse,Farming-fishing,Husband,Asian-Pac-Islander,Male,0,0,70,United-States,<=50K
56,Self-emp-inc,216842,12th,8,Married-civ-spouse,Exec-managerial,Husband,White,Male,0,1651,40,United-States,<=50K
42,Self-emp-not-inc,115618,HS-grad,9,Married-civ-spouse,Sales,Husband,White,Male,0,0,40,United-States,<=50K
42,Federal-gov,159028,Assoc-acdm,12,Divorced,Prof-specialty,Unmarried,Asian-Pac-Islander,Female,0,0,40,Philippines,>50K
52,Private,204397,HS-grad,9,Married-civ-spouse,Machine-op-inspct,Husband,White,Male,4386,0,40,United-States,>50K
26,Private,541755,Some-college,10,Married-civ-spouse,Exec-managerial,Husband,White,Male,0,0,42,United-States,<=50K
35,Private,108140,HS-grad,9,Divorced,Craft-repair,Not-in-family,White,Male,0,0,40,United-States,<=50K
26,Local-gov,176810,HS-grad,9,Married-civ-spouse,Tech-support,Husband,White,Male,0,0,75,United-States,>50K
27,Private,166863,Some-college,10,Never-married,Adm-clerical,Not-in-family,White,Female,0,0,39,United-States,<=50K
45,Private,345339,Bachelors,13,Never-married,Transport-moving,Not-in-family,White,Male,0,0,30,United-States,<=50K
63,?,231777,Masters,14,Married-civ-spouse,?,Husband,White,Male,0,0,30,United-States,<=50K
36,Private,188246,Some-college,10,Married-civ-spouse,Exec-managerial,Husband,White,Male,0,0,50,United-States,>50K
49,Private,114797,Bachelors,13,Divorced,Exec-managerial,Unmarried,Black,Female,0,0,40,United-States,<=50K
51,Private,177675,HS-grad,9,Married-civ-spouse,Machine-op-inspct,Husband,White,Male,0,0,48,United-States,<=50K
29,Private,36943,Some-college,10,Married-civ-spouse,Craft-repair,Husband,White,Male,0,0,40,United-States,<=50K
19,State-gov,568490,12th,8,Never-married,Transport-moving,Own-child,Black,Male,0,0,20,United-States,<=50K
31,Private,151790,HS-grad,9,Married-civ-spouse,Craft-repair,Husband,White,Male,0,0,45,United-States,<=50K
56,Local-gov,104996,HS-grad,9,Married-civ-spouse,Transport-moving,Husband,White,Male,0,0,40,United-States,<=50K
29,Private,175639,Some-college,10,Divorced,Other-service,Unmarried,White,Female,0,0,28,United-States,<=50K
28,Private,198145,Assoc-voc,11,Married-civ-spouse,Sales,Husband,White,Male,0,0,40,United-States,<=50K
20,Private,490332,Some-college,10,Never-married,Sales,Own-child,White,Male,0,0,40,United-States,<=50K
29,State-gov,380674,Bachelors,13,Never-married,Craft-repair,Not-in-family,White,Male,0,0,40,United-States,<=50K
24,Private,188503,Masters,14,Never-married,Exec-managerial,Own-child,White,Female,4787,0,60,United-States,>50K
55,Private,353263,7th-8th,4,Married-civ-spouse,Transport-moving,Husband,White,Male,0,0,50,United-States,<=50K
69,Private,228921,Bachelors,13,Widowed,Prof-specialty,Not-in-family,White,Male,0,2282,40,United-States,>50K
30,Private,175710,HS-grad,9,Married-civ-spouse,Craft-repair,Husband,White,Male,0,0,42,United-States,>50K
54,Private,82566,Assoc-acdm,12,Married-civ-spouse,Sales,Husband,White,Male,0,0,45,United-States,<=50K
66,Private,284763,HS-grad,9,Widowed,Sales,Not-in-family,White,Female,0,0,40,United-States,<=50K
33,Private,52888,10th,6,Never-married,Other-service,Unmarried,White,Male,0,0,40,United-States,<=50K
19,State-gov,164473,Some-college,10,Never-married,Other-service,Own-child,White,Female,0,0,40,United-States,<=50K
45,Private,194668,Assoc-voc,11,Never-married,Other-service,Unmarried,White,Female,0,0,40,Mexico,<=50K
43,Local-gov,41432,Some-college,10,Separated,Craft-repair,Not-in-family,Black,Male,0,0,40,United-States,<=50K
54,Private,103580,Assoc-acdm,12,Divorced,Exec-managerial,Unmarried,White,Female,0,0,55,United-States,>50K
48,Federal-gov,156873,HS-grad,9,Married-civ-spouse,Adm-clerical,Husband,Black,Male,0,0,50,United-States,>50K
49,Private,317434,7th-8th,4,Married-civ-spouse,Craft-repair,Husband,White,Male,0,0,40,United-States,<=50K
43,Private,111895,Bachelors,13,Married-civ-spouse,Prof-specialty,Husband,White,Male,0,0,50,United-States,>50K
23,Federal-gov,42044,Bachelors,13,Never-married,Prof-specialty,Not-in-family,White,Female,0,0,15,United-States,<=50K
33,Self-emp-not-inc,188972,Some-college,10,Never-married,Other-service,Not-in-family,White,Female,0,0,5,United-States,<=50K
41,Private,440138,Bachelors,13,Married-civ-spouse,Transport-moving,Husband,White,Male,0,0,48,Canada,>50K
45,Private,344916,Bachelors,13,Never-married,Transport-moving,Not-in-family,White,Male,0,0,30,United-States,<=50K
52,Private,145175,Some-college,10,Married-civ-spouse,Transport-moving,Husband,White,Male,15024,0,60,Canada,>50K
51,Private,57637,HS-grad,9,Divorced,Other-service,Not-in-family,White,Female,0,0,32,United-States,<=50K
30,Self-emp-not-inc,113323,Some-college,10,Never-married,Craft-repair,Own-child,White,Male,0,0,30,United-States,<=50K
38,Self-emp-not-inc,423616,HS-grad,9,Married-civ-spouse,Sales,Wife,White,Female,0,0,24,United-States,>50K
46,Private,57929,HS-grad,9,Divorced,Other-service,Not-in-family,White,Male,0,0,25,United-States,<=50K
50,Private,339029,Some-college,10,Married-civ-spouse,Craft-repair,Husband,White,Male,0,0,40,United-States,>50K
21,Private,113163,Some-college,10,Never-married,Adm-clerical,Own-child,White,Male,0,0,50,United-States,<=50K
38,Private,235218,HS-grad,9,Married-civ-spouse,Craft-repair,Husband,White,Male,0,0,45,United-States,>50K
34,Private,97723,Bachelors,13,Married-civ-spouse,Prof-specialty,Husband,White,Male,0,0,40,United-States,>50K
24,Private,505980,HS-grad,9,Married-civ-spouse,Farming-fishing,Husband,White,Male,0,0,50,United-States,<=50K
20,?,357173,Some-college,10,Never-married,?,Own-child,White,Female,0,0,35,United-States,<=50K
37,Private,221533,HS-grad,9,Married-civ-spouse,Craft-repair,Husband,White,Male,0,0,45,United-States,>50K
18,Private,51789,Some-college,10,Never-married,Other-service,Own-child,White,Male,0,0,8,United-States,<=50K
35,Private,230054,7th-8th,4,Married-civ-spouse,Machine-op-inspct,Husband,White,Male,0,0,40,Mexico,<=50K
35,Private,107740,Some-college,10,Never-married,Machine-op-inspct,Not-in-family,White,Female,0,0,40,United-States,<=50K
61,Private,87032,HS-grad,9,Widowed,Adm-clerical,Not-in-family,White,Female,0,0,40,United-States,<=50K
37,Private,138111,HS-grad,9,Separated,Craft-repair,Unmarried,White,Female,0,0,40,United-States,<=50K
34,Private,363130,11th,7,Married-civ-spouse,Transport-moving,Husband,White,Male,0,0,40,United-States,<=50K
22,Private,203240,Assoc-voc,11,Married-civ-spouse,Other-service,Husband,White,Male,0,0,44,United-States,<=50K
33,Self-emp-not-inc,189240,Some-college,10,Never-married,Other-service,Not-in-family,White,Female,0,0,5,United-States,<=50K
36,Local-gov,410034,Bachelors,13,Married-civ-spouse,Prof-specialty,Husband,White,Male,0,1887,40,United-States,>50K
39,Private,192258,Bachelors,13,Separated,Sales,Not-in-family,White,Male,0,0,50,United-States,<=50K
50,Private,403911,Prof-school,15,Married-civ-spouse,Exec-managerial,Husband,White,Male,15024,0,50,United-States,>50K
40,Private,198258,Bachelors,13,Never-married,Adm-clerical,Unmarried,Black,Female,2977,0,40,United-States,<=50K
53,Private,95864,HS-grad,9,Never-married,Adm-clerical,Other-relative,White,Male,0,0,35,United-States,<=50K
54,Self-emp-not-inc,568490,HS-grad,9,Married-civ-spouse,Craft-repair,Husband,White,Male,0,0,35,United-States,<=50K
54,Federal-gov,439608,Some-college,10,Divorced,Adm-clerical,Not-in-family,White,Female,0,0,40,United-States,<=50K
22,?,263773,Some-college,10,Never-married,?,Not-in-family,White,Female,0,0,28,United-States,<=50K
40,Private,198223,Bachelors,13,Never-married,Adm-clerical,Unmarried,Black,Female,2977,0,40,United-States,<=50K
28,Private,152744,HS-grad,9,Divorced,Handlers-cleaners,Not-in-family,White,Male,0,0,40,United-States,<=50K
25,Private,372728,HS-grad,9,Divorced,Adm-clerical,Not-in-family,White,Female,0,0,40,United-States,<=50K
66,Private,284021,HS-grad,9,Widowed,Sales,Not-in-family,White,Female,0,0,40,United-States,<=50K
52,Private,204397,HS-grad,9,Married-civ-spouse,Machine-op-inspct,Husband,White,Male,4386,0,40,United-States,>50K
18,Self-emp-inc,119673,HS-grad,9,Never-married,Other-service,Unmarried,Asian-Pac-Islander,Female,0,0,30,India,<=50K
31,Private,189674,HS-grad,9,Married-civ-spouse,Transport-moving,Husband,White,Male,0,0,50,United-States,<=50K
35,?,375655,9th,5,Married-civ-spouse,?,Wife,White,Female,0,0,35,United-States,<=50K
52,Private,94391,HS-grad,9,Married-civ-spouse,Adm-clerical,Husband,White,Male,0,0,40,United-States,<=50K
31,Private,234537,HS-grad,9,Never-married,Handlers-cleaners,Not-in-family,White,Male,0,0,60,United-States,<=50K
36,Private,208872,HS-grad,9,Divorced,Craft-repair,Own-child,White,Male,0,0,40,United-States,<=50K
27,Private,151790,HS-grad,9,Never-married,Machine-op-inspct,Own-child,Asian-Pac-Islander,Male,0,0,40,Philippines,<=50K
20,?,308924,Some-college,10,Never-married,?,Own-child,White,Male,0,0,25,United-States,<=50K
65,Private,283037,Masters,14,Married-civ-spouse,Adm-clerical,Other-relative,White,Female,0,0,40,United-States,>50K
36,Private,127491,HS-grad,9,Divorced,Transport-moving,Not-in-family,White,Male,0,0,40,United-States,<=50K
54,Self-emp-inc,165867,Prof-school,15,Married-civ-spouse,Prof-specialty,Husband,White,Male,99999,0,60,United-States,>50K
22,Private,202871,Assoc-voc,11,Married-civ-spouse,Other-service,Husband,White,Male,0,0,44,United-States,<=50K
52,Private,164113,HS-grad,9,Married-civ-spouse,Other-service,Wife,White,Female,0,0,38,United-States,<=50K
44,Private,175323,Bachelors,13,Married-civ-spouse,Craft-repair,Husband,White,Male,0,0,12,United-States,<=50K
34,Private,97723,Bachelors,13,Married-civ-spouse,Prof-specialty,Husband,White,Male,0,0,40,United-States,>50K
35,Private,278632,Bachelors,13,Married-civ-spouse,Sales,Husband,White,Male,7298,0,5,United-States,>50K
59,Self-emp-not-inc,114760,Some-college,10,Married-civ-spouse,Craft-repair,Husband,White,Male,0,0,20,United-States,>50K
40,State-gov,269786,Assoc-voc,11,Married-civ-spouse,Other-service,Husband,Black,Male,0,0,30,United-States,<=50K
32,State-gov,110171,Some-college,10,Married-civ-spouse,Prof-specialty,Wife,White,Female,0,1902,40,United-States,>50K
37,Private,226500,Bachelors,13,Married-civ-spouse,Sales,Husband,White,Male,0,0,55,United-States,>50K
24,Private,278114,HS-grad,9,Married-civ-spouse,Machine-op-inspct,Husband,White,Male,0,0,50,United-States,<=50K
57,Private,78707,HS-grad,9,Never-married,Adm-clerical,Own-child,White,Female,0,0,40,United-States,<=50K
43,Private,282779,Some-college,10,Divorced,Craft-repair,Unmarried,White,Male,0,0,42,United-States,<=50K
41,Private,145441,HS-grad,9,Married-civ-spouse,Machine-op-inspct,Husband,White,Male,0,0,40,United-States,>50K
31,Private,189674,HS-grad,9,Married-civ-spouse,Transport-moving,Husband,White,Male,0,0,50,United-States,<=50K
29,Private,505980,Some-college,10,Married-civ-spouse,Transport-moving,Husband,White,Male,0,0,45,United-States,>50K
27,Private,101618,HS-grad,9,Married-civ-spouse,Exec-managerial,Husband,White,Male,0,0,50,United-States,<=50K
51,Private,163322,Bachelors,13,Married-civ-spouse,Transport-moving,Husband,White,Male,0,0,56,United-States,>50K
61,Private,77322,Some-college,10,Divorced,Adm-clerical,Not-in-family,White,Female,0,0,40,United-States,<=50K
54,Private,258102,HS-grad,9,Married-civ-spouse,Exec-managerial,Husband,White,Male,0,0,45,United-States,<=50K
56,Private,198513,HS-grad,9,Divorced,Adm-clerical,Not-in-family,White,Female,0,0,40,United-States,<=50K
44,Private,144778,Some-college,10,Separated,Exec-managerial,Not-in-family,White,Male,0,0,45,United-States,>50K
42,Private,142287,Some-college,10,Never-married,Other-service,Own-child,White,Female,0,0,40,United-States,<=50K
29,Private,56424,HS-grad,9,Married-civ-spouse,Craft-repair,Husband,White,Male,0,0,40,United-States,<=50K
46,Private,353219,9th,5,Divorced,Other-service,Unmarried,White,Female,0,0,40,United-States,<=50K
31,Private,152156,HS-grad,9,Married-civ-spouse,Craft-repair,Husband,White,Male,0,0,45,United-States,<=50K
68,Private,203784,Some-college,10,Widowed,Exec-managerial,Not-in-family,White,Female,0,0,45,United-States,<=50K
46,Self-emp-not-inc,230856,Some-college,10,Separated,Prof-specialty,Not-in-family,White,Male,0,0,20,United-States,<=50K
52,Private,247806,Masters,14,Married-civ-spouse,Exec-managerial,Husband,White,Male,15024,0,50,United-States,>50K
38,Private,182661,Bachelors,13,Married-civ-spouse,Sales,Husband,White,Male,0,0,50,Poland,<=50K
59,Local-gov,53304,Bachelors,13,Married-civ-spouse,Prof-specialty,Husband,White,Male,0,0,50,United-States,>50K
36,Private,189565,Some-college,10,Separated,Other-service,Other-relative,Black,Female,0,0,40,United-States,<=50K
29,Private,267034,11th,7,Never-married,Craft-repair,Own-child,Black,Male,0,0,40,Haiti,<=50K
30,Private,175759,HS-grad,9,Married-civ-spouse,Craft-repair,Husband,White,Male,0,0,42,United-States,>50K
39,Local-gov,113253,Bachelors,13,Married-civ-spouse,Prof-specialty,Wife,White,Female,0,0,50,United-States,>50K
39,Local-gov,113253,Bachelors,13,Married-civ-spouse,Prof-specialty,Wife,White,Female,0,0,50,United-States,>50K
39,Self-emp-not-inc,73392,HS-grad,9,Married-civ-spouse,Other-service,Husband,White,Male,0,1573,45,United-States,<=50K
44,Private,186191,Masters,14,Married-civ-spouse,Prof-specialty,Husband,White,Male,0,0,40,United-States,<=50K
54,Self-emp-inc,165867,Prof-school,15,Married-civ-spouse,Prof-specialty,Husband,White,Male,99999,0,60,United-States,>50K
27,Private,142287,Some-college,10,Never-married,Other-service,Own-child,White,Male,0,0,24,United-States,<=50K
29,Self-emp-inc,124924,Bachelors,13,Never-married,Sales,Own-child,White,Female,0,0,40,United-States,<=50K
41,Private,142075,HS-grad,9,Married-spouse-absent,Adm-clerical,Unmarried,White,Female,0,0,40,United-States,<=50K
33,Private,136277,Bachelors,13,Never-married,Prof-specialty,Not-in-family,White,Male,0,0,40,United-States,>50K
34,Self-emp-not-inc,119673,7th-8th,4,Never-married,Handlers-cleaners,Unmarried,Black,Male,0,0,10,United-States,<=50K
59,Local-gov,93211,Bachelors,13,Married-civ-spouse,Exec-managerial,Wife,White,Female,0,0,22,United-States,>50K
22,Private,88470,Assoc-acdm,12,Married-civ-spouse,Exec-managerial,Husband,Asian-Pac-Islander,Male,0,0,6,United-States,<=50K
18,Private,51789,Some-college,10,Never-married,Other-service,Own-child,White,Male,0,0,8,United-States,<=50K
28,Private,29250,Some-college,10,Never-married,Adm-clerical,Own-child,White,Female,0,0,42,United-States,<=50K
35,Private,240554,Assoc-voc,11,Never-married,Tech-support,Not-in-family,White,Male,0,0,40,United-States,<=50K
19,?,201310,12th,8,Married-civ-spouse,?,Other-relative,White,Female,1506,0,40,United-States,>50K
44,Private,373628,Masters,14,Married-civ-spouse,Exec-managerial,Husband,Black,Male,0,1902,40,United-States,>50K
82,?,29441,7th-8th,4,Widowed,?,Not-in-family,White,Male,0,0,5,United-States,<=50K
20,Private,104164,HS-grad,9,Never-married,Handlers-cleaners,Own-child,White,Male,0,0,40,United-States,<=50K
56,Self-emp-inc,216636,12th,8,Married-civ-spouse,Exec-managerial,Husband,White,Male,0,1651,40,United-States,<=50K
41,Private,58484,Bachelors,13,Married-civ-spouse,Exec-managerial,Wife,White,Female,0,0,40,United-States,<=50K
35,Private,132853,Some-college,10,Married-civ-spouse,Tech-support,Husband,White,Male,0,0,40,United-States,>50K
33,Self-emp-not-inc,183845,Assoc-acdm,12,Divorced,Sales,Not-in-family,White,Male,0,0,40,United-States,<=50K
33,Self-emp-not-inc,189265,Some-college,10,Never-married,Other-service,Not-in-family,White,Female,0,0,5,United-States,<=50K
53,Local-gov,204397,HS-grad,9,Married-civ-spouse,Exec-managerial,Husband,White,Male,0,0,60,United-States,<=50K
35,State-gov,35626,Some-college,10,Divorced,Adm-clerical,Unmarried,White,Female,0,0,15,United-States,<=50K
28,Private,342434,HS-grad,9,Never-married,Craft-repair,Own-child,White,Male,0,0,40,United-States,<=50K
45,State-gov,284021,Some-college,10,Divorced,Prof-specialty,Unmarried,Black,Female,0,0,40,United-States,<=50K
35,Private,186916,Some-college,10,Divorced,Exec-managerial,Not-in-family,White,Female,0,0,70,United-States,<=50K
21,Private,66473,9th,5,Never-married,Machine-op-inspct,Own-child,Black,Male,0,0,20,United-States,<=50K
60,Self-emp-not-inc,90415,HS-grad,9,Married-civ-spouse,Sales,Husband,White,Male,0,0,50,United-States,<=50K
42,Self-emp-not-inc,115932,HS-grad,9,Married-civ-spouse,Sales,Husband,White,Male,0,0,40,United-States,<=50K
33,Private,52037,10th,6,Never-married,Other-service,Unmarried,White,Male,0,0,40,United-States,<=50K
54,Self-emp-inc,166549,Prof-school,15,Married-civ-spouse,Prof-specialty,Husband,White,Male,99999,0,60,United-States,>50K
37,Local-gov,222289,Assoc-voc,11,Never-married,Other-service,Unmarried,Black,Female,0,0,32,United-States,<=50K
49,Private,234663,11th,7,Married-civ-spouse,Transport-moving,Husband,White,Male,0,0,40,United-States,<=50K
35,State-gov,356838,Some-college,10,Divorced,Adm-clerical,Unmarried,White,Female,0,0,15,United-States,<=50K
36,Private,334105,11th,7,Separated,Exec-managerial,Not-in-family,White,Female,0,0,32,United-States,<=50K
64,Private,159589,HS-grad,9,Married-civ-spouse,Transport-moving,Husband,White,Male,10566,0,40,United-States,<=50K
31,Private,106014,Assoc-voc,11,Divorced,Craft-repair,Unmarried,White,Male,0,0,40,United-States,<=50K
55,Private,171216,HS-grad,9,Divorced,Exec-managerial,Not-in-family,White,Male,0,0,60,United-States,>50K
23,Private,86872,HS-grad,9,Never-married,Machine-op-inspct,Not-in-family,White,Male,0,0,40,United-States,<=50K
20,State-gov,432052,Some-college,10,Never-married,Handlers-cleaners,Not-in-family,White,Male,0,0,15,United-States,<=50K
17,Private,100828,11th,7,Never-married,Other-service,Not-in-family,White,Male,0,0,20,United-States,<=50K
27,Private,116878,Bachelors,13,Never-married,Exec-managerial,Not-in-family,White,Female,0,0,40,United-States,<=50K
49,Private,68493,HS-grad,9,Married-spouse-absent,Craft-repair,Unmarried,Black,Male,0,0,40,United-States,<=50K
44,Private,229335,Assoc-acdm,12,Widowed,Adm-clerical,Unmarried,White,Female,0,0,40,United-States,<=50K
41,Private,43945,7th-8th,4,Married-civ-spouse,Craft-repair,Husband,White,Male,0,0,40,?,<=50K
66,Private,86111,10th,6,Widowed,Transport-moving,Not-in-family,White,Female,0,0,11,United-States,<=50K
37,Private,199118,Some-college,10,Married-civ-spouse,Other-service,Wife,White,Female,0,0,40,United-States,<=50K
38,Private,76317,Assoc-voc,11,Married-civ-spouse,Exec-managerial,Husband,White,Male,0,0,55,United-States,>50K
51,Private,57758,HS-grad,9,Divorced,Other-service,Not-in-family,White,Female,0,0,32,United-States,<=50K
27,Private,413760,HS-grad,9,Married-civ-spouse,Craft-repair,Husband,White,Male,0,0,40,United-States,<=50K
49,Private,340755,Masters,14,Married-civ-spouse,Sales,Husband,White,Male,0,0,40,United-States,>50K
66,?,182191,7th-8th,4,Married-civ-spouse,?,Husband,White,Male,0,0,30,United-States,<=50K
55,Self-emp-inc,79702,HS-grad,9,Married-civ-spouse,Transport-moving,Husband,White,Male,0,0,60,United-States,<=50K
38,Private,182460,Bachelors,13,Married-civ-spouse,Sales,Husband,White,Male,0,0,50,Poland,<=50K
30,Private,159442,HS-grad,9,Separated,Adm-clerical,Not-in-family,White,Female,0,0,40,United-States,<=50K
61,Private,212091,HS-grad,9,Married-civ-spouse,Protective-serv,Husband,White,Male,0,0,40,United-States,<=50K
31,Private,100734,Doctorate,16,Never-married,Prof-specialty,Not-in-family,White,Female,0,0,28,United-States,<=50K
36,Self-emp-not-inc,122347,HS-grad,9,Married-civ-spouse,Craft-repair,Husband,White,Male,0,0,47,United-States,<=50K
26,Local-gov,73471,HS-grad,9,Never-married,Handlers-cleaners,Own-child,Amer-Indian-Eskimo,Male,0,0,30,United-States,<=50K
17,Private,217467,11th,7,Never-married,Sales,Own-child,White,Female,0,0,20,United-States,<=50K
25,Federal-gov,178050,Some-college,10,Never-married,Exec-managerial,Own-child,White,Male,0,0,9,United-States,<=50K
47,Private,277533,Assoc-voc,11,Never-married,Other-service,Not-in-family,White,Female,0,0,55,United-States,<=50K
23,Private,203784,Some-college,10,Never-married,Adm-clerical,Not-in-family,White,Female,0,0,40,United-States,<=50K
36,Private,187119,Some-college,10,Married-civ-spouse,Exec-managerial,Husband,White,Male,0,0,50,United-States,>50K
20,Private,39477,Some-college,10,Never-married,Farming-fishing,Not-in-family,White,Female,0,0,40,United-States,<=50K
30,Self-emp-not-inc,113649,Some-college,10,Never-married,Craft-repair,Own-child,White,Male,0,0,30,United-States,<=50K
24,Private,196674,HS-grad,9,Divorced,Other-service,Unmarried,White,Female,0,0,40,United-States,<=50K
57,Private,236543,HS-grad,9,Married-civ-spouse,Machine-op-inspct,Husband,Black,Male,0,0,40,United-States,>50K
39,Private,508548,HS-grad,9,Married-civ-spouse,Prof-specialty,Husband,White,Male,0,0,40,United-States,<=50K
33,Private,53373,10th,6,Never-married,Other-service,Unmarried,White,Male,0,0,40,United-States,<=50K
31,Private,309974,Bachelors,13,Separated,Sales,Own-child,Black,Female,0,0,40,United-States,<=50K
44,Self-emp-not-inc,86750,Some-college,10,Married-civ-spouse,Farming-fishing,Husband,White,Male,4508,0,72,United-States,<=50K
47,Private,31267,Some-college,10,Divorced,Machine-op-inspct,Not-in-family,Black,Male,0,0,40,United-States,<=50K
77,?,232766,9th,5,Married-civ-spouse,?,Husband,Black,Male,0,0,40,United-States,<=50K
23,Federal-gov,42044,Bachelors,13,Never-married,Prof-specialty,Not-in-family,White,Female,0,0,15,United-States,<=50K
25,Private,46401,Bachelors,13,Never-married,Other-service,Own-child,White,Male,0,0,43,United-States,<=50K
48,Federal-gov,94342,Bachelors,13,Divorced,Exec-managerial,Not-in-family,White,Male,0,0,45,United-States,<=50K
55,Self-emp-not-inc,78707,HS-grad,9,Married-civ-spouse,Farming-fishing,Husband,Asian-Pac-Islander,Male,0,0,70,United-States,<=50K
42,Private,174395,Masters,14,Married-civ-spouse,Prof-specialty,Husband,White,Male,0,0,40,United-States,<=50K
22,Private,219086,Some-college,10,Married-civ-spouse,Sales,Husband,White,Male,0,0,55,United-States,<=50K
51,Local-gov,169069,7th-8th,4,Divorced,Other-service,Unmarried,White,Female,0,0,40,Columbia,<=50K
37,Private,110013,Assoc-voc,11,Divorced,Sales,Not-in-family,White,Female,0,0,40,United-States,<=50K
43,Local-gov,174370,Masters,14,Married-civ-spouse,Prof-specialty,Husband,White,Male,0,0,50,United-States,<=50K
41,Private,106679,Masters,14,Never-married,Exec-managerial,Not-in-family,White,Male,27828,0,50,United-States,>50K
18,?,171748,Some-college,10,Never-married,?,Own-child,Black,Female,0,0,24,United-States,<=50K
26,Private,160724,Assoc-voc,11,Married-civ-spouse,Handlers-cleaners,Husband,White,Male,0,0,80,United-States,<=50K
20,?,30840,Some-college,10,Never-married,?,Own-child,White,Male,0,0,25,United-States,<=50K
53,Local-gov,204596,HS-grad,9,Married-civ-spouse,Exec-managerial,Husband,White,Male,0,0,60,United-States,<=50K
51,Private,608881,HS-grad,9,Married-civ-spouse,Handlers-cleaners,Husband,White,Male,0,0,40,United-States,>50K
29,Private,490332,Some-college,10,Married-civ-spouse,Transport-moving,Husband,White,Male,0,0,45,United-States,>50K
38,Self-emp-not-inc,428030,HS-grad,9,Married-civ-spouse,Sales,Wife,White,Female,0,0,24,United-States,>50K
19,Private,361341,12th,8,Never-married,Prof-specialty,Not-in-family,Asian-Pac-Islander,Female,0,0,25,Thailand,<=50K
46,Self-emp-not-inc,346783,Prof-school,15,Married-civ-spouse,Prof-specialty,Husband,White,Male,15024,0,35,Cuba,>50K
20,Private,334105,Some-college,10,Never-married,Other-service,Own-child,White,Female,0,0,10,United-States,<=50K
35,Private,277533,Bachelors,13,Never-married,Tech-support,Not-in-family,Asian-Pac-Islander,Female,4650,0,40,United-States,<=50K
70,Self-emp-inc,243240,9th,5,Divorced,Sales,Not-in-family,White,Male,0,0,45,United-States,<=50K
36,Local-gov,403911,Bachelors,13,Married-civ-spouse,Prof-specialty,Husband,White,Male,0,1887,40,United-States,>50K
25,Self-emp-not-inc,210444,Bachelors,13,Never-married,Prof-specialty,Own-child,White,Male,0,0,30,United-States,<=50K
47,Private,192381,HS-grad,9,Married-civ-spouse,Sales,Husband,White,Male,0,0,50,United-States,>50K
64,Self-emp-not-inc,149726,Prof-school,15,Married-civ-spouse,Prof-specialty,Husband,White,Male,0,0,40,United-States,>50K
80,Private,86111,Doctorate,16,Married-civ-spouse,Prof-specialty,Husband,White,Male,0,0,30,United-States,<=50K
36,Private,66118,HS-grad,9,Married-civ-spouse,Craft-repair,Husband,White,Male,0,0,50,United-States,<=50K
29,Private,175759,Some-college,10,Divorced,Other-service,Unmarried,White,Female,0,0,28,United-States,<=50K
56,Private,139701,Some-college,10,Married-civ-spouse,Transport-moving,Husband,Black,Male,0,0,35,United-States,>50K
20,Private,203240,9th,5,Never-married,Sales,Own-child,White,Female,0,0,32,United-States,<=50K
33,Private,203776,Some-college,10,Divorced,Adm-clerical,Not-in-family,White,Female,0,0,40,United-States,<=50K
33,Federal-gov,137814,HS-grad,9,Never-married,Other-service,Not-in-family,White,Male,0,0,32,United-States,<=50K
25,Local-gov,176175,HS-grad,9,Never-married,Other-service,Own-child,White,Male,0,0,40,United-States,<=50K
37,Private,179241,Bachelors,13,Never-married,Prof-specialty,Not-in-family,White,Female,0,0,45,United-States,<=50K
45,Private,97176,11th,7,Divorced,Adm-clerical,Unmarried,White,Female,0,0,16,United-States,<=50K
36,Private,166459,Bachelors,13,Divorced,Adm-clerical,Not-in-family,White,Male,0,0,55,United-States,>50K
22,Federal-gov,282069,Some-college,10,Never-married,Transport-moving,Own-child,White,Male,0,0,4,United-States,<=50K
56,Private,133025,HS-grad,9,Married-civ-spouse,Transport-moving,Husband,White,Male,0,0,50,United-States,<=50K
28,Private,374423,Bachelors,13,Never-married,Sales,Unmarried,White,Male,0,0,50,United-States,<=50K
49,Self-emp-not-inc,219632,Bachelors,13,Married-civ-spouse,Sales,Husband,White,Male,15024,0,40,United-States,>50K
22,Private,188561,10th,6,Separated,Other-service,Unmarried,White,Female,0,0,40,United-States,<=50K
29,Private,355320,HS-grad,9,Married-civ-spouse,Sales,Husband,White,Male,0,0,60,United-States,<=50K
31,Private,363130,Some-college,10,Married-civ-spouse,Exec-managerial,Husband,Black,Male,0,0,40,United-States,>50K
40,Private,100292,HS-grad,9,Married-civ-spouse,Sales,Husband,White,Male,0,0,52,United-States,>50K
57,Private,79011,HS-grad,9,Never-married,Adm-clerical,Own-child,White,Female,0,0,40,United-States,<=50K
24,State-gov,39236,Masters,14,Never-married,Prof-specialty,Not-in-family,Black,Female,0,0,40,United-States,<=50K
66,Private,284021,HS-grad,9,Widowed,Sales,Not-in-family,White,Female,0,0,40,United-States,<=50K
29,Private,294400,Prof-school,15,Married-civ-spouse,Prof-specialty,Husband,White,Male,7298,0,48,United-States,>50K
35,Private,132879,Some-college,10,Married-civ-spouse,Tech-support,Husband,White,Male,0,0,40,United-States,>50K
25,Private,37088,HS-grad,9,Divorced,Adm-clerical,Not-in-family,White,Female,0,0,40,United-States,<=50K
45,Local-gov,234195,HS-grad,9,Divorced,Adm-clerical,Unmarried,White,Female,0,0,35,United-States,<=50K
67,Self-emp-inc,51789,Some-college,10,Married-civ-spouse,Sales,Husband,White,Male,0,0,40,United-States,<=50K
21,Private,65038,HS-grad,9,Never-married,Machine-op-inspct,Own-child,White,Male,0,0,40,United-States,<=50K
38,Private,93140,HS-grad,9,Separated,Machine-op-inspct,Unmarried,Black,Female,0,0,28,United-States,<=50K
40,Private,100292,HS-grad,9,Married-civ-spouse,Sales,Husband,White,Male,0,0,52,United-States,>50K
27,Private,158156,HS-grad,9,Never-married,Other-service,Not-in-family,White,Female,0,0,42,United-States,<=50K
26,Self-emp-not-inc,332243,Bachelors,13,Never-married,Sales,Not-in-family,White,Male,0,0,60,United-States,>50K
50,Private,256861,Doctorate,16,Married-civ-spouse,Sales,Husband,White,Male,0,0,50,United-States,>50K
27,Private,340755,Some-college,10,Never-married,Adm-clerical,Other-relative,Asian-Pac-Islander,Male,0,0,40,India,<=50K
32,Private,258474,Bachelors,13,Never-married,Adm-clerical,Not-in-family,White,Female,0,0,50,United-States,<=50K
55,Private,53304,Bachelors,13,Married-civ-spouse,Sales,Husband,White,Male,0,0,15,United-States,>50K
30,State-gov,548580,11th,7,Married-civ-spouse,Transport-moving,Husband,White,Male,0,0,40,United-States,<=50K
29,Private,37088,Some-college,10,Married-civ-spouse,Craft-repair,Husband,White,Male,0,0,40,United-States,<=50K
37,Self-emp-not-inc,153870,HS-grad,9,Never-married,Farming-fishing,Not-in-family,White,Male,0,0,86,United-States,<=50K
26,Private,160724,Assoc-voc,11,Married-civ-spouse,Handlers-cleaners,Husband,White,Male,0,0,80,United-States,<=50K
27,Private,116531,Bachelors,13,Never-married,Exec-managerial,Not-in-family,White,Female,0,0,40,United-States,<=50K
80,Private,86750,Doctorate,16,Married-civ-spouse,Prof-specialty,Husband,White,Male,0,0,30,United-States,<=50K
41,Private,55395,Some-college,10,Married-spouse-absent,Other-service,Unmarried,White,Male,0,0,40,United-States,<=50K
38,?,75024,7th-8th,4,Divorced,?,Not-in-family,White,Female,0,0,40,United-States,<=50K
51,Self-emp-not-inc,160968,Bachelors,13,Married-civ-spouse,Sales,Husband,Asian-Pac-Islander,Male,0,2415,40,China,>50K
46,Private,25216,1st-4th,2,Separated,Other-service,Not-in-family,White,Female,0,0,40,Mexico,<=50K
25,Private,256173,11th,7,Married-civ-spouse,Transport-moving,Husband,White,Male,0,0,40,United-States,<=50K
29,Self-emp-inc,124924,Bachelors,13,Never-married,Sales,Own-child,White,Female,0,0,40,United-States,<=50K
21,Private,146015,Some-college,10,Married-civ-spouse,Craft-repair,Husband,White,Male,7298,0,60,United-States,>50K
51,Private,163212,Bachelors,13,Married-civ-spouse,Transport-moving,Husband,White,Male,0,0,56,United-States,>50K
19,Private,219867,HS-grad,9,Never-married,Adm-clerical,Other-relative,White,Female,0,0,35,United-States,<=50K
22,Private,167336,HS-grad,9,Never-married,Sales,Unmarried,White,Female,0,0,40,United-States,<=50K
17,Private,153870,12th,8,Never-married,Other-service,Own-child,White,Female,0,0,16,United-States,<=50K
36,Private,130408,Some-college,10,Divorced,Exec-managerial,Not-in-family,White,Male,0,0,45,United-States,<=50K
41,Private,433330,7th-8th,4,Married-civ-spouse,Craft-repair,Husband,White,Male,0,0,40,?,<=50K
34,Private,97723,Bachelors,13,Married-civ-spouse,Prof-specialty,Husband,White,Male,0,0,40,United-States,>50K
53,Private,121441,Some-college,10,Married-civ-spouse,Sales,Husband,White,Male,0,0,55,United-States,<=50K
63,Private,150471,HS-grad,9,Married-civ-spouse,Prof-specialty,Wife,White,Female,0,0,25,United-States,<=50K
18,?,113176,11th,7,Never-married,?,Own-child,White,Male,0,0,25,United-States,<=50K
50,Self-emp-not-inc,278632,Masters,14,Married-civ-spouse,Exec-managerial,Husband,White,Male,0,0,20,United-States,<=50K
31,Private,198513,Some-college,10,Married-civ-spouse,Adm-clerical,Wife,White,Female,0,0,40,United-States,<=50K
59,State-gov,192337,Doctorate,16,Married-civ-spouse,Prof-specialty,Husband,White,Male,0,0,40,United-States,>50K
36,State-gov,223020,Some-college,10,Divorced,Other-service,Unmarried,Black,Female,0,0,20,United-States,<=50K
25,Private,373448,Bachelors,13,Never-married,Other-service,Not-in-family,Black,Female,0,0,24,Jamaica,<=50K
54,Private,144586,Some-college,10,Married-civ-spouse,Sales,Wife,White,Female,0,0,40,United-States,>50K
51,Private,541755,HS-grad,9,Married-civ-spouse,Craft-repair,Husband,White,Male,0,0,40,United-States,<=50K
29,Private,148429,HS-grad,9,Married-civ-spouse,Farming-fishing,Husband,White,Male,0,0,60,United-States,<=50K
55,Local-gov,258102,Prof-school,15,Married-civ-spouse,Prof-specialty,Husband,White,Male,0,1902,40,United-States,>50K
38,Private,107477,HS-grad,9,Married-civ-spouse,Craft-repair,Husband,White,Male,0,0,40,United-States,<=50K
80,Self-emp-not-inc,201520,HS-grad,9,Married-civ-spouse,Other-service,Husband,White,Male,0,0,30,United-States,<=50K
36,Private,389850,Some-college,10,Divorced,Adm-clerical,Not-in-family,White,Male,0,0,45,United-States,<=50K
47,Private,147430,HS-grad,9,Married-civ-spouse,Craft-repair,Husband,White,Male,0,0,40,United-States,>50K
31,Private,235095,HS-grad,9,Never-married,Handlers-cleaners,Not-in-family,White,Male,0,0,60,United-States,<=50K
49,Private,234960,11th,7,Married-civ-spouse,Transport-moving,Husband,White,Male,0,0,40,United-States,<=50K
25,Private,143731,HS-grad,9,Never-married,Adm-clerical,Not-in-family,White,Female,0,0,48,United-States,<=50K
25,Private,460408,Bachelors,13,Never-married,Other-service,Own-child,White,Male,0,0,43,United-States,<=50K
31,Private,234195,HS-grad,9,Never-married,Handlers-cleaners,Not-in-family,White,Male,0,0,60,United-States,<=50K
22,Private,219718,Some-college,10,Married-civ-spouse,Sales,Husband,White,Male,0,0,55,United-States,<=50K
23,Private,203776,Some-college,10,Never-married,Adm-clerical,Not-in-family,White,Female,0,0,40,United-States,<=50K
24,State-gov,390867,Masters,14,Never-married,Prof-specialty,Not-in-family,Black,Female,0,0,40,United-States,<=50K
63,Self-emp-not-inc,79011,1st-4th,2,Widowed,Other-service,Unmarried,White,Female,0,0,30,El-Salvador,<=50K
20,Private,209464,Some-college,10,Never-married,Prof-specialty,Own-child,White,Male,0,0,25,United-States,<=50K
34,Self-emp-not-inc,293073,Some-college,10,Married-civ-spouse,Craft-repair,Husband,White,Male,0,0,55,United-States,>50K
32,Private,79870,Some-college,10,Married-civ-spouse,Exec-managerial,Own-child,White,Female,2580,0,40,Japan,<=50K
28,Private,29250,Some-college,10,Never-married,Adm-clerical,Own-child,White,Female,0,0,42,United-States,<=50K
43,Private,267556,11th,7,Never-married,Other-service,Not-in-family,Black,Male,0,0,40,United-States,<=50K
34,Private,200790,HS-grad,9,Separated,Transport-moving,Own-child,White,Male,0,0,25,Columbia,<=50K
57,Private,237646,HS-grad,9,Married-civ-spouse,Machine-op-inspct,Husband,Black,Male,0,0,40,United-States,>50K
30,Private,364685,Bachelors,13,Married-civ-spouse,Sales,Husband,White,Male,0,0,40,Mexico,>50K
43,Private,270522,HS-grad,9,Separated,Other-service,Not-in-family,White,Female,0,0,26,United-States,<=50K
50,Private,113185,HS-grad,9,Divorced,Adm-clerical,Not-in-family,White,Female,0,0,40,United-States,<=50K
22,Private,91842,Some-college,10,Never-married,Sales,Not-in-family,White,Female,0,0,42,United-States,<=50K
44,Private,278114,Some-college,10,Married-civ-spouse,Craft-repair,Husband,White,Male,0,0,40,United-States,<=50K
47,Private,147340,HS-grad,9,Married-civ-spouse,Craft-repair,Husband,White,Male,0,0,40,United-States,>50K
29,Private,275395,HS-grad,9,Married-civ-spouse,Adm-clerical,Husband,White,Male,0,0,30,Mexico,<=50K
51,Private,171409,Some-college,10,Married-civ-spouse,Transport-moving,Husband,White,Male,0,0,40,United-States,>50K
40,Federal-gov,77332,Some-college,10,Divorced,Adm-clerical,Not-in-family,White,Female,0,0,50,United-States,<=50K
51,Private,142717,Doctorate,16,Divorced,Craft-repair,Not-in-family,White,Female,4787,0,60,United-States,>50K
50,Private,30827,Bachelors,13,Married-civ-spouse,Sales,Husband,White,Male,0,0,45,United-States,>50K
45,Self-emp-not-inc,305474,10th,6,Married-civ-spouse,Craft-repair,Husband,Black,Male,0,0,40,Haiti,<=50K
35,Private,187089,Some-college,10,Divorced,Exec-managerial,Not-in-family,White,Female,0,0,70,United-States,<=50K
25,Local-gov,335005,Bachelors,13,Never-married,Prof-specialty,Not-in-family,White,Male,0,0,35,Italy,<=50K
44,Private,175323,Bachelors,13,Married-civ-spouse,Craft-repair,Husband,White,Male,0,0,12,United-States,<=50K
38,Self-emp-not-inc,428030,HS-grad,9,Married-civ-spouse,Sales,Wife,White,Female,0,0,24,United-States,>50K
19,Private,127491,HS-grad,9,Never-married,Other-service,Not-in-family,White,Male,0,0,40,United-States,<=50K
20,Private,403107,Some-college,10,Never-married,Other-service,Own-child,White,Female,0,0,11,United-States,<=50K
18,Self-emp-not-inc,258474,10th,6,Never-married,Farming-fishing,Own-child,White,Male,0,0,40,United-States,<=50K
41,Self-emp-not-inc,171242,HS-grad,9,Married-civ-spouse,Craft-repair,Husband,White,Male,0,0,50,United-States,>50K
51,Private,171409,Some-college,10,Married-civ-spouse,Transport-moving,Husband,White,Male,0,0,40,United-States,>50K
38,Private,235218,HS-grad,9,Married-civ-spouse,Craft-repair,Husband,White,Male,0,0,45,United-States,>50K
39,Private,39236,HS-grad,9,Separated,Handlers-cleaners,Not-in-family,Black,Male,0,0,40,United-States,<=50K
47,Private,168526,HS-grad,9,Married-civ-spouse,Craft-repair,Husband,White,Male,2829,0,40,United-States,<=50K
36,Private,94954,HS-grad,9,Divorced,Transport-moving,Not-in-family,White,Female,0,0,40,United-States,<=50K
48,Private,166549,Masters,14,Married-civ-spouse,Exec-managerial,Husband,White,Male,0,0,40,United-States,>50K
25,Private,207188,7th-8th,4,Married-civ-spouse,Handlers-cleaners,Husband,White,Male,0,0,40,Mexico,<=50K
25,Private,260761,Some-college,10,Married-civ-spouse,Adm-clerical,Wife,White,Female,0,0,40,United-States,>50K
41,Private,143731,Masters,14,Never-married,Adm-clerical,Not-in-family,White,Female,0,0,40,United-States,<=50K
45,Self-emp-not-inc,285004,HS-grad,9,Married-civ-spouse,Exec-managerial,Husband,Asian-Pac-Islander,Male,0,0,40,China,<=50K
63,Self-emp-inc,222289,HS-grad,9,Married-civ-spouse,Exec-managerial,Husband,White,Male,0,0,40,United-States,>50K
63,Private,151580,HS-grad,9,Married-civ-spouse,Prof-specialty,Wife,White,Female,0,0,25,United-States,<=50K
18,Private,210574,HS-grad,9,Never-married,Sales,Own-child,White,Female,0,0,20,United-States,<=50K
67,Private,113323,Masters,14,Divorced,Adm-clerical,Unmarried,White,Male,0,0,41,United-States,<=50K
52,Private,167615,Assoc-voc,11,Married-civ-spouse,Craft-repair,Husband,White,Male,0,0,40,United-States,>50K
22,?,287988,Some-college,10,Never-married,?,Not-in-family,White,Male,0,0,15,United-States,<=50K
25,Private,367251,Assoc-acdm,12,Divorced,Other-service,Not-in-family,White,Female,0,0,32,United-States,<=50K
45,Private,117963,11th,7,Married-civ-spouse,Transport-moving,Other-relative,White,Male,0,0,40,United-States,<=50K
63,Private,151364,HS-grad,9,Married-civ-spouse,Prof-specialty,Wife,White,Female,0,0,25,United-States,<=50K
71,State-gov,210574,HS-grad,9,Married-civ-spouse,Protective-serv,Husband,White,Male,0,0,28,United-States,<=50K
31,Private,121768,HS-grad,9,Separated,Handlers-cleaners,Not-in-family,White,Male,0,0,40,United-States,<=50K
24,Private,283037,Bachelors,13,Married-civ-spouse,Prof-specialty,Husband,White,Male,0,0,40,United-States,<=50K
42,Private,66118,Some-college,10,Divorced,Machine-op-inspct,Not-in-family,White,Female,0,0,40,United-States,<=50K
20,Private,183470,Some-college,10,Never-married,Sales,Own-child,Black,Male,0,0,20,United-States,<=50K
37,Private,229236,Bachelors,13,Married-civ-spouse,Sales,Husband,White,Male,0,0,55,United-States,>50K
35,?,196742,Some-college,10,Married-civ-spouse,?,Husband,Asian-Pac-Islander,Male,0,0,40,Philippines,>50K
55,Private,84774,HS-grad,9,Married-civ-spouse,Priv-house-serv,Wife,White,Female,0,0,30,United-States,<=50K
24,State-gov,322547,Bachelors,13,Never-married,Exec-managerial,Not-in-family,White,Female,0,0,40,United-States,<=50K
19,Private,146497,Some-college,10,Never-married,Exec-managerial,Own-child,Black,Male,0,0,30,United-States,<=50K
30,Private,176616,Assoc-voc,11,Divorced,Adm-clerical,Unmarried,White,Female,0,0,24,United-States,<=50K
29,Private,490332,Some-college,10,Married-civ-spouse,Transport-moving,Husband,White,Male,0,0,45,United-States,>50K
47,Local-gov,219701,Assoc-acdm,12,Separated,Exec-managerial,Not-in-family,White,Male,0,1408,40,United-States,<=50K
32,Private,232894,Some-college,10,Never-married,Adm-clerical,Not-in-family,White,Female,0,0,40,United-States,<=50K
24,Private,201310,HS-grad,9,Never-married,Adm-clerical,Unmarried,White,Male,0,0,60,United-States,<=50K
50,Private,19302,HS-grad,9,Married-civ-spouse,Exec-managerial,Husband,White,Male,0,0,60,United-States,<=50K
38,Private,182836,Bachelors,13,Married-civ-spouse,Sales,Husband,White,Male,0,0,50,Poland,<=50K
44,Self-emp-not-inc,252842,Masters,14,Married-civ-spouse,Prof-specialty,Husband,White,Male,0,0,54,United-States,<=50K
51,Private,57637,HS-grad,9,Divorced,Other-service,Not-in-family,White,Female,0,0,32,United-States,<=50K
35,Local-gov,215419,Some-college,10,Divorced,Adm-clerical,Unmarried,White,Female,0,0,40,United-States,<=50K
33,Private,53373,10th,6,Never-married,Other-service,Unmarried,White,Male,0,0,40,United-States,<=50K
21,Private,225623,Some-college,10,Never-married,Other-service,Other-relative,White,Female,0,0,30,United-States,<=50K
40,Private,137814,Masters,14,Married-spouse-absent,Exec-managerial,Not-in-family,Asian-Pac-Islander,Male,0,0,35,India,>50K
56,Private,208872,HS-grad,9,Divorced,Adm-clerical,Not-in-family,White,Female,0,0,40,United-States,<=50K
46,Private,118605,HS-grad,9,Married-civ-spouse,Craft-repair,Husband,White,Male,7298,0,40,United-States,>50K
31,Private,122347,HS-grad,9,Separated,Handlers-cleaners,Not-in-family,White,Male,0,0,40,United-States,<=50K
22,Private,88050,Assoc-acdm,12,Married-civ-spouse,Exec-managerial,Husband,Asian-Pac-Islander,Male,0,0,6,United-States,<=50K
27,Private,179241,Assoc-voc,11,Never-married,Tech-support,Own-child,White,Female,0,0,40,United-States,<=50K
27,Private,101618,HS-grad,9,Married-civ-spouse,Exec-managerial,Husband,White,Male,0,0,50,United-States,<=50K
51,Local-gov,249727,9th,5,Married-civ-spouse,Other-service,Wife,White,Female,0,0,38,Puerto-Rico,<=50K
34,Private,35595,Bachelors,13,Married-civ-spouse,Sales,Husband,White,Male,0,0,40,United-States,<=50K
35,Private,187538,Some-college,10,Divorced,Exec-managerial,Not-in-family,White,Female,0,0,70,United-States,<=50K
25,Private,256362,11th,7,Married-civ-spouse,Transport-moving,Husband,White,Male,0,0,40,United-States,<=50K
29,State-gov,380674,Bachelors,13,Never-married,Craft-repair,Not-in-family,White,Male,0,0,40,United-States,<=50K
20,Private,47039,Some-college,10,Never-married,Craft-repair,Own-child,White,Male,0,0,40,United-States,<=50K
37,Private,194134,Some-college,10,Married-civ-spouse,Transport-moving,Husband,White,Male,0,0,45,United-States,>50K
25,Private,371987,Assoc-acdm,12,Divorced,Other-service,Not-in-family,White,Female,0,0,32,United-States,<=50K
52,Private,203240,7th-8th,4,Married-civ-spouse,Craft-repair,Husband,White,Male,0,0,40,United-States,<=50K
34,Private,200574,HS-grad,9,Separated,Transport-moving,Own-child,White,Male,0,0,25,Columbia,<=50K
31,Private,137290,Bachelors,13,Married-civ-spouse,Exec-managerial,Husband,White,Male,0,0,55,United-States,>50K
52,Private,201092,Bachelors,13,Divorced,Exec-managerial,Not-in-family,White,Male,0,0,40,?,<=50K
45,Private,194668,Assoc-voc,11,Never-married,Other-service,Unmarried,White,Female,0,0,40,Mexico,<=50K
23,Private,51789,HS-grad,9,Never-married,Transport-moving,Not-in-family,White,Male,0,0,38,United-States,<=50K
22,Private,89154,1st-4th,2,Never-married,Other-service,Other-relative,White,Male,0,0,40,El-Salvador,<=50K
48,Private,119471,Assoc-voc,11,Married-civ-spouse,Other-service,Husband,Asian-Pac-Islander,Male,0,0,56,Philippines,>50K
50,Private,184871,Some-college,10,Married-civ-spouse,Craft-repair,Husband,White,Male,0,0,40,United-States,<=50K
37,Private,82797,Prof-school,15,Divorced,Prof-specialty,Not-in-family,White,Male,14084,0,36,United-States,>50K
30,Private,54318,HS-grad,9,Married-civ-spouse,Sales,Husband,White,Male,0,0,55,United-States,<=50K
20,?,35890,Some-college,10,Never-married,?,Own-child,White,Female,0,0,35,United-States,<=50K
45,Self-emp-not-inc,331861,Bachelors,13,Married-civ-spouse,Farming-fishing,Husband,White,Male,0,0,60,United-States,<=50K
64,Private,160261,HS-grad,9,Married-civ-spouse,Transport-moving,Husband,White,Male,10566,0,40,United-States,<=50K
49,Local-gov,172695,Bachelors,13,Never-married,Prof-specialty,Not-in-family,White,Female,0,0,50,United-States,<=50K
44,Private,374423,Masters,14,Married-civ-spouse,Exec-managerial,Husband,Black,Male,0,1902,40,United-States,>50K
42,Self-emp-not-inc,30827,HS-grad,9,Married-civ-spouse,Craft-repair,Husband,White,Male,0,0,35,United-States,<=50K
62,State-gov,254500,HS-grad,9,Married-civ-spouse,Adm-clerical,Husband,White,Male,0,0,40,United-States,<=50K
20,Private,127185,Some-college,10,Never-married,Prof-specialty,Own-child,White,Female,0,0,15,United-States,<=50K
34,Self-emp-not-inc,119673,7th-8th,4,Never-married,Handlers-cleaners,Unmarried,Black,Male,0,0,10,United-States,<=50K
41,Private,294400,HS-grad,9,Married-civ-spouse,Craft-repair,Husband,White,Male,0,0,40,United-States,<=50K
40,Private,332243,HS-grad,9,Separated,Handlers-cleaners,Not-in-family,Black,Male,0,0,30,United-States,<=50K
23,Private,37650,Some-college,10,Never-married,Other-service,Unmarried,White,Female,0,0,25,United-States,<=50K
22,Private,112693,HS-grad,9,Married-civ-spouse,Craft-repair,Husband,White,Male,0,0,35,United-States,<=50K
26,Private,242375,12th,8,Never-married,Craft-repair,Unmarried,White,Male,0,0,40,United-States,<=50K
20,Private,190350,Assoc-acdm,12,Never-married,Other-service,Not-in-family,White,Female,0,0,40,United-States,<=50K
20,?,308924,Some-college,10,Never-married,?,Own-child,White,Male,0,0,25,United-States,<=50K
23,Private,352080,HS-grad,9,Never-married,Sales,Not-in-family,White,Male,0,0,40,United-States,<=50K
51,Local-gov,249727,9th,5,Married-civ-spouse,Other-service,Wife,White,Female,0,0,38,Puerto-Rico,<=50K
31,Private,62535,10th,6,Never-married,Other-service,Not-in-family,White,Male,0,0,40,United-States,<=50K
54,Self-emp-not-inc,57101,HS-grad,9,Married-civ-spouse,Craft-repair,Husband,White,Male,0,0,35,United-States,<=50K
45,Local-gov,233150,HS-grad,9,Divorced,Adm-clerical,Unmarried,White,Female,0,0,35,United-States,<=50K
20,State-gov,178517,Some-college,10,Never-married,Farming-fishing,Not-in-family,White,Male,0,0,40,United-States,<=50K
23,Private,242460,HS-grad,9,Never-married,Other-service,Not-in-family,White,Female,0,0,30,United-States,<=50K
64,Self-emp-not-inc,149704,Prof-school,15,Married-civ-spouse,Prof-specialty,Husband,White,Male,0,0,40,United-States,>50K
19,State-gov,164473,Some-college,10,Never-married,Other-service,Own-child,White,Female,0,0,40,United-States,<=50K
35,Private,27624,Bachelors,13,Married-civ-spouse,Sales,Husband,White,Male,7298,0,48,United-States,>50K
20,Private,403118,Some-college,10,Never-married,Other-service,Own-child,White,Female,0,0,11,United-States,<=50K
37,Private,256908,HS-grad,9,Married-civ-spouse,Transport-moving,Husband,White,Male,0,0,40,United-States,<=50K
49,Private,157541,HS-grad,9,Married-civ-spouse,Craft-repair,Husband,White,Male,0,0,40,United-States,<=50K
24,Private,433330,HS-grad,9,Never-married,Priv-house-serv,Not-in-family,White,Female,0,0,45,England,<=50K
24,Private,385540,HS-grad,9,Married-civ-spouse,Sales,Husband,White,Male,0,0,40,Mexico,<=50K
56,Self-emp-not-inc,156410,HS-grad,9,Married-civ-spouse,Craft-repair,Husband,White,Male,0,0,40,United-States,<=50K
49,Private,338283,Masters,14,Married-civ-spouse,Sales,Husband,White,Male,0,0,40,United-States,>50K
56,Self-emp-inc,216931,12th,8,Married-civ-spouse,Exec-managerial,Husband,White,Male,0,1651,40,United-States,<=50K
50,Private,113176,HS-grad,9,Divorced,Adm-clerical,Not-in-family,White,Female,0,0,40,United-States,<=50K
32,Local-gov,199609,Some-college,10,Married-civ-spouse,Protective-serv,Husband,White,Male,0,0,40,United-States,>50K
56,Self-emp-not-inc,156410,HS-grad,9,Married-civ-spouse,Craft-repair,Husband,White,Male,0,0,40,United-States,<=50K
45,Private,98092,HS-grad,9,Married-civ-spouse,Sales,Husband,White,Male,0,0,60,United-States,<=50K
51,Self-emp-not-inc,160724,Bachelors,13,Married-civ-spouse,Sales,Husband,Asian-Pac-Islander,Male,0,2415,40,China,>50K
44,Private,116358,Bachelors,13,Married-civ-spouse,Sales,Husband,Asian-Pac-Islander,Male,0,0,40,United-States,>50K
39,Private,246891,Bachelors,13,Married-civ-spouse,Prof-specialty,Husband,White,Male,0,0,50,United-States,>50K
45,Private,101656,10th,6,Never-married,Machine-op-inspct,Not-in-family,Asian-Pac-Islander,Male,0,0,40,Vietnam,<=50K
20,State-gov,178050,Some-college,10,Never-married,Farming-fishing,Not-in-family,White,Male,0,0,40,United-States,<=50K
61,Private,213140,HS-grad,9,Married-civ-spouse,Protective-serv,Husband,White,Male,0,0,40,United-States,<=50K
53,Federal-gov,117528,Assoc-acdm,12,Married-civ-spouse,Adm-clerical,Husband,White,Male,0,0,40,United-States,<=50K
34,?,181132,HS-grad,9,Divorced,?,Not-in-family,White,Female,0,0,40,United-States,<=50K
27,State-gov,55395,Bachelors,13,Married-civ-spouse,Protective-serv,Wife,Black,Female,0,0,48,United-States,<=50K
20,Private,335481,HS-grad,9,Never-married,Transport-moving,Own-child,White,Male,0,0,40,United-States,<=50K
25,Private,260761,Some-college,10,Married-civ-spouse,Adm-clerical,Wife,White,Female,0,0,40,United-States,>50K
22,Private,88050,Assoc-acdm,12,Married-civ-spouse,Exec-managerial,Husband,Asian-Pac-Islander,Male,0,0,6,United-States,<=50K
41,Private,145441,HS-grad,9,Married-civ-spouse,Machine-op-inspct,Husband,White,Male,0,0,40,United-States,>50K
51,Self-emp-inc,179991,HS-grad,9,Married-civ-spouse,Sales,Husband,White,Male,0,0,50,United-States,<=50K
34,Private,214738,Some-college,10,Never-married,Exec-managerial,Not-in-family,White,Male,0,0,45,United-States,<=50K
18,Private,301614,HS-grad,9,Never-married,Handlers-cleaners,Own-child,White,Male,0,0,30,United-States,<=50K
32,Private,257863,Bachelors,13,Never-married,Adm-clerical,Not-in-family,White,Female,0,0,50,United-States,<=50K
18,Local-gov,159442,7th-8th,4,Never-married,Farming-fishing,Own-child,White,Male,0,0,40,United-States,<=50K
43,Self-emp-inc,208872,Prof-school,15,Married-civ-spouse,Prof-specialty,Husband,White,Male,0,0,25,United-States,>50K
31,Private,234972,HS-grad,9,Never-married,Handlers-cleaners,Not-in-family,White,Male,0,0,60,United-States,<=50K
47,Private,150057,Prof-school,15,Married-civ-spouse,Exec-managerial,Husband,White,Male,7688,0,60,United-States,>50K
40,Private,182217,Some-college,10,Married-civ-spouse,Other-service,Wife,White,Female,0,0,40,Scotland,<=50K
50,Private,410114,Prof-school,15,Married-civ-spouse,Exec-managerial,Husband,White,Male,15024,0,50,United-States,>50K
42,Private,167534,HS-grad,9,Married-civ-spouse,Handlers-cleaners,Husband,White,Male,5013,0,35,United-States,<=50K
46,Private,410034,HS-grad,9,Married-civ-spouse,Craft-repair,Husband,Black,Male,0,1902,40,United-States,>50K
39,Local-gov,113253,Bachelors,13,Married-civ-spouse,Prof-specialty,Wife,White,Female,0,0,50,United-States,>50K
41,Private,267034,HS-grad,9,Divorced,Adm-clerical,Unmarried,White,Female,0,0,45,United-States,<=50K
36,Self-emp-not-inc,347292,Doctorate,16,Married-civ-spouse,Prof-specialty,Husband,White,Male,0,0,35,United-States,<=50K
20,Private,167336,Some-college,10,Never-married,Priv-house-serv,Own-child,White,Female,0,0,40,United-States,<=50K
31,?,182191,Bachelors,13,Married-civ-spouse,?,Wife,White,Female,4064,0,30,Canada,<=50K
38,Private,182451,Bachelors,13,Married-civ-spouse,Sales,Husband,White,Male,0,0,50,Poland,<=50K
20,Private,204226,Some-college,10,Never-married,Sales,Own-child,White,Female,0,0,32,United-States,<=50K
23,Private,308237,Masters,14,Never-married,Other-service,Not-in-family,White,Female,0,0,10,United-States,<=50K
30,Private,363130,Bachelors,13,Married-civ-spouse,Sales,Husband,White,Male,0,0,40,Mexico,>50K
27,State-gov,553473,Bachelors,13,Married-civ-spouse,Protective-serv,Wife,Black,Female,0,0,48,United-States,<=50K
39,Private,149943,Some-college,10,Married-civ-spouse,Craft-repair,Husband,White,Male,0,0,55,United-States,>50K
33,Private,226296,HS-grad,9,Married-civ-spouse,Other-service,Husband,White,Male,0,1672,50,United-States,<=50K
29,Private,246981,11th,7,Never-married,Other-service,Unmarried,Black,Female,0,0,40,United-States,<=50K
46,Private,251786,1st-4th,2,Separated,Other-service,Not-in-family,White,Female,0,0,40,Mexico,<=50K
37,Self-emp-not-inc,42044,Some-college,10,Married-civ-spouse,Farming-fishing,Husband,White,Male,0,0,84,United-States,<=50K
24,Private,196791,HS-grad,9,Divorced,Other-service,Unmarried,White,Female,0,0,40,United-States,<=50K
53,Private,561334,HS-grad,9,Married-civ-spouse,Craft-repair,Husband,White,Male,0,0,40,United-States,>50K
27,Private,158420,HS-grad,9,Never-married,Other-service,Not-in-family,White,Female,0,0,42,United-States,<=50K
52,Private,94391,HS-grad,9,Married-civ-spouse,Adm-clerical,Husband,White,Male,0,0,40,United-States,<=50K
19,Private,228457,Some-college,10,Never-married,Prof-specialty,Own-child,White,Male,0,0,11,United-States,<=50K
25,Private,194134,Bachelors,13,Divorced,Prof-specialty,Not-in-family,White,Female,0,0,44,United-States,<=50K
27,Private,421633,Bachelors,13,Never-married,Craft-repair,Not-in-family,White,Male,0,0,50,United-States,<=50K
36,Private,281219,Assoc-acdm,12,Never-married,Tech-support,Unmarried,White,Female,0,0,45,United-States,<=50K
55,Private,92215,HS-grad,9,Divorced,Adm-clerical,Not-in-family,White,Female,0,0,40,United-States,<=50K
45,Private,102318,Assoc-voc,11,Married-civ-spouse,Exec-managerial,Husband,White,Male,0,0,45,United-States,>50K
46,Self-emp-inc,214627,Doctorate,16,Married-civ-spouse,Prof-specialty,Husband,White,Male,0,0,60,United-States,>50K
26,Federal-gov,172063,Assoc-voc,11,Never-married,Craft-repair,Own-child,White,Male,0,0,50,Japan,<=50K
27,Private,189382,HS-grad,9,Married-civ-spouse,Exec-managerial,Own-child,White,Male,0,0,40,United-States,<=50K
69,Self-emp-inc,182460,Bachelors,13,Separated,Exec-managerial,Not-in-family,White,Male,0,0,40,United-States,<=50K
41,Private,142287,HS-grad,9,Married-spouse-absent,Adm-clerical,Unmarried,White,Female,0,0,40,United-States,<=50K
26,Private,161092,Assoc-voc,11,Married-civ-spouse,Handlers-cleaners,Husband,White,Male,0,0,80,United-States,<=50K
33,Private,46401,Bachelors,13,Married-civ-spouse,Prof-specialty,Husband,White,Male,0,0,40,Mexico,<=50K
40,Private,30827,HS-grad,9,Married-civ-spouse,Craft-repair,Husband,White,Male,0,0,40,United-States,<=50K
19,Private,229431,Some-college,10,Never-married,Prof-specialty,Own-child,White,Male,0,0,11,United-States,<=50K
29,Self-emp-not-inc,60414,Assoc-acdm,12,Never-married,Other-service,Own-child,White,Male,0,0,60,United-States,<=50K
20,?,30840,Some-college,10,Never-married,?,Own-child,White,Male,0,0,25,United-States,<=50K
41,Private,263773,HS-grad,9,Divorced,Adm-clerical,Unmarried,White,Female,0,0,45,United-States,<=50K
36,Private,208872,HS-grad,9,Never-married,Handlers-cleaners,Own-child,White,Male,0,0,40,United-States,<=50K
30,Private,243743,Some-college,10,Never-married,Prof-specialty,Not-in-family,Black,Male,0,0,45,United-States,<=50K
67,Private,169329,9th,5,Married-civ-spouse,Transport-moving,Husband,White,Male,0,0,40,United-States,<=50K
35,Private,240554,Assoc-voc,11,Never-married,Tech-support,Not-in-family,White,Male,0,0,40,United-States,<=50K
47,Private,146497,Some-college,10,Separated,Adm-clerical,Unmarried,White,Female,0,0,16,Germany,<=50K
35,State-gov,355686,Some-college,10,Divorced,Adm-clerical,Unmarried,White,Female,0,0,15,United-States,<=50K
33,Private,155057,HS-grad,9,Married-civ-spouse,Sales,Husband,White,Male,0,0,40,United-States,<=50K
32,Private,174714,11th,7,Never-married,Other-service,Not-in-family,Black,Male,0,0,40,United-States,<=50K
22,Private,35595,Some-college,10,Never-married,Adm-clerical,Not-in-family,White,Female,0,0,40,United-States,<=50K
58,Private,221172,Bachelors,13,Divorced,Transport-moving,Not-in-family,White,Male,0,0,45,United-States,<=50K
38,Private,160261,Bachelors,13,Never-married,Prof-specialty,Not-in-family,White,Female,0,0,32,United-States,<=50K
32,Private,256916,Bachelors,13,Never-married,Adm-clerical,Not-in-family,White,Female,0,0,50,United-States,<=50K
66,Private,33619,HS-grad,9,Married-civ-spouse,Other-service,Husband,Black,Male,0,0,4,United-States,<=50K
36,Self-emp-not-inc,189240,Doctorate,16,Separated,Prof-specialty,Unmarried,White,Female,0,0,10,Canada,<=50K
37,Local-gov,223020,Assoc-voc,11,Never-married,Other-service,Unmarried,Black,Female,0,0,32,United-States,<=50K
43,Private,172694,HS-grad,9,Married-civ-spouse,Sales,Husband,White,Male,0,0,40,United-States,>50K
34,Private,110622,Masters,14,Divorced,Exec-managerial,Other-relative,Asian-Pac-Islander,Female,0,0,40,South,<=50K
54,Private,103580,Assoc-acdm,12,Divorced,Exec-managerial,Unmarried,White,Female,0,0,55,United-States,>50K
21,Private,512828,HS-grad,9,Never-married,Protective-serv,Own-child,Black,Male,0,0,40,United-States,<=50K
20,Private,104164,HS-grad,9,Never-married,Handlers-cleaners,Own-child,White,Male,0,0,40,United-States,<=50K
36,Private,127918,Some-college,10,Divorced,Exec-managerial,Not-in-family,White,Male,0,0,45,United-States,<=50K
45,Private,214627,Doctorate,16,Married-civ-spouse,Prof-specialty,Husband,White,Male,0,0,50,United-States,>50K
39,Private,359193,Assoc-acdm,12,Married-civ-spouse,Machine-op-inspct,Husband,White,Male,0,0,40,United-States,<=50K
31,Private,193090,Bachelors,13,Married-civ-spouse,Prof-specialty,Husband,White,Male,0,0,40,United-States,>50K
35,Private,229954,7th-8th,4,Married-civ-spouse,Machine-op-inspct,Husband,White,Male,0,0,40,Mexico,<=50K
22,Private,285004,Bachelors,13,Never-married,Exec-managerial,Own-child,White,Male,0,0,45,United-States,<=50K
36,Self-emp-not-inc,206351,Bachelors,13,Never-married,Craft-repair,Own-child,White,Male,0,0,40,United-States,<=50K
60,Private,125019,Bachelors,13,Divorced,Prof-specialty,Not-in-family,White,Female,8614,0,48,United-States,>50K
38,State-gov,110426,Doctorate,16,Married-civ-spouse,Prof-specialty,Wife,White,Female,7688,0,40,?,>50K
22,Local-gov,389850,Some-college,10,Never-married,Prof-specialty,Own-child,White,Female,594,0,25,United-States,<=50K
18,Private,118938,11th,7,Never-married,Sales,Own-child,White,Male,0,0,18,United-States,<=50K
29,Private,163265,HS-grad,9,Married-civ-spouse,Transport-moving,Husband,White,Male,0,0,40,United-States,<=50K
70,State-gov,345339,Bachelors,13,Never-married,Exec-managerial,Not-in-family,White,Male,0,0,40,United-States,<=50K
46,Private,191357,Bachelors,13,Married-civ-spouse,Tech-support,Husband,White,Male,0,0,40,United-States,<=50K
50,Private,210444,HS-grad,9,Married-civ-spouse,Craft-repair,Husband,White,Male,0,0,40,United-States,>50K
45,Private,102318,Assoc-voc,11,Married-civ-spouse,Exec-managerial,Husband,White,Male,0,0,45,United-States,>50K
40,Private,309974,HS-grad,9,Married-civ-spouse,Craft-repair,Husband,White,Male,0,0,40,United-States,<=50K
41,Private,106159,HS-grad,9,Never-married,Machine-op-inspct,Own-child,White,Male,14344,0,48,United-States,>50K
51,Private,295896,Bachelors,13,Never-married,Adm-clerical,Unmarried,White,Male,0,0,20,United-States,<=50K
41,Private,278442,Masters,14,Married-civ-spouse,Exec-managerial,Husband,White,Male,1506,0,70,United-States,>50K
39,Private,149981,Some-college,10,Married-civ-spouse,Craft-repair,Husband,White,Male,0,0,55,United-States,>50K
54,Private,258102,HS-grad,9,Married-civ-spouse,Exec-managerial,Husband,White,Male,0,0,45,United-States,<=50K
