age,workclass,fnlwgt,education,education-num,marital-status,occupation,relationship,race,sex,capital-gain,capital-loss,hours-per-week,native-country,income
28,Private,59924,Masters,14,Married-civ-spouse,Sales,Husband,White,Male,0,0,60,United-States,>50K
35,Private,208994,HS-grad,9,Married-civ-spouse,Transport-moving,Husband,White,Male,0,0,60,United-States,<=50K
27,Private,405177,HS-grad,9,Married-civ-spouse,Craft-repair,Husband,White,Male,0,0,40,United-States,<=50K
36,Self-emp-not-inc,347491,Doctorate,16,Married-civ-spouse,Prof-specialty,Husband,White,Male,0,0,35,United-States,<=50K
44,Private,229954,Assoc-acdm,12,Widowed,Adm-clerical,Unmarried,White,Female,0,0,40,United-States,<=50K
41,Private,265932,HS-grad,9,Divorced,Adm-clerical,Unmarried,White,Female,0,0,45,United-States,<=50K
40,Private,116133,Bachelors,13,Married-civ-spouse,Prof-specialty,Husband,White,Male,0,0,60,Ireland,>50K
37,Private,241013,Some-college,10,Married-civ-spouse,Other-service,Husband,Black,Male,0,0,30,United-States,<=50K
38,Federal-gov,68552,Some-college,10,Married-civ-spouse,Exec-managerial,Husband,White,Male,0,0,40,United-States,>50K
30,Private,26543,Bachelors,13,Divorced,Other-service,Not-in-family,White,Male,0,0,40,United-States,<=50K
24,Private,51415,HS-grad,9,Married-civ-spouse,Farming-fishing,Husband,White,Male,0,0,50,United-States,<=50K
17,Private,315291,11th,7,Never-married,Other-service,Own-child,White,Male,0,0,25,United-States,<=50K
24,Private,85041,HS-grad,9,Separated,Other-service,Unmarried,White,Female,0,0,25,United-States,<=50K
32,Private,72618,HS-grad,9,Married-civ-spouse,Craft-repair,Husband,White,Male,0,0,40,United-States,<=50K
66,?,107112,7th-8th,4,Never-married,?,Other-relative,Black,Male,0,0,30,United-States,<=50K
46,Federal-gov,55237,Some-college,10,Divorced,Machine-op-inspct,Unmarried,White,Male,0,0,40,United-States,<=50K
28,Private,197600,Assoc-voc,11,Married-civ-spouse,Sales,Husband,White,Male,0,0,40,United-States,<=50K
46,Federal-gov,55237,Some-college,10,Divorced,Machine-op-inspct,Unmarried,White,Male,0,0,40,United-States,<=50K
50,Private,96586,Assoc-voc,11,Married-civ-spouse,Other-service,Husband,White,Male,0,0,40,United-States,<=50K
37,Self-emp-not-inc,35330,HS-grad,9,Married-civ-spouse,Other-service,Husband,White,Male,0,0,42,United-States,<=50K
25,State-gov,218184,Bachelors,13,Never-married,Protective-serv,Not-in-family,Black,Female,0,0,40,United-States,<=50K
26,Local-gov,72618,HS-grad,9,Never-married,Handlers-cleaners,Own-child,Amer-Indian-Eskimo,Male,0,0,30,United-States,<=50K
54,Self-emp-not-inc,20109,Bachelors,13,Married-civ-spouse,Sales,Husband,White,Male,0,0,50,United-States,>50K
33,Private,195946,12th,8,Married-civ-spouse,Transport-moving,Husband,White,Male,0,0,40,United-States,<=50K
17,?,413930,11th,7,Never-married,?,Own-child,White,Female,0,0,15,United-States,<=50K
35,Local-gov,117310,Masters,14,Married-civ-spouse,Prof-specialty,Husband,White,Male,0,1887,40,United-States,>50K
28,State-gov,20956,HS-grad,9,Married-civ-spouse,Protective-serv,Husband,White,Male,0,0,40,United-States,<=50K
59,Private,229954,HS-grad,9,Married-civ-spouse,Sales,Husband,White,Male,0,0,40,United-States,<=50K
53,Private,348059,HS-grad,9,Divorced,Prof-specialty,Not-in-family,White,Male,4787,0,46,United-States,>50K
49,Private,129525,Bachelors,13,Never-married,Prof-specialty,Unmarried,White,Female,0,0,40,United-States,<=50K
45,Private,106061,11th,7,Married-civ-spouse,Sales,Husband,White,Male,0,0,70,United-States,<=50K
44,Private,231348,Assoc-acdm,12,Widowed,Adm-clerical,Unmarried,White,Female,0,0,40,United-States,<=50K
28,Private,110164,Some-college,10,Divorced,Other-service,Other-relative,Black,Male,0,0,24,United-States,<=50K
23,Private,189017,Bachelors,13,Never-married,Sales,Not-in-family,White,Male,0,0,55,United-States,<=50K
28,Private,313702,Some-college,10,Never-married,Machine-op-inspct,Not-in-family,White,Male,0,0,42,United-States,<=50K
25,Private,106552,Bachelors,13,Never-married,Prof-specialty,Own-child,White,Male,0,0,20,United-States,<=50K
29,Private,413930,HS-grad,9,Never-married,Machine-op-inspct,Not-in-family,White,Male,0,0,48,United-States,<=50K
38,Private,123031,HS-grad,9,Married-civ-spouse,Adm-clerical,Husband,Asian-Pac-Islander,Male,0,0,48,Trinadad&Tobago,<=50K
29,Self-emp-not-inc,76128,Some-college,10,Married-civ-spouse,Prof-specialty,Husband,Amer-Indian-Eskimo,Male,0,0,40,United-States,<=50K
40,Private,353012,Some-college,10,Married-civ-spouse,Craft-repair,Husband,Black,Male,0,0,40,United-States,>50K
37,Private,34037,HS-grad,9,Married-civ-spouse,Craft-repair,Husband,White,Male,0,0,40,United-States,<=50K
33,Private,204082,Some-college,10,Married-civ-spouse,Exec-managerial,Husband,White,Male,0,0,56,United-States,>50K
38,Private,455399,HS-grad,9,Married-civ-spouse,Craft-repair,Husband,White,Male,0,0,44,United-States,<=50K
51,Private,34965,Some-college,10,Divorced,Prof-specialty,Unmarried,White,Female,0,0,40,United-States,<=50K
37,Private,448337,Assoc-acdm,12,Divorced,Exec-managerial,Not-in-family,White,Female,0,0,40,United-States,<=50K
35,Local-gov,116960,Masters,14,Married-civ-spouse,Prof-specialty,Husband,White,Male,0,1887,40,United-States,>50K
51,Without-pay,124963,Assoc-acdm,12,Married-civ-spouse,Sales,Husband,White,Male,0,0,45,United-States,<=50K
44,Self-emp-inc,219632,HS-grad,9,Married-civ-spouse,Other-service,Husband,Black,Male,0,0,48,United-States,<=50K
31,Private,106014,Assoc-voc,11,Divorced,Craft-repair,Unmarried,White,Male,0,0,40,United-States,<=50K
38,Private,473133,Bachelors,13,Married-civ-spouse,Other-service,Husband,White,Male,0,0,35,Mexico,<=50K
40,Private,199539,Bachelors,13,Married-civ-spouse,Adm-clerical,Husband,White,Male,0,0,40,United-States,>50K
61,Private,176175,HS-grad,9,Married-civ-spouse,Machine-op-inspct,Husband,White,Male,0,0,40,United-States,<=50K
49,State-gov,154493,HS-grad,9,Divorced,Exec-managerial,Unmarried,White,Female,0,0,44,United-States,<=50K
36,Private,433330,HS-grad,9,Separated,Sales,Unmarried,Black,Female,0,0,40,United-States,<=50K
28,Private,632733,Masters,14,Married-civ-spouse,Sales,Husband,White,Male,0,0,60,United-States,>50K
36,Federal-gov,67317,HS-grad,9,Married-civ-spouse,Adm-clerical,Husband,White,Male,0,0,40,United-States,<=50K
29,Private,127892,Bachelors,13,Married-civ-spouse,Sales,Husband,White,Male,0,0,45,United-States,<=50K
28,Local-gov,308241,Assoc-acdm,12,Never-married,Adm-clerical,Not-in-family,White,Female,0,1980,40,United-States,<=50K
41,Self-emp-not-inc,32533,Assoc-voc,11,Married-civ-spouse,Farming-fishing,Husband,White,Male,0,0,45,United-States,<=50K
40,Private,183241,Some-college,10,Separated,Other-service,Unmarried,White,Female,0,0,8,United-States,<=50K
31,Private,198513,Some-college,10,Married-civ-spouse,Adm-clerical,Wife,White,Female,0,0,40,United-States,<=50K
28,Private,424340,Some-college,10,Never-married,Adm-clerical,Own-child,Black,Male,0,0,40,United-States,<=50K
28,Local-gov,168524,Masters,14,Married-civ-spouse,Prof-specialty,Wife,White,Female,7688,0,35,United-States,>50K
36,Private,134888,Bachelors,13,Married-civ-spouse,Craft-repair,Husband,White,Male,0,0,48,United-States,>50K
34,Private,23580,HS-grad,9,Never-married,Machine-op-inspct,Unmarried,White,Male,0,0,40,United-States,<=50K
41,Private,335997,HS-grad,9,Married-civ-spouse,Craft-repair,Husband,White,Male,0,0,45,United-States,<=50K
34,Private,123031,11th,7,Married-civ-spouse,Machine-op-inspct,Own-child,White,Female,0,0,40,United-States,<=50K
36,Private,134779,Bachelors,13,Married-civ-spouse,Craft-repair,Husband,White,Male,0,0,48,United-States,>50K
70,?,149040,HS-grad,9,Widowed,?,Not-in-family,White,Female,2964,0,12,United-States,<=50K
52,Private,94448,Assoc-voc,11,Married-civ-spouse,Prof-specialty,Husband,White,Male,0,0,40,United-States,<=50K
27,Private,93206,Some-college,10,Never-married,Handlers-cleaners,Own-child,Asian-Pac-Islander,Male,0,0,40,United-States,<=50K
37,Private,189702,Assoc-acdm,12,Divorced,Adm-clerical,Not-in-family,White,Female,0,1504,40,United-States,<=50K
23,Private,189277,Bachelors,13,Never-married,Sales,Not-in-family,White,Male,0,0,55,United-States,<=50K
60,Private,241805,HS-grad,9,Married-civ-spouse,Machine-op-inspct,Husband,Black,Male,0,0,40,United-States,<=50K
53,Private,288679,HS-grad,9,Divorced,Sales,Not-in-family,White,Female,0,0,60,England,<=50K
41,Private,78277,Bachelors,13,Divorced,Prof-specialty,Not-in-family,White,Male,0,0,45,United-States,<=50K
37,Private,189759,Assoc-acdm,12,Divorced,Adm-clerical,Not-in-family,White,Female,0,1504,40,United-States,<=50K
27,Private,81540,HS-grad,9,Married-civ-spouse,Craft-repair,Husband,White,Male,0,0,40,United-States,>50K
36,Private,179681,HS-grad,9,Divorced,Craft-repair,Not-in-family,White,Male,0,0,40,United-States,<=50K
26,Private,330263,HS-grad,9,Separated,Other-service,Not-in-family,White,Male,0,0,40,United-States,<=50K
35,Private,183845,Assoc-voc,11,Married-civ-spouse,Exec-managerial,Husband,White,Male,7298,0,50,United-States,>50K
27,Private,287927,Assoc-acdm,12,Never-married,Craft-repair,Unmarried,White,Male,0,0,40,United-States,<=50K
40,Private,20109,Some-college,10,Divorced,Handlers-cleaners,Not-in-family,Amer-Indian-Eskimo,Female,0,0,84,United-States,<=50K
33,Private,118792,Bachelors,13,Never-married,Sales,Not-in-family,White,Male,0,1590,40,United-States,<=50K
22,Private,172718,Some-college,10,Never-married,Handlers-cleaners,Not-in-family,White,Male,0,0,40,Poland,<=50K
41,Private,26543,HS-grad,9,Divorced,Adm-clerical,Unmarried,White,Female,0,0,45,United-States,<=50K
51,Private,197274,Bachelors,13,Married-civ-spouse,Exec-managerial,Husband,White,Male,0,0,50,United-States,>50K
22,?,347491,Some-college,10,Separated,?,Unmarried,White,Female,0,0,25,United-States,<=50K
62,?,83439,7th-8th,4,Married-civ-spouse,?,Husband,White,Male,0,0,40,United-States,<=50K
46,Private,172695,11th,7,Widowed,Other-service,Not-in-family,White,Female,0,0,27,El-Salvador,<=50K
46,Private,87250,Bachelors,13,Separated,Tech-support,Unmarried,White,Female,0,0,40,United-States,<=50K
59,Private,108929,Doctorate,16,Never-married,Prof-specialty,Not-in-family,White,Male,0,0,50,United-States,<=50K
54,?,95329,Some-college,10,Divorced,?,Own-child,White,Male,0,0,50,United-States,<=50K
36,Private,178530,HS-grad,9,Divorced,Craft-repair,Not-in-family,White,Male,0,0,40,United-States,<=50K
35,?,196243,Some-college,10,Married-civ-spouse,?,Husband,Asian-Pac-Islander,Male,0,0,40,Philippines,>50K
26,Private,132572,Bachelors,13,Never-married,Adm-clerical,Own-child,Black,Female,0,0,40,United-States,<=50K
18,Local-gov,158615,7th-8th,4,Never-married,Farming-fishing,Own-child,White,Male,0,0,40,United-States,<=50K
45,Private,82797,Bachelors,13,Married-civ-spouse,Exec-managerial,Husband,White,Male,0,0,45,United-States,>50K
31,Self-emp-not-inc,113163,HS-grad,9,Divorced,Craft-repair,Not-in-family,White,Male,0,0,60,United-States,<=50K
39,Private,107991,Some-college,10,Married-civ-spouse,Exec-managerial,Husband,White,Male,0,0,45,United-States,>50K
41,Private,125768,Some-college,10,Divorced,Craft-repair,Not-in-family,White,Male,0,0,40,United-States,>50K
34,Private,214091,Bachelors,13,Never-married,Sales,Not-in-family,White,Male,0,0,65,United-States,>50K
26,Private,132717,Bachelors,13,Never-married,Adm-clerical,Own-child,Black,Female,0,0,40,United-States,<=50K
27,Private,254672,Some-college,10,Divorced,Adm-clerical,Unmarried,Black,Female,0,0,36,United-States,<=50K
41,Federal-gov,348059,Masters,14,Divorced,Exec-managerial,Unmarried,White,Female,0,0,40,United-States,>50K
37,Private,77820,Bachelors,13,Married-civ-spouse,Exec-managerial,Husband,White,Male,0,0,50,United-States,>50K
35,?,370119,9th,5,Married-civ-spouse,?,Wife,White,Female,0,0,35,United-States,<=50K
50,Self-emp-not-inc,175643,HS-grad,9,Married-civ-spouse,Farming-fishing,Husband,White,Male,0,0,50,United-States,<=50K
41,Private,106159,HS-grad,9,Never-married,Machine-op-inspct,Own-child,White,Male,14344,0,48,United-States,>50K
21,Private,36943,11th,7,Never-married,Tech-support,Own-child,White,Female,0,0,35,United-States,<=50K
17,Private,212091,9th,5,Never-married,Other-service,Not-in-family,White,Male,0,0,6,United-States,<=50K
47,Private,276709,10th,6,Married-civ-spouse,Craft-repair,Husband,White,Male,0,0,35,United-States,<=50K
21,?,433330,Some-college,10,Never-married,?,Unmarried,White,Male,0,0,40,United-States,<=50K
35,Private,210031,HS-grad,9,Married-civ-spouse,Transport-moving,Husband,White,Male,0,0,60,United-States,<=50K
20,Federal-gov,548580,Some-college,10,Never-married,Adm-clerical,Other-relative,White,Female,0,0,40,United-States,<=50K
30,Private,176486,Assoc-voc,11,Divorced,Adm-clerical,Unmarried,White,Female,0,0,24,United-States,<=50K
21,Private,374716,Some-college,10,Never-married,Adm-clerical,Own-child,White,Male,0,0,30,United-States,<=50K
34,Self-emp-not-inc,81540,HS-grad,9,Divorced,Farming-fishing,Not-in-family,White,Male,0,0,40,United-States,<=50K
22,Private,109609,Some-college,10,Never-married,Adm-clerical,Not-in-family,White,Female,0,0,40,United-States,<=50K
21,Private,164113,Some-college,10,Never-married,Handlers-cleaners,Own-child,White,Male,0,0,30,United-States,<=50K
24,Private,461678,Some-college,10,Married-civ-spouse,Farming-fishing,Husband,White,Male,0,0,50,United-States,>50K
46,Private,75435,HS-grad,9,Married-civ-spouse,Priv-house-serv,Wife,White,Female,0,0,40,United-States,<=50K
23,Private,175837,11th,7,Never-married,Farming-fishing,Other-relative,White,Female,0,0,40,Puerto-Rico,<=50K
18,Self-emp-not-inc,132572,HS-grad,9,Never-married,Farming-fishing,Own-child,White,Male,0,0,40,United-States,<=50K
54,Private,143774,Some-college,10,Married-civ-spouse,Sales,Wife,White,Female,0,0,40,United-States,>50K
41,Local-gov,52537,Some-college,10,Divorced,Adm-clerical,Unmarried,White,Female,0,0,40,United-States,<=50K
33,Private,204984,Some-college,10,Married-civ-spouse,Exec-managerial,Husband,White,Male,0,0,56,United-States,>50K
27,Self-emp-inc,187089,HS-grad,9,Never-married,Exec-managerial,Not-in-family,White,Male,0,0,50,United-States,<=50K
60,Private,205934,HS-grad,9,Separated,Other-service,Not-in-family,White,Female,0,0,25,United-States,<=50K
30,Private,121874,Bachelors,13,Married-civ-spouse,Farming-fishing,Husband,White,Male,0,0,40,United-States,<=50K
21,State-gov,151888,Some-college,10,Never-married,Adm-clerical,Own-child,White,Female,0,0,30,United-States,<=50K
25,State-gov,218309,Bachelors,13,Never-married,Protective-serv,Not-in-family,Black,Female,0,0,40,United-States,<=50K
26,Private,171114,Some-college,10,Never-married,Farming-fishing,Not-in-family,White,Female,0,0,38,United-States,<=50K
46,Private,403911,HS-grad,9,Married-civ-spouse,Craft-repair,Husband,Black,Male,0,1902,40,United-States,>50K
59,Local-gov,53304,Bachelors,13,Married-civ-spouse,Prof-specialty,Husband,White,Male,0,0,50,United-States,>50K
25,Private,21189,12th,8,Never-married,Other-service,Not-in-family,White,Male,0,0,40,United-States,<=50K
40,Private,340755,Bachelors,14,Never-married,Prof-specialty,Not-in-family,White,Male,0,0,50,United-States,<=50K
18,Self-emp-not-inc,256916,10th,6,Never-married,Farming-fishing,Own-child,White,Male,0,0,40,United-States,<=50K
52,Private,213897,HS-grad,9,Widowed,Other-service,Not-in-family,Amer-Indian-Eskimo,Female,0,0,40,United-States,<=50K
25,Local-gov,198797,Bachelors,13,Never-married,Adm-clerical,Other-relative,Black,Female,0,0,40,United-States,<=50K
55,Self-emp-not-inc,52888,Prof-school,15,Married-civ-spouse,Prof-specialty,Wife,White,Female,0,0,10,United-States,<=50K
44,Private,89413,Assoc-voc,11,Married-civ-spouse,Craft-repair,Husband,White,Male,0,0,40,United-States,<=50K
23,Private,203488,Some-college,10,Never-married,Other-service,Not-in-family,White,Female,0,0,40,United-States,<=50K
52,Private,168524,Assoc-voc,11,Married-civ-spouse,Craft-repair,Husband,White,Male,0,0,40,United-States,>50K
40,Local-gov,233891,HS-grad,9,Never-married,Adm-clerical,Unmarried,Black,Female,0,0,35,United-States,<=50K
50,Local-gov,255621,Some-college,10,Married-civ-spouse,Farming-fishing,Husband,White,Male,0,0,40,Japan,<=50K
42,Private,183470,Masters,14,Married-civ-spouse,Prof-specialty,Wife,White,Female,0,0,45,United-States,>50K
36,Private,126614,11th,7,Married-civ-spouse,Exec-managerial,Husband,White,Male,0,1579,40,United-States,<=50K
30,State-gov,72338,Some-college,10,Never-married,Protective-serv,Not-in-family,Black,Male,0,0,45,United-States,<=50K
45,Self-emp-inc,84324,Assoc-acdm,12,Married-civ-spouse,Prof-specialty,Husband,White,Male,0,0,50,United-States,>50K
18,?,91670,Some-college,10,Never-married,?,Own-child,Asian-Pac-Islander,Female,0,0,40,United-States,<=50K
47,Private,164113,Some-college,10,Married-civ-spouse,Craft-repair,Husband,Black,Male,7688,0,40,United-States,>50K
24,Private,202871,Some-college,10,Never-married,Adm-clerical,Own-child,Black,Female,0,0,40,United-States,<=50K
35,Private,95551,HS-grad,9,Separated,Exec-managerial,Not-in-family,White,Female,0,0,36,United-States,<=50K
30,Private,151967,Some-college,10,Married-civ-spouse,Craft-repair,Husband,White,Male,0,0,58,United-States,<=50K
45,Private,101320,HS-grad,9,Divorced,Adm-clerical,Unmarried,White,Female,0,0,40,United-States,<=50K
39,Private,107991,Some-college,10,Married-civ-spouse,Exec-managerial,Husband,White,Male,0,0,45,United-States,>50K
22,Private,264600,Some-college,10,Never-married,Tech-support,Not-in-family,White,Male,0,0,50,United-States,<=50K
55,Private,84774,HS-grad,9,Married-civ-spouse,Priv-house-serv,Wife,White,Female,0,0,30,United-States,<=50K
54,?,95329,Some-college,10,Divorced,?,Own-child,White,Male,0,0,50,United-States,<=50K
39,Self-emp-inc,122742,Assoc-acdm,12,Married-civ-spouse,Exec-managerial,Husband,White,Male,15024,0,55,United-States,>50K
42,Private,172063,Masters,14,Married-civ-spouse,Adm-clerical,Husband,White,Male,0,1902,40,United-States,>50K
77,?,232894,9th,5,Married-civ-spouse,?,Husband,Black,Male,0,0,40,United-States,<=50K
40,Private,198813,Prof-school,15,Married-civ-spouse,Prof-specialty,Wife,White,Female,15024,0,30,United-States,>50K
47,State-gov,189017,HS-grad,9,Married-civ-spouse,Other-service,Husband,White,Male,0,0,40,United-States,<=50K
37,Self-emp-not-inc,352080,HS-grad,9,Married-civ-spouse,Other-service,Husband,White,Male,0,0,43,United-States,<=50K
45,Private,82797,Bachelors,13,Married-civ-spouse,Exec-managerial,Husband,White,Male,0,0,45,United-States,>50K
34,Private,235951,HS-grad,9,Never-married,Machine-op-inspct,Unmarried,White,Male,0,0,40,United-States,<=50K
17,Private,313702,11th,7,Never-married,Other-service,Own-child,White,Male,0,0,25,United-States,<=50K
38,Federal-gov,236648,HS-grad,9,Married-civ-spouse,Craft-repair,Husband,White,Male,0,0,40,United-States,<=50K
34,Self-emp-not-inc,120277,7th-8th,4,Never-married,Handlers-cleaners,Unmarried,Black,Male,0,0,10,United-States,<=50K
31,Private,198513,Some-college,10,Married-civ-spouse,Adm-clerical,Wife,White,Female,0,0,40,United-States,<=50K
30,Private,36270,Bachelors,13,Married-civ-spouse,Sales,Husband,White,Male,0,0,40,Mexico,>50K
35,Private,224566,Some-college,10,Never-married,Exec-managerial,Not-in-family,White,Male,0,0,60,United-States,<=50K
21,Private,200790,HS-grad,9,Never-married,Adm-clerical,Own-child,White,Male,0,0,40,United-States,<=50K
32,Private,79870,Some-college,10,Married-civ-spouse,Exec-managerial,Own-child,White,Female,2597,0,40,Japan,<=50K
39,Local-gov,453663,HS-grad,9,Married-civ-spouse,Protective-serv,Husband,Black,Male,15024,0,40,United-States,>50K
49,Private,116952,Bachelors,13,Married-civ-spouse,Sales,Husband,White,Male,0,0,60,United-States,<=50K
24,Private,271312,HS-grad,9,Married-civ-spouse,Other-service,Husband,White,Male,0,0,40,United-States,<=50K
44,Self-emp-inc,218955,HS-grad,9,Married-civ-spouse,Other-service,Husband,Black,Male,0,0,48,United-States,<=50K
45,Federal-gov,170800,HS-grad,9,Divorced,Tech-support,Not-in-family,White,Female,4865,0,40,United-States,<=50K
37,Private,191357,1st-4th,2,Married-civ-spouse,Craft-repair,Husband,Asian-Pac-Islander,Male,0,0,40,Cambodia,<=50K
22,Private,301862,HS-grad,9,Never-married,Other-service,Own-child,White,Female,0,0,19,United-States,<=50K
45,Private,155057,Some-college,10,Married-civ-spouse,Adm-clerical,Husband,Black,Male,0,0,40,United-States,>50K
36,Private,175643,HS-grad,9,Married-civ-spouse,Craft-repair,Husband,White,Male,0,0,35,United-States,<=50K
55,Private,110748,Bachelors,13,Married-civ-spouse,Exec-managerial,Husband,White,Male,0,1887,40,United-States,>50K
24,Local-gov,203924,Bachelors,13,Married-civ-spouse,Protective-serv,Husband,White,Male,0,0,45,United-States,<=50K
30,Private,124187,HS-grad,9,Never-married,Farming-fishing,Own-child,Black,Male,0,0,60,United-States,<=50K
64,Self-emp-inc,272618,HS-grad,9,Married-civ-spouse,Craft-repair,Husband,White,Male,0,0,40,United-States,>50K
29,Private,127892,Bachelors,13,Married-civ-spouse,Sales,Husband,White,Male,0,0,45,United-States,<=50K
70,?,149102,HS-grad,9,Widowed,?,Not-in-family,White,Female,2964,0,12,United-States,<=50K
26,Self-emp-not-inc,33234,Bachelors,13,Never-married,Sales,Not-in-family,White,Male,0,0,60,United-States,>50K
42,Private,340260,Doctorate,16,Never-married,Prof-specialty,Not-in-family,White,Male,0,0,50,United-States,<=50K
35,Private,184806,Assoc-voc,11,Married-civ-spouse,Exec-managerial,Wife,White,Female,0,0,42,United-States,>50K
35,Private,111377,HS-grad,9,Separated,Transport-moving,Not-in-family,White,Male,0,0,40,United-States,<=50K
51,Private,336167,HS-grad,9,Married-civ-spouse,Craft-repair,Husband,White,Male,0,1902,40,United-States,>50K
64,Private,251786,Bachelors,13,Married-civ-spouse,Protective-serv,Husband,White,Male,0,1902,50,United-States,>50K
27,?,223020,Some-college,10,Divorced,?,Own-child,White,Male,0,0,40,United-States,<=50K
18,Private,423024,HS-grad,9,Never-married,Other-service,Not-in-family,White,Male,0,0,20,United-States,<=50K
47,Self-emp-inc,119422,7th-8th,4,Never-married,Craft-repair,Not-in-family,Other,Male,0,0,40,?,<=50K
34,Private,147755,HS-grad,9,Married-spouse-absent,Other-service,Unmarried,White,Female,0,0,65,United-States,<=50K
45,Local-gov,235442,HS-grad,9,Divorced,Adm-clerical,Unmarried,White,Female,0,0,35,United-States,<=50K
41,Local-gov,184466,Masters,14,Married-civ-spouse,Prof-specialty,Husband,White,Male,0,0,38,United-States,>50K
48,Private,234195,HS-grad,9,Married-civ-spouse,Exec-managerial,Husband,White,Male,0,0,50,United-States,<=50K
37,Private,240842,Some-college,10,Married-civ-spouse,Other-service,Husband,Black,Male,0,0,30,United-States,<=50K
70,?,149102,HS-grad,9,Widowed,?,Not-in-family,White,Female,2964,0,12,United-States,<=50K
37,Private,127918,Some-college,10,Never-married,Transport-moving,Unmarried,White,Female,0,0,20,Puerto-Rico,<=50K
23,Private,204226,Some-college,10,Never-married,Adm-clerical,Not-in-family,White,Female,0,0,40,United-States,<=50K
42,Private,201729,Bachelors,13,Married-civ-spouse,Exec-managerial,Husband,White,Male,0,0,45,United-States,>50K
33,Self-emp-inc,286853,Some-college,10,Married-civ-spouse,Exec-managerial,Husband,White,Male,0,0,50,United-States,>50K
40,Federal-gov,77332,Some-college,10,Divorced,Adm-clerical,Not-in-family,White,Female,0,0,50,United-States,<=50K
29,Private,191983,Bachelors,13,Never-married,Prof-specialty,Not-in-family,White,Female,0,0,60,Poland,<=50K
42,Private,66118,Some-college,10,Divorced,Machine-op-inspct,Not-in-family,White,Female,0,0,40,United-States,<=50K
46,Private,91262,Some-college,10,Married-spouse-absent,Craft-repair,Not-in-family,Asian-Pac-Islander,Male,0,0,40,Philippines,<=50K
27,Self-emp-inc,184806,HS-grad,9,Never-married,Exec-managerial,Not-in-family,White,Male,0,0,50,United-States,<=50K
25,Private,29675,Assoc-acdm,12,Never-married,Adm-clerical,Not-in-family,Black,Female,0,0,40,United-States,<=50K
29,Private,191983,Bachelors,13,Never-married,Prof-specialty,Not-in-family,White,Female,0,0,60,Poland,<=50K
25,State-gov,218124,Bachelors,13,Never-married,Protective-serv,Not-in-family,Black,Female,0,0,40,United-States,<=50K
40,Private,221172,Assoc-acdm,12,Married-civ-spouse,Exec-managerial,Husband,White,Male,0,0,50,United-States,>50K
26,Private,159032,Assoc-acdm,12,Never-married,Adm-clerical,Unmarried,White,Female,0,0,32,United-States,<=50K
39,Self-emp-not-inc,189888,Bachelors,13,Married-civ-spouse,Sales,Husband,White,Male,0,0,60,United-States,<=50K
56,Private,181824,HS-grad,9,Married-civ-spouse,Transport-moving,Husband,White,Male,0,0,48,United-States,>50K
44,Self-emp-not-inc,254500,Masters,14,Married-civ-spouse,Prof-specialty,Husband,White,Male,0,0,54,United-States,<=50K
31,?,182062,Bachelors,13,Married-civ-spouse,?,Wife,White,Female,4064,0,30,Canada,<=50K
34,Private,272792,HS-grad,9,Divorced,Adm-clerical,Unmarried,Black,Female,0,0,40,United-States,<=50K
25,Private,192939,Bachelors,13,Married-civ-spouse,Tech-support,Husband,White,Male,0,0,35,United-States,<=50K
36,Private,275369,HS-grad,9,Divorced,Adm-clerical,Unmarried,White,Female,0,0,50,United-States,<=50K
50,Private,109277,9th,5,Married-civ-spouse,Machine-op-inspct,Husband,White,Male,0,0,48,United-States,<=50K
57,Private,48014,HS-grad,9,Married-civ-spouse,Transport-moving,Husband,White,Male,0,0,40,United-States,<=50K
44,Local-gov,67433,Masters,14,Never-married,Prof-specialty,Own-child,White,Female,0,0,55,United-States,<=50K
58,?,210031,HS-grad,9,Divorced,?,Unmarried,White,Male,0,0,40,United-States,<=50K
53,Private,129525,Bachelors,13,Married-civ-spouse,Exec-managerial,Husband,White,Male,0,0,50,United-States,>50K
24,Private,202168,Some-college,10,Never-married,Adm-clerical,Own-child,Black,Female,0,0,40,United-States,<=50K
34,Private,243743,Bachelors,13,Married-civ-spouse,Exec-managerial,Husband,White,Male,7688,0,40,United-States,>50K
21,Private,277695,Some-college,10,Never-married,Sales,Not-in-family,White,Female,0,0,55,United-States,<=50K
49,Private,186733,Masters,14,Married-civ-spouse,Exec-managerial,Husband,White,Male,15024,0,50,United-States,>50K
28,State-gov,210562,HS-grad,9,Married-civ-spouse,Protective-serv,Husband,White,Male,0,0,40,United-States,<=50K
23,Private,143774,Bachelors,13,Never-married,Tech-support,Not-in-family,White,Male,0,0,18,United-States,<=50K
34,Private,171114,Bachelors,13,Married-civ-spouse,Exec-managerial,Husband,White,Male,0,0,50,United-States,>50K
46,Private,116927,7th-8th,4,Married-civ-spouse,Prof-specialty,Wife,White,Female,0,0,45,United-States,<=50K
26,Self-emp-not-inc,232577,HS-grad,9,Married-civ-spouse,Craft-repair,Husband,White,Male,0,0,40,United-States,<=50K
45,Private,72618,Assoc-voc,11,Divorced,Exec-managerial,Not-in-family,White,Male,0,0,60,United-States,<=50K
25,State-gov,218309,Bachelors,13,Never-married,Protective-serv,Not-in-family,Black,Female,0,0,40,United-States,<=50K
51,Private,337505,HS-grad,9,Married-civ-spouse,Craft-repair,Husband,White,Male,0,1902,40,United-States,>50K
51,Federal-gov,335997,Some-college,10,Separated,Prof-specialty,Not-in-family,Black,Female,0,0,40,United-States,>50K
25,Private,188864,7th-8th,4,Never-married,Machine-op-inspct,Other-relative,White,Female,0,0,40,Dominican-Republic,<=50K
31,Private,377121,Bachelors,13,Never-married,Prof-specialty,Not-in-family,White,Female,0,0,40,United-States,<=50K
54,Private,215797,Masters,14,Married-civ-spouse,Exec-managerial,Husband,White,Male,0,1887,44,United-States,>50K
36,Self-emp-inc,116133,HS-grad,9,Never-married,Exec-managerial,Own-child,White,Male,0,0,41,United-States,<=50K
20,Federal-gov,55233,Some-college,10,Never-married,Adm-clerical,Other-relative,White,Female,0,0,40,United-States,<=50K
38,Private,112093,11th,7,Married-civ-spouse,Transport-moving,Husband,White,Male,0,0,40,United-States,<=50K
34,Local-gov,158242,Bachelors,13,Never-married,Exec-managerial,Not-in-family,White,Female,0,0,43,United-States,<=50K
48,Private,245873,Some-college,10,Widowed,Adm-clerical,Not-in-family,White,Female,0,0,50,United-States,<=50K
56,Private,248406,HS-grad,9,Married-civ-spouse,Tech-support,Husband,White,Male,0,0,40,United-States,<=50K
31,Private,476558,Masters,14,Married-civ-spouse,Prof-specialty,Husband,White,Male,5178,0,40,United-States,>50K
45,Private,116360,HS-grad,9,Divorced,Other-service,Not-in-family,Black,Female,0,0,35,United-States,<=50K
24,Private,202168,Some-college,10,Never-married,Adm-clerical,Own-child,Black,Female,0,0,40,United-States,<=50K
37,Private,217715,HS-grad,9,Married-civ-spouse,Craft-repair,Husband,White,Male,0,0,45,United-States,>50K
29,Private,137814,Some-college,10,Never-married,Other-service,Not-in-family,White,Female,0,0,41,United-States,>50K
53,Private,55233,Some-college,10,Married-civ-spouse,Craft-repair,Husband,White,Male,0,0,40,Guatemala,<=50K
43,Self-emp-inc,240504,Some-college,10,Married-civ-spouse,Exec-managerial,Husband,White,Male,0,0,70,United-States,>50K
47,Self-emp-not-inc,117310,HS-grad,9,Never-married,Other-service,Not-in-family,White,Female,0,1876,48,United-States,<=50K
21,State-gov,239947,Some-college,10,Never-married,Craft-repair,Own-child,White,Male,0,0,35,United-States,<=50K
53,Private,54373,Some-college,10,Married-civ-spouse,Craft-repair,Husband,White,Male,0,0,40,Guatemala,<=50K
33,Private,118605,Bachelors,13,Never-married,Sales,Not-in-family,White,Male,0,1590,40,United-States,<=50K
56,Private,181008,HS-grad,9,Married-civ-spouse,Transport-moving,Husband,White,Male,0,0,48,United-States,>50K
34,Private,118584,Bachelors,13,Never-married,Exec-managerial,Not-in-family,White,Female,0,0,40,United-States,<=50K
36,Private,135289,Bachelors,13,Married-civ-spouse,Craft-repair,Husband,White,Male,0,0,48,United-States,>50K
45,Local-gov,235722,HS-grad,9,Divorced,Adm-clerical,Unmarried,White,Female,0,0,35,United-States,<=50K
63,Private,280167,9th,5,Married-civ-spouse,Handlers-cleaners,Husband,White,Male,0,0,32,United-States,<=50K
39,Self-emp-not-inc,190836,Bachelors,13,Married-civ-spouse,Sales,Husband,White,Male,0,0,60,United-States,<=50K
36,Private,273569,HS-grad,9,Divorced,Adm-clerical,Unmarried,White,Female,0,0,50,United-States,<=50K
49,Private,157443,HS-grad,9,Married-civ-spouse,Craft-repair,Husband,White,Male,0,0,40,United-States,<=50K
21,Self-emp-not-inc,317846,Some-college,10,Never-married,Other-service,Own-child,White,Male,0,0,30,United-States,<=50K
47,Private,151790,Prof-school,15,Married-civ-spouse,Exec-managerial,Husband,White,Male,7688,0,60,United-States,>50K
62,Private,202168,HS-grad,9,Widowed,Craft-repair,Unmarried,Black,Female,0,0,40,United-States,<=50K
21,Private,277695,Some-college,10,Never-married,Sales,Other-relative,White,Female,0,0,40,United-States,<=50K
26,Private,160456,Masters,14,Never-married,Prof-specialty,Not-in-family,Asian-Pac-Islander,Male,0,0,20,India,<=50K
34,Private,271933,Bachelors,13,Never-married,Exec-managerial,Other-relative,White,Female,0,1741,45,United-States,<=50K
22,Private,126675,10th,6,Never-married,Sales,Own-child,White,Female,0,0,30,United-States,<=50K
21,Private,113163,Some-college,10,Never-married,Adm-clerical,Own-child,White,Male,0,0,50,United-States,<=50K
34,Private,357173,Bachelors,13,Married-civ-spouse,Sales,Husband,White,Male,0,0,40,United-States,<=50K
44,Private,89413,Assoc-voc,11,Married-civ-spouse,Craft-repair,Husband,White,Male,0,0,40,United-States,<=50K
56,Private,181008,HS-grad,9,Married-civ-spouse,Transport-moving,Husband,White,Male,0,0,48,United-States,>50K
45,Federal-gov,171114,HS-grad,9,Divorced,Tech-support,Not-in-family,White,Female,4865,0,40,United-States,<=50K
34,Private,168330,Bachelors,13,Married-civ-spouse,Exec-managerial,Husband,White,Male,0,0,50,United-States,>50K
42,Self-emp-not-inc,206066,Masters,14,Never-married,Prof-specialty,Own-child,White,Male,0,0,45,United-States,<=50K
43,State-gov,205934,Bachelors,13,Married-civ-spouse,Adm-clerical,Husband,White,Male,0,0,50,United-States,>50K
50,Private,33895,HS-grad,9,Married-civ-spouse,Machine-op-inspct,Husband,White,Male,0,1485,40,United-States,<=50K
20,?,351416,Some-college,10,Never-married,?,Own-child,Amer-Indian-Eskimo,Male,0,0,72,United-States,<=50K
21,State-gov,239947,Some-college,10,Never-married,Craft-repair,Own-child,White,Male,0,0,35,United-States,<=50K
51,Private,191177,1st-4th,2,Widowed,Craft-repair,Not-in-family,White,Male,0,0,40,Mexico,<=50K
18,Private,374716,10th,6,Never-married,Transport-moving,Not-in-family,White,Male,0,0,56,United-States,<=50K
42,Private,172538,Masters,14,Married-civ-spouse,Adm-clerical,Husband,White,Male,0,1902,40,United-States,>50K
41,Private,84817,Assoc-voc,11,Divorced,Prof-specialty,Unmarried,White,Female,3887,0,40,United-States,<=50K
71,Private,244395,7th-8th,4,Married-civ-spouse,Transport-moving,Husband,White,Male,6514,0,40,United-States,>50K
36,Private,118909,Assoc-acdm,12,Never-married,Adm-clerical,Unmarried,Black,Female,0,0,40,Jamaica,<=50K
37,Private,448337,Assoc-acdm,12,Divorced,Exec-managerial,Not-in-family,White,Female,0,0,40,United-States,<=50K
32,Private,52537,Some-college,10,Never-married,Tech-support,Not-in-family,Black,Male,0,0,38,United-States,<=50K
53,Private,27166,HS-grad,9,Married-spouse-absent,Transport-moving,Not-in-family,White,Male,10520,0,40,United-States,>50K
29,Private,196689,HS-grad,9,Never-married,Machine-op-inspct,Not-in-family,White,Female,0,0,40,United-States,<=50K
21,Private,249456,HS-grad,9,Never-married,Adm-clerical,Own-child,White,Male,0,0,40,United-States,<=50K
75,Self-emp-not-inc,106873,11th,7,Widowed,Sales,Not-in-family,White,Male,0,0,40,United-States,<=50K
34,Private,145231,HS-grad,9,Married-civ-spouse,Adm-clerical,Wife,White,Female,4064,0,35,United-States,<=50K
37,Private,430195,Assoc-acdm,12,Divorced,Exec-managerial,Not-in-family,White,Female,0,0,40,United-States,<=50K
45,Federal-gov,171216,HS-grad,9,Divorced,Tech-support,Not-in-family,White,Female,4865,0,40,United-States,<=50K
77,?,232577,9th,5,Married-civ-spouse,?,Husband,Black,Male,0,0,40,United-States,<=50K
58,State-gov,198513,Bachelors,13,Married-civ-spouse,Adm-clerical,Husband,White,Male,0,0,35,United-States,>50K
35,State-gov,28738,Bachelors,13,Never-married,Adm-clerical,Not-in-family,White,Female,4101,0,40,United-States,<=50K
29,Private,137814,Some-college,10,Never-married,Other-service,Not-in-family,White,Female,0,0,41,United-States,>50K
51,Private,34965,Some-college,10,Divorced,Prof-specialty,Unmarried,White,Female,0,0,40,United-States,<=50K
43,Private,221550,Bachelors,13,Separated,Adm-clerical,Unmarried,White,Female,0,0,35,United-States,<=50K
36,Self-emp-inc,116133,HS-grad,9,Never-married,Exec-managerial,Own-child,White,Male,0,0,41,United-States,<=50K
49,State-gov,175456,Some-college,10,Married-civ-spouse,Prof-specialty,Husband,White,Male,0,0,50,United-States,>50K
34,Private,167651,Bachelors,13,Married-civ-spouse,Exec-managerial,Husband,White,Male,0,0,50,United-States,>50K
21,Private,461678,HS-grad,9,Married-spouse-absent,Adm-clerical,Own-child,White,Female,0,0,40,United-States,<=50K
49,Private,340260,Masters,14,Married-civ-spouse,Sales,Husband,White,Male,0,0,40,United-States,>50K
39,Self-emp-inc,122742,Assoc-acdm,12,Married-civ-spouse,Exec-managerial,Husband,White,Male,15024,0,55,United-States,>50K
35,Private,320818,Masters,14,Married-civ-spouse,Exec-managerial,Husband,Asian-Pac-Islander,Male,0,0,65,Hong,>50K
48,Private,136651,Assoc-acdm,12,Divorced,Adm-clerical,Not-in-family,White,Female,0,0,40,United-States,<=50K
28,Private,301814,Bachelors,13,Married-civ-spouse,Prof-specialty,Husband,White,Male,0,1902,43,United-States,>50K
51,Private,34965,Some-college,10,Divorced,Prof-specialty,Unmarried,White,Female,0,0,40,United-States,<=50K
33,Private,110978,Some-college,10,Divorced,Craft-repair,Other-relative,Other,Female,0,0,40,United-States,<=50K
30,Private,39615,Assoc-acdm,12,Married-spouse-absent,Sales,Not-in-family,Black,Female,0,0,40,United-States,<=50K
33,Private,213813,Some-college,10,Divorced,Tech-support,Unmarried,White,Female,0,0,40,United-States,<=50K
71,State-gov,100063,HS-grad,9,Married-civ-spouse,Craft-repair,Husband,Black,Male,0,0,40,United-States,<=50K
35,Private,111483,HS-grad,9,Separated,Transport-moving,Not-in-family,White,Male,0,0,40,United-States,<=50K
23,Private,175999,11th,7,Never-married,Farming-fishing,Other-relative,White,Female,0,0,40,Scotland,<=50K
51,Federal-gov,33551,Some-college,10,Separated,Prof-specialty,Not-in-family,Black,Female,0,0,40,United-States,>50K
53,Private,287480,HS-grad,9,Divorced,Sales,Not-in-family,White,Female,0,0,60,England,<=50K
41,Federal-gov,34965,Masters,14,Divorced,Exec-managerial,Unmarried,White,Female,0,0,40,United-States,>50K
50,Private,174043,Some-college,10,Married-civ-spouse,Sales,Husband,White,Male,0,0,45,United-States,>50K
34,Private,160456,Some-college,10,Married-civ-spouse,Machine-op-inspct,Husband,White,Male,0,0,40,United-States,<=50K
40,Private,122215,Assoc-acdm,12,Married-civ-spouse,Sales,Husband,White,Male,0,0,40,United-States,>50K
22,Local-gov,212213,Some-college,10,Never-married,Adm-clerical,Own-child,Black,Female,0,0,40,United-States,<=50K
21,Private,201310,HS-grad,9,Never-married,Adm-clerical,Own-child,White,Male,0,0,40,United-States,<=50K
43,State-gov,187560,Some-college,10,Separated,Craft-repair,Not-in-family,White,Male,0,0,37,United-States,<=50K
57,Private,102442,Some-college,10,Divorced,Adm-clerical,Unmarried,White,Female,0,0,40,United-States,<=50K
20,Private,202871,Some-college,10,Never-married,Prof-specialty,Own-child,White,Male,0,0,30,United-States,<=50K
28,Local-gov,125159,Some-college,10,Never-married,Adm-clerical,Other-relative,Black,Male,0,0,40,Haiti,<=50K
29,Private,91189,Bachelors,13,Married-civ-spouse,Machine-op-inspct,Husband,White,Male,0,0,48,United-States,<=50K
23,Private,216149,HS-grad,9,Never-married,Transport-moving,Own-child,White,Male,0,0,40,United-States,<=50K
60,Private,241805,HS-grad,9,Married-civ-spouse,Machine-op-inspct,Husband,Black,Male,0,0,40,United-States,<=50K
45,Private,178517,12th,8,Divorced,Craft-repair,Not-in-family,White,Male,0,0,40,United-States,<=50K
51,Private,146813,Some-college,10,Married-civ-spouse,Prof-specialty,Husband,White,Male,0,0,40,United-States,>50K
20,?,146813,Some-college,10,Never-married,?,Not-in-family,White,Female,0,0,15,United-States,<=50K
31,Private,248754,Some-college,10,Married-civ-spouse,Other-service,Husband,Black,Male,0,0,35,United-States,<=50K
39,Self-emp-not-inc,339029,Bachelors,13,Married-civ-spouse,Exec-managerial,Husband,White,Male,0,0,50,United-States,<=50K
20,Self-emp-not-inc,428030,HS-grad,9,Never-married,Sales,Own-child,White,Male,0,0,40,United-States,<=50K
37,Private,44780,Assoc-acdm,12,Divorced,Exec-managerial,Not-in-family,White,Female,0,0,40,United-States,<=50K
59,Local-gov,543028,Bachelors,13,Married-civ-spouse,Prof-specialty,Husband,White,Male,0,0,50,United-States,>50K
39,Private,67433,Assoc-voc,11,Never-married,Prof-specialty,Not-in-family,White,Female,4650,0,32,United-States,<=50K
28,Local-gov,168524,Masters,14,Married-civ-spouse,Prof-specialty,Wife,White,Female,7688,0,35,United-States,>50K
53,Private,271933,HS-grad,9,Married-spouse-absent,Transport-moving,Not-in-family,White,Male,10520,0,40,United-States,>50K
51,Private,190836,1st-4th,2,Widowed,Craft-repair,Not-in-family,White,Male,0,0,40,Japan,<=50K
43,Private,111895,Bachelors,13,Married-civ-spouse,Prof-specialty,Husband,White,Male,0,0,50,United-States,>50K
64,Self-emp-inc,272618,HS-grad,9,Married-civ-spouse,Craft-repair,Husband,White,Male,0,0,40,United-States,>50K
29,Private,194740,HS-grad,9,Never-married,Machine-op-inspct,Not-in-family,White,Female,0,0,40,United-States,<=50K
24,State-gov,215990,Bachelors,13,Never-married,Tech-support,Not-in-family,White,Female,0,0,40,United-States,<=50K
60,Local-gov,124987,Bachelors,13,Married-civ-spouse,Prof-specialty,Husband,White,Male,7298,0,40,United-States,>50K
36,Private,135289,Bachelors,13,Married-civ-spouse,Craft-repair,Husband,White,Male,0,0,48,United-States,>50K
20,Private,33551,HS-grad,9,Never-married,Transport-moving,Own-child,White,Male,0,0,40,United-States,<=50K
57,Private,299347,Bachelors,13,Married-civ-spouse,Prof-specialty,Husband,White,Male,3103,0,40,United-States,>50K
34,Private,280169,Bachelors,13,Married-spouse-absent,Adm-clerical,Not-in-family,White,Female,0,0,25,United-States,<=50K
58,State-gov,198145,Bachelors,13,Married-civ-spouse,Adm-clerical,Husband,White,Male,0,0,35,United-States,>50K
41,Private,295896,HS-grad,9,Married-civ-spouse,Craft-repair,Husband,White,Male,0,0,40,United-States,<=50K
54,Private,215797,Masters,14,Married-civ-spouse,Exec-managerial,Husband,White,Male,0,1887,44,United-States,>50K
67,Self-emp-inc,51789,Some-college,10,Married-civ-spouse,Sales,Husband,White,Male,0,0,40,United-States,<=50K
41,Private,167375,Bachelors,13,Never-married,Adm-clerical,Not-in-family,White,Male,0,0,52,United-States,<=50K
30,Private,258849,Masters,14,Divorced,Prof-specialty,Unmarried,White,Male,0,1726,40,United-States,<=50K
28,Local-gov,167787,Masters,14,Married-civ-spouse,Prof-specialty,Wife,White,Female,7688,0,35,United-States,>50K
24,Private,229393,11th,7,Never-married,Farming-fishing,Unmarried,White,Male,2463,0,40,United-States,<=50K
40,Private,260696,HS-grad,9,Never-married,Adm-clerical,Not-in-family,White,Female,0,0,40,United-States,<=50K
17,Private,31115,11th,7,Never-married,Other-service,Own-child,White,Male,0,0,25,United-States,<=50K
20,Private,33331,5th-6th,3,Married-civ-spouse,Craft-repair,Husband,White,Male,0,0,40,Mexico,<=50K
17,?,148429,HS-grad,9,Never-married,?,Own-child,Black,Male,0,0,40,United-States,<=50K
19,Private,262244,11th,7,Never-married,Other-service,Other-relative,White,Male,0,0,20,United-States,<=50K
28,Private,175456,Bachelors,13,Never-married,Adm-clerical,Not-in-family,White,Female,0,0,30,?,<=50K
44,Private,45093,HS-grad,9,Married-civ-spouse,Farming-fishing,Husband,White,Male,0,0,70,United-States,<=50K
20,Private,202871,9th,5,Never-married,Sales,Own-child,White,Female,0,0,32,United-States,<=50K
36,Private,179681,HS-grad,9,Divorced,Craft-repair,Not-in-family,White,Male,0,0,40,United-States,<=50K
42,Private,172496,Masters,14,Married-civ-spouse,Adm-clerical,Husband,White,Male,0,1902,40,United-States,>50K
20,Private,332689,5th-6th,3,Married-civ-spouse,Craft-repair,Husband,White,Male,0,0,40,Mexico,<=50K
39,Private,214896,HS-grad,9,Separated,Other-service,Not-in-family,White,Female,0,0,40,El-Salvador,<=50K
42,Private,130532,Some-college,10,Married-civ-spouse,Machine-op-inspct,Husband,White,Male,0,0,40,United-States,<=50K
40,Private,65866,Some-college,10,Divorced,Tech-support,Unmarried,White,Female,0,213,40,United-States,<=50K
60,Private,241805,HS-grad,9,Married-civ-spouse,Machine-op-inspct,Husband,Black,Male,0,0,40,United-States,<=50K
36,Private,126675,11th,7,Married-civ-spouse,Exec-managerial,Husband,White,Male,0,1579,40,United-States,<=50K
50,Private,112959,Bachelors,13,Married-civ-spouse,Sales,Husband,White,Male,0,0,40,United-States,<=50K
34,Private,146980,HS-grad,9,Married-spouse-absent,Other-service,Unmarried,White,Female,0,0,65,United-States,<=50K
66,?,106961,7th-8th,4,Never-married,?,Other-relative,Black,Male,0,0,30,United-States,<=50K
31,Private,106014,Assoc-voc,11,Divorced,Craft-repair,Unmarried,White,Male,0,0,40,United-States,<=50K
32,Private,206681,HS-grad,9,Never-married,Machine-op-inspct,Unmarried,Black,Female,0,0,40,United-States,<=50K
26,Private,322547,Bachelors,13,Never-married,Prof-specialty,Not-in-family,White,Female,0,0,45,United-States,<=50K
26,Private,210794,Assoc-voc,11,Separated,Adm-clerical,Unmarried,Black,Female,114,0,40,United-States,<=50K
30,Private,258849,Masters,14,Divorced,Prof-specialty,Unmarried,White,Male,0,1726,40,United-States,<=50K
21,Private,248178,HS-grad,9,Never-married,Adm-clerical,Own-child,White,Male,0,0,40,United-States,<=50K
20,Private,74631,Some-college,10,Never-married,Sales,Not-in-family,White,Female,0,0,50,United-States,<=50K
61,Local-gov,149981,HS-grad,9,Widowed,Adm-clerical,Not-in-family,White,Female,0,0,40,United-States,<=50K
46,Private,120939,HS-grad,9,Divorced,Craft-repair,Not-in-family,White,Female,0,0,40,United-States,<=50K
47,Private,387468,Some-college,10,Married-civ-spouse,Prof-specialty,Husband,White,Male,0,0,40,Scotland,>50K
46,Private,309895,Some-college,10,Separated,Adm-clerical,Unmarried,White,Female,0,0,40,United-States,<=50K
20,Private,184779,Some-college,10,Never-married,Tech-support,Own-child,White,Female,0,0,20,United-States,<=50K
31,Private,37514,Bachelors,13,Never-married,Prof-specialty,Not-in-family,White,Female,0,0,40,United-States,<=50K
26,Private,33068,HS-grad,9,Separated,Other-service,Not-in-family,White,Male,0,0,40,United-States,<=50K
49,Private,34180,Masters,14,Married-civ-spouse,Sales,Husband,White,Male,0,0,40,United-States,>50K
27,Private,256173,Some-college,10,Divorced,Adm-clerical,Unmarried,Black,Female,0,0,36,United-States,<=50K
66,?,107882,7th-8th,4,Never-married,?,Other-relative,Black,Male,0,0,30,United-States,<=50K
37,Private,34037,HS-grad,9,Married-civ-spouse,Craft-repair,Husband,White,Male,0,0,40,United-States,<=50K
40,Private,240842,HS-grad,9,Married-civ-spouse,Handlers-cleaners,Husband,White,Male,0,0,40,United-States,<=50K
53,Private,287480,HS-grad,9,Divorced,Sales,Not-in-family,White,Female,0,0,60,England,<=50K
27,Private,293073,Assoc-acdm,12,Never-married,Craft-repair,Unmarried,White,Male,0,0,40,United-States,<=50K
60,Private,205816,HS-grad,9,Separated,Other-service,Not-in-family,White,Female,0,0,25,United-States,<=50K
30,State-gov,54318,11th,7,Married-civ-spouse,Transport-moving,Husband,White,Male,0,0,40,United-States,<=50K
34,Private,153522,12th,8,Married-civ-spouse,Craft-repair,Husband,White,Male,0,0,40,Guatemala,<=50K
23,Private,179241,Assoc-voc,11,Never-married,Adm-clerical,Own-child,White,Female,0,0,40,United-States,<=50K
45,State-gov,320818,Some-college,10,Married-spouse-absent,Other-service,Other-relative,Black,Male,0,0,40,Haiti,<=50K
50,Private,112776,Bachelors,13,Married-civ-spouse,Sales,Husband,White,Male,0,0,40,United-States,<=50K
37,Private,340260,HS-grad,9,Married-civ-spouse,Craft-repair,Husband,White,Male,0,0,40,United-States,<=50K
43,Private,398019,HS-grad,9,Divorced,Handlers-cleaners,Not-in-family,White,Male,594,0,16,United-States,<=50K
22,Private,163265,10th,6,Never-married,Sales,Own-child,White,Male,0,0,15,United-States,<=50K
40,Self-emp-inc,295896,HS-grad,9,Never-married,Other-service,Not-in-family,White,Female,0,0,65,United-States,<=50K
45,Private,101320,HS-grad,9,Divorced,Adm-clerical,Unmarried,White,Female,0,0,40,United-States,<=50K
62,Private,272209,HS-grad,9,Divorced,Priv-house-serv,Unmarried,Black,Female,0,0,99,United-States,<=50K
48,Private,118831,HS-grad,9,Divorced,Handlers-cleaners,Unmarried,Asian-Pac-Islander,Female,0,0,40,South,<=50K
26,Self-emp-not-inc,109609,Some-college,10,Separated,Craft-repair,Not-in-family,White,Male,0,0,30,United-States,<=50K
27,Self-emp-inc,186733,HS-grad,9,Never-married,Exec-managerial,Not-in-family,White,Male,0,0,50,United-States,<=50K
21,Self-emp-not-inc,317846,Some-college,10,Never-married,Other-service,Own-child,White,Male,0,0,30,United-States,<=50K
22,Local-gov,211938,Some-college,10,Never-married,Adm-clerical,Own-child,Black,Female,0,0,40,United-States,<=50K
17,?,413930,11th,7,Never-married,?,Own-child,White,Female,0,0,15,United-States,<=50K
40,Private,115813,Bachelors,13,Married-civ-spouse,Prof-specialty,Husband,White,Male,0,0,60,Ireland,>50K
40,Private,24790,HS-grad,9,Married-civ-spouse,Craft-repair,Husband,White,Male,0,0,40,United-States,<=50K
37,Private,189702,Assoc-acdm,12,Divorced,Adm-clerical,Not-in-family,White,Female,0,1504,40,United-States,<=50K
35,Private,111377,HS-grad,9,Separated,Transport-moving,Not-in-family,White,Male,0,0,40,United-States,<=50K
36,Private,51838,Some-college,10,Divorced,Adm-clerical,Unmarried,White,Female,0,0,40,United-States,<=50K
36,Private,179468,HS-grad,9,Divorced,Craft-repair,Not-in-family,White,Male,0,0,40,United-States,<=50K
35,State-gov,28738,Bachelors,13,Never-married,Adm-clerical,Not-in-family,White,Female,4101,0,40,United-States,<=50K
42,Private,245317,HS-grad,9,Married-civ-spouse,Sales,Husband,White,Male,0,0,50,United-States,<=50K
33,Private,45801,HS-grad,9,Married-civ-spouse,Sales,Husband,White,Male,0,0,40,United-States,>50K
41,Private,149040,Bachelors,13,Married-civ-spouse,Exec-managerial,Husband,White,Male,0,0,60,United-States,>50K
19,?,47713,Some-college,10,Never-married,?,Own-child,White,Female,0,0,40,United-States,<=50K
51,Private,300915,Bachelors,13,Never-married,Adm-clerical,Unmarried,White,Male,0,0,20,United-States,<=50K
37,Private,189702,Assoc-acdm,12,Divorced,Adm-clerical,Not-in-family,White,Female,0,1504,40,United-States,<=50K
25,Private,246974,Bachelors,13,Never-married,Sales,Not-in-family,White,Male,3325,0,48,United-States,<=50K
55,Self-emp-not-inc,226032,Some-college,10,Married-civ-spouse,Farming-fishing,Husband,White,Male,0,0,40,United-States,<=50K
52,Private,94448,Assoc-voc,11,Married-civ-spouse,Prof-specialty,Husband,White,Male,0,0,40,United-States,<=50K
36,Private,274809,HS-grad,9,Divorced,Adm-clerical,Unmarried,White,Female,0,0,50,United-States,<=50K
44,Private,267965,9th,5,Never-married,Other-service,Unmarried,Black,Female,0,0,40,United-States,<=50K
49,Self-emp-inc,197038,Bachelors,13,Married-civ-spouse,Exec-managerial,Husband,White,Male,0,0,50,United-States,>50K
37,Private,191776,1st-4th,2,Married-civ-spouse,Craft-repair,Husband,Asian-Pac-Islander,Male,0,0,40,Cambodia,<=50K
41,Local-gov,235442,Prof-school,15,Married-civ-spouse,Prof-specialty,Husband,White,Male,0,0,50,United-States,>50K
47,Local-gov,218184,Assoc-acdm,12,Separated,Exec-managerial,Not-in-family,White,Male,0,1408,40,United-States,<=50K
30,Private,87054,HS-grad,9,Married-civ-spouse,Craft-repair,Husband,White,Male,0,0,50,United-States,<=50K
45,Private,243436,Bachelors,13,Married-civ-spouse,Exec-managerial,Husband,White,Male,0,0,60,United-States,>50K
26,Local-gov,198145,Bachelors,13,Never-married,Prof-specialty,Not-in-family,White,Female,0,0,40,United-States,<=50K
45,Private,116133,HS-grad,9,Divorced,Other-service,Not-in-family,Black,Female,0,0,35,United-States,<=50K
20,?,348059,Some-college,10,Never-married,?,Own-child,Amer-Indian-Eskimo,Male,0,0,72,United-States,<=50K
63,Self-emp-not-inc,795830,1st-4th,2,Widowed,Other-service,Unmarried,White,Female,0,0,30,El-Salvador,<=50K
35,Private,186733,Assoc-voc,11,Married-civ-spouse,Exec-managerial,Wife,White,Female,0,0,42,United-States,>50K
52,Private,94448,Assoc-voc,11,Married-civ-spouse,Prof-specialty,Husband,White,Male,0,0,40,United-States,<=50K
62,Private,134779,Some-college,10,Divorced,Prof-specialty,Not-in-family,White,Female,4650,0,40,United-States,<=50K
40,Self-emp-not-inc,76487,Bachelors,13,Never-married,Prof-specialty,Not-in-family,White,Male,0,0,50,United-States,<=50K
37,Private,231347,HS-grad,9,Married-civ-spouse,Machine-op-inspct,Husband,White,Male,0,0,40,United-States,<=50K
40,Self-emp-not-inc,32948,HS-grad,9,Married-civ-spouse,Farming-fishing,Husband,White,Male,0,0,50,United-States,<=50K
36,Private,126822,11th,7,Married-civ-spouse,Exec-managerial,Husband,White,Male,0,1579,40,United-States,<=50K
55,State-gov,136651,HS-grad,9,Married-civ-spouse,Protective-serv,Husband,White,Male,0,0,40,United-States,<=50K
51,Federal-gov,33551,Some-college,10,Separated,Prof-specialty,Not-in-family,Black,Female,0,0,40,United-States,>50K
50,Private,268039,HS-grad,9,Married-civ-spouse,Transport-moving,Husband,White,Male,7298,0,40,United-States,>50K
21,?,44780,Some-college,10,Never-married,?,Unmarried,White,Male,0,0,40,United-States,<=50K
35,Private,108140,HS-grad,9,Divorced,Craft-repair,Not-in-family,White,Male,0,0,40,United-States,<=50K
26,Local-gov,177120,HS-grad,9,Married-civ-spouse,Tech-support,Husband,White,Male,0,0,75,United-States,>50K
24,Private,20956,Some-college,10,Never-married,Adm-clerical,Own-child,White,Female,0,0,30,United-States,<=50K
31,Private,205934,12th,8,Never-married,Sales,Own-child,White,Male,0,0,32,United-States,<=50K
62,?,83439,7th-8th,4,Married-civ-spouse,?,Husband,White,Male,0,0,40,United-States,<=50K
43,Self-emp-inc,320984,Some-college,10,Married-civ-spouse,Machine-op-inspct,Husband,White,Male,0,0,50,United-States,<=50K
45,Private,116493,HS-grad,9,Divorced,Other-service,Not-in-family,Black,Female,0,0,35,United-States,<=50K
54,Private,257940,HS-grad,9,Married-civ-spouse,Exec-managerial,Husband,White,Male,0,0,45,United-States,<=50K
30,Private,357691,Some-college,10,Married-civ-spouse,Exec-managerial,Husband,White,Male,0,0,50,United-States,<=50K
42,Private,197038,HS-grad,9,Never-married,Transport-moving,Unmarried,Black,Female,0,0,38,United-States,<=50K
24,Private,176389,HS-grad,9,Married-civ-spouse,Craft-repair,Husband,White,Male,0,0,40,United-States,<=50K
33,Federal-gov,137876,HS-grad,9,Never-married,Other-service,Not-in-family,White,Male,0,0,32,United-States,<=50K
42,Private,106698,Some-college,10,Divorced,Other-service,Unmarried,White,Female,0,0,32,United-States,<=50K
29,Private,210982,Bachelors,13,Married-civ-spouse,Sales,Husband,White,Male,0,0,40,United-States,<=50K
21,Self-emp-not-inc,318865,Some-college,10,Never-married,Other-service,Own-child,White,Male,0,0,30,United-States,<=50K
24,Self-emp-not-inc,171807,Assoc-acdm,12,Never-married,Craft-repair,Own-child,White,Male,0,0,40,United-States,<=50K
29,Private,121874,Bachelors,13,Never-married,Prof-specialty,Not-in-family,White,Female,8614,0,40,United-States,>50K
40,State-gov,270059,Assoc-voc,11,Married-civ-spouse,Other-service,Husband,Black,Male,0,0,30,United-States,<=50K
33,Private,129525,Bachelors,13,Never-married,Adm-clerical,Not-in-family,White,Male,0,0,60,United-States,>50K
45,Local-gov,198513,HS-grad,9,Married-civ-spouse,Exec-managerial,Husband,White,Male,0,1848,40,United-States,>50K
52,Private,94962,Assoc-voc,11,Married-civ-spouse,Prof-specialty,Husband,White,Male,0,0,40,United-States,<=50K
69,Private,27166,HS-grad,9,Widowed,Adm-clerical,Not-in-family,White,Female,0,0,40,United-States,<=50K
24,Private,141186,10th,6,Never-married,Machine-op-inspct,Not-in-family,White,Male,0,0,45,United-States,<=50K
20,Private,32423,Some-college,10,Never-married,Machine-op-inspct,Not-in-family,White,Female,0,0,40,United-States,<=50K
23,Private,176175,11th,7,Never-married,Farming-fishing,Other-relative,White,Female,0,0,40,Puerto-Rico,<=50K
28,Private,428299,Some-college,10,Never-married,Adm-clerical,Own-child,Black,Male,0,0,40,United-States,<=50K
65,Private,236318,Bachelors,13,Divorced,Adm-clerical,Not-in-family,White,Female,0,0,40,United-States,<=50K
39,Federal-gov,363630,HS-grad,9,Married-civ-spouse,Adm-clerical,Husband,Black,Male,7688,0,52,United-States,>50K
63,Private,266433,10th,6,Married-civ-spouse,Adm-clerical,Husband,White,Male,0,0,45,United-States,<=50K
34,Private,167651,Bachelors,13,Married-civ-spouse,Exec-managerial,Husband,White,Male,0,0,50,United-States,>50K
30,Private,40293,1st-4th,2,Separated,Priv-house-serv,Other-relative,White,Female,0,0,30,Mexico,<=50K
48,State-gov,224421,Some-college,10,Divorced,Exec-managerial,Not-in-family,White,Female,0,0,40,United-States,<=50K
32,Private,87310,Masters,14,Married-civ-spouse,Sales,Husband,White,Male,0,0,60,United-States,>50K
27,Private,258474,5th-6th,3,Never-married,Transport-moving,Not-in-family,White,Male,0,0,40,Mexico,<=50K
52,Private,99736,Masters,14,Divorced,Prof-specialty,Unmarried,White,Male,15020,0,50,United-States,>50K
47,Private,251786,HS-grad,9,Divorced,Tech-support,Not-in-family,White,Female,0,0,36,United-States,<=50K
43,State-gov,187370,Some-college,10,Separated,Craft-repair,Not-in-family,White,Male,0,0,37,United-States,<=50K
38,Self-emp-not-inc,423616,HS-grad,9,Married-civ-spouse,Sales,Wife,White,Female,0,0,24,United-States,>50K
49,Self-emp-not-inc,173411,HS-grad,9,Divorced,Sales,Not-in-family,White,Male,0,0,40,United-States,<=50K
47,Private,388023,Some-college,10,Married-civ-spouse,Prof-specialty,Husband,White,Male,0,0,40,Scotland,>50K
28,Private,163322,Some-college,10,Never-married,Craft-repair,Unmarried,White,Male,0,0,48,United-States,<=50K
40,Private,181008,Masters,14,Married-civ-spouse,Exec-managerial,Husband,White,Male,0,0,50,United-States,>50K
48,Private,83542,Masters,14,Married-civ-spouse,Prof-specialty,Husband,White,Male,7298,0,55,United-States,>50K
38,Private,44780,HS-grad,9,Married-civ-spouse,Craft-repair,Husband,White,Male,0,0,44,United-States,<=50K
19,?,476558,Some-college,10,Never-married,?,Own-child,White,Female,0,0,40,United-States,<=50K
47,Private,20956,HS-grad,9,Married-civ-spouse,Craft-repair,Husband,White,Male,0,0,40,United-States,>50K
18,Private,51789,Some-college,10,Never-married,Other-service,Own-child,White,Male,0,0,8,United-States,<=50K
30,Private,135891,5th-6th,3,Married-civ-spouse,Craft-repair,Husband,White,Male,0,0,40,Mexico,<=50K
57,Private,102442,Some-college,10,Divorced,Adm-clerical,Unmarried,White,Female,0,0,40,United-States,<=50K
38,Private,93140,HS-grad,9,Separated,Machine-op-inspct,Unmarried,Black,Female,0,0,28,United-States,<=50K
37,Private,138105,HS-grad,9,Separated,Craft-repair,Unmarried,White,Female,0,0,40,United-States,<=50K
30,State-gov,54318,11th,7,Married-civ-spouse,Transport-moving,Husband,White,Male,0,0,40,United-States,<=50K
22,Private,203240,Assoc-voc,11,Married-civ-spouse,Other-service,Husband,White,Male,0,0,44,United-States,<=50K
21,Private,278632,Some-college,10,Never-married,Sales,Not-in-family,White,Female,0,0,55,United-States,<=50K
28,Private,300915,Bachelors,13,Married-civ-spouse,Prof-specialty,Husband,White,Male,0,1902,43,United-States,>50K
46,State-gov,102628,Masters,14,Widowed,Protective-serv,Unmarried,White,Male,0,0,40,United-States,<=50K
38,Private,396633,Bachelors,13,Married-civ-spouse,Exec-managerial,Husband,White,Male,15024,0,50,United-States,>50K
18,?,91670,Some-college,10,Never-married,?,Own-child,Asian-Pac-Islander,Female,0,0,40,United-States,<=50K
58,Private,83542,HS-grad,9,Never-married,Other-service,Not-in-family,White,Male,0,0,40,United-States,<=50K
51,Private,57637,HS-grad,9,Divorced,Other-service,Not-in-family,White,Female,0,0,32,United-States,<=50K
65,Local-gov,125831,Some-college,10,Divorced,Adm-clerical,Not-in-family,White,Female,0,0,28,United-States,<=50K
22,?,344916,Some-college,10,Separated,?,Unmarried,White,Female,0,0,25,United-States,<=50K
41,Private,85041,Assoc-voc,11,Divorced,Prof-specialty,Unmarried,White,Female,3887,0,40,United-States,<=50K
21,Private,214303,11th,7,Never-married,Handlers-cleaners,Own-child,White,Male,0,0,40,United-States,<=50K
36,Private,51838,Some-college,10,Divorced,Adm-clerical,Unmarried,White,Female,0,0,40,United-States,<=50K
72,Private,382583,HS-grad,9,Widowed,Other-service,Unmarried,White,Female,0,0,16,United-States,<=50K
50,Private,71417,HS-grad,9,Married-civ-spouse,Craft-repair,Husband,White,Male,3103,0,40,United-States,>50K
22,Private,189728,HS-grad,9,Never-married,Machine-op-inspct,Unmarried,Black,Female,0,0,40,United-States,<=50K
34,Self-emp-not-inc,204494,HS-grad,9,Married-civ-spouse,Transport-moving,Husband,White,Male,0,0,62,United-States,<=50K
35,?,374969,9th,5,Married-civ-spouse,?,Wife,White,Female,0,0,35,United-States,<=50K
71,Private,78277,HS-grad,9,Married-civ-spouse,Craft-repair,Husband,White,Male,0,0,15,United-States,<=50K
20,Private,33551,HS-grad,9,Never-married,Transport-moving,Own-child,White,Male,0,0,40,United-States,<=50K
35,Local-gov,72338,HS-grad,9,Divorced,Farming-fishing,Own-child,Asian-Pac-Islander,Male,0,0,56,United-States,<=50K
30,Private,123780,HS-grad,9,Never-married,Farming-fishing,Own-child,Black,Male,0,0,60,United-States,<=50K
26,?,208994,Some-college,10,Never-married,?,Own-child,White,Male,0,0,12,United-States,<=50K
43,Local-gov,32423,Some-college,10,Never-married,Exec-managerial,Not-in-family,White,Female,0,0,12,United-States,<=50K
44,Private,184698,HS-grad,9,Divorced,Sales,Unmarried,White,Female,0,0,60,United-States,<=50K
46,Private,367240,Prof-school,15,Married-civ-spouse,Prof-specialty,Husband,White,Male,99999,0,60,United-States,>50K
29,Private,183111,Assoc-voc,11,Married-civ-spouse,Machine-op-inspct,Husband,White,Male,0,0,40,United-States,<=50K
55,Private,84774,HS-grad,9,Married-civ-spouse,Priv-house-serv,Wife,White,Female,0,0,30,United-States,<=50K
47,Local-gov,28738,Masters,14,Married-civ-spouse,Prof-specialty,Husband,White,Male,0,0,40,United-States,<=50K
30,Private,265932,Bachelors,13,Divorced,Other-service,Not-in-family,White,Male,0,0,40,United-States,<=50K
63,Self-emp-not-inc,299347,7th-8th,4,Married-civ-spouse,Farming-fishing,Husband,White,Male,7688,0,60,United-States,>50K
59,Self-emp-not-inc,114760,Some-college,10,Married-civ-spouse,Craft-repair,Husband,White,Male,0,0,20,United-States,>50K
37,Private,191177,1st-4th,2,Married-civ-spouse,Craft-repair,Husband,Asian-Pac-Islander,Male,0,0,40,Cambodia,<=50K
32,State-gov,110171,Some-college,10,Married-civ-spouse,Prof-specialty,Wife,White,Female,0,1902,40,United-States,>50K
37,Private,226500,Bachelors,13,Married-civ-spouse,Sales,Husband,White,Male,0,0,55,United-States,>50K
31,Private,149943,12th,8,Married-civ-spouse,Craft-repair,Husband,White,Male,0,0,43,United-States,<=50K
38,Private,93140,HS-grad,9,Separated,Machine-op-inspct,Unmarried,Black,Female,0,0,28,United-States,<=50K
27,?,224421,Some-college,10,Divorced,?,Own-child,White,Male,0,0,40,United-States,<=50K
47,Private,102583,HS-grad,9,Married-civ-spouse,Sales,Husband,White,Male,0,0,30,United-States,>50K
35,Private,106961,HS-grad,9,Married-civ-spouse,Sales,Husband,White,Male,0,0,60,United-States,<=50K
26,Private,210714,HS-grad,9,Married-civ-spouse,Transport-moving,Husband,White,Male,0,0,52,United-States,>50K
37,Private,109277,HS-grad,9,Married-civ-spouse,Machine-op-inspct,Husband,White,Male,0,0,40,Portugal,<=50K
61,Private,120672,Prof-school,15,Married-civ-spouse,Transport-moving,Husband,White,Male,0,0,5,United-States,>50K
36,Private,52037,Some-college,10,Divorced,Adm-clerical,Unmarried,White,Female,0,0,40,United-States,<=50K
58,Private,83542,HS-grad,9,Never-married,Other-service,Not-in-family,White,Male,0,0,40,United-States,<=50K
56,Private,229393,HS-grad,9,Divorced,Adm-clerical,Not-in-family,White,Female,0,0,40,United-States,<=50K
29,Private,186733,Prof-school,15,Never-married,Prof-specialty,Other-relative,White,Male,0,0,50,United-States,<=50K
47,Private,146980,Some-college,10,Separated,Adm-clerical,Unmarried,White,Female,0,0,16,Germany,<=50K
35,Private,301814,HS-grad,9,Married-civ-spouse,Machine-op-inspct,Husband,White,Male,0,0,40,United-States,<=50K
37,Private,44780,Assoc-acdm,12,Divorced,Exec-managerial,Not-in-family,White,Female,0,0,40,United-States,<=50K
29,Private,210562,HS-grad,9,Married-civ-spouse,Craft-repair,Husband,White,Male,0,0,40,United-States,<=50K
52,Private,112873,Some-college,10,Widowed,Sales,Not-in-family,White,Female,0,0,40,United-States,<=50K
46,Self-emp-not-inc,231347,Some-college,10,Separated,Prof-specialty,Not-in-family,White,Male,0,0,20,United-States,<=50K
52,Private,247547,Masters,14,Married-civ-spouse,Exec-managerial,Husband,White,Male,15024,0,50,United-States,>50K
25,Private,193051,Bachelors,13,Married-civ-spouse,Tech-support,Husband,White,Male,0,0,35,United-States,<=50K
59,Local-gov,53304,Bachelors,13,Married-civ-spouse,Prof-specialty,Husband,White,Male,0,0,50,United-States,>50K
36,Private,130760,Some-college,10,Never-married,Sales,Not-in-family,Black,Female,0,0,36,United-States,<=50K
32,Private,236543,12th,8,Married-civ-spouse,Craft-repair,Other-relative,White,Male,0,0,40,Mexico,<=50K
24,Private,176389,HS-grad,9,Married-civ-spouse,Craft-repair,Husband,White,Male,0,0,40,United-States,<=50K
42,Private,183241,Masters,14,Married-civ-spouse,Prof-specialty,Wife,White,Female,0,0,45,United-States,>50K
42,Private,183241,Masters,14,Married-civ-spouse,Prof-specialty,Wife,White,Female,0,0,45,United-States,>50K
50,Private,337505,HS-grad,9,Married-civ-spouse,Machine-op-inspct,Husband,White,Male,0,1485,40,United-States,<=50K
50,Private,112959,Bachelors,13,Married-civ-spouse,Sales,Husband,White,Male,0,0,40,United-States,<=50K
48,Private,83444,Masters,14,Married-civ-spouse,Prof-specialty,Husband,White,Male,7298,0,55,United-States,>50K
23,Private,235951,Some-college,10,Never-married,Other-service,Not-in-family,White,Male,0,0,20,United-States,<=50K
47,Private,115813,Assoc-acdm,12,Separated,Adm-clerical,Unmarried,White,Female,0,0,57,United-States,<=50K
21,Private,464484,HS-grad,9,Married-spouse-absent,Adm-clerical,Own-child,White,Female,0,0,40,United-States,<=50K
37,Private,98941,Masters,14,Never-married,Exec-managerial,Not-in-family,White,Male,0,0,40,United-States,>50K
34,Self-emp-not-inc,120268,7th-8th,4,Never-married,Handlers-cleaners,Unmarried,Black,Male,0,0,10,United-States,<=50K
59,Local-gov,93211,Bachelors,13,Married-civ-spouse,Exec-managerial,Wife,White,Female,0,0,22,United-States,>50K
45,Private,287480,Assoc-acdm,12,Divorced,Adm-clerical,Unmarried,Black,Male,0,0,35,United-States,<=50K
20,Private,281743,Some-college,10,Never-married,Other-service,Own-child,White,Male,0,0,50,United-States,<=50K
28,Private,253250,Some-college,10,Never-married,Adm-clerical,Unmarried,White,Female,0,0,45,Japan,<=50K
31,Private,204082,12th,8,Never-married,Sales,Own-child,White,Male,0,0,32,United-States,<=50K
29,Private,189759,Bachelors,13,Never-married,Prof-specialty,Not-in-family,White,Male,10520,0,50,United-States,>50K
44,Private,374423,Masters,14,Married-civ-spouse,Exec-managerial,Husband,Black,Male,0,1902,40,United-States,>50K
65,?,274577,HS-grad,9,Widowed,?,Unmarried,White,Male,0,0,40,United-States,<=50K
21,Private,113364,Some-college,10,Never-married,Adm-clerical,Own-child,White,Male,0,0,50,United-States,<=50K
47,Private,284871,Bachelors,13,Married-civ-spouse,Exec-managerial,Husband,White,Male,0,1887,40,United-States,>50K
31,Private,86958,9th,5,Married-civ-spouse,Exec-managerial,Wife,White,Female,0,0,40,United-States,<=50K
50,Private,174043,Some-college,10,Married-civ-spouse,Sales,Husband,White,Male,0,0,45,United-States,>50K
26,Private,228939,11th,7,Divorced,Handlers-cleaners,Not-in-family,White,Male,0,0,40,United-States,<=50K
23,State-gov,170091,Some-college,10,Never-married,Prof-specialty,Own-child,White,Female,0,0,6,United-States,<=50K
50,Private,193416,HS-grad,9,Married-civ-spouse,Exec-managerial,Husband,White,Male,0,0,60,United-States,<=50K
48,State-gov,224421,Some-college,10,Divorced,Exec-managerial,Not-in-family,White,Female,0,0,40,United-States,<=50K
21,State-gov,24008,Some-college,10,Never-married,Craft-repair,Own-child,White,Male,0,0,35,United-States,<=50K
27,Private,254211,Some-college,10,Divorced,Adm-clerical,Unmarried,Black,Female,0,0,36,United-States,<=50K
47,Private,138705,Some-college,10,Divorced,Adm-clerical,Not-in-family,White,Female,0,0,60,United-States,<=50K
22,State-gov,137898,Bachelors,13,Never-married,Prof-specialty,Not-in-family,White,Male,0,0,15,United-States,<=50K
44,Private,453663,HS-grad,9,Married-civ-spouse,Farming-fishing,Husband,White,Male,0,0,70,United-States,<=50K
22,Private,107882,HS-grad,9,Never-married,Prof-specialty,Own-child,White,Female,0,0,20,United-States,<=50K
19,Private,261677,11th,7,Never-married,Other-service,Other-relative,White,Male,0,0,20,United-States,<=50K
46,Private,374423,Prof-school,15,Married-civ-spouse,Prof-specialty,Husband,White,Male,99999,0,60,United-States,>50K
37,Local-gov,220783,Assoc-voc,11,Never-married,Other-service,Unmarried,Black,Female,0,0,32,United-States,<=50K
38,Private,111895,11th,7,Married-civ-spouse,Transport-moving,Husband,White,Male,0,0,40,United-States,<=50K
47,Private,594187,Some-college,10,Divorced,Adm-clerical,Unmarried,White,Female,0,0,42,United-States,<=50K
43,Private,220783,Bachelors,13,Separated,Adm-clerical,Unmarried,White,Female,0,0,35,United-States,<=50K
28,Private,211870,HS-grad,9,Married-civ-spouse,Machine-op-inspct,Husband,White,Male,2580,0,40,United-States,<=50K
31,Private,106014,Assoc-voc,11,Divorced,Craft-repair,Unmarried,White,Male,0,0,40,United-States,<=50K
34,Private,97723,Bachelors,13,Married-civ-spouse,Prof-specialty,Husband,White,Male,0,0,40,United-States,>50K
18,Self-emp-not-inc,398019,HS-grad,9,Never-married,Farming-fishing,Other-relative,White,Male,0,0,40,United-States,<=50K
46,Self-emp-not-inc,231348,Some-college,10,Separated,Prof-specialty,Not-in-family,White,Male,0,0,20,United-States,<=50K
17,Private,102446,12th,8,Never-married,Handlers-cleaners,Own-child,White,Male,0,0,35,United-States,<=50K
50,Private,112959,Bachelors,13,Married-civ-spouse,Sales,Husband,White,Male,0,0,40,United-States,<=50K
31,Self-emp-not-inc,195946,HS-grad,9,Married-civ-spouse,Craft-repair,Own-child,White,Male,0,0,40,United-States,<=50K
44,Private,229939,Assoc-acdm,12,Widowed,Adm-clerical,Unmarried,White,Female,0,0,40,United-States,<=50K
30,Private,136651,5th-6th,3,Married-civ-spouse,Craft-repair,Husband,White,Male,0,0,40,Mexico,<=50K
63,Self-emp-not-inc,79682,1st-4th,2,Widowed,Other-service,Unmarried,White,Female,0,0,30,El-Salvador,<=50K
41,Local-gov,65866,Some-college,10,Married-civ-spouse,Transport-moving,Wife,White,Female,0,0,25,United-States,<=50K
37,Private,77820,Bachelors,13,Married-civ-spouse,Exec-managerial,Husband,White,Male,0,0,50,United-States,>50K
21,Private,88373,HS-grad,9,Married-civ-spouse,Other-service,Other-relative,White,Female,0,0,16,United-States,<=50K
27,Private,413930,HS-grad,9,Married-civ-spouse,Craft-repair,Husband,White,Male,0,0,40,United-States,<=50K
49,Private,34037,Masters,14,Married-civ-spouse,Sales,Husband,White,Male,0,0,40,United-States,>50K
62,?,83413,7th-8th,4,Married-civ-spouse,?,Husband,White,Male,0,0,40,United-States,<=50K
57,Private,48014,HS-grad,9,Married-civ-spouse,Transport-moving,Husband,White,Male,0,0,40,United-States,<=50K
25,Private,139822,1st-4th,2,Never-married,Farming-fishing,Not-in-family,White,Male,0,0,40,Mexico,<=50K
61,Local-gov,149943,HS-grad,9,Widowed,Adm-clerical,Not-in-family,White,Female,0,0,40,United-States,<=50K
51,Private,193689,HS-grad,9,Married-civ-spouse,Protective-serv,Husband,White,Male,0,0,40,United-States,<=50K
31,Private,100734,Doctorate,16,Never-married,Prof-specialty,Not-in-family,White,Female,0,0,28,United-States,<=50K
29,Private,210031,HS-grad,9,Married-civ-spouse,Craft-repair,Husband,White,Male,0,0,40,United-States,<=50K
35,Local-gov,72393,HS-grad,9,Divorced,Farming-fishing,Own-child,Asian-Pac-Islander,Male,0,0,56,United-States,<=50K
17,Private,118792,11th,7,Never-married,Sales,Other-relative,White,Female,0,0,24,United-States,<=50K
20,Private,283613,Some-college,10,Never-married,Other-service,Own-child,White,Male,0,0,50,United-States,<=50K
26,Private,323627,Bachelors,13,Never-married,Prof-specialty,Not-in-family,White,Female,0,0,45,United-States,<=50K
20,Private,324386,Some-college,10,Never-married,Machine-op-inspct,Not-in-family,White,Female,0,0,40,United-States,<=50K
31,Private,225623,Some-college,10,Married-civ-spouse,Craft-repair,Husband,White,Male,0,0,55,United-States,>50K
20,Private,324469,Some-college,10,Never-married,Machine-op-inspct,Not-in-family,White,Female,0,0,40,United-States,<=50K
43,State-gov,188069,Some-college,10,Separated,Craft-repair,Not-in-family,White,Male,0,0,37,United-States,<=50K
37,Private,142766,HS-grad,9,Divorced,Exec-managerial,Unmarried,White,Female,0,0,50,United-States,<=50K
29,Private,142717,HS-grad,9,Never-married,Handlers-cleaners,Not-in-family,Black,Male,0,0,40,United-States,<=50K
46,Private,408229,HS-grad,9,Married-civ-spouse,Exec-managerial,Husband,White,Male,0,0,40,United-States,<=50K
24,Private,142566,10th,6,Never-married,Machine-op-inspct,Not-in-family,White,Male,0,0,45,United-States,<=50K
62,Private,201783,HS-grad,9,Widowed,Craft-repair,Unmarried,Black,Female,0,0,40,United-States,<=50K
18,Private,51415,Some-college,10,Never-married,Other-service,Own-child,White,Male,0,0,8,United-States,<=50K
46,Private,91262,Some-college,10,Married-spouse-absent,Craft-repair,Not-in-family,Asian-Pac-Islander,Male,0,0,40,Philippines,<=50K
77,?,232577,9th,5,Married-civ-spouse,?,Husband,Black,Male,0,0,40,United-States,<=50K
26,Local-gov,198145,Bachelors,13,Never-married,Prof-specialty,Not-in-family,White,Female,0,0,40,United-States,<=50K
42,Private,34180,Doctorate,16,Never-married,Prof-specialty,Not-in-family,White,Male,0,0,50,United-States,<=50K
48,Federal-gov,94342,Bachelors,13,Divorced,Exec-managerial,Not-in-family,White,Male,0,0,45,United-States,<=50K
66,Private,335997,HS-grad,9,Married-civ-spouse,Other-service,Husband,Black,Male,0,0,4,United-States,<=50K
42,Private,172962,Masters,14,Married-civ-spouse,Prof-specialty,Husband,White,Male,0,0,40,United-States,<=50K
28,Private,183470,Some-college,10,Married-civ-spouse,Sales,Husband,White,Male,0,0,50,United-States,<=50K
45,Private,178244,Assoc-voc,11,Divorced,Handlers-cleaners,Not-in-family,White,Female,0,0,40,United-States,<=50K
47,Federal-gov,126204,Some-college,10,Divorced,Adm-clerical,Not-in-family,White,Female,0,0,40,United-States,<=50K
29,Private,178244,HS-grad,9,Married-civ-spouse,Machine-op-inspct,Husband,White,Male,0,0,40,United-States,<=50K
40,Private,201783,Prof-school,15,Married-civ-spouse,Prof-specialty,Husband,White,Male,15024,0,55,United-States,>50K
18,?,91670,Some-college,10,Never-married,?,Own-child,Asian-Pac-Islander,Female,0,0,40,United-States,<=50K
28,Private,203240,Preschool,1,Never-married,Farming-fishing,Not-in-family,White,Male,0,0,38,Mexico,<=50K
23,?,237920,Some-college,10,Never-married,?,Own-child,White,Male,0,0,30,United-States,<=50K
50,Private,194097,HS-grad,9,Married-civ-spouse,Exec-managerial,Husband,White,Male,0,0,60,United-States,<=50K
32,Private,87310,Masters,14,Married-civ-spouse,Sales,Husband,White,Male,0,0,60,United-States,>50K
28,Private,632733,Masters,14,Married-civ-spouse,Sales,Husband,White,Male,0,0,60,United-States,>50K
40,State-gov,354558,HS-grad,9,Married-civ-spouse,Exec-managerial,Wife,White,Female,0,0,40,United-States,>50K
32,Private,327406,9th,5,Separated,Other-service,Unmarried,Other,Female,0,0,40,Mexico,<=50K
57,Private,298507,Bachelors,13,Married-civ-spouse,Prof-specialty,Husband,White,Male,2964,0,40,United-States,>50K
19,Private,139466,Some-college,10,Never-married,Sales,Own-child,White,Female,0,0,25,United-States,<=50K
39,?,157599,Masters,14,Married-civ-spouse,?,Wife,Asian-Pac-Islander,Female,3464,0,40,?,<=50K
70,Self-emp-inc,242375,9th,5,Divorced,Sales,Not-in-family,White,Male,0,0,45,United-States,<=50K
35,Local-gov,116952,Masters,14,Married-civ-spouse,Prof-specialty,Husband,White,Male,0,1887,40,United-States,>50K
75,Self-emp-not-inc,106873,11th,7,Widowed,Sales,Not-in-family,White,Male,0,0,40,United-States,<=50K
36,Private,192939,Masters,14,Married-civ-spouse,Prof-specialty,Husband,White,Male,0,1977,60,United-States,>50K
55,Private,110748,Bachelors,13,Married-civ-spouse,Exec-managerial,Husband,White,Male,0,1887,40,United-States,>50K
42,Private,340260,Doctorate,16,Never-married,Prof-specialty,Not-in-family,White,Male,0,0,50,United-States,<=50K
39,Self-emp-not-inc,83242,Some-college,10,Married-civ-spouse,Farming-fishing,Husband,White,Male,0,0,60,United-States,<=50K
21,Private,88373,HS-grad,9,Married-civ-spouse,Other-service,Other-relative,White,Female,0,0,16,United-States,<=50K
42,Private,169853,Some-college,10,Married-civ-spouse,Craft-repair,Husband,Black,Male,0,0,50,United-States,>50K
17,Private,118792,11th,7,Never-married,Sales,Other-relative,White,Female,0,0,24,United-States,<=50K
42,Private,67317,Some-college,10,Divorced,Machine-op-inspct,Not-in-family,White,Female,0,0,40,United-States,<=50K
33,Federal-gov,137876,HS-grad,9,Never-married,Other-service,Not-in-family,White,Male,0,0,32,United-States,<=50K
31,Private,204752,12th,8,Never-married,Sales,Own-child,White,Male,0,0,32,United-States,<=50K
34,Local-gov,158242,Bachelors,13,Never-married,Exec-managerial,Not-in-family,White,Female,0,0,43,United-States,<=50K
61,Private,57408,Bachelors,13,Divorced,Adm-clerical,Not-in-family,White,Female,0,0,35,United-States,<=50K
36,Private,219835,Masters,14,Divorced,Exec-managerial,Not-in-family,White,Male,0,0,50,Greece,>50K
23,Private,235951,Some-college,10,Never-married,Other-service,Not-in-family,White,Male,0,0,20,United-States,<=50K
31,Private,210562,HS-grad,9,Married-civ-spouse,Transport-moving,Husband,White,Male,0,0,65,United-States,<=50K
40,Self-emp-not-inc,76128,Bachelors,13,Never-married,Prof-specialty,Not-in-family,White,Male,0,0,50,United-States,<=50K
71,Private,244395,7th-8th,4,Married-civ-spouse,Transport-moving,Husband,White,Male,6514,0,40,United-States,>50K
23,Private,201179,10th,6,Never-married,Machine-op-inspct,Not-in-family,White,Female,0,0,40,United-States,<=50K
40,Self-emp-not-inc,33068,HS-grad,9,Married-civ-spouse,Farming-fishing,Husband,White,Male,0,0,50,United-States,<=50K
30,State-gov,714597,Some-college,10,Never-married,Protective-serv,Not-in-family,Black,Male,0,0,45,United-States,<=50K
43,Private,111483,Bachelors,13,Married-civ-spouse,Prof-specialty,Husband,White,Male,0,0,50,United-States,>50K
35,Private,95551,HS-grad,9,Separated,Exec-managerial,Not-in-family,White,Female,0,0,36,United-States,<=50K
34,Private,271933,Bachelors,13,Never-married,Exec-managerial,Other-relative,White,Female,0,1741,45,United-States,<=50K
61,Local-gov,149943,HS-grad,9,Widowed,Adm-clerical,Not-in-family,White,Female,0,0,40,United-States,<=50K
46,Private,370119,Prof-school,15,Married-civ-spouse,Prof-specialty,Husband,White,Male,99999,0,60,United-States,>50K
27,Private,154493,Some-college,10,Married-civ-spouse,Prof-specialty,Husband,White,Male,0,0,50,United-States,>50K
35,Private,340260,HS-grad,9,Divorced,Craft-repair,Unmarried,White,Female,0,0,48,United-States,<=50K
45,Local-gov,234504,HS-grad,9,Divorced,Adm-clerical,Unmarried,White,Female,0,0,35,United-States,<=50K
67,Self-emp-inc,51415,Some-college,10,Married-civ-spouse,Sales,Husband,White,Male,0,0,40,United-States,<=50K
18,Self-emp-not-inc,40293,HS-grad,9,Never-married,Farming-fishing,Other-relative,White,Male,0,0,40,United-States,<=50K
18,Private,86150,HS-grad,9,Never-married,Exec-managerial,Own-child,Asian-Pac-Islander,Female,0,0,15,United-States,<=50K
22,State-gov,178066,HS-grad,9,Never-married,Other-service,Unmarried,White,Female,0,0,45,United-States,<=50K
29,Private,196243,HS-grad,9,Never-married,Machine-op-inspct,Not-in-family,White,Female,0,0,40,United-States,<=50K
37,Private,98941,Masters,14,Never-married,Exec-managerial,Not-in-family,White,Male,0,0,40,United-States,>50K
37,Private,77357,Bachelors,13,Married-civ-spouse,Exec-managerial,Husband,White,Male,0,0,50,United-States,>50K
46,Private,91262,Some-college,10,Married-spouse-absent,Craft-repair,Not-in-family,Asian-Pac-Islander,Male,0,0,40,Philippines,<=50K
26,Private,324386,Bachelors,13,Never-married,Prof-specialty,Not-in-family,White,Female,0,0,45,United-States,<=50K
32,Federal-gov,83242,Bachelors,13,Married-civ-spouse,Adm-clerical,Husband,White,Male,0,0,35,United-States,>50K
51,Without-pay,124987,Assoc-acdm,12,Married-civ-spouse,Sales,Husband,White,Male,0,0,45,United-States,<=50K
30,Private,36270,Some-college,10,Married-civ-spouse,Exec-managerial,Husband,White,Male,0,0,50,United-States,<=50K
39,Self-emp-not-inc,193090,HS-grad,9,Never-married,Exec-managerial,Not-in-family,White,Male,0,0,65,United-States,<=50K
34,Private,118584,Assoc-acdm,12,Married-civ-spouse,Prof-specialty,Husband,White,Male,0,0,55,United-States,<=50K
29,Private,192010,Bachelors,13,Never-married,Prof-specialty,Not-in-family,White,Female,0,0,60,Poland,<=50K
59,Self-emp-not-inc,96459,7th-8th,4,Married-civ-spouse,Craft-repair,Husband,White,Male,0,0,40,United-States,<=50K
41,Private,55237,Some-college,10,Married-spouse-absent,Other-service,Unmarried,White,Male,0,0,40,United-States,<=50K
38,?,75024,7th-8th,4,Divorced,?,Not-in-family,White,Female,0,0,40,United-States,<=50K
41,Private,217715,Some-college,10,Married-civ-spouse,Craft-repair,Husband,Black,Male,0,1408,40,United-States,>50K
46,Private,172695,11th,7,Widowed,Other-service,Not-in-family,White,Female,0,0,27,El-Salvador,<=50K
18,Private,374969,10th,6,Never-married,Transport-moving,Not-in-family,White,Male,0,0,56,United-States,<=50K
49,Private,128487,Bachelors,13,Never-married,Prof-specialty,Unmarried,White,Female,0,0,40,United-States,<=50K
46,Private,188503,Some-college,10,Married-civ-spouse,Machine-op-inspct,Husband,White,Male,0,0,50,United-States,>50K
42,Private,226894,Bachelors,13,Married-civ-spouse,Tech-support,Husband,White,Male,0,0,45,United-States,>50K
19,?,258026,HS-grad,9,Never-married,?,Not-in-family,White,Female,0,0,16,United-States,<=50K
22,Private,597843,HS-grad,9,Never-married,Other-service,Own-child,White,Female,0,0,40,United-States,<=50K
17,?,413930,11th,7,Never-married,?,Own-child,White,Female,0,0,15,United-States,<=50K
45,Private,149102,Some-college,10,Divorced,Craft-repair,Not-in-family,White,Male,0,0,50,United-States,<=50K
28,Private,175710,Bachelors,13,Never-married,Adm-clerical,Not-in-family,White,Female,0,0,30,?,<=50K
34,Private,97723,Bachelors,13,Married-civ-spouse,Prof-specialty,Husband,White,Male,0,0,40,United-States,>50K
42,Private,130760,Some-college,10,Married-civ-spouse,Machine-op-inspct,Husband,White,Male,0,0,40,United-States,<=50K
52,Private,164170,HS-grad,9,Married-civ-spouse,Other-service,Wife,White,Female,0,0,38,United-States,<=50K
21,Private,161155,Some-college,10,Never-married,Handlers-cleaners,Own-child,White,Male,0,0,30,United-States,<=50K
50,Self-emp-not-inc,278632,Masters,14,Married-civ-spouse,Exec-managerial,Husband,White,Male,0,0,20,United-States,<=50K
31,Private,198513,Some-college,10,Married-civ-spouse,Adm-clerical,Wife,White,Female,0,0,40,United-States,<=50K
69,Self-emp-inc,265097,Assoc-acdm,12,Married-civ-spouse,Sales,Husband,White,Male,0,0,40,United-States,>50K
39,Private,421633,Some-college,10,Divorced,Protective-serv,Unmarried,Black,Female,0,0,30,United-States,<=50K
32,Private,317846,11th,7,Never-married,Other-service,Unmarried,Black,Female,0,0,40,Jamaica,<=50K
32,State-gov,110171,Some-college,10,Married-civ-spouse,Prof-specialty,Wife,White,Female,0,1902,40,United-States,>50K
46,Private,405309,HS-grad,9,Married-civ-spouse,Exec-managerial,Husband,White,Male,0,0,40,United-States,<=50K
29,Private,149040,HS-grad,9,Married-civ-spouse,Farming-fishing,Husband,White,Male,0,0,60,United-States,<=50K
35,Local-gov,116960,Masters,14,Married-civ-spouse,Prof-specialty,Husband,White,Male,0,1887,40,United-States,>50K
34,Private,106873,HS-grad,9,Married-civ-spouse,Craft-repair,Husband,White,Male,0,0,45,United-States,<=50K
55,State-gov,137613,HS-grad,9,Married-civ-spouse,Protective-serv,Husband,White,Male,0,0,40,United-States,<=50K
30,Private,33331,Some-college,10,Never-married,Craft-repair,Not-in-family,White,Male,0,0,40,United-States,<=50K
40,Private,181282,Masters,14,Married-civ-spouse,Exec-managerial,Husband,White,Male,0,0,50,United-States,>50K
32,Private,160086,HS-grad,9,Never-married,Handlers-cleaners,Own-child,White,Male,0,0,50,United-States,<=50K
37,Self-emp-not-inc,150057,11th,7,Married-civ-spouse,Transport-moving,Husband,White,Male,0,0,45,United-States,<=50K
25,Private,109539,HS-grad,9,Never-married,Adm-clerical,Own-child,White,Female,0,0,40,United-States,<=50K
22,Private,286342,Bachelors,13,Never-married,Exec-managerial,Own-child,White,Male,0,0,45,United-States,<=50K
32,Private,159589,HS-grad,9,Never-married,Handlers-cleaners,Own-child,White,Male,0,0,50,United-States,<=50K
46,Private,91262,Some-college,10,Married-spouse-absent,Craft-repair,Not-in-family,Asian-Pac-Islander,Male,0,0,40,Philippines,<=50K
22,Private,109609,Some-college,10,Never-married,Adm-clerical,Not-in-family,White,Female,0,0,40,United-States,<=50K
31,State-gov,268832,HS-grad,9,Never-married,Adm-clerical,Not-in-family,Black,Female,0,0,37,United-States,<=50K
63,Self-emp-not-inc,79303,1st-4th,2,Widowed,Other-service,Unmarried,White,Female,0,0,30,El-Salvador,<=50K
22,Private,171928,Some-college,10,Never-married,Handlers-cleaners,Not-in-family,White,Male,0,0,40,Poland,<=50K
43,Self-emp-inc,240504,Some-college,10,Married-civ-spouse,Exec-managerial,Husband,White,Male,0,0,70,United-States,>50K
32,Private,79870,Some-college,10,Married-civ-spouse,Exec-managerial,Own-child,White,Female,2597,0,40,Japan,<=50K
26,Private,488720,Some-college,10,Never-married,Exec-managerial,Not-in-family,White,Female,0,0,40,United-States,<=50K
24,Private,283613,1st-4th,2,Never-married,Farming-fishing,Not-in-family,Other,Male,0,0,66,Mexico,<=50K
23,Private,217715,HS-grad,9,Never-married,Transport-moving,Own-child,White,Male,0,0,40,United-States,<=50K
39,Local-gov,455399,HS-grad,9,Married-civ-spouse,Protective-serv,Husband,Black,Male,15024,0,40,United-States,>50K
48,Private,355645,Bachelors,13,Married-civ-spouse,Prof-specialty,Husband,White,Male,0,0,45,Canada,>50K
72,Private,38360,HS-grad,9,Widowed,Other-service,Unmarried,White,Female,0,0,16,United-States,<=50K
45,Private,101320,HS-grad,9,Divorced,Adm-clerical,Unmarried,White,Female,0,0,40,United-States,<=50K
21,Private,279129,Some-college,10,Never-married,Sales,Not-in-family,White,Female,0,0,55,United-States,<=50K
31,Private,187802,Some-college,10,Married-civ-spouse,Adm-clerical,Husband,White,Male,0,0,40,United-States,<=50K
52,Private,168211,Assoc-voc,11,Married-civ-spouse,Craft-repair,Husband,White,Male,0,0,40,United-States,>50K
32,Private,72591,HS-grad,9,Married-civ-spouse,Craft-repair,Husband,White,Male,0,0,40,United-States,<=50K
49,State-gov,175262,Some-college,10,Married-civ-spouse,Prof-specialty,Husband,White,Male,0,0,50,United-States,>50K
38,?,75050,7th-8th,4,Divorced,?,Not-in-family,White,Female,0,0,40,United-States,<=50K
51,Private,142717,Doctorate,16,Divorced,Craft-repair,Not-in-family,White,Female,4787,0,60,United-States,>50K
39,Private,24515,Bachelors,13,Married-civ-spouse,Prof-specialty,Husband,White,Male,0,0,50,United-States,>50K
62,Private,201928,HS-grad,9,Widowed,Craft-repair,Unmarried,Black,Female,0,0,40,United-States,<=50K
47,Private,139145,Some-college,10,Divorced,Adm-clerical,Not-in-family,White,Female,0,0,60,United-States,<=50K
27,Local-gov,209109,Masters,14,Never-married,Prof-specialty,Own-child,White,Male,0,0,35,United-States,<=50K
46,Private,212840,11th,7,Married-civ-spouse,Craft-repair,Husband,White,Male,0,0,32,United-States,<=50K
40,State-gov,355320,HS-grad,9,Married-civ-spouse,Exec-managerial,Wife,White,Female,0,0,40,United-States,>50K
20,Private,214627,HS-grad,9,Never-married,Machine-op-inspct,Own-child,White,Male,0,0,40,United-States,<=50K
23,Private,377121,Some-college,10,Never-married,Other-service,Unmarried,White,Female,0,0,25,United-States,<=50K
18,Private,37514,10th,6,Never-married,Transport-moving,Not-in-family,White,Male,0,0,56,United-States,<=50K
27,Self-emp-inc,184806,HS-grad,9,Never-married,Exec-managerial,Not-in-family,White,Male,0,0,50,United-States,<=50K
61,Private,120939,Prof-school,15,Married-civ-spouse,Transport-moving,Husband,White,Male,0,0,5,United-States,>50K
47,Private,20956,HS-grad,9,Married-civ-spouse,Craft-repair,Husband,White,Male,0,0,40,United-States,>50K
29,Private,142717,HS-grad,9,Never-married,Handlers-cleaners,Not-in-family,Black,Male,0,0,40,United-States,<=50K
48,Private,192939,HS-grad,9,Married-civ-spouse,Machine-op-inspct,Husband,White,Male,0,0,40,United-States,<=50K
53,Private,288679,HS-grad,9,Divorced,Sales,Not-in-family,White,Female,0,0,60,England,<=50K
40,Private,180985,Masters,14,Married-civ-spouse,Exec-managerial,Husband,White,Male,0,0,50,United-States,>50K
30,Private,135891,5th-6th,3,Married-civ-spouse,Craft-repair,Husband,White,Male,0,0,40,Mexico,<=50K
54,Private,144586,Some-college,10,Married-civ-spouse,Sales,Wife,White,Female,0,0,40,United-States,>50K
37,Private,138705,HS-grad,9,Separated,Craft-repair,Unmarried,White,Female,0,0,40,United-States,<=50K
37,Private,190836,1st-4th,2,Married-civ-spouse,Craft-repair,Husband,Asian-Pac-Islander,Male,0,0,40,Cambodia,<=50K
54,Self-emp-not-inc,200992,Bachelors,13,Married-civ-spouse,Sales,Husband,White,Male,0,0,50,United-States,>50K
52,Private,164473,HS-grad,9,Married-civ-spouse,Other-service,Wife,White,Female,0,0,38,United-States,<=50K
18,Private,301814,HS-grad,9,Never-married,Sales,Not-in-family,White,Female,0,0,20,United-States,<=50K
58,?,210031,HS-grad,9,Divorced,?,Unmarried,White,Male,0,0,40,United-States,<=50K
52,Private,167375,Assoc-voc,11,Married-civ-spouse,Craft-repair,Husband,White,Male,0,0,40,United-States,>50K
26,?,208946,Some-college,10,Never-married,?,Own-child,White,Male,0,0,12,United-States,<=50K
25,Private,36943,Assoc-acdm,12,Divorced,Other-service,Not-in-family,White,Female,0,0,32,United-States,<=50K
40,Private,212213,10th,6,Never-married,Transport-moving,Not-in-family,White,Male,0,0,40,United-States,<=50K
72,Private,38360,HS-grad,9,Widowed,Other-service,Unmarried,White,Female,0,0,16,United-States,<=50K
64,Self-emp-not-inc,211531,HS-grad,9,Married-civ-spouse,Craft-repair,Husband,White,Male,0,0,20,United-States,<=50K
37,Private,254500,HS-grad,9,Separated,Craft-repair,Not-in-family,White,Male,0,0,50,United-States,<=50K
25,Private,91709,Assoc-acdm,12,Never-married,Tech-support,Not-in-family,White,Female,0,0,45,United-States,<=50K
42,Private,66118,Some-college,10,Divorced,Machine-op-inspct,Not-in-family,White,Female,0,0,40,United-States,<=50K
31,Local-gov,275967,Some-college,10,Never-married,Protective-serv,Not-in-family,Black,Male,0,0,40,United-States,<=50K
28,Private,198841,Assoc-voc,11,Married-civ-spouse,Sales,Husband,White,Male,0,0,40,United-States,<=50K
35,?,196797,Some-college,10,Married-civ-spouse,?,Husband,Asian-Pac-Islander,Male,0,0,40,Philippines,>50K
55,Private,84774,HS-grad,9,Married-civ-spouse,Priv-house-serv,Wife,White,Female,0,0,30,United-States,<=50K
69,Private,102874,HS-grad,9,Widowed,Adm-clerical,Not-in-family,White,Female,0,0,24,United-States,<=50K
17,Private,165767,11th,7,Never-married,Handlers-cleaners,Own-child,White,Male,0,0,20,Peru,<=50K
30,Private,176389,Assoc-voc,11,Divorced,Adm-clerical,Unmarried,White,Female,0,0,24,United-States,<=50K
59,Private,453067,Some-college,10,Married-civ-spouse,Prof-specialty,Husband,White,Male,0,0,36,United-States,>50K
51,Private,190762,1st-4th,2,Widowed,Craft-repair,Not-in-family,White,Male,0,0,40,Mexico,<=50K
68,Private,204082,Some-college,10,Widowed,Exec-managerial,Not-in-family,White,Female,0,0,45,United-States,<=50K
29,Private,206139,HS-grad,9,Never-married,Craft-repair,Own-child,White,Male,0,0,50,United-States,<=50K
44,Private,44780,HS-grad,9,Married-civ-spouse,Farming-fishing,Husband,White,Male,0,0,70,United-States,<=50K
30,Private,495982,Assoc-voc,11,Married-civ-spouse,Handlers-cleaners,Husband,White,Male,0,0,40,Mexico,<=50K
39,Self-emp-not-inc,190023,Bachelors,13,Married-civ-spouse,Sales,Husband,White,Male,0,0,60,United-States,<=50K
55,Private,52953,HS-grad,9,Divorced,Other-service,Unmarried,White,Female,0,0,40,United-States,<=50K
26,Private,111243,HS-grad,9,Never-married,Adm-clerical,Unmarried,White,Female,0,0,35,United-States,<=50K
59,?,220783,10th,6,Widowed,?,Unmarried,White,Female,0,0,40,United-States,<=50K
20,Private,212213,Some-college,10,Never-married,Other-service,Own-child,White,Female,0,0,16,United-States,<=50K
47,Private,263398,Bachelors,13,Never-married,Sales,Not-in-family,Black,Male,0,0,60,United-States,>50K
41,Private,265097,HS-grad,9,Divorced,Adm-clerical,Unmarried,White,Female,0,0,45,United-States,<=50K
50,Private,71417,HS-grad,9,Married-civ-spouse,Craft-repair,Husband,White,Male,2964,0,40,United-States,>50K
46,State-gov,102628,Masters,14,Widowed,Protective-serv,Unmarried,White,Male,0,0,40,United-States,<=50K
22,Private,202721,Assoc-voc,11,Married-civ-spouse,Other-service,Husband,White,Male,0,0,44,United-States,<=50K
27,Private,179681,Assoc-voc,11,Never-married,Tech-support,Own-child,White,Female,0,0,40,United-States,<=50K
35,Private,106943,HS-grad,9,Married-civ-spouse,Sales,Husband,White,Male,0,0,60,United-States,<=50K
45,Private,194097,Assoc-voc,11,Never-married,Other-service,Unmarried,White,Female,0,0,40,Japan,<=50K
30,Private,359193,Some-college,10,Married-civ-spouse,Exec-managerial,Husband,White,Male,0,0,50,United-States,<=50K
48,State-gov,224566,Some-college,10,Divorced,Exec-managerial,Not-in-family,White,Female,0,0,40,United-States,<=50K
38,Private,112358,11th,7,Married-civ-spouse,Transport-moving,Husband,White,Male,0,0,40,United-States,<=50K
25,Private,246974,Bachelors,13,Never-married,Sales,Not-in-family,White,Male,3325,0,48,United-States,<=50K
20,Private,281743,Some-college,10,Never-married,Other-service,Own-child,White,Male,0,0,50,United-States,<=50K
28,Private,183470,Some-college,10,Married-civ-spouse,Sales,Husband,White,Male,0,0,50,United-States,<=50K
21,Private,233891,Assoc-voc,11,Never-married,Tech-support,Own-child,White,Female,0,0,30,United-States,<=50K
46,Private,213019,11th,7,Married-civ-spouse,Craft-repair,Husband,White,Male,0,0,32,United-States,<=50K
20,Private,335997,HS-grad,9,Never-married,Transport-moving,Own-child,White,Male,0,0,40,United-States,<=50K
41,Private,149102,Bachelors,13,Married-civ-spouse,Exec-managerial,Husband,White,Male,0,0,60,United-States,>50K
52,Private,201310,Bachelors,13,Divorced,Exec-managerial,Not-in-family,White,Male,0,0,40,?,<=50K
33,Private,182451,HS-grad,9,Married-civ-spouse,Sales,Wife,White,Female,0,0,20,United-States,<=50K
34,Private,464484,11th,7,Never-married,Other-service,Not-in-family,White,Male,0,0,30,United-States,<=50K
32,Private,236648,12th,8,Married-civ-spouse,Craft-repair,Other-relative,White,Male,0,0,40,Mexico,<=50K
49,Private,214091,Bachelors,13,Married-civ-spouse,Sales,Husband,Asian-Pac-Islander,Male,0,0,50,Japan,>50K
54,Local-gov,113555,Some-college,10,Married-civ-spouse,Exec-managerial,Husband,White,Male,0,0,40,United-States,<=50K
53,Private,348059,HS-grad,9,Divorced,Prof-specialty,Not-in-family,White,Male,4787,0,46,United-States,>50K
42,Private,244395,HS-grad,9,Married-civ-spouse,Sales,Husband,White,Male,0,0,50,United-States,<=50K
22,?,346871,Some-college,10,Separated,?,Unmarried,White,Female,0,0,25,United-States,<=50K
51,Self-emp-not-inc,174655,Bachelors,13,Married-civ-spouse,Sales,Husband,White,Male,0,0,8,United-States,<=50K
21,Self-emp-not-inc,32948,HS-grad,9,Never-married,Craft-repair,Not-in-family,White,Male,4865,0,35,United-States,<=50K
67,Private,160456,11th,7,Widowed,Other-service,Not-in-family,White,Female,0,0,40,United-States,<=50K
49,Private,214091,Bachelors,13,Married-civ-spouse,Sales,Husband,Asian-Pac-Islander,Male,0,0,50,Japan,>50K
60,Private,206351,HS-grad,9,Separated,Other-service,Not-in-family,White,Female,0,0,25,United-States,<=50K
45,Private,193746,Assoc-voc,11,Never-married,Other-service,Unmarried,White,Female,0,0,40,Mexico,<=50K
20,Private,212582,Some-college,10,Never-married,Other-service,Own-child,White,Female,0,0,16,United-States,<=50K
34,Self-emp-not-inc,120277,7th-8th,4,Never-married,Handlers-cleaners,Unmarried,Black,Male,0,0,10,United-States,<=50K
50,Private,33895,HS-grad,9,Married-civ-spouse,Machine-op-inspct,Husband,White,Male,0,1485,40,United-States,<=50K
21,Private,287372,HS-grad,9,Never-married,Other-service,Own-child,White,Male,0,0,35,United-States,<=50K
23,Private,37514,Some-college,10,Never-married,Other-service,Unmarried,White,Female,0,0,25,United-States,<=50K
36,Private,175710,HS-grad,9,Married-civ-spouse,Craft-repair,Husband,White,Male,0,0,35,United-States,<=50K
27,Private,29261,Assoc-acdm,12,Never-married,Craft-repair,Unmarried,White,Male,0,0,40,United-States,<=50K
27,Private,122215,Bachelors,13,Never-married,Sales,Not-in-family,White,Female,0,0,40,United-States,<=50K
26,?,208994,Some-college,10,Never-married,?,Own-child,White,Male,0,0,12,United-States,<=50K
18,Self-emp-not-inc,40293,HS-grad,9,Never-married,Farming-fishing,Other-relative,White,Male,0,0,40,United-States,<=50K
34,Private,28053,Bachelors,13,Married-spouse-absent,Adm-clerical,Not-in-family,White,Female,0,0,25,United-States,<=50K
24,Private,142566,10th,6,Never-married,Machine-op-inspct,Not-in-family,White,Male,0,0,45,United-States,<=50K
54,Self-emp-not-inc,57101,HS-grad,9,Married-civ-spouse,Craft-repair,Husband,White,Male,0,0,35,United-States,<=50K
19,Private,154493,HS-grad,9,Never-married,Other-service,Own-child,White,Female,0,1672,20,United-States,<=50K
21,Private,279129,Some-college,10,Never-married,Sales,Not-in-family,White,Female,0,0,55,United-States,<=50K
18,Private,300681,HS-grad,9,Never-married,Other-service,Own-child,White,Female,0,0,20,United-States,<=50K
53,State-gov,104501,Doctorate,16,Married-civ-spouse,Prof-specialty,Husband,White,Male,0,0,40,?,>50K
21,State-gov,151773,Some-college,10,Never-married,Adm-clerical,Own-child,White,Female,0,0,30,United-States,<=50K
71,Private,244172,7th-8th,4,Married-civ-spouse,Transport-moving,Husband,White,Male,6514,0,40,United-States,>50K
34,Private,28053,Bachelors,13,Married-spouse-absent,Adm-clerical,Not-in-family,White,Female,0,0,25,United-States,<=50K
34,Private,32172,HS-grad,9,Never-married,Other-service,Not-in-family,White,Female,0,0,28,United-States,<=50K
49,Private,156618,HS-grad,9,Married-civ-spouse,Craft-repair,Husband,White,Male,0,0,40,United-States,<=50K
45,Private,72338,HS-grad,9,Never-married,Sales,Own-child,White,Female,0,0,35,United-States,<=50K
51,Private,261319,HS-grad,9,Married-civ-spouse,Other-service,Husband,White,Male,0,0,40,Cuba,>50K
35,Self-emp-not-inc,278632,HS-grad,9,Married-civ-spouse,Craft-repair,Husband,White,Male,0,0,40,United-States,<=50K
53,Private,172718,Prof-school,15,Married-civ-spouse,Prof-specialty,Husband,White,Male,0,0,40,United-States,>50K
38,Private,172718,Bachelors,13,Married-civ-spouse,Tech-support,Husband,White,Male,0,1977,40,United-States,>50K
49,Self-emp-not-inc,148254,HS-grad,9,Divorced,Farming-fishing,Not-in-family,White,Female,0,0,28,United-States,<=50K
41,Federal-gov,274577,Some-college,10,Married-civ-spouse,Exec-managerial,Husband,White,Male,0,0,40,United-States,>50K
49,Private,156618,HS-grad,9,Married-civ-spouse,Craft-repair,Husband,White,Male,0,0,40,United-States,<=50K
51,Private,57637,HS-grad,9,Divorced,Other-service,Not-in-family,White,Female,0,0,32,United-States,<=50K
33,Self-emp-inc,287190,Some-college,10,Married-civ-spouse,Exec-managerial,Husband,White,Male,0,0,50,United-States,>50K
60,Local-gov,125159,Bachelors,13,Married-civ-spouse,Prof-specialty,Husband,White,Male,7298,0,40,United-States,>50K
38,Private,229223,Bachelors,13,Married-civ-spouse,Exec-managerial,Husband,White,Male,0,0,50,United-States,>50K
28,Private,106562,Bachelors,13,Never-married,Sales,Own-child,White,Male,0,0,2,United-States,<=50K
20,State-gov,178416,Some-college,10,Never-married,Farming-fishing,Not-in-family,White,Male,0,0,40,United-States,<=50K
51,Private,193746,HS-grad,9,Married-civ-spouse,Protective-serv,Husband,White,Male,0,0,40,United-States,<=50K
37,Private,215990,11th,7,Married-civ-spouse,Craft-repair,Husband,White,Male,0,0,45,United-States,<=50K
47,Local-gov,171461,HS-grad,9,Divorced,Adm-clerical,Not-in-family,White,Female,0,0,40,United-States,<=50K
17,Private,99462,11th,7,Never-married,Other-service,Own-child,Amer-Indian-Eskimo,Female,0,0,20,United-States,<=50K
36,Self-emp-not-inc,36270,HS-grad,9,Divorced,Transport-moving,Not-in-family,White,Male,0,0,60,United-States,<=50K
25,Private,396633,Some-college,10,Married-civ-spouse,Adm-clerical,Wife,Black,Female,0,0,56,United-States,>50K
24,Private,281743,1st-4th,2,Never-married,Farming-fishing,Not-in-family,Other,Male,0,0,66,Mexico,<=50K
64,Self-emp-not-inc,21154,HS-grad,9,Married-civ-spouse,Craft-repair,Husband,White,Male,0,0,20,United-States,<=50K
41,Private,119471,HS-grad,9,Married-civ-spouse,Tech-support,Husband,White,Male,0,0,40,United-States,<=50K
41,Self-emp-not-inc,226894,Some-college,10,Separated,Craft-repair,Not-in-family,White,Male,0,0,40,United-States,<=50K
21,Private,287372,HS-grad,9,Never-married,Other-service,Own-child,White,Male,0,0,35,United-States,<=50K
25,Private,235218,Bachelors,13,Never-married,Exec-managerial,Own-child,White,Female,0,0,40,United-States,<=50K
18,Local-gov,159537,7th-8th,4,Never-married,Farming-fishing,Own-child,White,Male,0,0,40,United-States,<=50K
32,State-gov,69884,Bachelors,13,Married-civ-spouse,Tech-support,Husband,White,Male,0,0,20,United-States,<=50K
29,Private,207853,HS-grad,9,Never-married,Craft-repair,Own-child,White,Male,0,0,50,United-States,<=50K
47,Private,149988,Prof-school,15,Married-civ-spouse,Exec-managerial,Husband,White,Male,7688,0,60,United-States,>50K
41,Local-gov,52037,Some-college,10,Divorced,Adm-clerical,Unmarried,White,Female,0,0,40,United-States,<=50K
52,Private,248178,Masters,14,Married-civ-spouse,Exec-managerial,Husband,White,Male,15024,0,50,United-States,>50K
28,Private,211938,HS-grad,9,Married-civ-spouse,Machine-op-inspct,Husband,White,Male,2580,0,40,United-States,<=50K
46,Private,404547,HS-grad,9,Married-civ-spouse,Craft-repair,Husband,Black,Male,0,1902,40,United-States,>50K
49,Local-gov,106554,Bachelors,13,Divorced,Prof-specialty,Unmarried,White,Female,0,0,40,United-States,>50K
36,Private,276709,HS-grad,9,Divorced,Adm-clerical,Unmarried,White,Female,0,0,50,United-States,<=50K
34,Private,355728,Bachelors,13,Married-civ-spouse,Sales,Husband,White,Male,0,0,40,United-States,<=50K
29,Private,201928,Assoc-voc,11,Married-civ-spouse,Tech-support,Other-relative,White,Female,0,0,40,United-States,<=50K
31,?,182451,Bachelors,13,Married-civ-spouse,?,Wife,White,Female,4064,0,30,Canada,<=50K
29,Private,126822,Bachelors,13,Married-civ-spouse,Sales,Husband,White,Male,0,0,45,United-States,<=50K
26,Private,172047,Some-college,10,Never-married,Sales,Own-child,White,Female,0,0,24,United-States,<=50K
22,Private,128736,HS-grad,9,Never-married,Adm-clerical,Not-in-family,White,Female,0,0,10,United-States,<=50K
30,Private,359193,Bachelors,13,Married-civ-spouse,Sales,Husband,White,Male,0,0,40,Mexico,>50K
21,Private,247025,HS-grad,9,Never-married,Adm-clerical,Own-child,Black,Female,0,0,60,United-States,<=50K
39,Private,149981,Some-college,10,Married-civ-spouse,Craft-repair,Husband,White,Male,0,0,55,United-States,>50K
22,Private,225156,HS-grad,9,Never-married,Adm-clerical,Not-in-family,White,Female,0,0,40,United-States,<=50K
30,Private,397877,Assoc-acdm,12,Married-spouse-absent,Sales,Not-in-family,Black,Female,0,0,40,United-States,<=50K
45,Private,194097,Assoc-voc,11,Never-married,Other-service,Unmarried,White,Female,0,0,40,Mexico,<=50K
39,Self-emp-not-inc,83242,Some-college,10,Married-civ-spouse,Farming-fishing,Husband,White,Male,0,0,60,United-States,<=50K
33,Private,213813,Some-college,10,Divorced,Tech-support,Unmarried,White,Female,0,0,40,United-States,<=50K
27,Private,81540,HS-grad,9,Married-civ-spouse,Craft-repair,Husband,White,Male,0,0,40,United-States,>50K
52,State-gov,189834,HS-grad,9,Separated,Other-service,Not-in-family,White,Female,0,0,35,United-States,<=50K
32,Private,72393,HS-grad,9,Married-civ-spouse,Craft-repair,Husband,White,Male,0,0,40,United-States,<=50K
23,Private,234504,Some-college,10,Never-married,Other-service,Not-in-family,White,Male,0,0,20,United-States,<=50K
53,Private,287927,HS-grad,9,Divorced,Sales,Not-in-family,White,Female,0,0,60,England,<=50K
24,Private,172962,Bachelors,13,Never-married,Other-service,Not-in-family,White,Male,0,0,40,United-States,<=50K
45,Private,194740,Assoc-voc,11,Never-married,Other-service,Unmarried,White,Female,0,0,40,Mexico,<=50K
21,Private,88373,HS-grad,9,Married-civ-spouse,Other-service,Other-relative,White,Female,0,0,16,United-States,<=50K
52,Private,167375,Assoc-voc,11,Married-civ-spouse,Craft-repair,Husband,White,Male,0,0,40,United-States,>50K
54,Self-emp-not-inc,200960,Bachelors,13,Married-civ-spouse,Sales,Husband,White,Male,0,0,50,United-States,>50K
26,Federal-gov,172047,Assoc-voc,11,Never-married,Craft-repair,Own-child,White,Male,0,0,50,Japan,<=50K
19,Private,229015,HS-grad,9,Never-married,Handlers-cleaners,Own-child,White,Male,0,0,35,United-States,<=50K
69,Self-emp-inc,183241,Bachelors,13,Separated,Exec-managerial,Not-in-family,White,Male,0,0,40,United-States,<=50K
47,Private,168524,HS-grad,9,Never-married,Adm-clerical,Other-relative,White,Female,0,0,40,United-States,<=50K
39,Self-emp-not-inc,190762,Bachelors,13,Married-civ-spouse,Sales,Husband,White,Male,0,0,60,United-States,<=50K
30,Private,496526,Assoc-voc,11,Married-civ-spouse,Handlers-cleaners,Husband,White,Male,0,0,40,Mexico,<=50K
41,Private,33394,HS-grad,9,Married-civ-spouse,Craft-repair,Husband,White,Male,0,0,45,United-States,<=50K
19,Private,229431,Some-college,10,Never-married,Prof-specialty,Own-child,White,Male,0,0,11,United-States,<=50K
29,Self-emp-not-inc,267965,Assoc-voc,11,Never-married,Farming-fishing,Not-in-family,White,Male,0,0,75,United-States,<=50K
23,?,23789,Some-college,10,Never-married,?,Own-child,White,Male,0,0,30,United-States,<=50K
61,Self-emp-not-inc,32172,HS-grad,9,Married-civ-spouse,Farming-fishing,Wife,White,Female,22040,0,40,United-States,<=50K
20,Private,214387,HS-grad,9,Never-married,Machine-op-inspct,Own-child,White,Male,0,0,40,United-States,<=50K
30,State-gov,71417,Some-college,10,Never-married,Protective-serv,Not-in-family,Black,Male,0,0,45,United-States,<=50K
33,Private,194243,12th,8,Married-civ-spouse,Transport-moving,Husband,White,Male,0,0,40,United-States,<=50K
39,Private,191983,Bachelors,13,Separated,Sales,Not-in-family,White,Male,0,0,50,United-States,<=50K
47,Private,146813,Some-college,10,Separated,Adm-clerical,Unmarried,White,Female,0,0,16,Germany,<=50K
39,Private,268039,Some-college,10,Divorced,Adm-clerical,Unmarried,White,Female,0,0,35,United-States,<=50K
35,Private,299347,HS-grad,9,Married-civ-spouse,Machine-op-inspct,Husband,White,Male,0,0,40,United-States,<=50K
37,Private,191342,1st-4th,2,Married-civ-spouse,Craft-repair,Husband,Asian-Pac-Islander,Male,0,0,40,Cambodia,<=50K
20,Federal-gov,55237,Some-college,10,Never-married,Adm-clerical,Other-relative,White,Female,0,0,40,United-States,<=50K
30,Private,265932,Bachelors,13,Divorced,Other-service,Not-in-family,White,Male,0,0,40,United-States,<=50K
26,Private,135289,Bachelors,13,Never-married,Tech-support,Own-child,White,Female,0,0,35,United-States,<=50K
28,Local-gov,304960,Assoc-acdm,12,Never-married,Adm-clerical,Not-in-family,White,Female,0,1980,40,United-States,<=50K
60,Private,241013,HS-grad,9,Married-civ-spouse,Machine-op-inspct,Husband,Black,Male,0,0,40,United-States,<=50K
63,Self-emp-not-inc,217715,5th-6th,3,Never-married,Sales,Not-in-family,White,Female,0,0,3,United-States,<=50K
31,Private,309974,Bachelors,13,Separated,Sales,Own-child,Black,Female,0,0,40,United-States,<=50K
47,Private,102583,HS-grad,9,Married-civ-spouse,Sales,Husband,White,Male,0,0,30,United-States,>50K
28,Private,175431,9th,5,Divorced,Prof-specialty,Not-in-family,Black,Female,0,0,40,United-States,<=50K
49,Local-gov,106554,Bachelors,13,Divorced,Prof-specialty,Unmarried,White,Female,0,0,40,United-States,>50K
23,Private,543028,HS-grad,9,Never-married,Sales,Own-child,Black,Male,0,0,40,United-States,<=50K
36,Self-emp-inc,116133,HS-grad,9,Never-married,Exec-managerial,Own-child,White,Male,0,0,41,United-States,<=50K
38,Private,129707,Some-college,10,Divorced,Sales,Unmarried,White,Male,1506,0,50,United-States,<=50K
35,Private,167375,Bachelors,13,Married-civ-spouse,Exec-managerial,Husband,White,Male,0,0,50,United-States,>50K
29,Private,56651,Assoc-voc,11,Married-civ-spouse,Adm-clerical,Husband,White,Male,0,0,40,United-States,<=50K
30,Private,88373,Bachelors,13,Married-civ-spouse,Exec-managerial,Husband,White,Male,0,0,45,United-States,>50K
31,Private,149169,12th,8,Married-civ-spouse,Craft-repair,Husband,White,Male,0,0,43,United-States,<=50K
22,Private,285367,Bachelors,13,Never-married,Exec-managerial,Own-child,White,Male,0,0,45,United-States,<=50K
36,Self-emp-not-inc,206351,Bachelors,13,Never-married,Craft-repair,Own-child,White,Male,0,0,40,United-States,<=50K
51,Private,142717,Doctorate,16,Divorced,Craft-repair,Not-in-family,White,Female,4787,0,60,United-States,>50K
39,?,156618,Masters,14,Married-civ-spouse,?,Wife,Asian-Pac-Islander,Female,3464,0,40,?,<=50K
28,Private,123031,Some-college,10,Never-married,Tech-support,Not-in-family,White,Female,4865,0,40,United-States,<=50K
31,Private,204742,12th,8,Never-married,Sales,Own-child,White,Male,0,0,32,United-States,<=50K
26,Private,214387,HS-grad,9,Never-married,Other-service,Unmarried,White,Female,0,0,20,United-States,<=50K
34,Private,248754,11th,7,Never-married,Machine-op-inspct,Not-in-family,White,Male,0,0,40,United-States,<=50K
21,Private,276709,Some-college,10,Never-married,Sales,Other-relative,White,Female,0,0,40,United-States,<=50K
47,Private,208994,HS-grad,9,Married-civ-spouse,Craft-repair,Husband,White,Male,0,0,40,United-States,>50K
40,Private,115932,Bachelors,13,Married-civ-spouse,Prof-specialty,Husband,White,Male,0,0,60,Ireland,>50K
40,Private,231180,HS-grad,9,Married-civ-spouse,Craft-repair,Husband,White,Male,0,0,40,United-States,<=50K
41,Private,106159,HS-grad,9,Never-married,Machine-op-inspct,Own-child,White,Male,13550,0,48,United-States,>50K
51,Private,299347,Bachelors,13,Never-married,Adm-clerical,Unmarried,White,Male,0,0,20,United-States,<=50K
38,Private,39615,Bachelors,13,Married-civ-spouse,Exec-managerial,Husband,White,Male,15024,0,50,United-States,>50K
39,Private,149981,Some-college,10,Married-civ-spouse,Craft-repair,Husband,White,Male,0,0,55,United-States,>50K
44,Private,45093,HS-grad,9,Married-civ-spouse,Farming-fishing,Husband,White,Male,0,0,70,United-States,<=50K
