age,workclass,fnlwgt,education,education-num,marital-status,occupation,relationship,race,sex,capital-gain,capital-loss,hours-per-week,native-country,income,placeholder
49,Private,81654,Prof-school,15,Married-civ-spouse,Prof-specialty,Husband,White,Male,0,0,60,United-States,>50K,42.0
35,Private,127491,HS-grad,9,Married-civ-spouse,Transport-moving,Husband,White,Male,0,0,65,United-States,<=50K,330.0
32,Private,210562,HS-grad,9,Married-civ-spouse,Machine-op-inspct,Husband,White,Male,0,0,40,United-States,<=50K,760.0
31,State-gov,262241,Assoc-voc,11,Married-civ-spouse,Protective-serv,Husband,White,Male,0,0,38,United-States,<=50K,694.0
38,Private,43311,5th-6th,3,Married-civ-spouse,Other-service,Wife,White,Female,0,0,40,El-Salvador,<=50K,481.0
38,Private,298995,HS-grad,9,Divorced,Adm-clerical,Own-child,White,Female,0,0,40,United-States,<=50K,573.0
36,Private,282069,Masters,14,Married-civ-spouse,Exec-managerial,Husband,White,Male,0,0,50,United-States,>50K,936.0
37,Private,191444,1st-4th,2,Married-civ-spouse,Craft-repair,Husband,Asian-Pac-Islander,Male,0,0,40,Cambodia,<=50K,585.0
54,Private,34180,Some-college,10,Married-civ-spouse,Exec-managerial,Husband,White,Male,0,0,44,United-States,>50K,541.0
31,Self-emp-inc,133359,Assoc-voc,11,Divorced,Sales,Not-in-family,White,Male,0,0,40,United-States,<=50K,910.0
32,Private,45737,HS-grad,9,Married-civ-spouse,Handlers-cleaners,Husband,White,Male,0,0,44,United-States,<=50K,46.0
17,Private,240979,11th,7,Never-married,Adm-clerical,Own-child,White,Male,0,0,40,United-States,<=50K,391.0
22,Private,192713,HS-grad,9,Never-married,Adm-clerical,Unmarried,White,Female,0,0,40,United-States,<=50K,851.0
51,Private,543028,HS-grad,9,Married-civ-spouse,Craft-repair,Husband,White,Male,0,0,40,United-States,<=50K,936.0
22,?,282701,HS-grad,9,Never-married,?,Unmarried,Black,Male,0,0,45,United-States,<=50K,407.0
47,Local-gov,165822,Some-college,10,Divorced,Transport-moving,Unmarried,White,Male,0,0,40,United-States,<=50K,495.0
41,Self-emp-not-inc,233149,Assoc-voc,11,Married-civ-spouse,Sales,Husband,White,Male,0,0,55,United-States,<=50K,327.0
19,Private,41035,Some-college,10,Never-married,Machine-op-inspct,Own-child,White,Male,0,0,40,United-States,<=50K,269.0
40,Private,69739,Bachelors,13,Married-civ-spouse,Farming-fishing,Husband,White,Male,0,0,40,United-States,<=50K,835.0
47,Private,192713,HS-grad,9,Married-civ-spouse,Sales,Husband,White,Male,0,0,50,United-States,>50K,428.0
41,Private,125933,Some-college,10,Separated,Sales,Unmarried,Black,Female,0,0,20,United-States,<=50K,705.0
38,Private,33975,HS-grad,9,Never-married,Adm-clerical,Not-in-family,Black,Male,0,2339,47,United-States,<=50K,87.0
59,State-gov,137421,Masters,14,Married-civ-spouse,Prof-specialty,Husband,White,Male,0,0,8,United-States,>50K,485.0
25,Private,80479,12th,8,Married-civ-spouse,Transport-moving,Husband,White,Male,0,0,40,United-States,<=50K,691.0
17,Private,272669,11th,7,Never-married,Adm-clerical,Own-child,White,Female,0,0,7,United-States,<=50K,627.0
34,Private,87218,Masters,14,Married-civ-spouse,Exec-managerial,Husband,White,Male,0,1887,50,United-States,>50K,166.0
25,Private,231793,HS-grad,9,Married-civ-spouse,Machine-op-inspct,Husband,White,Male,0,0,50,United-States,<=50K,457.0
56,Private,333701,HS-grad,9,Married-civ-spouse,Machine-op-inspct,Husband,White,Male,0,0,40,United-States,<=50K,595.0
48,Self-emp-not-inc,365465,HS-grad,9,Divorced,Craft-repair,Not-in-family,White,Male,0,0,60,United-States,>50K,38.0
31,Private,120461,Bachelors,13,Never-married,Exec-managerial,Not-in-family,White,Female,0,0,40,United-States,<=50K,113.0
44,Local-gov,100479,Assoc-acdm,12,Married-civ-spouse,Prof-specialty,Husband,White,Male,0,0,48,United-States,<=50K,418.0
37,Private,203637,Bachelors,13,Widowed,Exec-managerial,Not-in-family,White,Female,0,0,55,United-States,<=50K,868.0
51,Private,189194,HS-grad,9,Divorced,Craft-repair,Own-child,Black,Male,0,0,40,United-States,<=50K,986.0
25,Self-emp-inc,182750,Bachelors,13,Never-married,Sales,Not-in-family,White,Male,0,0,45,United-States,>50K,932.0
39,Private,256636,Some-college,10,Never-married,Machine-op-inspct,Own-child,White,Male,0,0,40,United-States,<=50K,607.0
34,Private,134737,Bachelors,13,Never-married,Sales,Own-child,White,Male,0,0,40,United-States,>50K,446.0
31,Private,85355,HS-grad,9,Never-married,Other-service,Not-in-family,White,Male,0,0,42,United-States,<=50K,868.0
36,Private,312771,HS-grad,9,Married-civ-spouse,Machine-op-inspct,Husband,Black,Male,0,0,40,Haiti,<=50K,486.0
32,Self-emp-not-inc,27939,Some-college,10,Married-civ-spouse,Sales,Husband,Amer-Indian-Eskimo,Male,0,0,60,United-States,<=50K,510.0
48,?,353994,Some-college,10,Married-civ-spouse,?,Husband,White,Male,0,0,40,?,>50K,777.0
39,Private,348059,HS-grad,9,Married-civ-spouse,Craft-repair,Husband,White,Male,0,0,40,United-States,<=50K,277.0
43,Self-emp-inc,311255,Some-college,10,Married-civ-spouse,Exec-managerial,Husband,White,Male,0,0,92,United-States,>50K,403.0
39,Private,371382,HS-grad,9,Married-civ-spouse,Craft-repair,Husband,White,Male,0,0,40,United-States,<=50K,896.0
21,Private,279173,Some-college,10,Never-married,Sales,Not-in-family,White,Female,0,0,55,United-States,<=50K,368.0
58,Private,287268,9th,5,Divorced,Other-service,Unmarried,White,Female,0,0,40,United-States,<=50K,809.0
43,Private,125461,Bachelors,13,Married-civ-spouse,Sales,Husband,White,Male,0,1902,55,United-States,>50K,317.0
40,State-gov,184378,Bachelors,13,Married-civ-spouse,Adm-clerical,Husband,White,Male,0,0,40,United-States,<=50K,830.0
27,Private,28053,HS-grad,9,Married-civ-spouse,Transport-moving,Husband,Black,Male,0,0,40,United-States,<=50K,248.0
43,Private,154120,Assoc-acdm,12,Divorced,Craft-repair,Not-in-family,White,Male,0,0,40,United-States,<=50K,471.0
45,Private,348059,7th-8th,4,Married-civ-spouse,Craft-repair,Husband,White,Male,0,0,44,Mexico,<=50K,881.0
39,Private,273402,Bachelors,13,Married-civ-spouse,Craft-repair,Husband,White,Male,0,0,45,United-States,>50K,763.0
70,Private,174032,HS-grad,9,Married-civ-spouse,Sales,Husband,White,Male,0,0,40,United-States,<=50K,325.0
36,State-gov,243190,HS-grad,9,Divorced,Adm-clerical,Own-child,Black,Female,0,0,40,United-States,<=50K,327.0
22,Private,37306,HS-grad,9,Never-married,Sales,Unmarried,White,Female,0,0,35,United-States,<=50K,753.0
40,Self-emp-inc,64885,Masters,14,Married-civ-spouse,Sales,Husband,White,Male,0,0,70,United-States,>50K,733.0
60,Local-gov,93272,HS-grad,9,Married-civ-spouse,Other-service,Husband,White,Male,0,0,40,United-States,<=50K,403.0
29,Private,183200,Assoc-voc,11,Married-civ-spouse,Machine-op-inspct,Husband,White,Male,0,0,40,United-States,<=50K,935.0
21,?,199539,HS-grad,9,Never-married,?,Not-in-family,White,Female,0,0,40,United-States,<=50K,461.0
39,State-gov,320102,Bachelors,13,Married-civ-spouse,Exec-managerial,Husband,White,Male,0,0,40,United-States,<=50K,809.0
57,Self-emp-not-inc,221172,Some-college,10,Married-civ-spouse,Exec-managerial,Wife,White,Female,0,0,60,United-States,<=50K,787.0
28,Private,204734,Some-college,10,Married-civ-spouse,Tech-support,Wife,White,Female,0,0,40,United-States,<=50K,799.0
20,Private,243929,Some-college,10,Never-married,Craft-repair,Own-child,White,Male,0,0,40,United-States,<=50K,655.0
41,Federal-gov,254711,Some-college,10,Married-civ-spouse,Transport-moving,Wife,White,Female,7298,0,40,United-States,>50K,260.0
40,Private,192323,Bachelors,13,Married-civ-spouse,Adm-clerical,Husband,White,Male,0,0,40,United-States,>50K,658.0
36,Private,117073,HS-grad,9,Never-married,Craft-repair,Own-child,White,Male,0,0,40,United-States,<=50K,243.0
32,Private,45737,HS-grad,9,Married-civ-spouse,Handlers-cleaners,Husband,White,Male,0,0,44,United-States,<=50K,297.0
51,Local-gov,249727,9th,5,Married-civ-spouse,Other-service,Wife,White,Female,0,0,38,Puerto-Rico,<=50K,758.0
40,Private,193598,HS-grad,9,Married-civ-spouse,Exec-managerial,Husband,White,Male,0,0,45,United-States,>50K,203.0
70,?,163047,HS-grad,9,Widowed,?,Not-in-family,White,Female,2174,0,40,United-States,<=50K,446.0
71,Private,99549,5th-6th,3,Married-civ-spouse,Exec-managerial,Husband,White,Male,0,0,40,United-States,<=50K,19.0
20,Private,183096,Some-college,10,Never-married,Sales,Own-child,Black,Male,0,0,20,United-States,<=50K,420.0
28,Private,191196,Assoc-voc,11,Divorced,Prof-specialty,Unmarried,White,Female,0,1726,40,United-States,<=50K,476.0
30,Private,44797,Doctorate,16,Never-married,Prof-specialty,Not-in-family,White,Male,0,0,60,United-States,<=50K,647.0
36,Private,313702,HS-grad,9,Married-civ-spouse,Machine-op-inspct,Husband,Black,Male,0,0,40,Haiti,<=50K,364.0
52,Private,318061,Masters,14,Divorced,Prof-specialty,Unmarried,White,Female,0,0,40,United-States,<=50K,19.0
41,Private,46537,HS-grad,9,Divorced,Exec-managerial,Not-in-family,White,Male,2009,0,50,United-States,<=50K,983.0
28,Private,191342,Assoc-voc,11,Divorced,Prof-specialty,Unmarried,White,Female,0,1726,40,United-States,<=50K,577.0
36,Private,157313,HS-grad,9,Married-civ-spouse,Craft-repair,Husband,Other,Male,0,0,40,United-States,>50K,412.0
28,Private,153546,HS-grad,9,Divorced,Handlers-cleaners,Not-in-family,White,Male,0,0,40,United-States,<=50K,937.0
63,Private,85374,HS-grad,9,Widowed,Farming-fishing,Not-in-family,White,Male,0,0,6,United-States,<=50K,135.0
31,Private,168387,Bachelors,13,Married-civ-spouse,Prof-specialty,Husband,White,Male,7688,0,40,Canada,>50K,72.0
23,Private,375680,Bachelors,13,Never-married,Adm-clerical,Not-in-family,White,Male,0,0,40,United-States,<=50K,13.0
48,Private,95244,Some-college,10,Divorced,Other-service,Unmarried,Black,Female,0,0,35,United-States,<=50K,964.0
39,Private,230883,Bachelors,13,Never-married,Sales,Own-child,White,Male,0,1092,40,Germany,<=50K,862.0
68,Self-emp-not-inc,192002,Some-college,10,Widowed,Adm-clerical,Not-in-family,White,Male,0,0,40,United-States,<=50K,386.0
26,Private,300290,11th,7,Divorced,Adm-clerical,Own-child,White,Female,0,0,40,United-States,<=50K,80.0
48,Private,119471,Assoc-voc,11,Married-civ-spouse,Other-service,Husband,Asian-Pac-Islander,Male,0,0,56,Philippines,>50K,533.0
59,Private,154120,Some-college,10,Separated,Adm-clerical,Other-relative,White,Male,3325,0,40,United-States,<=50K,300.0
65,?,37170,7th-8th,4,Married-civ-spouse,?,Husband,White,Male,0,0,20,United-States,<=50K,779.0
77,Self-emp-not-inc,183898,Bachelors,13,Widowed,Prof-specialty,Not-in-family,White,Female,0,0,20,United-States,<=50K,642.0
34,Private,187119,Assoc-acdm,12,Never-married,Sales,Unmarried,White,Male,0,0,50,United-States,<=50K,396.0
56,Private,133861,Masters,14,Never-married,Sales,Not-in-family,White,Male,0,0,50,United-States,<=50K,591.0
70,?,230883,Assoc-voc,11,Never-married,?,Not-in-family,White,Male,0,0,30,United-States,<=50K,972.0
26,Private,126743,HS-grad,9,Divorced,Machine-op-inspct,Not-in-family,White,Male,0,0,40,United-States,<=50K,436.0
60,?,132053,5th-6th,3,Married-civ-spouse,?,Husband,White,Male,0,0,30,United-States,>50K,102.0
26,Private,132053,Bachelors,13,Never-married,Adm-clerical,Own-child,Black,Female,0,0,40,United-States,<=50K,711.0
18,Private,320102,11th,7,Never-married,Other-service,Own-child,White,Male,0,0,23,United-States,<=50K,291.0
43,Private,180931,Some-college,10,Married-civ-spouse,Transport-moving,Husband,White,Male,0,0,60,United-States,>50K,46.0
30,Private,103435,HS-grad,9,Divorced,Machine-op-inspct,Unmarried,White,Male,0,0,40,United-States,<=50K,929.0
32,Local-gov,199572,Some-college,10,Married-civ-spouse,Protective-serv,Husband,White,Male,0,0,40,United-States,>50K,834.0
40,Private,125000,Assoc-voc,11,Divorced,Craft-repair,Unmarried,White,Male,0,0,50,United-States,>50K,291.0
30,Private,121285,Bachelors,13,Never-married,Sales,Not-in-family,White,Male,0,0,40,United-States,>50K,279.0
30,Private,188950,HS-grad,9,Never-married,Adm-clerical,Own-child,White,Female,0,0,40,United-States,<=50K,359.0
37,Federal-gov,215251,Some-college,10,Divorced,Adm-clerical,Unmarried,Black,Female,0,0,40,United-States,<=50K,989.0
31,Private,168906,Bachelors,13,Divorced,Exec-managerial,Not-in-family,White,Female,0,0,50,United-States,>50K,744.0
54,Private,34378,Some-college,10,Married-civ-spouse,Exec-managerial,Husband,White,Male,0,0,44,United-States,>50K,483.0
52,Private,244473,10th,6,Married-civ-spouse,Other-service,Wife,White,Female,0,0,35,United-States,<=50K,372.0
41,Private,111483,HS-grad,9,Married-civ-spouse,Machine-op-inspct,Husband,White,Male,0,0,45,United-States,<=50K,452.0
49,Private,172695,HS-grad,9,Never-married,Exec-managerial,Not-in-family,White,Male,2653,0,40,United-States,>50K,744.0
23,Private,202652,Bachelors,13,Never-married,Prof-specialty,Own-child,White,Female,0,0,40,United-States,<=50K,78.0
29,Local-gov,94064,Masters,14,Married-civ-spouse,Prof-specialty,Husband,White,Male,0,0,50,United-States,<=50K,82.0
66,Private,97847,Assoc-voc,11,Married-civ-spouse,Craft-repair,Husband,White,Male,0,0,38,United-States,<=50K,359.0
19,?,199303,Some-college,10,Never-married,?,Own-child,White,Male,0,0,60,United-States,<=50K,190.0
55,Private,204788,HS-grad,9,Married-civ-spouse,Transport-moving,Husband,White,Male,0,0,65,United-States,<=50K,767.0
20,Private,365465,Some-college,10,Never-married,Adm-clerical,Own-child,White,Female,0,0,35,United-States,<=50K,477.0
50,Private,242552,Assoc-voc,11,Divorced,Other-service,Not-in-family,White,Female,0,0,20,United-States,<=50K,294.0
21,Private,374116,Some-college,10,Never-married,Adm-clerical,Own-child,White,Male,0,0,30,United-States,<=50K,492.0
51,Private,45857,HS-grad,9,Divorced,Prof-specialty,Not-in-family,White,Male,0,0,40,United-States,<=50K,236.0
23,Private,131811,Some-college,10,Never-married,Adm-clerical,Not-in-family,White,Female,0,0,40,United-States,<=50K,636.0
20,Private,194102,Some-college,10,Never-married,Prof-specialty,Other-relative,White,Male,0,0,12,United-States,<=50K,699.0
43,Private,346754,Some-college,10,Married-civ-spouse,Prof-specialty,Husband,White,Male,0,0,40,United-States,>50K,19.0
33,Private,184046,HS-grad,9,Married-civ-spouse,Other-service,Wife,White,Female,0,0,38,El-Salvador,<=50K,818.0
28,Private,236834,9th,5,Never-married,Priv-house-serv,Not-in-family,White,Female,0,0,35,Mexico,<=50K,461.0
25,Private,141388,HS-grad,9,Married-spouse-absent,Exec-managerial,Not-in-family,White,Male,0,0,45,United-States,<=50K,683.0
53,Private,346189,Some-college,10,Married-civ-spouse,Exec-managerial,Wife,White,Female,0,0,40,United-States,>50K,59.0
29,Private,218015,Some-college,10,Never-married,Exec-managerial,Not-in-family,White,Female,0,0,40,United-States,<=50K,284.0
43,Self-emp-inc,31717,Some-college,10,Married-civ-spouse,Exec-managerial,Husband,White,Male,0,0,92,United-States,>50K,42.0
53,Private,149650,HS-grad,9,Never-married,Sales,Not-in-family,White,Male,0,2559,48,United-States,>50K,284.0
71,Private,180599,Masters,14,Never-married,Other-service,Not-in-family,White,Female,0,0,20,United-States,<=50K,492.0
33,Private,172718,Assoc-voc,11,Married-civ-spouse,Craft-repair,Husband,White,Male,0,0,40,United-States,<=50K,45.0
21,Private,119904,Some-college,10,Never-married,Other-service,Not-in-family,White,Female,0,0,30,United-States,<=50K,314.0
35,Self-emp-not-inc,185846,Bachelors,13,Never-married,Prof-specialty,Own-child,White,Female,0,0,40,United-States,<=50K,41.0
23,Private,209962,Some-college,10,Never-married,Other-service,Own-child,White,Female,0,0,20,United-States,<=50K,292.0
57,Private,141388,Masters,14,Married-civ-spouse,Exec-managerial,Husband,Black,Male,0,1977,40,United-States,>50K,211.0
56,Local-gov,277488,Bachelors,13,Married-civ-spouse,Protective-serv,Husband,White,Male,0,0,40,United-States,>50K,864.0
21,Private,191841,11th,7,Never-married,Farming-fishing,Unmarried,White,Male,0,0,40,United-States,<=50K,131.0
32,Private,78141,12th,8,Never-married,Transport-moving,Unmarried,Asian-Pac-Islander,Male,0,0,40,United-States,<=50K,288.0
19,Private,38353,11th,7,Never-married,Other-service,Own-child,White,Male,0,0,40,United-States,<=50K,743.0
62,Private,110103,HS-grad,9,Widowed,Craft-repair,Unmarried,Black,Female,0,0,40,United-States,<=50K,890.0
31,Private,37514,Bachelors,13,Never-married,Prof-specialty,Unmarried,Black,Female,0,0,40,?,<=50K,496.0
32,Private,376416,Bachelors,13,Never-married,Sales,Other-relative,White,Male,0,0,32,United-States,<=50K,200.0
39,Private,97771,Assoc-voc,11,Married-civ-spouse,Exec-managerial,Husband,White,Male,0,0,45,United-States,<=50K,64.0
30,State-gov,45834,Some-college,10,Never-married,Adm-clerical,Not-in-family,White,Female,0,0,40,United-States,<=50K,613.0
35,Private,189565,Bachelors,13,Never-married,Sales,Not-in-family,White,Male,0,0,40,United-States,>50K,207.0
33,?,190483,HS-grad,9,Never-married,?,Unmarried,Black,Female,0,0,20,United-States,<=50K,561.0
27,Private,58484,HS-grad,9,Married-civ-spouse,Machine-op-inspct,Husband,White,Male,0,0,40,United-States,<=50K,609.0
46,Local-gov,180039,Bachelors,13,Married-civ-spouse,Prof-specialty,Wife,White,Female,0,0,40,United-States,>50K,764.0
20,Private,115824,11th,7,Married-civ-spouse,Handlers-cleaners,Husband,White,Male,0,1573,40,United-States,<=50K,946.0
22,Private,191754,Bachelors,13,Never-married,Sales,Own-child,Asian-Pac-Islander,Male,0,0,50,Taiwan,<=50K,667.0
39,Local-gov,302612,Assoc-voc,11,Married-civ-spouse,Protective-serv,Husband,White,Male,0,0,48,United-States,>50K,883.0
31,Private,38925,Some-college,10,Never-married,Adm-clerical,Not-in-family,Black,Female,0,0,36,Jamaica,<=50K,852.0
52,Self-emp-inc,89041,Masters,14,Married-civ-spouse,Exec-managerial,Husband,White,Male,15024,0,60,United-States,>50K,817.0
31,Private,38905,Some-college,10,Never-married,Adm-clerical,Not-in-family,Black,Female,0,0,35,Jamaica,<=50K,580.0
48,Private,99385,HS-grad,9,Separated,Adm-clerical,Not-in-family,White,Female,0,0,40,United-States,<=50K,330.0
23,Private,109952,Some-college,10,Married-civ-spouse,Craft-repair,Husband,White,Male,0,0,60,United-States,<=50K,762.0
57,Private,113974,HS-grad,9,Divorced,Adm-clerical,Unmarried,White,Female,0,0,40,United-States,<=50K,252.0
53,Private,167651,HS-grad,9,Married-civ-spouse,Craft-repair,Husband,White,Male,0,0,40,United-States,>50K,711.0
22,Private,52498,Some-college,10,Never-married,Other-service,Not-in-family,White,Male,0,0,40,United-States,<=50K,552.0
31,Private,298995,HS-grad,9,Married-civ-spouse,Other-service,Wife,Black,Female,0,0,35,United-States,<=50K,658.0
22,?,376277,Some-college,10,Divorced,?,Not-in-family,White,Female,0,0,35,United-States,<=50K,899.0
59,State-gov,349751,Bachelors,13,Married-civ-spouse,Exec-managerial,Husband,White,Male,10605,0,50,United-States,>50K,53.0
32,Private,175625,Bachelors,13,Married-civ-spouse,Tech-support,Husband,White,Male,0,1902,40,United-States,>50K,543.0
65,?,371886,7th-8th,4,Married-civ-spouse,?,Husband,White,Male,0,0,20,United-States,<=50K,272.0
49,Local-gov,119904,Bachelors,13,Married-civ-spouse,Prof-specialty,Wife,White,Female,7688,0,30,United-States,>50K,612.0
72,Self-emp-not-inc,473748,HS-grad,9,Married-civ-spouse,Sales,Husband,White,Male,0,0,30,United-States,<=50K,372.0
27,Self-emp-not-inc,64885,HS-grad,9,Married-civ-spouse,Farming-fishing,Husband,White,Male,0,0,50,United-States,<=50K,370.0
45,Private,82797,Bachelors,13,Married-civ-spouse,Exec-managerial,Husband,White,Male,0,0,45,United-States,>50K,599.0
37,Private,225605,HS-grad,9,Never-married,Craft-repair,Unmarried,White,Male,0,0,40,United-States,<=50K,17.0
17,Private,240255,11th,7,Never-married,Adm-clerical,Own-child,White,Male,0,0,40,United-States,<=50K,305.0
26,Private,177212,HS-grad,9,Married-civ-spouse,Machine-op-inspct,Husband,White,Male,0,0,42,United-States,<=50K,144.0
19,Private,146679,Some-college,10,Never-married,Exec-managerial,Own-child,Black,Male,0,0,30,United-States,<=50K,979.0
37,Self-emp-not-inc,205428,Some-college,10,Married-civ-spouse,Exec-managerial,Wife,White,Female,0,0,15,United-States,<=50K,858.0
37,State-gov,37306,Prof-school,15,Married-civ-spouse,Prof-specialty,Husband,White,Male,0,0,60,United-States,>50K,69.0
39,Self-emp-inc,163434,Some-college,10,Married-civ-spouse,Farming-fishing,Husband,White,Male,0,0,65,United-States,<=50K,914.0
36,Private,116620,HS-grad,9,Never-married,Craft-repair,Own-child,White,Male,0,0,40,United-States,<=50K,480.0
20,Private,39890,Some-college,10,Never-married,Farming-fishing,Not-in-family,White,Female,0,0,40,United-States,<=50K,331.0
76,Self-emp-inc,99328,Bachelors,13,Married-civ-spouse,Farming-fishing,Husband,White,Male,6514,0,40,United-States,>50K,784.0
46,Local-gov,122220,Bachelors,13,Married-civ-spouse,Prof-specialty,Husband,White,Male,0,0,60,United-States,<=50K,525.0
27,Private,56651,HS-grad,9,Married-civ-spouse,Machine-op-inspct,Husband,White,Male,0,0,40,United-States,<=50K,935.0
36,State-gov,287927,9th,5,Married-civ-spouse,Craft-repair,Husband,Black,Male,0,0,40,United-States,<=50K,772.0
28,Private,191118,Assoc-voc,11,Divorced,Prof-specialty,Unmarried,White,Female,0,1726,40,United-States,<=50K,465.0
36,Private,312771,HS-grad,9,Married-civ-spouse,Machine-op-inspct,Husband,Black,Male,0,0,40,Haiti,<=50K,215.0
20,Private,228216,HS-grad,9,Never-married,Machine-op-inspct,Own-child,White,Female,0,0,30,United-States,<=50K,481.0
41,Federal-gov,37306,Some-college,10,Married-civ-spouse,Exec-managerial,Husband,Black,Male,0,0,40,United-States,>50K,779.0
39,Private,224566,HS-grad,9,Married-civ-spouse,Farming-fishing,Husband,White,Male,0,0,24,United-States,<=50K,547.0
41,Private,121718,Assoc-voc,11,Married-civ-spouse,Tech-support,Husband,White,Male,0,1848,48,United-States,>50K,443.0
29,Local-gov,94064,Masters,14,Married-civ-spouse,Prof-specialty,Husband,White,Male,0,0,50,United-States,<=50K,145.0
53,Private,202872,9th,5,Married-spouse-absent,Machine-op-inspct,Unmarried,Black,Male,0,0,75,Haiti,<=50K,476.0
49,Self-emp-not-inc,155862,HS-grad,9,Married-civ-spouse,Farming-fishing,Husband,White,Male,0,0,50,United-States,>50K,65.0
28,Private,110145,9th,5,Married-civ-spouse,Machine-op-inspct,Husband,White,Male,0,0,40,United-States,<=50K,350.0
70,?,163434,HS-grad,9,Widowed,?,Not-in-family,White,Female,2009,0,40,United-States,<=50K,615.0
25,Self-emp-inc,183096,Bachelors,13,Never-married,Sales,Not-in-family,White,Male,0,0,45,United-States,>50K,327.0
39,Private,32650,Assoc-voc,11,Never-married,Farming-fishing,Not-in-family,White,Male,0,0,60,United-States,<=50K,111.0
46,Local-gov,179524,Bachelors,13,Married-civ-spouse,Prof-specialty,Wife,White,Female,0,0,40,United-States,>50K,902.0
47,Local-gov,165726,Some-college,10,Divorced,Transport-moving,Unmarried,White,Male,0,0,40,United-States,<=50K,249.0
61,State-gov,380390,Doctorate,16,Married-civ-spouse,Prof-specialty,Husband,White,Male,0,1902,40,United-States,>50K,789.0
53,Private,150042,HS-grad,9,Never-married,Sales,Not-in-family,White,Male,0,2559,48,United-States,>50K,196.0
48,Self-emp-inc,238966,Some-college,10,Divorced,Exec-managerial,Not-in-family,White,Male,0,0,40,United-States,<=50K,134.0
18,Private,70021,HS-grad,9,Never-married,Handlers-cleaners,Own-child,White,Male,0,0,12,United-States,<=50K,243.0
55,Private,202027,Bachelors,13,Married-civ-spouse,Other-service,Other-relative,Asian-Pac-Islander,Male,0,0,35,Philippines,<=50K,111.0
49,Private,147227,HS-grad,9,Never-married,Craft-repair,Unmarried,White,Female,0,0,40,Puerto-Rico,<=50K,75.0
34,?,181983,HS-grad,9,Divorced,?,Not-in-family,White,Female,0,0,40,United-States,<=50K,688.0
56,Local-gov,277203,Bachelors,13,Married-civ-spouse,Protective-serv,Husband,White,Male,0,0,40,United-States,>50K,597.0
36,Private,191444,HS-grad,9,Married-civ-spouse,Craft-repair,Husband,White,Male,0,0,50,United-States,<=50K,952.0
41,Private,327769,Masters,14,Never-married,Prof-specialty,Not-in-family,Black,Male,0,0,65,United-States,<=50K,583.0
70,?,163057,HS-grad,9,Widowed,?,Not-in-family,White,Female,2009,0,40,United-States,<=50K,329.0
32,Private,220066,Some-college,10,Never-married,Sales,Not-in-family,White,Female,0,0,40,United-States,<=50K,927.0
23,Private,27051,Some-college,10,Never-married,Adm-clerical,Unmarried,Other,Female,0,0,40,United-States,<=50K,552.0
39,Private,273402,Bachelors,13,Married-civ-spouse,Craft-repair,Husband,White,Male,0,0,45,United-States,>50K,9.0
23,Private,380390,Some-college,10,Married-civ-spouse,Adm-clerical,Husband,White,Male,0,0,40,United-States,>50K,394.0
24,Private,279472,Some-college,10,Married-civ-spouse,Machine-op-inspct,Wife,White,Female,7298,0,48,United-States,>50K,317.0
26,Private,38950,Bachelors,13,Never-married,Sales,Not-in-family,White,Female,0,0,45,United-States,<=50K,260.0
35,Private,187119,Some-college,10,Divorced,Exec-managerial,Not-in-family,White,Female,0,0,70,United-States,<=50K,864.0
41,Private,207973,Some-college,10,Never-married,Craft-repair,Not-in-family,Black,Male,0,0,45,United-States,<=50K,866.0
23,State-gov,278155,Bachelors,13,Never-married,Adm-clerical,Own-child,White,Male,0,0,40,United-States,<=50K,828.0
23,Private,53232,Bachelors,13,Never-married,Adm-clerical,Unmarried,Black,Female,0,0,40,United-States,<=50K,903.0
43,Private,184871,5th-6th,3,Married-spouse-absent,Priv-house-serv,Other-relative,White,Female,0,0,40,El-Salvador,<=50K,647.0
46,Private,73296,5th-6th,3,Married-civ-spouse,Other-service,Wife,Asian-Pac-Islander,Female,0,0,40,Philippines,>50K,743.0
40,Private,114537,Assoc-voc,11,Married-civ-spouse,Exec-managerial,Husband,White,Male,0,0,50,United-States,>50K,177.0
53,Private,170456,Bachelors,13,Divorced,Adm-clerical,Unmarried,White,Female,0,0,40,United-States,<=50K,352.0
35,Private,287658,Assoc-acdm,12,Never-married,Transport-moving,Not-in-family,Black,Male,0,0,30,Jamaica,<=50K,591.0
39,Private,236391,HS-grad,9,Married-civ-spouse,Transport-moving,Husband,White,Male,0,0,50,United-States,>50K,95.0
56,Self-emp-not-inc,254949,HS-grad,9,Married-civ-spouse,Sales,Husband,White,Male,0,0,20,United-States,<=50K,392.0
24,Private,279173,Some-college,10,Married-civ-spouse,Machine-op-inspct,Wife,White,Female,7298,0,48,United-States,>50K,550.0
49,?,114537,12th,8,Divorced,?,Other-relative,Black,Male,0,0,40,United-States,<=50K,672.0
30,Local-gov,180985,Bachelors,13,Married-civ-spouse,Protective-serv,Husband,White,Male,0,0,40,United-States,<=50K,226.0
29,Private,369114,HS-grad,9,Divorced,Adm-clerical,Not-in-family,White,Female,0,0,40,United-States,<=50K,443.0
56,Private,136413,1st-4th,2,Married-civ-spouse,Craft-repair,Husband,White,Male,0,0,40,United-States,<=50K,898.0
47,Private,38905,HS-grad,9,Married-civ-spouse,Transport-moving,Husband,White,Male,0,0,35,United-States,<=50K,202.0
26,Private,38950,Bachelors,13,Never-married,Sales,Not-in-family,White,Female,0,0,45,United-States,<=50K,718.0
35,Private,183898,HS-grad,9,Divorced,Craft-repair,Unmarried,White,Male,2176,0,40,United-States,<=50K,444.0
49,Self-emp-inc,196912,Bachelors,13,Married-civ-spouse,Exec-managerial,Husband,White,Male,0,0,50,United-States,>50K,845.0
23,Private,270379,Some-college,10,Never-married,Adm-clerical,Unmarried,Other,Female,0,0,40,United-States,<=50K,411.0
31,Private,168526,Bachelors,13,Married-civ-spouse,Prof-specialty,Husband,White,Male,7688,0,40,Canada,>50K,10.0
21,Private,27939,Some-college,10,Never-married,Sales,Not-in-family,White,Female,0,0,55,United-States,<=50K,247.0
49,Self-emp-not-inc,338432,Masters,14,Married-civ-spouse,Exec-managerial,Husband,White,Male,5178,0,40,United-States,>50K,967.0
56,Self-emp-not-inc,254711,HS-grad,9,Married-civ-spouse,Sales,Husband,White,Male,0,0,20,United-States,<=50K,401.0
25,Private,164488,Bachelors,13,Never-married,Tech-support,Not-in-family,White,Male,0,0,40,United-States,<=50K,469.0
41,Private,149210,Bachelors,13,Married-civ-spouse,Exec-managerial,Husband,White,Male,0,0,60,United-States,>50K,866.0
52,Private,245090,10th,6,Married-civ-spouse,Other-service,Wife,White,Female,0,0,35,United-States,<=50K,287.0
22,Self-emp-not-inc,199011,HS-grad,9,Never-married,Craft-repair,Other-relative,White,Male,0,0,20,United-States,<=50K,821.0
39,Private,181388,Bachelors,13,Divorced,Exec-managerial,Not-in-family,White,Male,0,0,55,United-States,<=50K,343.0
32,Private,185820,Bachelors,13,Never-married,Prof-specialty,Not-in-family,Black,Female,0,0,40,United-States,<=50K,804.0
56,Self-emp-not-inc,163057,5th-6th,3,Married-civ-spouse,Exec-managerial,Husband,White,Male,0,1887,67,United-States,>50K,6.0
37,Private,53373,Prof-school,15,Never-married,Prof-specialty,Not-in-family,Asian-Pac-Islander,Female,0,0,55,United-States,>50K,928.0
32,State-gov,181388,Bachelors,13,Separated,Prof-specialty,Not-in-family,White,Female,0,0,40,United-States,<=50K,247.0
28,Private,61308,Bachelors,13,Never-married,Exec-managerial,Own-child,White,Female,0,0,45,United-States,<=50K,334.0
56,Self-emp-not-inc,161510,5th-6th,3,Married-civ-spouse,Exec-managerial,Husband,White,Male,0,1887,67,United-States,>50K,643.0
25,Private,237943,HS-grad,9,Separated,Craft-repair,Own-child,White,Male,0,0,40,Mexico,<=50K,33.0
20,Private,39890,Some-college,10,Never-married,Farming-fishing,Not-in-family,White,Female,0,0,40,United-States,<=50K,428.0
28,Private,27385,10th,6,Married-civ-spouse,Transport-moving,Husband,White,Male,0,0,40,United-States,<=50K,418.0
29,Federal-gov,157443,Assoc-voc,11,Never-married,Prof-specialty,Not-in-family,White,Female,0,0,40,United-States,<=50K,169.0
32,State-gov,181091,Bachelors,13,Separated,Prof-specialty,Not-in-family,White,Female,0,0,40,United-States,<=50K,978.0
37,Private,214542,HS-grad,9,Married-civ-spouse,Other-service,Husband,White,Male,0,0,40,United-States,<=50K,150.0
50,Local-gov,283510,HS-grad,9,Married-civ-spouse,Machine-op-inspct,Husband,White,Male,4386,0,48,United-States,>50K,531.0
52,Private,158993,HS-grad,9,Divorced,Other-service,Other-relative,Black,Female,0,0,38,United-States,<=50K,560.0
31,Private,38353,Some-college,10,Never-married,Adm-clerical,Not-in-family,Black,Female,0,0,36,Jamaica,<=50K,978.0
40,Private,193689,HS-grad,9,Married-civ-spouse,Exec-managerial,Husband,White,Male,0,0,45,United-States,>50K,291.0
21,Private,294789,Some-college,10,Never-married,Other-service,Not-in-family,White,Female,0,0,25,United-States,<=50K,282.0
35,Private,194901,Some-college,10,Married-civ-spouse,Tech-support,Husband,White,Male,0,0,40,United-States,<=50K,379.0
33,Private,263561,Some-college,10,Married-civ-spouse,Craft-repair,Husband,White,Male,0,0,60,United-States,>50K,639.0
47,Private,147322,HS-grad,9,Married-civ-spouse,Machine-op-inspct,Wife,White,Female,0,0,40,Columbia,<=50K,591.0
21,Self-emp-not-inc,409230,Some-college,10,Never-married,Adm-clerical,Own-child,White,Male,0,0,30,United-States,<=50K,449.0
38,Private,91842,Some-college,10,Married-civ-spouse,Craft-repair,Husband,White,Male,0,0,41,United-States,<=50K,157.0
48,Local-gov,272669,7th-8th,4,Married-civ-spouse,Transport-moving,Husband,White,Male,0,1902,40,United-States,<=50K,707.0
40,Private,155862,HS-grad,9,Married-civ-spouse,Transport-moving,Husband,White,Male,0,0,60,United-States,>50K,682.0
32,State-gov,181388,Bachelors,13,Separated,Prof-specialty,Not-in-family,White,Female,0,0,40,United-States,<=50K,556.0
39,Private,108140,Masters,14,Married-civ-spouse,Exec-managerial,Husband,White,Male,0,0,50,United-States,>50K,970.0
45,Private,462440,HS-grad,9,Divorced,Adm-clerical,Not-in-family,White,Female,0,0,28,United-States,<=50K,424.0
54,Private,417419,1st-4th,2,Married-civ-spouse,Other-service,Husband,White,Male,0,0,40,Mexico,<=50K,147.0
28,Private,253770,Bachelors,13,Married-civ-spouse,Prof-specialty,Husband,White,Male,0,0,50,United-States,<=50K,763.0
53,Private,272950,HS-grad,9,Divorced,Adm-clerical,Not-in-family,White,Female,0,0,40,United-States,<=50K,782.0
40,Private,149210,HS-grad,9,Married-civ-spouse,Craft-repair,Husband,White,Male,0,0,40,United-States,<=50K,486.0
25,Self-emp-not-inc,210164,Bachelors,13,Never-married,Prof-specialty,Own-child,White,Male,0,0,30,United-States,<=50K,349.0
67,Self-emp-not-inc,106316,Doctorate,16,Married-civ-spouse,Sales,Husband,White,Male,20051,0,40,United-States,>50K,658.0
48,Private,130397,HS-grad,9,Widowed,Adm-clerical,Unmarried,White,Female,0,0,40,United-States,<=50K,939.0
53,Federal-gov,177484,Some-college,10,Never-married,Prof-specialty,Unmarried,White,Female,0,0,40,United-States,<=50K,13.0
25,Private,130532,10th,6,Never-married,Farming-fishing,Unmarried,Amer-Indian-Eskimo,Male,0,0,40,United-States,<=50K,62.0
21,Private,29488,Some-college,10,Never-married,Other-service,Not-in-family,White,Female,0,0,25,United-States,<=50K,727.0
37,Private,170563,Assoc-voc,11,Separated,Prof-specialty,Unmarried,White,Female,0,0,32,United-States,<=50K,719.0
27,Private,176270,Assoc-voc,11,Never-married,Craft-repair,Not-in-family,White,Male,0,0,40,United-States,<=50K,111.0
28,Private,51461,Masters,14,Married-civ-spouse,Prof-specialty,Husband,White,Male,0,0,60,United-States,<=50K,674.0
39,Private,97771,Assoc-voc,11,Married-civ-spouse,Exec-managerial,Husband,White,Male,0,0,45,United-States,<=50K,155.0
53,Private,141058,HS-grad,9,Married-civ-spouse,Transport-moving,Husband,White,Male,0,0,40,United-States,>50K,404.0
43,Private,303426,HS-grad,9,Divorced,Other-service,Unmarried,Asian-Pac-Islander,Male,5721,0,40,Philippines,<=50K,754.0
35,Private,185042,Bachelors,13,Married-civ-spouse,Prof-specialty,Husband,White,Male,0,0,50,United-States,>50K,450.0
27,State-gov,383300,Masters,14,Never-married,Prof-specialty,Not-in-family,White,Male,0,0,40,United-States,<=50K,261.0
41,Self-emp-inc,147258,Bachelors,13,Married-civ-spouse,Exec-managerial,Husband,White,Male,0,0,35,United-States,>50K,511.0
37,Private,165034,HS-grad,9,Married-civ-spouse,Handlers-cleaners,Husband,White,Male,0,2002,40,United-States,<=50K,408.0
22,?,243666,Some-college,10,Never-married,?,Own-child,Asian-Pac-Islander,Male,0,0,40,China,<=50K,408.0
24,State-gov,32426,Some-college,10,Never-married,Other-service,Not-in-family,White,Male,0,0,40,United-States,<=50K,430.0
70,Private,211129,10th,6,Widowed,Adm-clerical,Other-relative,White,Male,0,0,20,United-States,<=50K,707.0
30,Local-gov,260953,7th-8th,4,Married-civ-spouse,Transport-moving,Husband,White,Male,0,0,40,United-States,<=50K,479.0
57,Private,142444,Masters,14,Married-civ-spouse,Exec-managerial,Husband,Black,Male,0,1977,40,United-States,>50K,887.0
44,Private,323069,Bachelors,13,Never-married,Exec-managerial,Not-in-family,White,Female,0,0,5,United-States,<=50K,451.0
67,Self-emp-not-inc,106143,Doctorate,16,Married-civ-spouse,Sales,Husband,White,Male,20051,0,40,United-States,>50K,141.0
26,Private,132572,Bachelors,13,Never-married,Adm-clerical,Own-child,Black,Female,0,0,40,United-States,<=50K,458.0
26,Private,300497,11th,7,Divorced,Adm-clerical,Own-child,White,Female,0,0,40,United-States,<=50K,216.0
22,Private,189194,Some-college,10,Never-married,Tech-support,Own-child,White,Male,0,0,40,United-States,<=50K,40.0
57,Self-emp-not-inc,353994,HS-grad,9,Married-civ-spouse,Farming-fishing,Husband,White,Male,0,0,60,United-States,>50K,409.0
34,Local-gov,188729,Bachelors,13,Married-spouse-absent,Prof-specialty,Not-in-family,White,Female,0,0,40,United-States,<=50K,800.0
19,Private,67187,HS-grad,9,Never-married,Machine-op-inspct,Own-child,White,Male,0,0,43,United-States,<=50K,360.0
56,Private,134195,Masters,14,Never-married,Sales,Not-in-family,White,Male,0,0,50,United-States,<=50K,759.0
44,Private,889965,HS-grad,9,Married-civ-spouse,Handlers-cleaners,Wife,White,Female,3137,0,30,United-States,<=50K,629.0
39,Private,160724,9th,5,Divorced,Other-service,Unmarried,White,Female,0,0,40,United-States,<=50K,302.0
45,Federal-gov,171095,HS-grad,9,Divorced,Tech-support,Not-in-family,White,Female,4865,0,40,United-States,<=50K,681.0
60,?,131852,5th-6th,3,Married-civ-spouse,?,Husband,White,Male,0,0,30,United-States,>50K,176.0
63,State-gov,89508,Prof-school,15,Married-civ-spouse,Prof-specialty,Husband,White,Male,0,0,40,United-States,>50K,763.0
47,Private,223669,HS-grad,9,Widowed,Adm-clerical,Not-in-family,White,Female,2009,0,40,England,<=50K,258.0
33,Private,229939,Bachelors,13,Never-married,Sales,Not-in-family,White,Male,0,0,45,United-States,>50K,898.0
57,Self-emp-not-inc,221172,Some-college,10,Married-civ-spouse,Exec-managerial,Wife,White,Female,0,0,60,United-States,<=50K,175.0
37,Private,170701,Assoc-voc,11,Separated,Prof-specialty,Unmarried,White,Female,0,0,32,United-States,<=50K,205.0
30,Private,103435,HS-grad,9,Divorced,Machine-op-inspct,Unmarried,White,Male,0,0,40,United-States,<=50K,160.0
51,Private,226525,Some-college,10,Married-civ-spouse,Sales,Husband,White,Male,0,0,40,United-States,>50K,3.0
35,Private,184378,Bachelors,13,Married-civ-spouse,Prof-specialty,Husband,White,Male,0,0,50,United-States,>50K,750.0
26,Private,202027,HS-grad,9,Never-married,Adm-clerical,Not-in-family,White,Female,0,0,40,United-States,<=50K,165.0
46,Private,55720,Masters,14,Married-civ-spouse,Exec-managerial,Husband,White,Male,0,0,45,United-States,>50K,846.0
59,State-gov,349910,Bachelors,13,Married-civ-spouse,Exec-managerial,Husband,White,Male,10605,0,50,United-States,>50K,583.0
47,Private,262244,Bachelors,13,Never-married,Sales,Not-in-family,Black,Male,0,0,60,United-States,>50K,491.0
37,Self-emp-inc,116620,Masters,14,Divorced,Exec-managerial,Not-in-family,White,Female,0,0,70,United-States,<=50K,986.0
34,Private,87561,Masters,14,Married-civ-spouse,Exec-managerial,Husband,White,Male,0,1887,50,United-States,>50K,145.0
49,Self-emp-inc,141058,Some-college,10,Divorced,Exec-managerial,Not-in-family,White,Male,0,2339,50,United-States,<=50K,714.0
57,Private,417419,Some-college,10,Divorced,Tech-support,Not-in-family,Black,Female,0,0,40,United-States,<=50K,636.0
32,Private,178835,Assoc-acdm,12,Never-married,Sales,Not-in-family,Black,Female,0,0,46,Trinadad&Tobago,<=50K,101.0
20,Private,256636,Some-college,10,Never-married,Sales,Own-child,White,Female,0,0,6,United-States,<=50K,522.0
63,Self-emp-inc,164526,HS-grad,9,Married-civ-spouse,Exec-managerial,Husband,White,Male,0,0,40,United-States,<=50K,447.0
22,Private,258509,HS-grad,9,Never-married,Transport-moving,Own-child,Black,Male,0,0,24,United-States,<=50K,801.0
27,Private,259929,Bachelors,13,Never-married,Exec-managerial,Not-in-family,White,Female,0,0,40,United-States,<=50K,405.0
37,Private,53232,Prof-school,15,Never-married,Prof-specialty,Not-in-family,Asian-Pac-Islander,Female,0,0,55,United-States,>50K,267.0
55,Private,92215,HS-grad,9,Divorced,Adm-clerical,Not-in-family,White,Female,0,0,40,United-States,<=50K,635.0
53,Local-gov,218015,Doctorate,16,Divorced,Prof-specialty,Not-in-family,White,Female,10520,0,40,United-States,>50K,976.0
35,Private,132853,Some-college,10,Married-civ-spouse,Tech-support,Husband,White,Male,0,0,40,United-States,>50K,150.0
70,Self-emp-not-inc,150886,Some-college,10,Married-civ-spouse,Craft-repair,Husband,White,Male,0,0,25,United-States,<=50K,316.0
55,Private,139834,Bachelors,13,Married-civ-spouse,Prof-specialty,Husband,White,Male,0,0,40,United-States,>50K,849.0
59,Local-gov,130532,Some-college,10,Widowed,Other-service,Not-in-family,White,Female,0,0,40,Poland,<=50K,884.0
25,Private,236977,HS-grad,9,Separated,Craft-repair,Own-child,White,Male,0,0,40,Mexico,<=50K,282.0
25,Self-emp-not-inc,210164,Bachelors,13,Never-married,Prof-specialty,Own-child,White,Male,0,0,30,United-States,<=50K,120.0
39,Private,160916,9th,5,Divorced,Other-service,Unmarried,White,Female,0,0,40,United-States,<=50K,249.0
24,Private,199495,Some-college,10,Never-married,Other-service,Own-child,White,Male,0,0,30,United-States,<=50K,661.0
68,Self-emp-not-inc,191754,Some-college,10,Widowed,Adm-clerical,Not-in-family,White,Male,0,0,40,United-States,<=50K,499.0
32,Federal-gov,83413,Bachelors,13,Married-civ-spouse,Adm-clerical,Husband,White,Male,0,0,35,United-States,>50K,250.0
23,Private,51362,HS-grad,9,Never-married,Transport-moving,Not-in-family,White,Male,0,0,38,United-States,<=50K,702.0
36,Private,312771,HS-grad,9,Married-civ-spouse,Machine-op-inspct,Husband,Black,Male,0,0,40,Haiti,<=50K,543.0
58,Self-emp-not-inc,193689,HS-grad,9,Divorced,Machine-op-inspct,Unmarried,White,Male,0,0,20,United-States,<=50K,461.0
32,Local-gov,199539,Some-college,10,Married-civ-spouse,Protective-serv,Husband,White,Male,0,0,40,United-States,>50K,334.0
65,?,37210,7th-8th,4,Married-civ-spouse,?,Husband,White,Male,0,0,20,United-States,<=50K,168.0
29,Private,183668,Assoc-voc,11,Married-civ-spouse,Machine-op-inspct,Husband,White,Male,0,0,40,United-States,<=50K,419.0
52,Self-emp-inc,179951,Prof-school,15,Married-civ-spouse,Exec-managerial,Husband,White,Male,0,0,40,United-States,<=50K,968.0
33,Private,277203,HS-grad,9,Married-civ-spouse,Prof-specialty,Husband,White,Male,0,0,60,United-States,<=50K,533.0
48,Private,172695,Assoc-voc,11,Divorced,Other-service,Own-child,White,Female,0,0,40,United-States,<=50K,77.0
45,Local-gov,140237,Bachelors,13,Divorced,Protective-serv,Not-in-family,White,Male,0,0,40,United-States,>50K,275.0
23,Private,553405,Bachelors,13,Never-married,Protective-serv,Not-in-family,White,Female,2907,0,40,United-States,<=50K,183.0
49,Local-gov,120461,Bachelors,13,Married-civ-spouse,Prof-specialty,Wife,White,Female,7688,0,30,United-States,>50K,362.0
35,Private,184046,HS-grad,9,Divorced,Craft-repair,Unmarried,White,Male,2354,0,40,United-States,<=50K,635.0
63,Self-emp-not-inc,28612,HS-grad,9,Widowed,Sales,Not-in-family,White,Male,0,0,70,United-States,<=50K,884.0
33,Private,205359,Some-college,10,Married-civ-spouse,Exec-managerial,Husband,White,Male,0,0,40,United-States,>50K,452.0
57,State-gov,256636,HS-grad,9,Married-civ-spouse,Exec-managerial,Husband,White,Male,0,0,40,United-States,>50K,764.0
22,Private,214378,HS-grad,9,Never-married,Other-service,Own-child,White,Female,0,0,40,Germany,<=50K,666.0
40,Self-emp-inc,143046,Bachelors,13,Never-married,Prof-specialty,Not-in-family,White,Female,0,0,45,United-States,<=50K,960.0
53,Private,195813,5th-6th,3,Married-civ-spouse,Craft-repair,Husband,Other,Male,5178,0,40,Puerto-Rico,>50K,251.0
44,Private,110355,Bachelors,13,Married-civ-spouse,Exec-managerial,Husband,White,Male,0,0,40,United-States,>50K,957.0
23,Self-emp-not-inc,191283,HS-grad,9,Never-married,Transport-moving,Own-child,White,Male,0,0,40,United-States,<=50K,388.0
61,Private,159879,7th-8th,4,Married-civ-spouse,Craft-repair,Husband,White,Male,7688,0,40,Poland,>50K,397.0
55,Private,202558,Bachelors,13,Never-married,Exec-managerial,Not-in-family,White,Female,0,0,35,United-States,<=50K,615.0
50,Private,129777,Bachelors,13,Divorced,Exec-managerial,Not-in-family,White,Female,0,0,50,United-States,>50K,21.0
39,Private,355856,HS-grad,9,Married-civ-spouse,Craft-repair,Husband,White,Male,0,0,40,United-States,<=50K,7.0
64,Private,249456,Bachelors,13,Married-civ-spouse,Protective-serv,Husband,White,Male,0,1902,50,United-States,>50K,901.0
84,Self-emp-inc,173090,Some-college,10,Married-civ-spouse,Sales,Husband,White,Male,0,0,35,United-States,>50K,921.0
27,Private,176972,Assoc-voc,11,Never-married,Craft-repair,Not-in-family,White,Male,0,0,40,United-States,<=50K,488.0
37,Private,351141,HS-grad,9,Divorced,Craft-repair,Not-in-family,White,Male,0,1669,55,United-States,<=50K,61.0
52,Self-emp-inc,28612,HS-grad,9,Married-civ-spouse,Exec-managerial,Wife,White,Female,15024,0,40,United-States,>50K,44.0
31,Private,204788,12th,8,Never-married,Sales,Own-child,White,Male,0,0,32,United-States,<=50K,109.0
30,Private,323069,HS-grad,9,Never-married,Adm-clerical,Not-in-family,White,Female,0,0,30,United-States,<=50K,851.0
18,Private,211097,11th,7,Never-married,Other-service,Own-child,White,Male,0,0,15,United-States,<=50K,904.0
21,Private,330263,11th,7,Married-civ-spouse,Craft-repair,Husband,White,Male,0,0,40,Mexico,<=50K,397.0
44,Private,111483,HS-grad,9,Never-married,Adm-clerical,Own-child,White,Male,0,1504,50,United-States,<=50K,425.0
27,State-gov,38353,Masters,14,Never-married,Prof-specialty,Not-in-family,White,Male,0,0,40,United-States,<=50K,484.0
40,Federal-gov,162130,Bachelors,13,Never-married,Prof-specialty,Not-in-family,White,Female,0,0,40,?,<=50K,39.0
39,Self-emp-inc,339442,HS-grad,9,Married-civ-spouse,Craft-repair,Husband,White,Male,0,0,50,United-States,<=50K,278.0
17,Private,272669,11th,7,Never-married,Adm-clerical,Own-child,White,Female,0,0,7,United-States,<=50K,260.0
36,Private,220786,HS-grad,9,Divorced,Machine-op-inspct,Not-in-family,White,Male,0,0,40,United-States,<=50K,339.0
38,Private,188236,Prof-school,15,Married-civ-spouse,Prof-specialty,Husband,White,Male,0,2415,90,United-States,>50K,559.0
31,Private,196232,11th,7,Married-civ-spouse,Craft-repair,Husband,White,Male,0,0,40,United-States,<=50K,11.0
22,Private,216256,HS-grad,9,Never-married,Other-service,Own-child,White,Female,0,0,40,Germany,<=50K,955.0
35,Private,194591,Some-college,10,Married-civ-spouse,Tech-support,Husband,White,Male,0,0,40,United-States,<=50K,627.0
19,Private,240979,Some-college,10,Married-spouse-absent,Sales,Own-child,White,Female,0,1602,40,United-States,<=50K,586.0
55,Private,132887,HS-grad,9,Married-civ-spouse,Transport-moving,Husband,Black,Male,3411,0,40,Jamaica,<=50K,159.0
55,Private,177484,11th,7,Married-civ-spouse,Other-service,Husband,Black,Male,0,1672,40,United-States,<=50K,552.0
59,Private,177484,9th,5,Married-civ-spouse,Other-service,Husband,White,Male,0,0,40,United-States,<=50K,671.0
40,Private,202872,Assoc-acdm,12,Never-married,Adm-clerical,Own-child,White,Female,0,0,45,United-States,<=50K,562.0
49,?,114537,12th,8,Divorced,?,Other-relative,Black,Male,0,0,40,United-States,<=50K,159.0
58,Private,132704,Bachelors,13,Divorced,Adm-clerical,Not-in-family,White,Male,3137,0,40,United-States,<=50K,677.0
38,Private,143078,HS-grad,9,Never-married,Machine-op-inspct,Not-in-family,White,Female,0,0,40,United-States,<=50K,810.0
23,Private,45834,Bachelors,13,Never-married,Exec-managerial,Not-in-family,White,Female,0,0,50,United-States,<=50K,599.0
40,Private,19752,Bachelors,13,Never-married,Adm-clerical,Unmarried,Black,Female,2977,0,40,United-States,<=50K,116.0
39,Private,229939,Bachelors,13,Never-married,Sales,Own-child,White,Male,0,1092,40,Germany,<=50K,924.0
32,Private,178100,HS-grad,9,Never-married,Adm-clerical,Not-in-family,White,Male,0,0,40,United-States,<=50K,539.0
20,Private,256636,Some-college,10,Never-married,Sales,Own-child,White,Female,0,0,6,United-States,<=50K,339.0
62,Federal-gov,159165,HS-grad,9,Widowed,Exec-managerial,Not-in-family,White,Female,0,0,36,United-States,<=50K,345.0
34,Private,181119,HS-grad,9,Divorced,Adm-clerical,Not-in-family,White,Female,0,0,40,United-States,<=50K,897.0
43,Private,346189,Some-college,10,Married-civ-spouse,Prof-specialty,Husband,White,Male,0,0,40,United-States,>50K,878.0
38,Private,89559,Some-college,10,Separated,Prof-specialty,Unmarried,White,Female,0,0,40,Germany,<=50K,315.0
26,Private,172063,Some-college,10,Never-married,Sales,Own-child,White,Female,0,0,24,United-States,<=50K,847.0
26,Local-gov,197923,Bachelors,13,Never-married,Prof-specialty,Not-in-family,White,Female,0,0,40,United-States,<=50K,777.0
21,?,262244,HS-grad,9,Never-married,?,Other-relative,White,Male,0,0,40,United-States,<=50K,117.0
58,Private,78141,HS-grad,9,Married-civ-spouse,Craft-repair,Husband,White,Male,0,0,40,United-States,>50K,545.0
39,?,158352,Masters,14,Married-civ-spouse,?,Wife,Asian-Pac-Islander,Female,3464,0,40,?,<=50K,391.0
82,?,405713,HS-grad,9,Never-married,?,Not-in-family,White,Male,0,0,3,United-States,<=50K,987.0
38,Private,351141,HS-grad,9,Married-civ-spouse,Craft-repair,Husband,White,Male,0,0,40,United-States,<=50K,704.0
37,Private,229732,HS-grad,9,Married-civ-spouse,Machine-op-inspct,Husband,White,Male,0,0,40,United-States,<=50K,742.0
34,Private,180985,HS-grad,9,Divorced,Adm-clerical,Not-in-family,White,Female,0,0,40,United-States,<=50K,662.0
23,Private,377017,Bachelors,13,Never-married,Adm-clerical,Not-in-family,White,Male,0,0,40,United-States,<=50K,487.0
45,Private,175526,HS-grad,9,Separated,Adm-clerical,Unmarried,White,Female,0,0,38,United-States,<=50K,236.0
48,Self-emp-not-inc,208915,HS-grad,9,Married-civ-spouse,Transport-moving,Husband,White,Male,0,0,60,United-States,<=50K,555.0
34,Private,152968,12th,8,Married-civ-spouse,Craft-repair,Husband,White,Male,0,0,40,Guatemala,<=50K,826.0
29,Private,188729,Bachelors,13,Never-married,Adm-clerical,Not-in-family,White,Female,0,0,45,United-States,<=50K,467.0
41,Private,328013,Masters,14,Never-married,Prof-specialty,Not-in-family,Black,Male,0,0,65,United-States,<=50K,122.0
69,?,47425,Bachelors,13,Married-civ-spouse,?,Husband,White,Male,0,0,20,United-States,<=50K,344.0
39,Private,305874,HS-grad,9,Married-civ-spouse,Craft-repair,Husband,White,Male,0,0,40,United-States,<=50K,901.0
35,Private,184046,HS-grad,9,Divorced,Craft-repair,Unmarried,White,Male,2354,0,40,United-States,<=50K,267.0
33,Private,53232,10th,6,Never-married,Other-service,Unmarried,White,Male,0,0,40,United-States,<=50K,928.0
44,Private,231826,HS-grad,9,Never-married,Exec-managerial,Not-in-family,White,Female,0,0,52,United-States,<=50K,284.0
57,Private,113974,HS-grad,9,Divorced,Adm-clerical,Unmarried,White,Female,0,0,40,United-States,<=50K,521.0
37,Private,53232,Prof-school,15,Never-married,Prof-specialty,Not-in-family,Asian-Pac-Islander,Female,0,0,55,United-States,>50K,101.0
33,?,190483,HS-grad,9,Never-married,?,Unmarried,Black,Female,0,0,20,United-States,<=50K,152.0
28,Private,102142,Some-college,10,Never-married,Tech-support,Not-in-family,White,Male,0,0,40,United-States,<=50K,229.0
40,Private,163434,HS-grad,9,Never-married,Craft-repair,Not-in-family,White,Male,0,0,50,United-States,<=50K,313.0
20,State-gov,42596,Some-college,10,Never-married,Handlers-cleaners,Not-in-family,White,Male,0,0,15,United-States,<=50K,874.0
41,Private,206129,Some-college,10,Never-married,Craft-repair,Not-in-family,Black,Male,0,0,45,United-States,<=50K,260.0
27,Private,258509,Bachelors,13,Never-married,Exec-managerial,Not-in-family,White,Female,0,0,40,United-States,<=50K,591.0
55,Private,138692,Bachelors,13,Married-civ-spouse,Prof-specialty,Husband,White,Male,0,0,40,United-States,>50K,894.0
49,Private,192258,HS-grad,9,Married-civ-spouse,Craft-repair,Husband,White,Male,0,0,40,United-States,>50K,867.0
59,Local-gov,130397,Bachelors,13,Divorced,Adm-clerical,Not-in-family,White,Female,0,0,45,United-States,<=50K,984.0
36,Private,29814,HS-grad,9,Never-married,Transport-moving,Other-relative,White,Male,0,0,50,United-States,<=50K,537.0
35,Private,187052,Some-college,10,Divorced,Exec-managerial,Not-in-family,White,Female,0,0,70,United-States,<=50K,863.0
40,Private,206066,HS-grad,9,Married-civ-spouse,Craft-repair,Husband,White,Male,0,0,50,United-States,<=50K,358.0
23,Private,55674,Bachelors,13,Never-married,Protective-serv,Not-in-family,White,Female,2977,0,40,United-States,<=50K,882.0
31,Federal-gov,349910,HS-grad,9,Married-civ-spouse,Tech-support,Husband,White,Male,0,0,40,United-States,<=50K,849.0
57,Self-emp-not-inc,355856,HS-grad,9,Married-civ-spouse,Farming-fishing,Husband,White,Male,0,0,60,United-States,>50K,428.0
39,Private,108140,Masters,14,Married-civ-spouse,Exec-managerial,Husband,White,Male,0,0,50,United-States,>50K,889.0
20,Private,369114,Some-college,10,Never-married,Adm-clerical,Own-child,White,Female,0,0,35,United-States,<=50K,722.0
69,?,488459,Bachelors,13,Married-civ-spouse,?,Husband,White,Male,0,0,20,United-States,<=50K,77.0
39,Private,182117,Doctorate,16,Divorced,Exec-managerial,Not-in-family,White,Female,0,2559,60,England,>50K,773.0
28,Private,348059,Bachelors,13,Never-married,Exec-managerial,Not-in-family,Black,Male,2174,0,50,United-States,<=50K,855.0
70,Self-emp-not-inc,150917,Some-college,10,Married-civ-spouse,Craft-repair,Husband,White,Male,0,0,25,United-States,<=50K,82.0
72,Self-emp-not-inc,47425,HS-grad,9,Married-civ-spouse,Sales,Husband,White,Male,0,0,30,United-States,<=50K,307.0
38,Private,29814,HS-grad,9,Divorced,Adm-clerical,Own-child,White,Female,0,0,40,United-States,<=50K,673.0
35,Private,249727,Bachelors,13,Never-married,Adm-clerical,Own-child,Black,Female,0,0,40,United-States,<=50K,781.0
49,Self-emp-inc,196912,Bachelors,13,Married-civ-spouse,Exec-managerial,Husband,White,Male,0,0,50,United-States,>50K,463.0
29,Private,183404,Assoc-voc,11,Married-civ-spouse,Machine-op-inspct,Husband,White,Male,0,0,40,United-States,<=50K,403.0
45,Local-gov,371886,Bachelors,13,Married-civ-spouse,Prof-specialty,Husband,White,Male,0,0,45,United-States,>50K,813.0
56,Self-emp-not-inc,160724,5th-6th,3,Married-civ-spouse,Exec-managerial,Husband,White,Male,0,1887,67,United-States,>50K,842.0
35,Private,236769,HS-grad,9,Married-civ-spouse,Handlers-cleaners,Husband,White,Male,0,0,60,United-States,<=50K,783.0
36,Private,269015,Bachelors,13,Married-civ-spouse,Exec-managerial,Husband,White,Male,0,0,55,United-States,>50K,90.0
24,Local-gov,117023,Bachelors,13,Never-married,Prof-specialty,Own-child,White,Female,0,0,40,United-States,<=50K,528.0
29,Private,362883,HS-grad,9,Divorced,Adm-clerical,Not-in-family,White,Female,0,0,40,United-States,<=50K,656.0
22,?,219745,Some-college,10,Never-married,?,Own-child,Black,Male,0,0,40,United-States,<=50K,40.0
25,Self-emp-not-inc,210474,Bachelors,13,Never-married,Prof-specialty,Own-child,White,Male,0,0,30,United-States,<=50K,717.0
27,Private,330132,Bachelors,13,Married-civ-spouse,Tech-support,Wife,White,Female,0,0,40,United-States,>50K,722.0
40,Private,68330,Bachelors,13,Married-civ-spouse,Farming-fishing,Husband,White,Male,0,0,40,United-States,<=50K,153.0
34,Private,405713,Some-college,10,Divorced,Machine-op-inspct,Not-in-family,White,Female,0,0,40,United-States,<=50K,532.0
22,Private,40052,Bachelors,13,Never-married,Exec-managerial,Not-in-family,White,Male,0,0,40,United-States,<=50K,593.0
82,?,405713,HS-grad,9,Never-married,?,Not-in-family,White,Male,0,0,3,United-States,<=50K,796.0
36,Private,308493,HS-grad,9,Married-civ-spouse,Machine-op-inspct,Husband,Black,Male,0,0,40,Haiti,<=50K,301.0
53,Local-gov,135607,HS-grad,9,Married-civ-spouse,Other-service,Husband,White,Male,0,2002,45,United-States,<=50K,660.0
68,Self-emp-inc,140644,HS-grad,9,Married-civ-spouse,Sales,Husband,White,Male,0,0,40,United-States,<=50K,72.0
32,Private,355856,Bachelors,13,Married-civ-spouse,Exec-managerial,Other-relative,Asian-Pac-Islander,Female,0,0,40,China,>50K,728.0
50,Private,185820,HS-grad,9,Married-civ-spouse,Transport-moving,Husband,White,Male,3103,0,40,United-States,>50K,777.0
38,Private,91857,Some-college,10,Married-civ-spouse,Craft-repair,Husband,White,Male,0,0,41,United-States,<=50K,739.0
43,Private,191118,HS-grad,9,Divorced,Other-service,Not-in-family,White,Male,0,0,40,United-States,<=50K,843.0
31,Private,195409,HS-grad,9,Married-civ-spouse,Sales,Husband,White,Male,0,0,50,United-States,>50K,953.0
21,Private,197050,Some-college,10,Never-married,Other-service,Own-child,White,Female,0,0,35,United-States,<=50K,14.0
38,Self-emp-not-inc,204734,5th-6th,3,Never-married,Transport-moving,Not-in-family,White,Male,0,0,40,United-States,<=50K,422.0
69,?,488459,Bachelors,13,Married-civ-spouse,?,Husband,White,Male,0,0,20,United-States,<=50K,712.0
31,Private,280169,Some-college,10,Married-civ-spouse,Handlers-cleaners,Husband,White,Male,0,0,45,United-States,<=50K,79.0
56,Private,135102,HS-grad,9,Never-married,Other-service,Not-in-family,Black,Female,0,0,40,United-States,<=50K,797.0
38,Private,187119,HS-grad,9,Married-civ-spouse,Craft-repair,Husband,White,Male,0,0,54,United-States,<=50K,986.0
31,Private,87891,Some-college,10,Married-civ-spouse,Adm-clerical,Husband,White,Male,0,0,40,United-States,<=50K,387.0
22,Private,259929,HS-grad,9,Never-married,Transport-moving,Own-child,Black,Male,0,0,24,United-States,<=50K,351.0
31,Private,152150,HS-grad,9,Married-civ-spouse,Craft-repair,Husband,White,Male,0,0,45,United-States,<=50K,605.0
40,Local-gov,101795,HS-grad,9,Never-married,Protective-serv,Not-in-family,White,Male,0,0,42,United-States,<=50K,10.0
42,Private,183111,Some-college,10,Divorced,Exec-managerial,Own-child,White,Female,0,0,40,United-States,<=50K,188.0
25,Private,233149,HS-grad,9,Married-civ-spouse,Machine-op-inspct,Husband,White,Male,0,0,50,United-States,<=50K,109.0
22,Private,52262,Some-college,10,Never-married,Other-service,Not-in-family,White,Male,0,0,40,United-States,<=50K,142.0
21,Self-emp-not-inc,235307,7th-8th,4,Never-married,Craft-repair,Not-in-family,White,Male,0,0,40,United-States,<=50K,443.0
53,Local-gov,216691,Doctorate,16,Divorced,Prof-specialty,Not-in-family,White,Female,10520,0,40,United-States,>50K,371.0
48,Private,224087,10th,6,Married-civ-spouse,Transport-moving,Husband,Black,Male,0,0,40,United-States,<=50K,870.0
50,Local-gov,183200,Bachelors,13,Separated,Prof-specialty,Not-in-family,White,Male,0,0,40,United-States,>50K,703.0
51,Private,236977,HS-grad,9,Married-civ-spouse,Handlers-cleaners,Husband,White,Male,0,1902,42,United-States,>50K,432.0
39,Private,97771,Assoc-voc,11,Married-civ-spouse,Exec-managerial,Husband,White,Male,0,0,45,United-States,<=50K,449.0
57,Private,96346,HS-grad,9,Widowed,Prof-specialty,Not-in-family,White,Female,0,0,57,United-States,<=50K,7.0
33,Private,53232,10th,6,Never-married,Other-service,Unmarried,White,Male,0,0,40,United-States,<=50K,370.0
21,Self-emp-not-inc,408537,Some-college,10,Never-married,Adm-clerical,Own-child,White,Male,0,0,30,United-States,<=50K,980.0
23,Private,202559,Bachelors,13,Never-married,Prof-specialty,Own-child,White,Female,0,0,40,United-States,<=50K,356.0
41,Private,208872,Some-college,10,Never-married,Craft-repair,Not-in-family,Black,Male,0,0,45,United-States,<=50K,404.0
58,Self-emp-not-inc,163057,Bachelors,13,Divorced,Prof-specialty,Not-in-family,White,Female,0,0,40,United-States,<=50K,501.0
53,Private,195813,5th-6th,3,Married-civ-spouse,Craft-repair,Husband,Other,Male,5178,0,40,Puerto-Rico,>50K,883.0
55,Private,201105,10th,6,Married-civ-spouse,Craft-repair,Husband,White,Male,0,0,40,United-States,>50K,675.0
40,Private,114537,Assoc-voc,11,Married-civ-spouse,Exec-managerial,Husband,White,Male,0,0,50,United-States,>50K,566.0
26,Private,285885,Assoc-voc,11,Never-married,Other-service,Not-in-family,White,Female,0,0,40,United-States,<=50K,865.0
58,Self-emp-not-inc,163047,Bachelors,13,Divorced,Prof-specialty,Not-in-family,White,Female,0,0,40,United-States,<=50K,657.0
57,Private,342906,9th,5,Married-civ-spouse,Sales,Husband,Black,Male,0,0,55,United-States,>50K,334.0
38,Self-emp-not-inc,204470,5th-6th,3,Never-married,Transport-moving,Not-in-family,White,Male,0,0,40,United-States,<=50K,909.0
53,Self-emp-inc,231230,Assoc-acdm,12,Married-civ-spouse,Transport-moving,Husband,White,Male,0,0,45,United-States,>50K,790.0
71,Private,93202,HS-grad,9,Divorced,Other-service,Not-in-family,White,Female,0,0,16,United-States,<=50K,57.0
39,Private,256504,Some-college,10,Never-married,Machine-op-inspct,Own-child,White,Male,0,0,40,United-States,<=50K,70.0
49,Local-gov,203181,HS-grad,9,Divorced,Prof-specialty,Not-in-family,White,Female,2174,0,40,United-States,>50K,230.0
59,Private,229939,HS-grad,9,Married-civ-spouse,Sales,Husband,White,Male,0,0,40,United-States,<=50K,842.0
45,Private,187581,Some-college,10,Married-civ-spouse,Craft-repair,Husband,White,Male,0,0,40,United-States,>50K,777.0
23,Private,189565,Some-college,10,Never-married,Machine-op-inspct,Own-child,White,Male,0,0,40,United-States,<=50K,247.0
36,Private,280169,Masters,14,Married-civ-spouse,Exec-managerial,Husband,White,Male,0,0,50,United-States,>50K,487.0
49,Federal-gov,60288,Bachelors,13,Married-civ-spouse,Exec-managerial,Husband,White,Male,7298,0,40,United-States,>50K,944.0
27,Self-emp-not-inc,62463,HS-grad,9,Married-civ-spouse,Farming-fishing,Husband,White,Male,0,0,50,United-States,<=50K,880.0
19,?,192713,Some-college,10,Never-married,?,Own-child,White,Female,0,0,35,United-States,<=50K,242.0
40,Private,194004,HS-grad,9,Married-civ-spouse,Exec-managerial,Husband,White,Male,0,0,45,United-States,>50K,859.0
18,Private,39222,11th,7,Never-married,Handlers-cleaners,Own-child,White,Male,0,0,30,United-States,<=50K,419.0
41,Private,116372,Bachelors,13,Married-civ-spouse,Handlers-cleaners,Husband,White,Male,0,0,40,Germany,<=50K,567.0
26,Private,102476,Some-college,10,Never-married,Other-service,Own-child,White,Male,0,0,40,United-States,<=50K,544.0
57,Private,96346,HS-grad,9,Widowed,Prof-specialty,Not-in-family,White,Female,0,0,57,United-States,<=50K,842.0
29,Private,160631,HS-grad,9,Separated,Adm-clerical,Own-child,White,Female,0,0,40,United-States,<=50K,796.0
42,Private,70055,11th,7,Married-civ-spouse,Transport-moving,Husband,White,Male,0,0,45,United-States,<=50K,587.0
33,Private,172718,Assoc-voc,11,Married-civ-spouse,Craft-repair,Husband,White,Male,0,0,40,United-States,<=50K,99.0
20,Private,254949,Some-college,10,Never-married,Sales,Own-child,White,Female,0,0,6,United-States,<=50K,706.0
34,Private,617917,Bachelors,13,Married-civ-spouse,Sales,Husband,White,Male,0,1887,40,United-States,>50K,124.0
34,Private,187119,Assoc-acdm,12,Never-married,Sales,Unmarried,White,Male,0,0,50,United-States,<=50K,640.0
49,Federal-gov,57298,Bachelors,13,Married-civ-spouse,Exec-managerial,Husband,White,Male,7298,0,40,United-States,>50K,295.0
31,Private,38925,Some-college,10,Never-married,Adm-clerical,Not-in-family,Black,Female,0,0,36,Jamaica,<=50K,486.0
31,Private,98639,HS-grad,9,Never-married,Craft-repair,Unmarried,White,Male,0,0,40,United-States,<=50K,831.0
54,Private,449257,HS-grad,9,Married-civ-spouse,Farming-fishing,Husband,White,Male,0,0,40,United-States,<=50K,705.0
47,Private,188246,Some-college,10,Married-civ-spouse,Prof-specialty,Husband,White,Male,0,0,40,United-States,<=50K,400.0
55,?,226525,Assoc-acdm,12,Married-spouse-absent,?,Not-in-family,White,Female,0,0,5,United-States,<=50K,981.0
40,Self-emp-inc,51362,Assoc-acdm,12,Divorced,Sales,Unmarried,White,Female,1831,0,40,United-States,<=50K,412.0
25,Private,141388,HS-grad,9,Married-spouse-absent,Exec-managerial,Not-in-family,White,Male,0,0,45,United-States,<=50K,273.0
22,Private,192455,HS-grad,9,Never-married,Adm-clerical,Unmarried,White,Female,0,0,40,United-States,<=50K,119.0
62,Federal-gov,158993,HS-grad,9,Widowed,Exec-managerial,Not-in-family,White,Female,0,0,36,United-States,<=50K,913.0
50,Private,71417,HS-grad,9,Married-civ-spouse,Craft-repair,Husband,White,Male,3103,0,40,United-States,>50K,545.0
19,Private,189194,HS-grad,9,Never-married,Sales,Unmarried,Black,Female,0,0,20,United-States,<=50K,811.0
27,Private,28053,HS-grad,9,Married-civ-spouse,Transport-moving,Husband,Black,Male,0,0,40,United-States,<=50K,687.0
39,?,201635,Bachelors,13,Married-civ-spouse,?,Wife,White,Female,0,0,30,United-States,<=50K,137.0
74,Private,97167,HS-grad,9,Married-civ-spouse,Other-service,Husband,White,Male,0,0,15,United-States,<=50K,524.0
28,Private,180299,HS-grad,9,Married-civ-spouse,Transport-moving,Husband,White,Male,0,0,70,United-States,<=50K,46.0
43,Private,303426,HS-grad,9,Divorced,Other-service,Unmarried,Asian-Pac-Islander,Male,5721,0,40,Philippines,<=50K,976.0
27,Private,155972,HS-grad,9,Never-married,Sales,Own-child,Amer-Indian-Eskimo,Male,0,0,20,United-States,<=50K,62.0
20,?,410114,Some-college,10,Never-married,?,Own-child,White,Male,0,0,20,United-States,<=50K,64.0
43,Local-gov,32426,Some-college,10,Never-married,Exec-managerial,Not-in-family,White,Female,0,0,12,United-States,<=50K,57.0
28,Private,153997,HS-grad,9,Divorced,Handlers-cleaners,Not-in-family,White,Male,0,0,40,United-States,<=50K,904.0
31,Private,168113,Bachelors,13,Married-civ-spouse,Prof-specialty,Husband,White,Male,7688,0,40,Canada,>50K,946.0
33,Private,172714,Assoc-voc,11,Married-civ-spouse,Craft-repair,Husband,White,Male,0,0,40,United-States,<=50K,472.0
47,Private,147322,HS-grad,9,Married-civ-spouse,Machine-op-inspct,Wife,White,Female,0,0,40,Columbia,<=50K,741.0
44,Private,175485,Bachelors,13,Married-civ-spouse,Craft-repair,Husband,White,Male,0,0,12,United-States,<=50K,87.0
31,Private,280169,Some-college,10,Married-civ-spouse,Handlers-cleaners,Husband,White,Male,0,0,45,United-States,<=50K,382.0
59,State-gov,351141,Bachelors,13,Married-civ-spouse,Exec-managerial,Husband,White,Male,10605,0,50,United-States,>50K,638.0
61,State-gov,347445,Masters,14,Married-civ-spouse,Exec-managerial,Husband,White,Male,0,0,40,United-States,>50K,264.0
36,Private,311255,HS-grad,9,Married-civ-spouse,Machine-op-inspct,Husband,Black,Male,0,0,40,Haiti,<=50K,181.0
37,Federal-gov,214378,Some-college,10,Divorced,Adm-clerical,Unmarried,Black,Female,0,0,40,United-States,<=50K,143.0
31,Private,105479,Bachelors,13,Married-civ-spouse,Sales,Husband,White,Male,0,0,50,United-States,>50K,773.0
28,Private,214378,HS-grad,9,Married-civ-spouse,Exec-managerial,Husband,White,Male,0,0,50,United-States,<=50K,299.0
44,Private,889965,HS-grad,9,Married-civ-spouse,Handlers-cleaners,Wife,White,Female,3137,0,30,United-States,<=50K,263.0
54,Private,328013,Some-college,10,Divorced,Craft-repair,Not-in-family,White,Male,0,0,40,United-States,<=50K,963.0
47,Private,114459,HS-grad,9,Married-civ-spouse,Sales,Husband,White,Male,0,0,40,United-States,>50K,748.0
28,Private,180010,HS-grad,9,Married-civ-spouse,Transport-moving,Husband,White,Male,0,0,70,United-States,<=50K,854.0
35,Private,89508,HS-grad,9,Married-civ-spouse,Transport-moving,Husband,White,Male,0,0,50,United-States,>50K,127.0
37,Private,109952,HS-grad,9,Married-civ-spouse,Machine-op-inspct,Husband,White,Male,0,0,40,Portugal,<=50K,937.0
53,Self-emp-inc,231793,Assoc-acdm,12,Married-civ-spouse,Transport-moving,Husband,White,Male,0,0,45,United-States,>50K,218.0
31,Private,87891,Some-college,10,Married-civ-spouse,Adm-clerical,Husband,White,Male,0,0,40,United-States,<=50K,811.0
47,Private,93557,HS-grad,9,Married-civ-spouse,Farming-fishing,Husband,White,Male,0,0,40,United-States,<=50K,923.0
36,Private,214378,HS-grad,9,Divorced,Prof-specialty,Own-child,White,Female,0,0,40,United-States,>50K,735.0
34,Private,134737,Bachelors,13,Never-married,Sales,Own-child,White,Male,0,0,40,United-States,>50K,518.0
37,Local-gov,247115,Some-college,10,Never-married,Adm-clerical,Unmarried,Black,Female,0,0,40,United-States,<=50K,125.0
36,Private,49626,HS-grad,9,Married-civ-spouse,Exec-managerial,Husband,White,Male,0,0,40,United-States,<=50K,11.0
58,Private,28612,9th,5,Divorced,Other-service,Unmarried,White,Female,0,0,40,United-States,<=50K,736.0
31,Private,152156,HS-grad,9,Married-civ-spouse,Craft-repair,Husband,White,Male,0,0,45,United-States,<=50K,153.0
52,Private,112959,Some-college,10,Widowed,Sales,Not-in-family,White,Female,0,0,40,United-States,<=50K,89.0
68,Self-emp-not-inc,191517,Some-college,10,Widowed,Adm-clerical,Not-in-family,White,Male,0,0,40,United-States,<=50K,821.0
55,Private,228230,Bachelors,13,Married-civ-spouse,Exec-managerial,Husband,White,Male,15024,0,48,United-States,>50K,274.0
41,Private,116391,Bachelors,13,Married-civ-spouse,Handlers-cleaners,Husband,White,Male,0,0,40,Germany,<=50K,813.0
57,Private,333701,Masters,14,Married-civ-spouse,Exec-managerial,Husband,White,Male,0,0,45,United-States,>50K,828.0
41,Private,125933,Some-college,10,Separated,Sales,Unmarried,Black,Female,0,0,20,United-States,<=50K,734.0
53,Private,202872,9th,5,Married-spouse-absent,Machine-op-inspct,Unmarried,Black,Male,0,0,75,Haiti,<=50K,308.0
40,Private,168906,HS-grad,9,Married-civ-spouse,Craft-repair,Husband,White,Male,0,0,40,United-States,<=50K,860.0
27,Private,330132,Bachelors,13,Married-civ-spouse,Tech-support,Wife,White,Female,0,0,40,United-States,>50K,370.0
29,Private,116372,Bachelors,13,Never-married,Sales,Not-in-family,White,Female,0,0,50,United-States,>50K,29.0
55,Self-emp-inc,197189,HS-grad,9,Married-civ-spouse,Sales,Husband,White,Male,0,1573,44,United-States,<=50K,186.0
49,Private,125892,HS-grad,9,Married-civ-spouse,Sales,Husband,White,Male,0,0,40,United-States,<=50K,539.0
76,Self-emp-inc,99328,Bachelors,13,Married-civ-spouse,Farming-fishing,Husband,White,Male,6514,0,40,United-States,>50K,867.0
28,Private,287927,Some-college,10,Never-married,Other-service,Not-in-family,White,Male,0,0,35,United-States,<=50K,741.0
27,Private,116531,Bachelors,13,Never-married,Exec-managerial,Not-in-family,White,Female,0,0,40,United-States,<=50K,345.0
44,Private,889965,HS-grad,9,Married-civ-spouse,Handlers-cleaners,Wife,White,Female,3137,0,30,United-States,<=50K,250.0
26,Private,29702,Prof-school,15,Never-married,Prof-specialty,Not-in-family,White,Male,0,0,40,United-States,>50K,562.0
18,Self-emp-inc,376416,12th,8,Never-married,Farming-fishing,Own-child,White,Male,0,0,10,United-States,<=50K,191.0
60,Self-emp-not-inc,88570,Assoc-voc,11,Married-civ-spouse,Transport-moving,Wife,White,Female,0,0,15,Germany,>50K,546.0
37,Private,191754,1st-4th,2,Married-civ-spouse,Craft-repair,Husband,Asian-Pac-Islander,Male,0,0,40,Cambodia,<=50K,394.0
23,Private,236834,Some-college,10,Never-married,Handlers-cleaners,Own-child,White,Male,0,0,40,United-States,<=50K,39.0
31,Private,222596,Some-college,10,Never-married,Adm-clerical,Not-in-family,White,Female,0,0,43,United-States,<=50K,874.0
37,Private,188236,Assoc-acdm,12,Never-married,Tech-support,Not-in-family,White,Male,0,0,46,United-States,<=50K,630.0
36,Self-emp-not-inc,165484,Masters,14,Never-married,Sales,Not-in-family,White,Male,10520,0,45,United-States,>50K,527.0
57,Private,141570,Masters,14,Married-civ-spouse,Exec-managerial,Husband,Black,Male,0,1977,40,United-States,>50K,865.0
58,Federal-gov,243986,Bachelors,13,Never-married,Prof-specialty,Not-in-family,White,Male,0,0,48,United-States,<=50K,380.0
26,Private,102476,Some-college,10,Never-married,Other-service,Own-child,White,Male,0,0,40,United-States,<=50K,128.0
64,Private,249456,Bachelors,13,Married-civ-spouse,Protective-serv,Husband,White,Male,0,1902,50,United-States,>50K,906.0
29,Private,446559,Assoc-acdm,12,Married-civ-spouse,Exec-managerial,Wife,White,Female,0,0,50,United-States,<=50K,966.0
35,Private,132853,Some-college,10,Married-civ-spouse,Tech-support,Husband,White,Male,0,0,40,United-States,>50K,239.0
31,Private,204788,12th,8,Never-married,Sales,Own-child,White,Male,0,0,32,United-States,<=50K,809.0
30,Self-emp-not-inc,87561,Some-college,10,Never-married,Adm-clerical,Not-in-family,White,Female,0,0,60,United-States,<=50K,533.0
41,Private,143774,HS-grad,9,Married-civ-spouse,Exec-managerial,Husband,White,Male,0,0,60,United-States,<=50K,826.0
42,Private,182750,Some-college,10,Divorced,Exec-managerial,Own-child,White,Female,0,0,40,United-States,<=50K,848.0
23,Private,235307,Some-college,10,Never-married,Handlers-cleaners,Own-child,White,Male,0,0,40,United-States,<=50K,630.0
45,State-gov,284358,Some-college,10,Divorced,Prof-specialty,Unmarried,Black,Female,0,0,40,United-States,<=50K,634.0
35,Private,187052,Some-college,10,Divorced,Exec-managerial,Not-in-family,White,Female,0,0,70,United-States,<=50K,565.0
18,Private,211032,11th,7,Never-married,Other-service,Own-child,White,Male,0,0,15,United-States,<=50K,83.0
68,Self-emp-not-inc,33975,HS-grad,9,Married-civ-spouse,Farming-fishing,Husband,White,Male,0,0,50,United-States,<=50K,905.0
63,Private,114011,HS-grad,9,Separated,Craft-repair,Not-in-family,White,Female,0,0,20,United-States,<=50K,317.0
33,Private,52795,10th,6,Never-married,Other-service,Unmarried,White,Male,0,0,40,United-States,<=50K,28.0
67,Self-emp-not-inc,106143,Doctorate,16,Married-civ-spouse,Sales,Husband,White,Male,20051,0,40,United-States,>50K,914.0
37,Private,170086,Assoc-voc,11,Separated,Prof-specialty,Unmarried,White,Female,0,0,32,United-States,<=50K,130.0
48,Private,223342,10th,6,Married-civ-spouse,Transport-moving,Husband,Black,Male,0,0,40,United-States,<=50K,51.0
20,Private,369114,Some-college,10,Never-married,Adm-clerical,Own-child,White,Female,0,0,35,United-States,<=50K,701.0
37,Private,170456,Assoc-voc,11,Separated,Prof-specialty,Unmarried,White,Female,0,0,32,United-States,<=50K,273.0
39,Private,230467,HS-grad,9,Married-civ-spouse,Machine-op-inspct,Husband,White,Male,2829,0,40,United-States,<=50K,461.0
43,Private,154538,Assoc-acdm,12,Divorced,Craft-repair,Not-in-family,White,Male,0,0,40,United-States,<=50K,263.0
45,Private,82797,Bachelors,13,Married-civ-spouse,Exec-managerial,Husband,White,Male,0,0,45,United-States,>50K,220.0
22,Private,54440,HS-grad,9,Never-married,Other-service,Own-child,White,Male,0,0,40,United-States,<=50K,636.0
20,State-gov,432052,Some-college,10,Never-married,Handlers-cleaners,Not-in-family,White,Male,0,0,15,United-States,<=50K,829.0
21,Private,170086,Assoc-acdm,12,Never-married,Handlers-cleaners,Own-child,White,Male,0,0,15,United-States,<=50K,726.0
24,Local-gov,117023,Bachelors,13,Never-married,Prof-specialty,Own-child,White,Female,0,0,40,United-States,<=50K,208.0
27,Private,189565,HS-grad,9,Married-civ-spouse,Exec-managerial,Own-child,White,Male,0,0,40,United-States,<=50K,824.0
77,Local-gov,181824,7th-8th,4,Widowed,Adm-clerical,Not-in-family,White,Female,0,0,40,United-States,<=50K,333.0
41,Private,116391,Bachelors,13,Married-civ-spouse,Handlers-cleaners,Husband,White,Male,0,0,40,Germany,<=50K,254.0
32,State-gov,181553,Bachelors,13,Separated,Prof-specialty,Not-in-family,White,Female,0,0,40,United-States,<=50K,787.0
28,Private,204734,Some-college,10,Married-civ-spouse,Tech-support,Wife,White,Female,0,0,40,United-States,<=50K,598.0
49,Local-gov,371886,Assoc-voc,11,Married-civ-spouse,Protective-serv,Husband,White,Male,0,0,56,United-States,>50K,653.0
71,Private,93202,HS-grad,9,Divorced,Other-service,Not-in-family,White,Female,0,0,16,United-States,<=50K,443.0
25,Self-emp-not-inc,282631,HS-grad,9,Married-civ-spouse,Craft-repair,Husband,White,Male,0,0,40,United-States,<=50K,113.0
37,Private,66686,HS-grad,9,Married-civ-spouse,Transport-moving,Husband,White,Male,0,0,40,United-States,>50K,876.0
65,?,366929,7th-8th,4,Married-civ-spouse,?,Husband,White,Male,0,0,20,United-States,<=50K,510.0
47,Private,38905,HS-grad,9,Married-civ-spouse,Transport-moving,Husband,White,Male,0,0,35,United-States,<=50K,650.0
37,Private,126613,1st-4th,2,Married-civ-spouse,Other-service,Husband,White,Male,0,0,53,Mexico,<=50K,236.0
48,Private,129777,HS-grad,9,Widowed,Adm-clerical,Unmarried,White,Female,0,0,40,United-States,<=50K,718.0
59,Private,229414,HS-grad,9,Married-civ-spouse,Sales,Husband,White,Male,0,0,40,United-States,<=50K,444.0
24,Local-gov,117023,Bachelors,13,Never-married,Prof-specialty,Own-child,White,Female,0,0,40,United-States,<=50K,637.0
40,Private,165484,HS-grad,9,Married-civ-spouse,Craft-repair,Husband,White,Male,0,0,40,United-States,<=50K,27.0
27,Private,157184,HS-grad,9,Never-married,Sales,Own-child,Amer-Indian-Eskimo,Male,0,0,20,United-States,<=50K,236.0
18,Private,127202,11th,7,Never-married,Other-service,Own-child,White,Female,0,0,20,United-States,<=50K,847.0
23,Private,196912,Some-college,10,Separated,Craft-repair,Not-in-family,White,Male,0,0,40,United-States,<=50K,169.0
23,Private,45857,Bachelors,13,Never-married,Exec-managerial,Not-in-family,White,Female,0,0,50,United-States,<=50K,450.0
20,Private,39222,Some-college,10,Never-married,Farming-fishing,Not-in-family,White,Female,0,0,40,United-States,<=50K,941.0
33,Private,205359,Some-college,10,Married-civ-spouse,Exec-managerial,Husband,White,Male,0,0,40,United-States,>50K,282.0
23,Private,27073,Some-college,10,Never-married,Adm-clerical,Unmarried,Other,Female,0,0,40,United-States,<=50K,391.0
26,Private,102476,Some-college,10,Never-married,Other-service,Own-child,White,Male,0,0,40,United-States,<=50K,497.0
31,Private,199689,HS-grad,9,Divorced,Adm-clerical,Not-in-family,White,Female,0,0,40,Germany,<=50K,316.0
36,Private,157184,HS-grad,9,Married-civ-spouse,Craft-repair,Husband,Other,Male,0,0,40,United-States,>50K,107.0
47,Private,93557,HS-grad,9,Married-civ-spouse,Farming-fishing,Husband,White,Male,0,0,40,United-States,<=50K,810.0
33,Private,53373,10th,6,Never-married,Other-service,Unmarried,White,Male,0,0,40,United-States,<=50K,217.0
45,Private,462440,11th,7,Widowed,Other-service,Not-in-family,Black,Female,0,0,20,United-States,<=50K,92.0
22,Private,52262,Some-college,10,Never-married,Other-service,Not-in-family,White,Male,0,0,40,United-States,<=50K,424.0
41,Private,208881,Some-college,10,Never-married,Craft-repair,Not-in-family,Black,Male,0,0,45,United-States,<=50K,168.0
69,?,47425,Bachelors,13,Married-civ-spouse,?,Husband,White,Male,0,0,20,United-States,<=50K,279.0
26,Local-gov,199177,Bachelors,13,Never-married,Prof-specialty,Not-in-family,White,Female,0,0,40,United-States,<=50K,866.0
48,Private,445382,Masters,14,Never-married,Prof-specialty,Not-in-family,White,Male,0,0,50,United-States,<=50K,44.0
43,Private,27766,Bachelors,13,Separated,Exec-managerial,Unmarried,White,Male,0,0,60,United-States,>50K,74.0
56,Private,330132,HS-grad,9,Married-civ-spouse,Machine-op-inspct,Husband,White,Male,0,0,40,United-States,<=50K,839.0
44,Private,184378,Masters,14,Married-civ-spouse,Prof-specialty,Husband,White,Male,0,0,40,United-States,<=50K,951.0
39,Self-emp-inc,163215,Some-college,10,Married-civ-spouse,Farming-fishing,Husband,White,Male,0,0,65,United-States,<=50K,524.0
40,Local-gov,165667,Assoc-voc,11,Divorced,Exec-managerial,Unmarried,White,Female,0,0,40,United-States,<=50K,309.0
59,State-gov,100270,Masters,14,Divorced,Prof-specialty,Not-in-family,White,Female,0,0,60,United-States,<=50K,757.0
24,Private,172496,HS-grad,9,Married-civ-spouse,Machine-op-inspct,Husband,White,Male,0,0,42,United-States,<=50K,88.0
57,Private,132661,Masters,14,Separated,Prof-specialty,Not-in-family,White,Male,10520,0,32,United-States,>50K,414.0
37,Local-gov,244341,Some-college,10,Never-married,Adm-clerical,Unmarried,Black,Female,0,0,40,United-States,<=50K,125.0
39,Private,224566,Assoc-voc,11,Married-civ-spouse,Adm-clerical,Husband,White,Male,0,0,40,Cuba,<=50K,142.0
70,?,230467,Assoc-voc,11,Never-married,?,Not-in-family,White,Male,0,0,30,United-States,<=50K,295.0
36,Private,191935,HS-grad,9,Married-civ-spouse,Craft-repair,Husband,White,Male,0,0,50,United-States,<=50K,584.0
58,Private,78141,HS-grad,9,Married-civ-spouse,Craft-repair,Husband,White,Male,0,0,40,United-States,>50K,473.0
53,Self-emp-inc,231826,Assoc-acdm,12,Married-civ-spouse,Transport-moving,Husband,White,Male,0,0,45,United-States,>50K,444.0
40,State-gov,353824,HS-grad,9,Married-civ-spouse,Exec-managerial,Wife,White,Female,0,0,40,United-States,>50K,139.0
45,Private,46221,11th,7,Widowed,Other-service,Not-in-family,Black,Female,0,0,20,United-States,<=50K,315.0
55,Private,229029,Bachelors,13,Married-civ-spouse,Exec-managerial,Husband,White,Male,15024,0,48,United-States,>50K,864.0
22,Local-gov,131573,Some-college,10,Never-married,Exec-managerial,Own-child,White,Female,0,0,25,United-States,<=50K,267.0
39,?,158352,Masters,14,Married-civ-spouse,?,Wife,Asian-Pac-Islander,Female,3464,0,40,?,<=50K,748.0
45,Self-emp-not-inc,184046,Bachelors,13,Divorced,Prof-specialty,Not-in-family,White,Male,0,0,45,United-States,<=50K,128.0
32,Private,175625,Bachelors,13,Married-civ-spouse,Tech-support,Husband,White,Male,0,1902,40,United-States,>50K,563.0
51,Private,191118,1st-4th,2,Widowed,Craft-repair,Not-in-family,White,Male,0,0,40,Mexico,<=50K,539.0
60,?,190739,HS-grad,9,Married-civ-spouse,?,Husband,White,Male,0,1848,40,United-States,>50K,460.0
61,State-gov,380390,Doctorate,16,Married-civ-spouse,Prof-specialty,Husband,White,Male,0,1902,40,United-States,>50K,409.0
38,Local-gov,40955,Masters,14,Never-married,Prof-specialty,Not-in-family,White,Male,0,0,43,United-States,<=50K,921.0
38,Private,91857,Some-college,10,Married-civ-spouse,Craft-repair,Husband,White,Male,0,0,41,United-States,<=50K,197.0
29,Private,168997,HS-grad,9,Divorced,Sales,Unmarried,White,Female,0,0,25,United-States,<=50K,747.0
51,Private,224207,Some-college,10,Married-civ-spouse,Sales,Husband,White,Male,0,0,40,United-States,>50K,119.0
32,Private,117779,HS-grad,9,Never-married,Transport-moving,Own-child,White,Female,0,0,35,United-States,<=50K,409.0
50,Private,242150,Assoc-voc,11,Divorced,Other-service,Not-in-family,White,Female,0,0,20,United-States,<=50K,733.0
25,Private,260953,HS-grad,9,Never-married,Sales,Own-child,White,Male,0,0,35,United-States,<=50K,640.0
25,Private,260953,HS-grad,9,Never-married,Sales,Own-child,White,Male,0,0,35,United-States,<=50K,128.0
27,Private,116531,Bachelors,13,Never-married,Exec-managerial,Not-in-family,White,Female,0,0,40,United-States,<=50K,138.0
71,Private,93202,HS-grad,9,Divorced,Other-service,Not-in-family,White,Female,0,0,16,United-States,<=50K,122.0
40,Private,124052,Assoc-voc,11,Divorced,Craft-repair,Unmarried,White,Male,0,0,50,United-States,>50K,569.0
28,Private,29020,Some-college,10,Never-married,Other-service,Not-in-family,White,Male,0,0,35,United-States,<=50K,664.0
55,Private,204752,HS-grad,9,Married-civ-spouse,Transport-moving,Husband,White,Male,0,0,65,United-States,<=50K,671.0
37,Private,188300,Assoc-acdm,12,Never-married,Tech-support,Not-in-family,White,Male,0,0,46,United-States,<=50K,868.0
56,Self-emp-not-inc,172538,Bachelors,13,Married-civ-spouse,Prof-specialty,Husband,White,Male,7688,0,40,United-States,>50K,686.0
34,Private,38151,10th,6,Separated,Exec-managerial,Unmarried,White,Female,0,0,45,United-States,<=50K,196.0
40,Private,206088,HS-grad,9,Married-civ-spouse,Craft-repair,Husband,White,Male,0,0,50,United-States,<=50K,220.0
47,Private,262241,Bachelors,13,Never-married,Sales,Not-in-family,Black,Male,0,0,60,United-States,>50K,61.0
34,Private,106347,Bachelors,13,Married-civ-spouse,Sales,Husband,White,Male,0,0,45,United-States,>50K,371.0
28,Private,60772,HS-grad,9,Never-married,Adm-clerical,Own-child,White,Female,0,0,40,United-States,<=50K,414.0
32,State-gov,194901,Masters,14,Never-married,Prof-specialty,Not-in-family,Asian-Pac-Islander,Female,0,0,40,Japan,<=50K,137.0
44,Private,143046,HS-grad,9,Widowed,Other-service,Unmarried,White,Female,0,0,40,United-States,<=50K,251.0
32,Private,553405,Bachelors,13,Married-civ-spouse,Sales,Husband,White,Male,99999,0,50,United-States,>50K,93.0
35,Private,101073,Some-college,10,Married-civ-spouse,Transport-moving,Husband,White,Male,0,0,45,United-States,>50K,339.0
29,Private,369114,HS-grad,9,Divorced,Adm-clerical,Not-in-family,White,Female,0,0,40,United-States,<=50K,895.0
45,Private,45857,HS-grad,9,Divorced,Adm-clerical,Not-in-family,White,Female,0,0,28,United-States,<=50K,631.0
61,Private,54411,Some-college,10,Married-civ-spouse,Sales,Husband,White,Male,0,0,40,United-States,<=50K,608.0
19,Private,67759,HS-grad,9,Never-married,Machine-op-inspct,Own-child,White,Male,0,0,43,United-States,<=50K,228.0
24,Private,254547,HS-grad,9,Never-married,Adm-clerical,Other-relative,Black,Female,0,0,20,United-States,<=50K,918.0
21,Private,108687,HS-grad,9,Never-married,Prof-specialty,Not-in-family,White,Female,0,0,40,United-States,<=50K,179.0
38,Private,143538,HS-grad,9,Never-married,Machine-op-inspct,Not-in-family,White,Female,0,0,40,United-States,<=50K,762.0
31,Self-emp-inc,467108,Bachelors,13,Never-married,Prof-specialty,Not-in-family,White,Male,0,0,45,United-States,>50K,236.0
58,Private,318647,Doctorate,16,Married-civ-spouse,Prof-specialty,Husband,White,Male,0,0,50,United-States,>50K,144.0
38,Private,91842,Some-college,10,Married-civ-spouse,Craft-repair,Husband,White,Male,0,0,41,United-States,<=50K,141.0
23,Private,462964,Bachelors,13,Never-married,Exec-managerial,Not-in-family,White,Female,0,0,50,United-States,<=50K,647.0
32,Federal-gov,82797,Bachelors,13,Married-civ-spouse,Adm-clerical,Husband,White,Male,0,0,35,United-States,>50K,417.0
35,State-gov,213140,Bachelors,13,Married-civ-spouse,Protective-serv,Husband,White,Male,0,0,40,United-States,<=50K,99.0
38,Private,91857,Some-college,10,Married-civ-spouse,Craft-repair,Husband,White,Male,0,0,41,United-States,<=50K,877.0
23,Private,171095,HS-grad,9,Never-married,Tech-support,Own-child,White,Male,0,0,50,United-States,<=50K,566.0
29,Private,182750,Assoc-voc,11,Married-civ-spouse,Machine-op-inspct,Husband,White,Male,0,0,40,United-States,<=50K,415.0
24,Private,126613,Bachelors,13,Never-married,Prof-specialty,Own-child,White,Female,0,0,8,United-States,<=50K,90.0
63,State-gov,89508,Prof-school,15,Married-civ-spouse,Prof-specialty,Husband,White,Male,0,0,40,United-States,>50K,53.0
51,Private,231181,Some-college,10,Never-married,Machine-op-inspct,Not-in-family,White,Male,0,0,21,United-States,<=50K,693.0
24,?,32616,Bachelors,13,Divorced,?,Not-in-family,White,Female,0,0,40,United-States,<=50K,149.0
51,Self-emp-not-inc,160724,Bachelors,13,Married-civ-spouse,Sales,Husband,Asian-Pac-Islander,Male,0,2415,40,China,>50K,979.0
37,Private,170563,Assoc-voc,11,Separated,Prof-specialty,Unmarried,White,Female,0,0,32,United-States,<=50K,772.0
28,Private,277203,10th,6,Married-civ-spouse,Transport-moving,Husband,White,Male,0,0,40,United-States,<=50K,27.0
40,Self-emp-inc,141570,Bachelors,13,Never-married,Prof-specialty,Not-in-family,White,Female,0,0,45,United-States,<=50K,390.0
51,Private,225605,Some-college,10,Married-civ-spouse,Sales,Husband,White,Male,0,0,40,United-States,>50K,946.0
32,Private,175526,Bachelors,13,Married-civ-spouse,Tech-support,Husband,White,Male,0,1902,40,United-States,>50K,947.0
26,Private,202720,HS-grad,9,Never-married,Adm-clerical,Not-in-family,White,Female,0,0,40,United-States,<=50K,450.0
30,Private,201105,HS-grad,9,Separated,Other-service,Not-in-family,White,Female,0,0,35,United-States,<=50K,177.0
17,Private,272372,11th,7,Never-married,Adm-clerical,Own-child,White,Female,0,0,7,United-States,<=50K,20.0
34,Private,106014,Some-college,10,Divorced,Craft-repair,Not-in-family,White,Male,0,0,60,United-States,<=50K,114.0
46,Private,303426,1st-4th,2,Married-civ-spouse,Handlers-cleaners,Husband,White,Male,0,0,40,Mexico,<=50K,691.0
38,Private,311255,Assoc-voc,11,Married-civ-spouse,Sales,Husband,White,Male,0,0,40,United-States,>50K,668.0
28,Private,102142,Some-college,10,Never-married,Tech-support,Not-in-family,White,Male,0,0,40,United-States,<=50K,83.0
51,Local-gov,249727,9th,5,Married-civ-spouse,Other-service,Wife,White,Female,0,0,38,Puerto-Rico,<=50K,507.0
29,?,191444,HS-grad,9,Never-married,?,Not-in-family,White,Male,0,0,40,United-States,<=50K,342.0
48,Self-emp-inc,301614,Masters,14,Married-civ-spouse,Other-service,Husband,White,Male,0,0,40,United-States,<=50K,589.0
23,Private,228216,Some-college,10,Married-civ-spouse,Sales,Wife,White,Female,0,0,47,United-States,<=50K,229.0
50,Self-emp-inc,236543,Assoc-acdm,12,Married-civ-spouse,Prof-specialty,Husband,White,Male,0,0,48,United-States,>50K,242.0
39,Private,172718,Some-college,10,Divorced,Sales,Unmarried,White,Female,0,0,40,United-States,<=50K,433.0
31,Private,375680,Bachelors,13,Never-married,Prof-specialty,Unmarried,Black,Female,0,0,40,?,<=50K,315.0
53,Private,346189,Some-college,10,Married-civ-spouse,Exec-managerial,Wife,White,Female,0,0,40,United-States,>50K,148.0
54,Private,453983,HS-grad,9,Married-civ-spouse,Farming-fishing,Husband,White,Male,0,0,40,United-States,<=50K,247.0
36,Private,191841,HS-grad,9,Married-civ-spouse,Craft-repair,Husband,White,Male,0,0,50,United-States,<=50K,660.0
64,Private,250117,Bachelors,13,Married-civ-spouse,Protective-serv,Husband,White,Male,0,1902,50,United-States,>50K,218.0
41,Private,112031,HS-grad,9,Married-civ-spouse,Machine-op-inspct,Husband,White,Male,0,0,45,United-States,<=50K,518.0
68,Self-emp-inc,140852,HS-grad,9,Married-civ-spouse,Sales,Husband,White,Male,0,0,40,United-States,<=50K,487.0
23,Private,170086,Some-college,10,Never-married,Exec-managerial,Own-child,White,Male,0,0,40,United-States,<=50K,272.0
55,Private,125461,Prof-school,15,Married-civ-spouse,Exec-managerial,Husband,White,Male,0,0,60,United-States,>50K,958.0
34,Private,242552,HS-grad,9,Separated,Craft-repair,Unmarried,White,Male,0,0,80,United-States,<=50K,658.0
39,Private,129573,Bachelors,13,Married-civ-spouse,Sales,Husband,White,Male,3464,0,40,United-States,<=50K,306.0
25,Private,158993,HS-grad,9,Never-married,Adm-clerical,Not-in-family,White,Female,0,0,45,United-States,<=50K,482.0
35,Private,184871,Bachelors,13,Never-married,Prof-specialty,Not-in-family,White,Male,0,0,40,United-States,<=50K,514.0
40,Local-gov,101795,HS-grad,9,Never-married,Protective-serv,Not-in-family,White,Male,0,0,42,United-States,<=50K,802.0
23,Private,110103,Some-college,10,Married-civ-spouse,Craft-repair,Husband,White,Male,0,0,60,United-States,<=50K,232.0
23,Private,131852,Some-college,10,Never-married,Adm-clerical,Not-in-family,White,Female,0,0,40,United-States,<=50K,362.0
39,Private,97136,HS-grad,9,Never-married,Machine-op-inspct,Unmarried,Black,Female,0,0,40,United-States,<=50K,695.0
77,Self-emp-not-inc,183845,Bachelors,13,Widowed,Prof-specialty,Not-in-family,White,Female,0,0,20,United-States,<=50K,210.0
22,Private,170984,Some-college,10,Never-married,Handlers-cleaners,Not-in-family,White,Male,0,0,40,Poland,<=50K,364.0
37,State-gov,374116,Prof-school,15,Married-civ-spouse,Prof-specialty,Husband,White,Male,0,0,60,United-States,>50K,926.0
23,Private,55674,Bachelors,13,Never-married,Protective-serv,Not-in-family,White,Female,2885,0,40,United-States,<=50K,710.0
26,Private,361493,Some-college,10,Never-married,Priv-house-serv,Not-in-family,White,Female,0,0,50,Hungary,<=50K,230.0
18,Private,50132,10th,6,Never-married,Other-service,Not-in-family,Black,Male,0,0,20,United-States,<=50K,237.0
36,Private,298995,HS-grad,9,Never-married,Transport-moving,Other-relative,White,Male,0,0,50,United-States,<=50K,156.0
43,Private,269722,HS-grad,9,Married-civ-spouse,Machine-op-inspct,Husband,Black,Male,0,0,40,Germany,>50K,46.0
49,Private,81654,Prof-school,15,Married-civ-spouse,Prof-specialty,Husband,White,Male,0,0,60,United-States,>50K,341.0
64,Private,192596,HS-grad,9,Widowed,Adm-clerical,Not-in-family,White,Female,0,0,30,United-States,<=50K,513.0
35,Private,144396,Assoc-acdm,12,Divorced,Exec-managerial,Not-in-family,White,Female,0,0,50,United-States,<=50K,353.0
40,Private,183404,Some-college,10,Separated,Other-service,Unmarried,White,Female,0,0,8,United-States,<=50K,338.0
38,Private,32950,Some-college,10,Married-civ-spouse,Exec-managerial,Husband,White,Male,0,0,45,United-States,<=50K,496.0
49,Private,139268,HS-grad,9,Married-civ-spouse,Craft-repair,Husband,White,Male,7298,0,40,United-States,>50K,152.0
36,Private,488459,HS-grad,9,Married-civ-spouse,Exec-managerial,Husband,White,Male,0,0,40,United-States,<=50K,455.0
35,Private,101073,Some-college,10,Married-civ-spouse,Transport-moving,Husband,White,Male,0,0,45,United-States,>50K,301.0
35,Federal-gov,38925,Some-college,10,Divorced,Adm-clerical,Not-in-family,White,Female,0,0,50,United-States,<=50K,237.0
40,Private,163237,Bachelors,13,Divorced,Exec-managerial,Not-in-family,White,Female,10520,0,40,United-States,>50K,965.0
50,Private,30827,Bachelors,13,Married-civ-spouse,Sales,Husband,White,Male,0,0,45,United-States,>50K,618.0
60,Private,208915,HS-grad,9,Widowed,Craft-repair,Other-relative,Asian-Pac-Islander,Female,0,0,40,Cambodia,<=50K,322.0
35,Private,186824,Some-college,10,Divorced,Exec-managerial,Not-in-family,White,Female,0,0,70,United-States,<=50K,114.0
21,Private,170563,Assoc-acdm,12,Never-married,Handlers-cleaners,Own-child,White,Male,0,0,15,United-States,<=50K,592.0
57,Self-emp-not-inc,272950,Bachelors,13,Married-civ-spouse,Sales,Husband,White,Male,0,0,10,United-States,<=50K,182.0
36,Private,215251,HS-grad,9,Divorced,Prof-specialty,Own-child,White,Female,0,0,40,United-States,>50K,407.0
25,Private,141876,HS-grad,9,Married-spouse-absent,Exec-managerial,Not-in-family,White,Male,0,0,45,United-States,<=50K,220.0
31,Private,387116,Some-college,10,Never-married,Adm-clerical,Not-in-family,Black,Female,0,0,36,Jamaica,<=50K,480.0
19,Private,151801,10th,6,Never-married,Handlers-cleaners,Own-child,White,Male,0,0,39,United-States,<=50K,48.0
25,Private,180599,HS-grad,9,Never-married,Craft-repair,Not-in-family,White,Male,0,0,75,United-States,<=50K,88.0
35,Private,101073,Some-college,10,Married-civ-spouse,Transport-moving,Husband,White,Male,0,0,45,United-States,>50K,311.0
49,Private,192323,HS-grad,9,Married-civ-spouse,Craft-repair,Husband,White,Male,0,0,40,United-States,>50K,365.0
24,Private,152246,HS-grad,9,Never-married,Machine-op-inspct,Unmarried,Black,Male,0,0,40,United-States,<=50K,525.0
56,Private,333701,HS-grad,9,Married-civ-spouse,Machine-op-inspct,Husband,White,Male,0,0,40,United-States,<=50K,425.0
33,Private,159549,HS-grad,9,Divorced,Other-service,Unmarried,White,Female,0,0,40,United-States,<=50K,545.0
61,State-gov,346754,Masters,14,Married-civ-spouse,Exec-managerial,Husband,White,Male,0,0,40,United-States,>50K,351.0
34,Private,152246,12th,8,Married-civ-spouse,Craft-repair,Husband,White,Male,0,0,40,Guatemala,<=50K,629.0
24,Private,27939,Some-college,10,Married-civ-spouse,Machine-op-inspct,Wife,White,Female,7298,0,48,United-States,>50K,824.0
40,Private,110787,HS-grad,9,Never-married,Adm-clerical,Own-child,White,Female,0,0,50,United-States,<=50K,137.0
36,Private,308493,HS-grad,9,Married-civ-spouse,Machine-op-inspct,Husband,Black,Male,0,0,40,Haiti,<=50K,454.0
58,Self-emp-not-inc,143731,HS-grad,9,Married-civ-spouse,Sales,Husband,White,Male,0,0,72,United-States,>50K,984.0
53,Private,275116,HS-grad,9,Divorced,Adm-clerical,Not-in-family,White,Female,0,0,40,United-States,<=50K,883.0
20,Private,229732,HS-grad,9,Never-married,Machine-op-inspct,Own-child,White,Female,0,0,30,United-States,<=50K,279.0
32,Private,188246,HS-grad,9,Divorced,Craft-repair,Own-child,White,Male,0,0,40,United-States,<=50K,601.0
44,Private,110355,Bachelors,13,Married-civ-spouse,Exec-managerial,Husband,White,Male,0,0,40,United-States,>50K,475.0
22,?,242768,Some-college,10,Never-married,?,Own-child,Asian-Pac-Islander,Male,0,0,40,China,<=50K,864.0
25,Private,194102,Bachelors,13,Divorced,Prof-specialty,Not-in-family,White,Female,0,0,44,United-States,<=50K,870.0
56,Private,103948,11th,7,Married-civ-spouse,Transport-moving,Husband,White,Male,0,0,40,United-States,<=50K,860.0
57,Private,173370,HS-grad,9,Widowed,Sales,Unmarried,White,Female,0,0,32,United-States,<=50K,14.0
56,Self-emp-not-inc,253770,HS-grad,9,Married-civ-spouse,Sales,Husband,White,Male,0,0,20,United-States,<=50K,453.0
32,Private,151971,HS-grad,9,Separated,Craft-repair,Not-in-family,White,Male,0,0,53,United-States,<=50K,414.0
40,State-gov,91949,Doctorate,16,Never-married,Prof-specialty,Not-in-family,Black,Female,0,0,40,United-States,<=50K,373.0
34,Private,405713,Some-college,10,Divorced,Machine-op-inspct,Not-in-family,White,Female,0,0,40,United-States,<=50K,830.0
26,Private,152150,Some-college,10,Never-married,Handlers-cleaners,Unmarried,White,Male,0,0,35,United-States,<=50K,583.0
35,Private,186035,Bachelors,13,Married-civ-spouse,Prof-specialty,Husband,White,Male,0,0,50,United-States,>50K,118.0
39,Federal-gov,73070,Some-college,10,Married-civ-spouse,Exec-managerial,Husband,Asian-Pac-Islander,Male,0,0,40,United-States,>50K,976.0
33,Private,181824,HS-grad,9,Married-civ-spouse,Sales,Wife,White,Female,0,0,20,United-States,<=50K,619.0
64,Private,192355,HS-grad,9,Widowed,Adm-clerical,Not-in-family,White,Female,0,0,30,United-States,<=50K,698.0
19,Private,147002,Some-college,10,Never-married,Exec-managerial,Own-child,Black,Male,0,0,30,United-States,<=50K,647.0
40,Local-gov,165822,Assoc-voc,11,Divorced,Exec-managerial,Unmarried,White,Female,0,0,40,United-States,<=50K,108.0
51,Private,224566,Some-college,10,Married-civ-spouse,Sales,Husband,White,Male,0,0,40,United-States,>50K,919.0
51,Private,190762,1st-4th,2,Widowed,Craft-repair,Not-in-family,White,Male,0,0,40,Mexico,<=50K,599.0
32,Private,220066,Some-college,10,Never-married,Sales,Not-in-family,White,Female,0,0,40,United-States,<=50K,740.0
25,Private,180599,HS-grad,9,Never-married,Craft-repair,Not-in-family,White,Male,0,0,75,United-States,<=50K,603.0
35,Private,236391,HS-grad,9,Married-civ-spouse,Handlers-cleaners,Husband,White,Male,0,0,60,United-States,<=50K,338.0
46,Private,30759,1st-4th,2,Married-civ-spouse,Handlers-cleaners,Husband,White,Male,0,0,40,Mexico,<=50K,349.0
33,Private,118938,9th,5,Married-civ-spouse,Handlers-cleaners,Husband,White,Male,0,0,40,United-States,<=50K,274.0
51,Private,45599,HS-grad,9,Divorced,Prof-specialty,Not-in-family,White,Male,0,0,40,United-States,<=50K,614.0
24,Private,117849,Bachelors,13,Never-married,Exec-managerial,Own-child,White,Female,0,0,40,United-States,<=50K,367.0
33,Private,53373,10th,6,Never-married,Other-service,Unmarried,White,Male,0,0,40,United-States,<=50K,823.0
21,Private,291676,Some-college,10,Never-married,Other-service,Not-in-family,White,Female,0,0,25,United-States,<=50K,973.0
47,Private,263561,Bachelors,13,Never-married,Sales,Not-in-family,Black,Male,0,0,60,United-States,>50K,6.0
32,Private,177212,HS-grad,9,Never-married,Craft-repair,Own-child,White,Male,0,0,40,United-States,<=50K,723.0
40,Private,204734,HS-grad,9,Married-civ-spouse,Craft-repair,Husband,White,Male,0,0,40,United-States,<=50K,858.0
28,Private,102142,Some-college,10,Never-married,Tech-support,Not-in-family,White,Male,0,0,40,United-States,<=50K,503.0
28,Private,380390,Bachelors,13,Married-civ-spouse,Exec-managerial,Husband,White,Male,0,0,50,United-States,<=50K,798.0
31,Private,193090,Bachelors,13,Never-married,Tech-support,Not-in-family,White,Female,0,0,42,United-States,<=50K,323.0
37,Private,109001,HS-grad,9,Married-civ-spouse,Machine-op-inspct,Husband,White,Male,0,0,40,Portugal,<=50K,258.0
30,Private,166893,Bachelors,13,Never-married,Prof-specialty,Own-child,White,Female,0,0,37,United-States,<=50K,111.0
28,Private,251346,Bachelors,13,Married-civ-spouse,Prof-specialty,Husband,White,Male,0,0,50,United-States,<=50K,87.0
37,Self-emp-inc,116620,Masters,14,Divorced,Exec-managerial,Not-in-family,White,Female,0,0,70,United-States,<=50K,895.0
25,Private,256504,11th,7,Married-civ-spouse,Transport-moving,Husband,White,Male,0,0,40,United-States,<=50K,867.0
25,Private,359155,Bachelors,13,Never-married,Sales,Not-in-family,White,Male,3325,0,40,United-States,<=50K,937.0
20,Private,243929,Some-college,10,Never-married,Craft-repair,Own-child,White,Male,0,0,40,United-States,<=50K,137.0
43,Private,180985,Some-college,10,Married-civ-spouse,Transport-moving,Husband,White,Male,0,0,60,United-States,>50K,822.0
25,Private,194740,Bachelors,13,Divorced,Prof-specialty,Not-in-family,White,Female,0,0,44,United-States,<=50K,783.0
41,Private,277488,7th-8th,4,Married-civ-spouse,Farming-fishing,Husband,White,Male,0,0,36,United-States,<=50K,353.0
23,Private,51985,HS-grad,9,Never-married,Transport-moving,Not-in-family,White,Male,0,0,38,United-States,<=50K,942.0
41,Private,149168,Bachelors,13,Married-civ-spouse,Exec-managerial,Husband,White,Male,0,0,60,United-States,>50K,351.0
29,Private,413297,Assoc-acdm,12,Never-married,Sales,Not-in-family,White,Male,0,0,45,Mexico,<=50K,635.0
33,Private,184046,HS-grad,9,Married-civ-spouse,Other-service,Wife,White,Female,0,0,38,El-Salvador,<=50K,755.0
38,Self-emp-not-inc,203637,5th-6th,3,Never-married,Transport-moving,Not-in-family,White,Male,0,0,40,United-States,<=50K,930.0
29,Private,41680,Assoc-acdm,12,Never-married,Sales,Not-in-family,White,Male,0,0,45,Mexico,<=50K,504.0
40,Self-emp-inc,140915,Bachelors,13,Married-civ-spouse,Tech-support,Husband,Other,Male,0,0,40,France,>50K,259.0
70,Self-emp-not-inc,139834,Some-college,10,Married-civ-spouse,Farming-fishing,Husband,White,Male,2653,0,70,United-States,<=50K,66.0
44,Private,249727,Assoc-voc,11,Divorced,Exec-managerial,Not-in-family,White,Male,8614,0,40,United-States,>50K,188.0
33,Private,224207,HS-grad,9,Married-civ-spouse,Other-service,Husband,White,Male,0,1672,50,United-States,<=50K,276.0
18,Private,346754,11th,7,Never-married,Sales,Own-child,White,Female,0,0,20,United-States,<=50K,514.0
47,Private,185870,Bachelors,13,Married-civ-spouse,Sales,Husband,White,Male,0,0,60,United-States,<=50K,36.0
39,Private,33975,HS-grad,9,Separated,Machine-op-inspct,Not-in-family,Black,Male,2174,0,40,United-States,<=50K,514.0
44,Private,142968,HS-grad,9,Widowed,Other-service,Unmarried,White,Female,0,0,40,United-States,<=50K,222.0
43,Local-gov,294789,Bachelors,13,Married-civ-spouse,Prof-specialty,Husband,Black,Male,0,0,40,United-States,>50K,412.0
45,Private,175732,HS-grad,9,Separated,Adm-clerical,Unmarried,White,Female,0,0,38,United-States,<=50K,26.0
63,Self-emp-inc,165484,HS-grad,9,Married-civ-spouse,Exec-managerial,Husband,White,Male,0,0,40,United-States,<=50K,870.0
20,Private,157473,Some-college,10,Never-married,Other-service,Not-in-family,White,Female,0,0,25,United-States,<=50K,73.0
21,Private,169329,Assoc-acdm,12,Never-married,Handlers-cleaners,Own-child,White,Male,0,0,15,United-States,<=50K,840.0
33,Private,226296,HS-grad,9,Married-civ-spouse,Other-service,Husband,White,Male,0,1672,50,United-States,<=50K,79.0
20,Private,267034,HS-grad,9,Never-married,Other-service,Own-child,White,Male,0,0,25,United-States,<=50K,910.0
23,Private,223342,Some-college,10,Never-married,Other-service,Own-child,White,Female,0,0,20,United-States,<=50K,172.0
21,Private,131852,HS-grad,9,Married-civ-spouse,Handlers-cleaners,Husband,White,Male,0,0,40,United-States,<=50K,264.0
32,Private,377017,Bachelors,13,Never-married,Sales,Other-relative,White,Male,0,0,32,United-States,<=50K,665.0
25,Self-emp-not-inc,121142,Bachelors,13,Never-married,Sales,Not-in-family,White,Female,0,0,40,United-States,<=50K,546.0
20,?,41035,Some-college,10,Never-married,?,Own-child,White,Male,0,0,20,United-States,<=50K,258.0
22,Private,54878,HS-grad,9,Never-married,Other-service,Own-child,White,Male,0,0,40,United-States,<=50K,408.0
35,Local-gov,184105,Masters,14,Never-married,Prof-specialty,Own-child,White,Female,0,0,25,United-States,<=50K,682.0
31,Private,61743,10th,6,Never-married,Other-service,Not-in-family,White,Male,0,0,40,United-States,<=50K,962.0
57,State-gov,254949,HS-grad,9,Married-civ-spouse,Exec-managerial,Husband,White,Male,0,0,40,United-States,>50K,109.0
30,Private,188682,HS-grad,9,Never-married,Adm-clerical,Own-child,White,Female,0,0,40,United-States,<=50K,745.0
19,Private,410632,Some-college,10,Never-married,Machine-op-inspct,Own-child,White,Male,0,0,40,United-States,<=50K,914.0
20,Private,229732,HS-grad,9,Never-married,Machine-op-inspct,Own-child,White,Female,0,0,30,United-States,<=50K,911.0
59,State-gov,192323,Doctorate,16,Married-civ-spouse,Prof-specialty,Husband,White,Male,0,0,40,United-States,>50K,144.0
23,Private,203181,Some-college,10,Never-married,Other-service,Not-in-family,White,Female,0,0,40,United-States,<=50K,169.0
41,Private,221172,Bachelors,13,Married-civ-spouse,Sales,Husband,White,Male,15024,0,45,United-States,>50K,859.0
47,Private,21906,Masters,14,Never-married,Prof-specialty,Not-in-family,White,Female,0,0,25,United-States,<=50K,210.0
56,Self-emp-not-inc,254933,HS-grad,9,Married-civ-spouse,Sales,Husband,White,Male,0,0,20,United-States,<=50K,146.0
40,Private,147258,HS-grad,9,Married-civ-spouse,Craft-repair,Husband,White,Male,0,0,40,United-States,<=50K,481.0
62,?,54440,HS-grad,9,Widowed,?,Not-in-family,White,Female,0,0,25,United-States,<=50K,375.0
50,Self-emp-inc,193720,HS-grad,9,Married-civ-spouse,Exec-managerial,Husband,White,Male,0,0,70,Greece,>50K,962.0
46,Self-emp-not-inc,31717,HS-grad,9,Married-civ-spouse,Craft-repair,Husband,White,Male,0,0,25,United-States,<=50K,898.0
57,Private,435604,Masters,14,Married-civ-spouse,Prof-specialty,Husband,White,Male,0,1977,45,United-States,>50K,289.0
32,Private,176270,Bachelors,13,Married-civ-spouse,Tech-support,Husband,White,Male,0,1902,40,United-States,>50K,450.0
34,Private,181119,HS-grad,9,Divorced,Adm-clerical,Not-in-family,White,Female,0,0,40,United-States,<=50K,829.0
45,Federal-gov,155862,Some-college,10,Married-civ-spouse,Prof-specialty,Husband,White,Male,0,0,40,United-States,>50K,207.0
38,Private,107303,HS-grad,9,Married-civ-spouse,Craft-repair,Husband,White,Male,0,0,40,United-States,<=50K,101.0
47,Private,93557,HS-grad,9,Married-civ-spouse,Farming-fishing,Husband,White,Male,0,0,40,United-States,<=50K,257.0
42,State-gov,102343,Prof-school,15,Married-civ-spouse,Prof-specialty,Husband,Asian-Pac-Islander,Male,0,0,72,India,>50K,593.0
40,Local-gov,166634,Bachelors,13,Married-civ-spouse,Protective-serv,Husband,Black,Male,0,0,40,United-States,>50K,663.0
35,Private,185621,Bachelors,13,Married-civ-spouse,Prof-specialty,Husband,White,Male,0,0,50,United-States,>50K,477.0
22,Private,145717,Bachelors,13,Never-married,Other-service,Not-in-family,White,Male,0,0,30,United-States,<=50K,501.0
21,Self-emp-not-inc,408537,Some-college,10,Never-married,Adm-clerical,Own-child,White,Male,0,0,30,United-States,<=50K,157.0
55,Private,209464,HS-grad,9,Married-civ-spouse,Sales,Husband,White,Male,0,0,35,United-States,<=50K,83.0
33,Private,172618,Assoc-voc,11,Married-civ-spouse,Craft-repair,Husband,White,Male,0,0,40,United-States,<=50K,726.0
21,?,198148,HS-grad,9,Never-married,?,Not-in-family,White,Female,0,0,40,United-States,<=50K,839.0
23,Private,206565,Assoc-voc,11,Never-married,Craft-repair,Unmarried,Black,Female,0,0,40,United-States,<=50K,913.0
23,Self-emp-not-inc,191283,HS-grad,9,Never-married,Transport-moving,Own-child,White,Male,0,0,40,United-States,<=50K,421.0
33,Federal-gov,122220,Some-college,10,Married-civ-spouse,Exec-managerial,Wife,Black,Female,0,0,40,United-States,>50K,808.0
22,Private,191444,Bachelors,13,Never-married,Sales,Own-child,Asian-Pac-Islander,Male,0,0,50,Taiwan,<=50K,79.0
57,State-gov,254949,HS-grad,9,Married-civ-spouse,Exec-managerial,Husband,White,Male,0,0,40,United-States,>50K,608.0
51,Private,231141,HS-grad,9,Married-civ-spouse,Machine-op-inspct,Husband,White,Male,0,0,45,United-States,<=50K,703.0
23,Private,196125,Some-college,10,Separated,Craft-repair,Not-in-family,White,Male,0,0,40,United-States,<=50K,519.0
18,Private,70055,HS-grad,9,Never-married,Handlers-cleaners,Own-child,White,Male,0,0,12,United-States,<=50K,384.0
29,Private,188729,Bachelors,13,Never-married,Adm-clerical,Not-in-family,White,Female,0,0,45,United-States,<=50K,242.0
23,Private,383300,11th,7,Never-married,Other-service,Other-relative,White,Male,0,0,40,Philippines,<=50K,605.0
37,State-gov,373448,Prof-school,15,Married-civ-spouse,Prof-specialty,Husband,White,Male,0,0,60,United-States,>50K,65.0
34,Private,241885,HS-grad,9,Separated,Craft-repair,Unmarried,White,Male,0,0,80,United-States,<=50K,430.0
43,Federal-gov,202652,Bachelors,13,Married-civ-spouse,Adm-clerical,Husband,White,Male,7298,0,40,United-States,>50K,359.0
31,Private,271933,Some-college,10,Married-civ-spouse,Machine-op-inspct,Wife,White,Female,0,0,40,United-States,<=50K,224.0
45,Local-gov,373448,Bachelors,13,Married-civ-spouse,Prof-specialty,Husband,White,Male,0,0,45,United-States,>50K,8.0
29,Private,115064,HS-grad,9,Never-married,Other-service,Not-in-family,White,Male,0,0,40,United-States,<=50K,547.0
43,Private,269015,HS-grad,9,Married-civ-spouse,Machine-op-inspct,Husband,Black,Male,0,0,40,Germany,>50K,861.0
44,Local-gov,157443,Masters,14,Divorced,Prof-specialty,Not-in-family,White,Female,0,0,50,United-States,>50K,339.0
31,Private,200569,HS-grad,9,Divorced,Adm-clerical,Not-in-family,White,Female,0,0,40,Germany,<=50K,76.0
48,Self-emp-inc,300681,Masters,14,Married-civ-spouse,Other-service,Husband,White,Male,0,0,40,United-States,<=50K,615.0
29,Private,202558,Assoc-voc,11,Married-civ-spouse,Tech-support,Other-relative,White,Female,0,0,40,United-States,<=50K,534.0
53,?,158352,Masters,14,Never-married,?,Not-in-family,White,Female,8614,0,35,United-States,>50K,643.0
25,Private,163434,Bachelors,13,Never-married,Tech-support,Not-in-family,White,Male,0,0,40,United-States,<=50K,734.0
21,Private,197038,Some-college,10,Never-married,Other-service,Own-child,White,Female,0,0,35,United-States,<=50K,514.0
20,Private,230467,HS-grad,9,Never-married,Machine-op-inspct,Own-child,White,Female,0,0,30,United-States,<=50K,177.0
34,Private,211413,Bachelors,13,Married-civ-spouse,Prof-specialty,Husband,White,Male,0,0,40,Iran,>50K,643.0
32,State-gov,194740,Masters,14,Never-married,Prof-specialty,Not-in-family,Asian-Pac-Islander,Female,0,0,40,Japan,<=50K,252.0
52,Federal-gov,197038,Some-college,10,Married-civ-spouse,Adm-clerical,Husband,White,Male,0,0,44,United-States,>50K,326.0
25,Private,158734,HS-grad,9,Never-married,Adm-clerical,Not-in-family,White,Female,0,0,45,United-States,<=50K,146.0
32,Private,186350,Bachelors,13,Never-married,Prof-specialty,Not-in-family,Black,Female,0,0,40,United-States,<=50K,886.0
54,Private,185042,1st-4th,2,Separated,Priv-house-serv,Other-relative,White,Female,0,0,40,Mexico,<=50K,411.0
32,Self-emp-not-inc,46746,Some-college,10,Married-civ-spouse,Farming-fishing,Husband,White,Male,0,0,65,United-States,<=50K,33.0
45,State-gov,284763,Some-college,10,Divorced,Prof-specialty,Unmarried,Black,Female,0,0,40,United-States,<=50K,14.0
58,Private,78141,HS-grad,9,Married-civ-spouse,Craft-repair,Husband,White,Male,0,0,40,United-States,>50K,281.0
38,Private,143731,HS-grad,9,Never-married,Machine-op-inspct,Not-in-family,White,Female,0,0,40,United-States,<=50K,622.0
47,Private,93557,HS-grad,9,Married-civ-spouse,Farming-fishing,Husband,White,Male,0,0,40,United-States,<=50K,198.0
18,Private,54411,Some-college,10,Never-married,Other-service,Own-child,White,Male,0,0,20,United-States,<=50K,497.0
40,Private,199689,HS-grad,9,Divorced,Other-service,Not-in-family,White,Female,0,0,40,United-States,<=50K,162.0
24,Private,236391,Bachelors,13,Never-married,Tech-support,Not-in-family,White,Male,0,0,50,Taiwan,<=50K,378.0
26,Private,287268,Assoc-voc,11,Never-married,Other-service,Not-in-family,White,Female,0,0,40,United-States,<=50K,366.0
55,Private,92215,HS-grad,9,Divorced,Adm-clerical,Not-in-family,White,Female,0,0,40,United-States,<=50K,705.0
40,Private,114537,Assoc-voc,11,Married-civ-spouse,Exec-managerial,Husband,White,Male,0,0,50,United-States,>50K,973.0
53,Self-emp-inc,231826,Assoc-acdm,12,Married-civ-spouse,Transport-moving,Husband,White,Male,0,0,45,United-States,>50K,715.0
27,Private,211129,1st-4th,2,Never-married,Craft-repair,Not-in-family,White,Male,0,0,40,Mexico,<=50K,124.0
27,Private,189565,HS-grad,9,Married-civ-spouse,Exec-managerial,Own-child,White,Male,0,0,40,United-States,<=50K,636.0
27,State-gov,192596,Bachelors,13,Never-married,Prof-specialty,Not-in-family,White,Male,0,0,50,United-States,<=50K,586.0
32,Private,179951,HS-grad,9,Never-married,Adm-clerical,Not-in-family,White,Male,0,0,40,United-States,<=50K,324.0
55,Self-emp-not-inc,151089,7th-8th,4,Married-civ-spouse,Sales,Husband,White,Male,0,0,80,United-States,<=50K,762.0
34,Local-gov,210278,Some-college,10,Married-civ-spouse,Craft-repair,Husband,White,Male,0,1726,40,United-States,<=50K,451.0
39,Private,311255,HS-grad,9,Married-civ-spouse,Craft-repair,Husband,White,Male,0,0,40,United-States,<=50K,26.0
20,Private,194102,Some-college,10,Never-married,Prof-specialty,Other-relative,White,Male,0,0,12,United-States,<=50K,428.0
22,Private,94662,Assoc-voc,11,Never-married,Craft-repair,Not-in-family,White,Male,0,0,44,United-States,<=50K,873.0
17,Private,100828,Some-college,10,Never-married,Adm-clerical,Own-child,White,Male,0,0,20,United-States,<=50K,46.0
45,Federal-gov,170563,HS-grad,9,Divorced,Tech-support,Not-in-family,White,Female,4865,0,40,United-States,<=50K,976.0
32,Private,177484,HS-grad,9,Never-married,Craft-repair,Own-child,White,Male,0,0,40,United-States,<=50K,952.0
30,Self-emp-inc,68330,Some-college,10,Married-civ-spouse,Sales,Husband,White,Male,0,0,50,United-States,<=50K,390.0
56,Private,103948,11th,7,Married-civ-spouse,Transport-moving,Husband,White,Male,0,0,40,United-States,<=50K,934.0
37,Private,188246,Assoc-acdm,12,Never-married,Tech-support,Not-in-family,White,Male,0,0,46,United-States,<=50K,819.0
23,Private,211860,Some-college,10,Never-married,Other-service,Own-child,White,Female,0,0,20,United-States,<=50K,694.0
31,Private,27051,Some-college,10,Married-civ-spouse,Machine-op-inspct,Wife,White,Female,0,0,40,United-States,<=50K,274.0
27,Private,193720,HS-grad,9,Married-civ-spouse,Other-service,Husband,White,Male,0,0,40,United-States,<=50K,13.0
25,Private,130397,10th,6,Never-married,Farming-fishing,Unmarried,Amer-Indian-Eskimo,Male,0,0,40,United-States,<=50K,21.0
48,Private,96346,Some-college,10,Never-married,Adm-clerical,Not-in-family,White,Female,0,0,43,United-States,<=50K,723.0
35,Private,80479,Assoc-voc,11,Divorced,Sales,Not-in-family,White,Male,0,0,40,United-States,<=50K,617.0
25,Self-emp-not-inc,121285,Bachelors,13,Never-married,Sales,Not-in-family,White,Female,0,0,40,United-States,<=50K,129.0
29,Private,188729,Bachelors,13,Never-married,Adm-clerical,Not-in-family,White,Female,0,0,45,United-States,<=50K,623.0
71,Self-emp-not-inc,322789,HS-grad,9,Married-civ-spouse,Farming-fishing,Husband,Amer-Indian-Eskimo,Male,0,0,35,United-States,<=50K,951.0
55,Private,202652,Bachelors,13,Never-married,Exec-managerial,Not-in-family,White,Female,0,0,35,United-States,<=50K,541.0
34,Local-gov,144182,Preschool,1,Never-married,Adm-clerical,Own-child,Black,Female,0,0,25,United-States,<=50K,316.0
39,Private,107303,HS-grad,9,Married-civ-spouse,Tech-support,Husband,White,Male,0,0,40,United-States,>50K,848.0
40,Local-gov,165822,Assoc-voc,11,Divorced,Exec-managerial,Unmarried,White,Female,0,0,40,United-States,<=50K,776.0
44,Local-gov,157599,Masters,14,Divorced,Prof-specialty,Not-in-family,White,Female,0,0,50,United-States,>50K,157.0
27,Private,156266,HS-grad,9,Never-married,Sales,Own-child,Amer-Indian-Eskimo,Male,0,0,20,United-States,<=50K,218.0
32,Private,131224,HS-grad,9,Married-civ-spouse,Prof-specialty,Husband,White,Male,0,0,40,United-States,<=50K,72.0
39,Self-emp-not-inc,106347,Some-college,10,Divorced,Sales,Unmarried,White,Male,0,0,47,United-States,<=50K,466.0
52,Federal-gov,30731,Bachelors,13,Married-civ-spouse,Exec-managerial,Husband,White,Male,0,0,45,United-States,>50K,713.0
48,Local-gov,274276,7th-8th,4,Married-civ-spouse,Transport-moving,Husband,White,Male,0,1902,40,United-States,<=50K,792.0
32,Private,37306,Bachelors,13,Married-civ-spouse,Exec-managerial,Husband,White,Male,0,0,45,United-States,>50K,850.0
31,Private,195918,11th,7,Married-civ-spouse,Craft-repair,Husband,White,Male,0,0,40,United-States,<=50K,874.0
27,Private,176514,Assoc-voc,11,Never-married,Craft-repair,Not-in-family,White,Male,0,0,40,United-States,<=50K,241.0
27,Private,176514,Assoc-voc,11,Never-married,Craft-repair,Not-in-family,White,Male,0,0,40,United-States,<=50K,985.0
40,Private,163237,Bachelors,13,Divorced,Exec-managerial,Not-in-family,White,Female,10520,0,40,United-States,>50K,987.0
39,?,157443,Masters,14,Married-civ-spouse,?,Wife,Asian-Pac-Islander,Female,3464,0,40,?,<=50K,109.0
23,Private,54878,Bachelors,13,Never-married,Protective-serv,Not-in-family,White,Female,2907,0,40,United-States,<=50K,177.0
31,Private,204751,12th,8,Never-married,Sales,Own-child,White,Male,0,0,32,United-States,<=50K,968.0
37,Private,256636,HS-grad,9,Married-civ-spouse,Transport-moving,Husband,White,Male,0,0,40,United-States,<=50K,208.0
35,Private,184698,Bachelors,13,Never-married,Prof-specialty,Not-in-family,White,Male,0,0,40,United-States,<=50K,668.0
41,Private,112763,HS-grad,9,Widowed,Sales,Not-in-family,White,Female,0,0,40,United-States,<=50K,715.0
49,Private,192022,HS-grad,9,Married-civ-spouse,Craft-repair,Husband,White,Male,0,0,40,United-States,>50K,193.0
40,Private,114648,Assoc-voc,11,Married-civ-spouse,Exec-managerial,Husband,White,Male,0,0,50,United-States,>50K,756.0
39,Private,308493,HS-grad,9,Married-civ-spouse,Craft-repair,Husband,White,Male,0,0,40,United-States,<=50K,926.0
36,Self-emp-not-inc,164526,Masters,14,Never-married,Sales,Not-in-family,White,Male,10520,0,45,United-States,>50K,123.0
35,Private,233150,11th,7,Separated,Other-service,Unmarried,White,Male,0,0,20,United-States,<=50K,935.0
32,Private,54560,Bachelors,13,Married-civ-spouse,Sales,Husband,White,Male,99999,0,50,United-States,>50K,652.0
47,Private,165034,Some-college,10,Married-civ-spouse,Craft-repair,Husband,White,Male,0,0,43,United-States,>50K,8.0
51,Private,231230,HS-grad,9,Married-civ-spouse,Machine-op-inspct,Husband,White,Male,0,0,45,United-States,<=50K,658.0
