age,workclass,fnlwgt,education,education-num,marital-status,occupation,relationship,race,sex,capital-gain,capital-loss,hours-per-week,native-country,income,placeholder
33,Private,21792,Bachelors,13,Married-civ-spouse,Sales,Husband,White,Male,0,0,80,Columbia,>50K,42.0
31,Private,201865,HS-grad,9,Married-civ-spouse,Transport-moving,Husband,White,Male,0,0,50,United-States,<=50K,330.0
27,Local-gov,198634,HS-grad,9,Married-civ-spouse,Adm-clerical,Husband,White,Male,0,0,38,United-States,<=50K,760.0
49,State-gov,336215,10th,6,Married-civ-spouse,Other-service,Husband,White,Male,0,0,40,United-States,<=50K,694.0
58,Self-emp-not-inc,33363,Assoc-acdm,12,Married-civ-spouse,Craft-repair,Wife,White,Female,0,0,20,United-States,<=50K,481.0
35,Private,65706,HS-grad,9,Divorced,Other-service,Unmarried,White,Female,0,0,40,United-States,<=50K,573.0
33,Private,219632,Bachelors,13,Married-civ-spouse,Sales,Husband,White,Male,0,0,80,Columbia,>50K,936.0
23,Local-gov,203078,Some-college,10,Married-civ-spouse,Protective-serv,Husband,Black,Male,0,0,40,United-States,<=50K,585.0
61,Private,539019,Some-college,10,Married-civ-spouse,Exec-managerial,Husband,White,Male,0,0,45,United-States,>50K,541.0
32,Private,235124,Assoc-voc,11,Divorced,Prof-specialty,Not-in-family,White,Male,0,0,40,United-States,<=50K,910.0
26,Private,58683,HS-grad,9,Married-civ-spouse,Prof-specialty,Husband,White,Male,0,0,50,United-States,<=50K,46.0
17,Private,284166,9th,5,Never-married,Other-service,Own-child,White,Male,0,0,16,United-States,<=50K,391.0
18,Private,59664,HS-grad,9,Never-married,Priv-house-serv,Other-relative,White,Female,0,0,10,United-States,<=50K,851.0
52,Private,94391,HS-grad,9,Married-civ-spouse,Adm-clerical,Husband,White,Male,0,0,40,United-States,<=50K,936.0
62,?,73091,7th-8th,4,Widowed,?,Not-in-family,Black,Male,0,0,40,United-States,<=50K,407.0
20,Private,180779,Some-college,10,Never-married,Sales,Own-child,White,Male,0,0,20,United-States,<=50K,495.0
29,Private,160086,Assoc-acdm,12,Married-civ-spouse,Prof-specialty,Husband,White,Male,0,0,50,United-States,<=50K,327.0
44,Private,71269,Some-college,10,Divorced,Exec-managerial,Not-in-family,White,Male,0,0,50,United-States,<=50K,269.0
25,Private,42902,10th,6,Married-civ-spouse,Exec-managerial,Husband,White,Male,0,0,40,United-States,<=50K,835.0
26,State-gov,294400,HS-grad,9,Married-civ-spouse,Protective-serv,Husband,White,Male,0,0,38,United-States,<=50K,428.0
24,Private,248754,Some-college,10,Never-married,Sales,Other-relative,Black,Female,0,0,40,United-States,<=50K,705.0
40,Private,95639,HS-grad,9,Separated,Handlers-cleaners,Unmarried,Amer-Indian-Eskimo,Male,0,0,45,United-States,<=50K,87.0
43,State-gov,419691,HS-grad,9,Married-civ-spouse,Transport-moving,Husband,White,Male,0,0,38,United-States,>50K,485.0
22,Private,203039,Assoc-voc,11,Married-civ-spouse,Other-service,Husband,White,Male,0,0,43,United-States,<=50K,691.0
17,?,41643,11th,7,Never-married,?,Own-child,White,Female,0,0,15,United-States,<=50K,627.0
37,Private,126613,Masters,14,Married-civ-spouse,Exec-managerial,Husband,White,Male,0,1977,40,United-States,>50K,166.0
26,State-gov,293510,HS-grad,9,Married-civ-spouse,Protective-serv,Husband,White,Male,0,0,38,United-States,<=50K,457.0
56,Private,224981,HS-grad,9,Married-civ-spouse,Prof-specialty,Husband,White,Male,0,0,40,United-States,<=50K,595.0
46,Private,187067,HS-grad,9,Divorced,Craft-repair,Other-relative,White,Male,0,0,48,United-States,>50K,38.0
38,Private,179135,Assoc-acdm,12,Married-spouse-absent,Adm-clerical,Unmarried,White,Female,0,0,40,United-States,<=50K,113.0
71,Federal-gov,101676,10th,6,Married-civ-spouse,Adm-clerical,Husband,White,Male,0,0,40,United-States,<=50K,418.0
40,Private,210844,11th,7,Widowed,Adm-clerical,Unmarried,White,Female,0,0,40,United-States,<=50K,868.0
35,Private,126569,HS-grad,9,Divorced,Craft-repair,Own-child,White,Male,0,0,20,United-States,<=50K,986.0
22,Private,194580,Bachelors,13,Never-married,Sales,Not-in-family,White,Male,0,0,45,United-States,<=50K,932.0
22,Private,394356,Some-college,10,Never-married,Prof-specialty,Not-in-family,White,Male,0,0,45,United-States,<=50K,607.0
18,Private,116294,HS-grad,9,Never-married,Machine-op-inspct,Own-child,White,Male,0,0,20,United-States,<=50K,446.0
26,Private,379066,HS-grad,9,Never-married,Handlers-cleaners,Own-child,White,Male,0,0,52,United-States,<=50K,868.0
27,Private,57600,HS-grad,9,Married-civ-spouse,Handlers-cleaners,Husband,Amer-Indian-Eskimo,Male,0,0,8,United-States,<=50K,486.0
22,Private,215789,Some-college,10,Married-civ-spouse,Other-service,Husband,Amer-Indian-Eskimo,Male,0,0,40,United-States,<=50K,510.0
49,Local-gov,329341,Some-college,10,Married-civ-spouse,Protective-serv,Husband,White,Male,0,0,44,United-States,>50K,777.0
29,Private,267912,HS-grad,9,Married-civ-spouse,Craft-repair,Husband,White,Male,0,0,40,United-States,<=50K,277.0
35,Private,348092,Some-college,10,Married-civ-spouse,Sales,Husband,White,Male,0,0,60,United-States,>50K,403.0
46,Private,40666,HS-grad,9,Married-civ-spouse,Exec-managerial,Husband,White,Male,0,0,40,United-States,<=50K,896.0
22,Private,189749,Some-college,10,Never-married,Other-service,Not-in-family,White,Female,0,0,50,United-States,<=50K,368.0
43,Local-gov,98130,Bachelors,13,Divorced,Prof-specialty,Own-child,White,Female,0,0,39,United-States,<=50K,809.0
43,Private,196857,Bachelors,13,Married-civ-spouse,Machine-op-inspct,Husband,White,Male,0,1902,40,United-States,>50K,317.0
45,State-gov,94754,Masters,14,Married-civ-spouse,Adm-clerical,Husband,White,Male,0,0,40,India,<=50K,830.0
50,Private,37599,HS-grad,9,Married-civ-spouse,Transport-moving,Husband,Black,Male,0,0,40,United-States,<=50K,248.0
47,Private,100931,Masters,14,Divorced,Prof-specialty,Not-in-family,White,Male,0,0,45,United-States,<=50K,471.0
35,Private,329341,9th,5,Married-civ-spouse,Other-service,Husband,White,Male,0,0,40,Mexico,<=50K,881.0
37,Private,191858,Bachelors,13,Married-civ-spouse,Adm-clerical,Husband,White,Male,0,0,50,United-States,>50K,763.0
70,Local-gov,127463,HS-grad,9,Married-civ-spouse,Sales,Husband,White,Male,0,0,40,United-States,<=50K,325.0
53,Private,287908,HS-grad,9,Divorced,Sales,Not-in-family,White,Female,0,0,60,England,<=50K,327.0
33,Private,168693,HS-grad,9,Never-married,Sales,Own-child,White,Female,0,0,40,United-States,<=50K,753.0
35,Self-emp-inc,237713,Prof-school,15,Married-civ-spouse,Prof-specialty,Husband,White,Male,0,0,50,United-States,>50K,733.0
47,Federal-gov,211123,HS-grad,9,Married-civ-spouse,Craft-repair,Husband,White,Male,0,0,40,United-States,<=50K,403.0
39,Private,191754,5th-6th,3,Married-civ-spouse,Machine-op-inspct,Husband,White,Male,0,0,40,United-States,<=50K,935.0
18,?,215789,Some-college,10,Never-married,?,Own-child,White,Female,0,1602,24,United-States,<=50K,461.0
49,State-gov,338242,10th,6,Married-civ-spouse,Other-service,Husband,White,Male,0,0,40,United-States,<=50K,809.0
33,State-gov,85632,Some-college,10,Married-civ-spouse,Adm-clerical,Wife,White,Female,0,0,40,United-States,<=50K,787.0
29,Private,277695,Some-college,10,Married-civ-spouse,Sales,Wife,White,Female,0,0,25,United-States,<=50K,799.0
30,State-gov,714597,Some-college,10,Never-married,Protective-serv,Not-in-family,Black,Male,0,0,45,United-States,<=50K,655.0
28,Local-gov,230054,Assoc-voc,11,Married-civ-spouse,Prof-specialty,Wife,White,Female,7688,0,36,United-States,>50K,260.0
28,Local-gov,205852,Assoc-acdm,12,Married-civ-spouse,Protective-serv,Husband,White,Male,0,0,45,United-States,>50K,658.0
44,Private,153486,HS-grad,9,Never-married,Other-service,Unmarried,White,Male,0,0,40,United-States,<=50K,243.0
41,Private,328466,HS-grad,9,Married-civ-spouse,Machine-op-inspct,Husband,White,Male,0,0,40,United-States,<=50K,297.0
22,Private,225267,Bachelors,13,Married-civ-spouse,Prof-specialty,Wife,White,Female,0,0,40,United-States,<=50K,758.0
40,Federal-gov,154891,HS-grad,9,Married-civ-spouse,Adm-clerical,Husband,White,Male,0,0,55,United-States,>50K,203.0
40,Private,210493,11th,7,Widowed,Adm-clerical,Unmarried,White,Female,0,0,40,United-States,<=50K,446.0
51,Local-gov,99064,Masters,14,Married-civ-spouse,Prof-specialty,Husband,White,Male,0,0,35,United-States,<=50K,19.0
21,Private,346762,Some-college,10,Never-married,Adm-clerical,Own-child,Asian-Pac-Islander,Male,0,0,20,United-States,<=50K,420.0
40,Private,227823,Assoc-acdm,12,Divorced,Adm-clerical,Own-child,White,Female,0,0,70,United-States,<=50K,476.0
25,Private,257940,Bachelors,13,Never-married,Prof-specialty,Not-in-family,White,Male,0,0,45,United-States,<=50K,647.0
30,Private,256051,HS-grad,9,Married-civ-spouse,Other-service,Husband,Black,Male,0,0,25,United-States,<=50K,364.0
46,Private,36104,Assoc-acdm,12,Divorced,Sales,Not-in-family,White,Female,0,0,25,Germany,<=50K,19.0
50,Self-emp-not-inc,439608,Bachelors,13,Divorced,Exec-managerial,Not-in-family,White,Male,0,0,50,United-States,<=50K,983.0
32,Federal-gov,90668,HS-grad,9,Never-married,Exec-managerial,Unmarried,White,Female,0,1380,40,United-States,<=50K,577.0
35,Private,218184,HS-grad,9,Married-civ-spouse,Craft-repair,Husband,White,Male,0,0,40,United-States,>50K,412.0
30,Private,176992,HS-grad,9,Divorced,Machine-op-inspct,Not-in-family,White,Male,0,0,40,United-States,<=50K,937.0
22,Private,212213,HS-grad,9,Never-married,Handlers-cleaners,Own-child,White,Male,0,0,40,United-States,<=50K,135.0
38,Private,192226,Bachelors,13,Married-civ-spouse,Exec-managerial,Husband,White,Male,7688,0,40,United-States,>50K,72.0
22,Private,243165,9th,5,Never-married,Craft-repair,Own-child,White,Male,0,0,40,United-States,<=50K,13.0
24,Private,274398,Some-college,10,Never-married,Adm-clerical,Own-child,Black,Female,0,0,20,United-States,<=50K,964.0
26,Private,214627,11th,7,Never-married,Machine-op-inspct,Unmarried,White,Male,6497,0,48,United-States,<=50K,862.0
22,Private,182414,Some-college,10,Never-married,Craft-repair,Own-child,White,Male,0,0,40,United-States,<=50K,386.0
45,Private,179135,HS-grad,9,Divorced,Adm-clerical,Not-in-family,White,Female,0,0,40,United-States,<=50K,80.0
54,Private,186009,Bachelors,13,Married-civ-spouse,Craft-repair,Husband,White,Male,0,0,45,United-States,>50K,533.0
23,Private,204596,Some-college,10,Never-married,Handlers-cleaners,Own-child,White,Male,0,0,10,United-States,<=50K,300.0
56,?,423605,Assoc-acdm,12,Married-civ-spouse,?,Husband,White,Male,0,0,20,United-States,<=50K,779.0
23,Private,128162,Bachelors,13,Never-married,Prof-specialty,Not-in-family,White,Female,0,0,20,United-States,<=50K,642.0
46,Private,98735,Bachelors,13,Separated,Prof-specialty,Unmarried,White,Female,0,0,50,United-States,<=50K,396.0
30,Private,158420,Bachelors,13,Never-married,Prof-specialty,Not-in-family,White,Male,0,0,50,Iran,<=50K,591.0
56,?,427744,Assoc-acdm,12,Married-civ-spouse,?,Husband,White,Male,0,0,20,United-States,<=50K,972.0
40,Private,238474,HS-grad,9,Divorced,Craft-repair,Not-in-family,White,Male,0,0,50,United-States,<=50K,436.0
62,?,73471,7th-8th,4,Widowed,?,Not-in-family,Black,Male,0,0,40,United-States,<=50K,102.0
62,Private,416829,11th,7,Separated,Other-service,Not-in-family,Black,Female,0,0,21,United-States,<=50K,711.0
24,Private,199343,Assoc-acdm,12,Never-married,Handlers-cleaners,Own-child,White,Male,0,0,30,United-States,<=50K,291.0
36,Private,353012,Bachelors,13,Married-civ-spouse,Prof-specialty,Husband,White,Male,0,0,60,United-States,>50K,46.0
37,Self-emp-not-inc,180976,HS-grad,9,Divorced,Craft-repair,Not-in-family,White,Male,0,0,50,United-States,<=50K,929.0
34,Local-gov,108247,Some-college,10,Married-civ-spouse,Exec-managerial,Husband,White,Male,0,0,45,United-States,>50K,834.0
36,Private,221550,Masters,14,Divorced,Exec-managerial,Not-in-family,White,Male,0,0,50,Greece,>50K,291.0
34,Self-emp-not-inc,321865,Prof-school,15,Separated,Prof-specialty,Unmarried,White,Male,0,0,48,United-States,>50K,279.0
56,Federal-gov,33863,Assoc-voc,11,Widowed,Adm-clerical,Unmarried,Black,Female,0,0,40,United-States,<=50K,359.0
54,Federal-gov,445382,Some-college,10,Divorced,Adm-clerical,Not-in-family,White,Female,0,0,40,United-States,<=50K,989.0
51,Private,137253,HS-grad,9,Divorced,Prof-specialty,Unmarried,White,Female,0,0,40,United-States,>50K,744.0
36,Private,188330,Some-college,10,Married-civ-spouse,Exec-managerial,Husband,White,Male,0,0,50,United-States,>50K,483.0
19,?,180060,10th,6,Never-married,?,Unmarried,White,Female,0,0,35,United-States,<=50K,372.0
65,Private,113293,HS-grad,9,Married-civ-spouse,Craft-repair,Husband,White,Male,0,0,40,United-States,<=50K,452.0
53,Private,27187,HS-grad,9,Married-spouse-absent,Transport-moving,Not-in-family,White,Male,0,0,40,United-States,>50K,744.0
22,Private,27166,11th,7,Never-married,Sales,Not-in-family,White,Female,0,0,40,United-States,<=50K,78.0
26,Private,384795,HS-grad,9,Never-married,Handlers-cleaners,Own-child,White,Male,0,0,52,United-States,<=50K,82.0
40,Private,354078,10th,6,Married-civ-spouse,Craft-repair,Husband,White,Male,0,0,40,United-States,<=50K,359.0
25,Local-gov,203376,Some-college,10,Married-civ-spouse,Other-service,Husband,White,Male,0,0,40,United-States,<=50K,190.0
55,Private,128162,Some-college,10,Married-civ-spouse,Transport-moving,Husband,White,Male,0,0,60,United-States,<=50K,767.0
20,Federal-gov,55233,Some-college,10,Never-married,Adm-clerical,Other-relative,White,Female,0,0,40,United-States,<=50K,477.0
64,Private,208326,Bachelors,13,Divorced,Exec-managerial,Not-in-family,White,Female,0,0,40,United-States,<=50K,294.0
22,Private,181557,Some-college,10,Never-married,Craft-repair,Own-child,White,Male,0,0,40,United-States,<=50K,492.0
41,Private,352612,HS-grad,9,Divorced,Machine-op-inspct,Not-in-family,White,Male,0,0,40,United-States,<=50K,236.0
22,Private,109800,Some-college,10,Never-married,Adm-clerical,Not-in-family,White,Female,0,0,40,United-States,<=50K,636.0
19,Private,134367,Some-college,10,Never-married,Sales,Own-child,White,Male,0,0,15,United-States,<=50K,699.0
49,Self-emp-not-inc,393691,Some-college,10,Married-civ-spouse,Prof-specialty,Husband,White,Male,0,0,40,United-States,>50K,19.0
33,Private,180060,HS-grad,9,Married-civ-spouse,Sales,Wife,White,Female,0,0,20,United-States,<=50K,818.0
23,Private,200227,10th,6,Never-married,Machine-op-inspct,Not-in-family,White,Female,0,0,40,United-States,<=50K,461.0
24,Private,137192,HS-grad,9,Never-married,Craft-repair,Own-child,White,Male,0,0,50,United-States,<=50K,683.0
38,Self-emp-inc,116608,Some-college,10,Married-civ-spouse,Other-service,Wife,White,Female,0,0,20,United-States,>50K,59.0
54,Federal-gov,445382,Some-college,10,Divorced,Adm-clerical,Not-in-family,White,Female,0,0,40,United-States,<=50K,284.0
48,Private,213140,Some-college,10,Married-civ-spouse,Craft-repair,Husband,White,Male,0,0,60,United-States,>50K,42.0
50,Private,194580,HS-grad,9,Married-civ-spouse,Sales,Husband,White,Male,0,0,60,United-States,>50K,284.0
55,Private,164332,HS-grad,9,Separated,Other-service,Not-in-family,White,Female,0,0,16,United-States,<=50K,492.0
34,Private,113649,Bachelors,13,Married-civ-spouse,Exec-managerial,Husband,White,Male,0,0,40,United-States,<=50K,45.0
22,Private,110426,Some-college,10,Never-married,Adm-clerical,Not-in-family,White,Female,0,0,40,United-States,<=50K,314.0
62,Private,417941,11th,7,Separated,Other-service,Not-in-family,Black,Female,0,0,21,United-States,<=50K,41.0
23,Private,195949,Some-college,10,Never-married,Adm-clerical,Own-child,Black,Female,0,0,24,United-States,<=50K,292.0
46,Self-emp-not-inc,214413,Bachelors,13,Married-civ-spouse,Sales,Husband,White,Male,0,1977,45,United-States,>50K,211.0
44,Federal-gov,344278,Prof-school,15,Married-civ-spouse,Prof-specialty,Husband,White,Male,0,0,40,United-States,>50K,864.0
27,Local-gov,133986,HS-grad,9,Never-married,Prof-specialty,Own-child,White,Male,0,0,40,United-States,<=50K,131.0
27,Private,211570,11th,7,Never-married,Handlers-cleaners,Other-relative,Black,Male,0,0,40,United-States,<=50K,288.0
28,Private,407043,10th,6,Never-married,Farming-fishing,Other-relative,White,Male,0,0,35,Mexico,<=50K,743.0
62,Private,201865,HS-grad,9,Widowed,Craft-repair,Unmarried,Black,Female,0,0,40,United-States,<=50K,890.0
42,Private,303521,HS-grad,9,Never-married,Machine-op-inspct,Unmarried,Black,Female,0,0,40,United-States,<=50K,496.0
30,Private,316606,Bachelors,13,Married-civ-spouse,Other-service,Wife,White,Female,0,0,40,United-States,<=50K,200.0
31,Private,260549,7th-8th,4,Married-civ-spouse,Machine-op-inspct,Husband,White,Male,0,0,40,United-States,<=50K,64.0
45,State-gov,129499,Some-college,10,Never-married,Adm-clerical,Not-in-family,White,Female,0,0,40,United-States,<=50K,613.0
52,Private,169611,Assoc-voc,11,Married-civ-spouse,Craft-repair,Husband,White,Male,0,0,40,United-States,>50K,207.0
19,?,258761,HS-grad,9,Never-married,?,Not-in-family,White,Female,0,0,16,United-States,<=50K,561.0
27,Private,21626,HS-grad,9,Married-civ-spouse,Craft-repair,Husband,White,Male,0,0,40,United-States,<=50K,609.0
53,Local-gov,248990,Bachelors,13,Married-civ-spouse,Prof-specialty,Wife,White,Female,0,0,50,United-States,>50K,764.0
39,Private,101020,12th,8,Married-civ-spouse,Machine-op-inspct,Husband,White,Male,0,0,40,United-States,<=50K,946.0
19,Private,146879,Some-college,10,Never-married,Exec-managerial,Own-child,Black,Male,0,0,30,United-States,<=50K,667.0
32,Private,419691,12th,8,Married-civ-spouse,Sales,Husband,White,Male,0,0,40,United-States,>50K,883.0
25,Private,229223,Some-college,10,Never-married,Craft-repair,Other-relative,Asian-Pac-Islander,Female,0,0,40,Cambodia,<=50K,852.0
46,Private,58744,Bachelors,13,Married-civ-spouse,Exec-managerial,Husband,White,Male,14084,0,55,United-States,>50K,817.0
25,Private,252842,Some-college,10,Never-married,Adm-clerical,Not-in-family,White,Female,0,0,40,United-States,<=50K,580.0
65,Private,475775,HS-grad,9,Widowed,Adm-clerical,Not-in-family,White,Female,0,0,22,United-States,<=50K,330.0
28,Private,183620,Some-college,10,Married-civ-spouse,Sales,Husband,White,Male,0,0,50,United-States,<=50K,762.0
35,Private,108946,HS-grad,9,Divorced,Tech-support,Unmarried,White,Female,0,0,40,United-States,<=50K,252.0
57,Private,110820,HS-grad,9,Married-civ-spouse,Craft-repair,Husband,White,Male,0,0,40,United-States,>50K,711.0
22,Private,39667,Some-college,10,Never-married,Prof-specialty,Not-in-family,White,Male,0,0,45,United-States,<=50K,552.0
54,Private,96710,HS-grad,9,Married-civ-spouse,Priv-house-serv,Other-relative,Black,Female,0,0,20,United-States,<=50K,658.0
43,Private,233851,Bachelors,13,Divorced,Adm-clerical,Not-in-family,White,Female,0,0,40,United-States,<=50K,899.0
73,Self-emp-not-inc,102510,7th-8th,4,Married-civ-spouse,Farming-fishing,Husband,White,Male,6418,0,99,United-States,>50K,53.0
37,Private,126204,Masters,14,Married-civ-spouse,Exec-managerial,Husband,White,Male,0,1977,40,United-States,>50K,543.0
59,?,367984,Bachelors,13,Married-civ-spouse,?,Husband,White,Male,0,0,40,United-States,<=50K,272.0
28,Private,144778,Bachelors,13,Married-civ-spouse,Prof-specialty,Wife,White,Female,4386,0,20,United-States,>50K,612.0
26,State-gov,294400,HS-grad,9,Married-civ-spouse,Protective-serv,Husband,White,Male,0,0,38,United-States,<=50K,372.0
33,State-gov,294493,HS-grad,9,Married-civ-spouse,Craft-repair,Husband,White,Male,0,0,40,United-States,<=50K,370.0
49,Private,343231,12th,8,Married-civ-spouse,Craft-repair,Husband,White,Male,0,0,40,United-States,>50K,599.0
35,Private,82552,HS-grad,9,Never-married,Craft-repair,Unmarried,White,Male,0,0,35,United-States,<=50K,17.0
17,Private,246439,11th,7,Never-married,Other-service,Own-child,White,Male,0,0,12,United-States,<=50K,305.0
27,Private,214896,HS-grad,9,Married-civ-spouse,Craft-repair,Husband,White,Male,0,0,40,United-States,<=50K,144.0
22,State-gov,119838,Some-college,10,Never-married,Other-service,Own-child,White,Male,0,0,10,United-States,<=50K,979.0
33,State-gov,85632,Some-college,10,Married-civ-spouse,Adm-clerical,Wife,White,Female,0,0,40,United-States,<=50K,858.0
29,State-gov,214695,Bachelors,13,Married-civ-spouse,Prof-specialty,Husband,White,Male,0,0,40,Honduras,>50K,69.0
37,Self-emp-not-inc,42044,Some-college,10,Married-civ-spouse,Farming-fishing,Husband,White,Male,0,0,84,United-States,<=50K,914.0
23,Private,117059,HS-grad,9,Never-married,Craft-repair,Own-child,White,Male,0,0,40,United-States,<=50K,480.0
46,Private,254890,Some-college,10,Never-married,Machine-op-inspct,Not-in-family,White,Female,2354,0,40,United-States,<=50K,331.0
38,Private,396758,Bachelors,13,Married-civ-spouse,Exec-managerial,Husband,White,Male,15024,0,50,United-States,>50K,784.0
62,Self-emp-inc,197184,Assoc-voc,11,Married-civ-spouse,Exec-managerial,Husband,White,Male,0,0,50,United-States,<=50K,525.0
33,Private,93056,HS-grad,9,Married-civ-spouse,Transport-moving,Husband,White,Male,0,0,40,United-States,<=50K,935.0
62,Private,270522,9th,5,Married-civ-spouse,Other-service,Husband,Black,Male,0,0,42,United-States,<=50K,772.0
62,Private,193434,HS-grad,9,Divorced,Machine-op-inspct,Not-in-family,White,Female,2202,0,40,United-States,<=50K,465.0
47,Self-emp-not-inc,243762,Bachelors,13,Married-civ-spouse,Prof-specialty,Husband,Asian-Pac-Islander,Male,0,0,40,South,<=50K,215.0
22,Private,307404,HS-grad,9,Never-married,Other-service,Own-child,White,Female,0,0,19,United-States,<=50K,481.0
45,Private,154641,Some-college,10,Married-civ-spouse,Adm-clerical,Husband,Black,Male,0,0,40,United-States,>50K,779.0
37,Private,214627,HS-grad,9,Married-civ-spouse,Machine-op-inspct,Husband,White,Male,0,0,40,United-States,<=50K,547.0
55,Private,110748,Bachelors,13,Married-civ-spouse,Exec-managerial,Husband,White,Male,0,1887,40,United-States,>50K,443.0
43,Local-gov,174395,Masters,14,Married-civ-spouse,Prof-specialty,Husband,White,Male,0,0,50,United-States,<=50K,145.0
30,Private,124187,HS-grad,9,Never-married,Farming-fishing,Own-child,Black,Male,0,0,60,United-States,<=50K,476.0
63,Self-emp-inc,22245,HS-grad,9,Married-civ-spouse,Exec-managerial,Husband,White,Male,0,0,40,United-States,>50K,65.0
29,Private,161155,Assoc-acdm,12,Married-civ-spouse,Prof-specialty,Husband,White,Male,0,0,50,United-States,<=50K,350.0
72,Private,132576,Some-college,10,Widowed,Adm-clerical,Not-in-family,White,Female,0,0,6,United-States,<=50K,615.0
34,Self-emp-not-inc,321824,Prof-school,15,Separated,Prof-specialty,Unmarried,White,Male,0,0,48,United-States,>50K,327.0
50,Private,72351,Bachelors,13,Divorced,Sales,Not-in-family,White,Male,0,0,45,United-States,<=50K,111.0
38,Private,80771,Bachelors,13,Married-civ-spouse,Prof-specialty,Wife,White,Female,0,0,40,United-States,>50K,902.0
55,Private,127677,Some-college,10,Married-civ-spouse,Transport-moving,Husband,White,Male,0,0,60,United-States,<=50K,249.0
45,Private,198513,Bachelors,13,Married-civ-spouse,Sales,Husband,White,Male,0,1902,45,United-States,>50K,789.0
72,Self-emp-not-inc,287908,Prof-school,15,Married-civ-spouse,Prof-specialty,Husband,White,Male,0,2246,28,United-States,>50K,196.0
39,Private,197816,Bachelors,13,Divorced,Exec-managerial,Not-in-family,White,Male,0,0,50,United-States,<=50K,134.0
19,Private,255161,HS-grad,9,Never-married,Sales,Own-child,White,Male,0,0,25,United-States,<=50K,243.0
34,Local-gov,208703,Bachelors,13,Never-married,Prof-specialty,Other-relative,Black,Male,0,0,15,United-States,<=50K,111.0
55,Private,197613,HS-grad,9,Never-married,Priv-house-serv,Unmarried,White,Female,0,0,40,Mexico,<=50K,75.0
57,Local-gov,139145,HS-grad,9,Divorced,Adm-clerical,Unmarried,White,Female,0,0,40,United-States,<=50K,688.0
49,Federal-gov,311671,Some-college,10,Married-civ-spouse,Exec-managerial,Husband,White,Male,0,0,40,United-States,>50K,597.0
41,Private,331650,HS-grad,9,Married-civ-spouse,Craft-repair,Husband,White,Male,0,0,45,United-States,<=50K,952.0
32,Private,263773,Some-college,10,Married-civ-spouse,Protective-serv,Husband,Black,Male,0,0,60,United-States,<=50K,583.0
67,Private,192995,HS-grad,9,Widowed,Adm-clerical,Unmarried,White,Female,6723,0,40,United-States,<=50K,329.0
20,Private,204397,Some-college,10,Never-married,Sales,Own-child,White,Female,0,0,32,United-States,<=50K,927.0
33,State-gov,85632,Some-college,10,Married-civ-spouse,Adm-clerical,Wife,White,Female,0,0,40,United-States,<=50K,552.0
54,Private,186117,Bachelors,13,Married-civ-spouse,Craft-repair,Husband,White,Male,0,0,45,United-States,>50K,9.0
33,Private,159123,Some-college,10,Married-civ-spouse,Adm-clerical,Husband,White,Male,0,0,40,United-States,>50K,394.0
25,Private,265097,Some-college,10,Married-civ-spouse,Adm-clerical,Wife,White,Female,0,0,40,United-States,>50K,317.0
25,Private,408229,Bachelors,13,Never-married,Prof-specialty,Not-in-family,White,Female,0,0,40,United-States,<=50K,260.0
39,Private,235259,Some-college,10,Divorced,Adm-clerical,Not-in-family,White,Female,0,0,40,United-States,<=50K,864.0
28,Private,56424,Some-college,10,Never-married,Craft-repair,Not-in-family,Black,Male,0,0,40,United-States,<=50K,866.0
33,State-gov,296453,HS-grad,9,Married-civ-spouse,Craft-repair,Husband,White,Male,0,0,40,United-States,<=50K,828.0
23,Private,126569,Some-college,10,Never-married,Other-service,Not-in-family,Asian-Pac-Islander,Female,0,0,35,Vietnam,<=50K,903.0
58,Private,187067,Bachelors,13,Never-married,Prof-specialty,Not-in-family,White,Female,0,0,62,Canada,<=50K,647.0
18,Private,152102,11th,7,Married-civ-spouse,Sales,Wife,Other,Female,0,0,20,United-States,<=50K,743.0
49,Private,133403,Bachelors,13,Married-civ-spouse,Exec-managerial,Husband,White,Male,0,0,50,United-States,>50K,177.0
33,Private,35783,Bachelors,13,Never-married,Adm-clerical,Own-child,White,Female,0,0,10,United-States,<=50K,352.0
47,Self-emp-not-inc,243631,Bachelors,13,Married-civ-spouse,Prof-specialty,Husband,Asian-Pac-Islander,Male,0,0,40,South,<=50K,591.0
57,Local-gov,170066,HS-grad,9,Married-civ-spouse,Transport-moving,Husband,White,Male,0,0,25,United-States,>50K,95.0
53,Self-emp-not-inc,258849,7th-8th,4,Married-civ-spouse,Machine-op-inspct,Husband,White,Male,0,0,40,United-States,<=50K,392.0
29,Private,277347,Some-college,10,Married-civ-spouse,Sales,Wife,White,Female,0,0,25,United-States,<=50K,550.0
34,Private,273435,HS-grad,9,Divorced,Adm-clerical,Unmarried,Black,Female,0,0,40,United-States,<=50K,672.0
25,Private,192791,Bachelors,13,Married-civ-spouse,Tech-support,Husband,White,Male,0,0,35,United-States,<=50K,226.0
38,Private,166517,HS-grad,9,Divorced,Adm-clerical,Not-in-family,White,Female,0,0,50,United-States,<=50K,443.0
50,Private,169995,7th-8th,4,Married-civ-spouse,Machine-op-inspct,Husband,White,Male,0,0,40,United-States,<=50K,898.0
33,Private,93056,HS-grad,9,Married-civ-spouse,Transport-moving,Husband,White,Male,0,0,40,United-States,<=50K,202.0
26,Private,416829,Bachelors,13,Never-married,Exec-managerial,Not-in-family,White,Female,0,0,40,United-States,<=50K,718.0
41,Private,204682,HS-grad,9,Divorced,Craft-repair,Unmarried,White,Male,2174,0,40,Japan,<=50K,444.0
68,Self-emp-inc,119938,Bachelors,13,Married-civ-spouse,Exec-managerial,Husband,White,Male,0,0,40,United-States,>50K,845.0
27,Private,204052,Some-college,10,Never-married,Adm-clerical,Not-in-family,Black,Female,0,0,40,United-States,<=50K,411.0
38,Self-emp-inc,188330,Bachelors,13,Married-civ-spouse,Sales,Husband,White,Male,15024,0,40,United-States,>50K,10.0
20,Private,73471,Some-college,10,Never-married,Sales,Not-in-family,White,Female,0,0,50,United-States,<=50K,247.0
64,Self-emp-inc,179135,Bachelors,13,Married-civ-spouse,Exec-managerial,Husband,White,Male,15024,0,55,United-States,>50K,967.0
46,State-gov,354078,HS-grad,9,Married-civ-spouse,Transport-moving,Husband,White,Male,0,0,40,United-States,<=50K,401.0
28,Private,110981,Some-college,10,Never-married,Other-service,Not-in-family,White,Male,0,0,40,United-States,<=50K,469.0
46,Private,156566,Masters,14,Married-civ-spouse,Exec-managerial,Husband,White,Male,0,0,50,United-States,>50K,866.0
25,Private,472411,10th,6,Married-civ-spouse,Other-service,Wife,White,Female,0,0,40,United-States,<=50K,287.0
34,State-gov,287927,HS-grad,9,Never-married,Other-service,Own-child,Black,Male,0,0,42,United-States,<=50K,821.0
39,Private,198103,Bachelors,13,Divorced,Exec-managerial,Not-in-family,White,Male,0,0,50,United-States,<=50K,343.0
62,Private,416829,11th,7,Separated,Other-service,Not-in-family,Black,Female,0,0,21,United-States,<=50K,804.0
43,Private,197184,Bachelors,13,Married-civ-spouse,Machine-op-inspct,Husband,White,Male,0,1902,40,United-States,>50K,6.0
42,Private,205852,Assoc-voc,11,Separated,Sales,Unmarried,Black,Female,0,0,25,United-States,<=50K,928.0
50,State-gov,198146,Bachelors,13,Never-married,Exec-managerial,Not-in-family,White,Female,0,0,40,United-States,<=50K,247.0
31,Private,47151,HS-grad,9,Never-married,Other-service,Not-in-family,White,Female,0,0,56,United-States,<=50K,334.0
62,Self-emp-not-inc,214989,Masters,14,Married-civ-spouse,Exec-managerial,Husband,White,Male,0,1977,50,United-States,>50K,643.0
47,Private,123425,HS-grad,9,Never-married,Exec-managerial,Own-child,White,Male,0,0,41,United-States,<=50K,33.0
24,Private,38819,Some-college,10,Married-spouse-absent,Farming-fishing,Unmarried,White,Female,0,0,40,United-States,<=50K,428.0
51,State-gov,68493,7th-8th,4,Married-civ-spouse,Transport-moving,Husband,White,Male,0,0,40,United-States,<=50K,418.0
52,Federal-gov,39100,Bachelors,13,Separated,Adm-clerical,Unmarried,Black,Female,0,0,40,United-States,<=50K,169.0
28,Private,243762,11th,7,Separated,Craft-repair,Unmarried,White,Female,0,0,40,United-States,<=50K,978.0
33,Private,155193,HS-grad,9,Married-civ-spouse,Sales,Husband,White,Male,0,0,40,United-States,<=50K,150.0
47,Local-gov,265638,HS-grad,9,Married-civ-spouse,Other-service,Husband,White,Male,41310,0,40,United-States,>50K,531.0
60,Private,178050,HS-grad,9,Divorced,Other-service,Unmarried,Black,Female,0,0,38,United-States,<=50K,560.0
25,Private,228200,Some-college,10,Never-married,Craft-repair,Other-relative,Asian-Pac-Islander,Female,0,0,40,Cambodia,<=50K,978.0
36,Private,129853,HS-grad,9,Married-civ-spouse,Machine-op-inspct,Husband,White,Male,0,0,40,United-States,>50K,291.0
20,Private,404547,Some-college,10,Never-married,Other-service,Own-child,White,Female,0,0,11,United-States,<=50K,282.0
26,Private,47353,Some-college,10,Married-civ-spouse,Sales,Husband,White,Male,0,0,40,United-States,<=50K,379.0
46,Federal-gov,260549,Some-college,10,Married-civ-spouse,Adm-clerical,Husband,White,Male,0,0,80,United-States,>50K,639.0
55,Private,197613,HS-grad,9,Never-married,Priv-house-serv,Unmarried,White,Female,0,0,40,Mexico,<=50K,591.0
20,Private,293510,Some-college,10,Never-married,Craft-repair,Not-in-family,White,Male,0,0,40,United-States,<=50K,449.0
68,Private,347446,Some-college,10,Married-civ-spouse,Adm-clerical,Husband,White,Male,0,0,40,United-States,<=50K,157.0
27,Private,141323,HS-grad,9,Married-civ-spouse,Transport-moving,Husband,White,Male,0,1902,45,United-States,<=50K,707.0
58,Private,191001,HS-grad,9,Married-civ-spouse,Sales,Husband,White,Male,0,0,40,United-States,>50K,682.0
19,State-gov,116385,Assoc-acdm,12,Never-married,Adm-clerical,Own-child,White,Female,0,0,18,United-States,<=50K,556.0
31,Private,110643,Bachelors,13,Married-civ-spouse,Prof-specialty,Husband,White,Male,0,0,40,United-States,>50K,970.0
45,Private,163052,HS-grad,9,Divorced,Exec-managerial,Unmarried,White,Female,0,0,30,United-States,<=50K,424.0
44,Private,319027,Doctorate,16,Married-civ-spouse,Prof-specialty,Husband,White,Male,0,0,20,United-States,<=50K,147.0
22,Private,203051,Assoc-voc,11,Married-civ-spouse,Other-service,Husband,White,Male,0,0,44,United-States,<=50K,763.0
38,Private,165609,HS-grad,9,Divorced,Adm-clerical,Not-in-family,White,Female,0,0,50,United-States,<=50K,782.0
65,Private,113293,HS-grad,9,Married-civ-spouse,Craft-repair,Husband,White,Male,0,0,40,United-States,<=50K,486.0
66,Self-emp-not-inc,25249,HS-grad,9,Never-married,Farming-fishing,Other-relative,White,Male,0,0,20,United-States,<=50K,349.0
60,Private,119742,Some-college,10,Married-civ-spouse,Machine-op-inspct,Husband,White,Male,2829,0,40,United-States,>50K,658.0
67,Private,193081,HS-grad,9,Widowed,Adm-clerical,Unmarried,White,Female,6723,0,40,United-States,<=50K,939.0
30,Private,156464,Some-college,10,Never-married,Tech-support,Other-relative,White,Male,0,0,40,United-States,<=50K,13.0
28,Private,259931,Assoc-voc,11,Never-married,Prof-specialty,Unmarried,Amer-Indian-Eskimo,Male,0,0,40,United-States,<=50K,62.0
43,Private,221550,Bachelors,13,Separated,Adm-clerical,Unmarried,White,Female,0,0,35,United-States,<=50K,727.0
40,Private,133728,10th,6,Separated,Transport-moving,Unmarried,White,Female,0,0,70,United-States,<=50K,719.0
42,Self-emp-not-inc,177271,Bachelors,13,Married-spouse-absent,Exec-managerial,Not-in-family,White,Male,0,0,45,Poland,<=50K,111.0
26,Private,47353,Some-college,10,Married-civ-spouse,Sales,Husband,White,Male,0,0,40,United-States,<=50K,674.0
54,Private,98436,Masters,14,Married-civ-spouse,Other-service,Husband,White,Male,0,0,40,United-States,<=50K,155.0
50,Private,155489,HS-grad,9,Married-civ-spouse,Prof-specialty,Husband,White,Male,0,0,40,United-States,>50K,404.0
62,Private,194167,HS-grad,9,Divorced,Machine-op-inspct,Not-in-family,White,Female,2174,0,40,United-States,<=50K,754.0
44,Private,118059,Doctorate,16,Married-civ-spouse,Prof-specialty,Husband,White,Male,0,0,55,United-States,>50K,450.0
62,State-gov,254672,HS-grad,9,Married-civ-spouse,Adm-clerical,Husband,White,Male,0,0,40,United-States,<=50K,261.0
68,Self-emp-inc,119742,Bachelors,13,Married-civ-spouse,Exec-managerial,Husband,White,Male,0,0,40,United-States,>50K,511.0
28,Private,293926,HS-grad,9,Married-civ-spouse,Craft-repair,Husband,White,Male,0,1740,30,United-States,<=50K,408.0
27,Private,154641,Some-college,10,Never-married,Craft-repair,Unmarried,Other,Male,0,0,45,Ecuador,<=50K,408.0
19,State-gov,159269,Some-college,10,Never-married,Adm-clerical,Own-child,White,Male,0,0,15,United-States,<=50K,430.0
61,Self-emp-not-inc,225267,10th,6,Widowed,Craft-repair,Other-relative,White,Male,0,0,18,Mexico,<=50K,707.0
29,Private,33363,Bachelors,13,Never-married,Sales,Not-in-family,White,Male,0,0,45,United-States,<=50K,479.0
72,Self-emp-not-inc,287927,Prof-school,15,Married-civ-spouse,Prof-specialty,Husband,White,Male,0,2246,28,United-States,>50K,887.0
35,Private,162256,Assoc-voc,11,Divorced,Adm-clerical,Not-in-family,White,Female,6849,0,40,United-States,<=50K,451.0
57,Private,298507,Bachelors,13,Married-civ-spouse,Prof-specialty,Husband,White,Male,3103,0,40,United-States,>50K,141.0
31,Private,258849,Assoc-voc,11,Never-married,Adm-clerical,Unmarried,Black,Female,0,0,40,United-States,<=50K,458.0
43,Private,233851,Bachelors,13,Divorced,Adm-clerical,Not-in-family,White,Female,0,0,40,United-States,<=50K,216.0
23,Private,230704,Some-college,10,Never-married,Handlers-cleaners,Own-child,Black,Male,0,0,22,United-States,<=50K,40.0
54,Self-emp-not-inc,338242,HS-grad,9,Married-civ-spouse,Farming-fishing,Husband,White,Male,0,0,60,United-States,>50K,409.0
31,Private,191342,HS-grad,9,Never-married,Sales,Not-in-family,White,Female,0,0,40,United-States,<=50K,800.0
17,Private,354078,HS-grad,9,Never-married,Other-service,Own-child,White,Male,0,0,40,United-States,<=50K,360.0
43,Local-gov,174395,Masters,14,Married-civ-spouse,Prof-specialty,Husband,White,Male,0,0,50,United-States,<=50K,759.0
34,Private,212064,HS-grad,9,Separated,Adm-clerical,Unmarried,White,Female,7443,0,35,United-States,<=50K,629.0
36,Local-gov,253190,Prof-school,15,Divorced,Prof-specialty,Unmarried,White,Female,0,0,24,Germany,<=50K,302.0
62,Private,194630,HS-grad,9,Divorced,Machine-op-inspct,Not-in-family,White,Female,2174,0,40,United-States,<=50K,681.0
59,?,366425,Bachelors,13,Married-civ-spouse,?,Husband,White,Male,0,0,40,United-States,<=50K,176.0
47,State-gov,55360,Some-college,10,Married-civ-spouse,Craft-repair,Husband,White,Male,0,0,40,United-States,>50K,763.0
67,Private,193051,HS-grad,9,Widowed,Adm-clerical,Unmarried,White,Female,6723,0,40,United-States,<=50K,258.0
39,Self-emp-not-inc,65866,Some-college,10,Married-civ-spouse,Other-service,Wife,White,Female,0,0,15,United-States,>50K,898.0
58,Private,373216,Some-college,10,Divorced,Prof-specialty,Unmarried,White,Female,0,0,40,United-States,<=50K,175.0
47,Self-emp-not-inc,184682,HS-grad,9,Separated,Sales,Unmarried,White,Female,0,0,35,United-States,<=50K,205.0
35,Private,175221,HS-grad,9,Divorced,Handlers-cleaners,Other-relative,White,Male,0,0,40,United-States,<=50K,160.0
48,Self-emp-not-inc,122116,Some-college,10,Married-civ-spouse,Prof-specialty,Husband,White,Male,0,0,35,United-States,>50K,3.0
31,Private,110622,Bachelors,13,Married-civ-spouse,Prof-specialty,Husband,White,Male,0,0,40,United-States,>50K,750.0
31,Private,86150,9th,5,Married-civ-spouse,Exec-managerial,Wife,White,Female,0,0,40,United-States,<=50K,165.0
45,Self-emp-inc,405177,Prof-school,15,Married-civ-spouse,Prof-specialty,Husband,White,Male,0,0,55,United-States,>50K,846.0
37,Private,152909,Assoc-voc,11,Married-civ-spouse,Adm-clerical,Husband,White,Male,7688,0,40,United-States,>50K,583.0
33,Private,72338,Prof-school,15,Married-civ-spouse,Exec-managerial,Husband,Asian-Pac-Islander,Male,0,0,65,Jamaica,>50K,491.0
64,Private,208326,Bachelors,13,Divorced,Exec-managerial,Not-in-family,White,Female,0,0,40,United-States,<=50K,986.0
32,Private,396758,Bachelors,13,Married-civ-spouse,Prof-specialty,Husband,White,Male,0,2415,48,United-States,>50K,145.0
40,Private,65866,Some-college,10,Divorced,Tech-support,Unmarried,White,Female,0,213,40,United-States,<=50K,714.0
46,Private,385540,Bachelors,13,Divorced,Prof-specialty,Unmarried,Black,Female,0,0,32,United-States,<=50K,636.0
50,Private,193602,Masters,1,Never-married,Other-service,Not-in-family,Black,Female,0,0,40,Haiti,<=50K,101.0
58,Private,374108,Some-college,10,Divorced,Prof-specialty,Unmarried,White,Female,0,0,40,United-States,<=50K,522.0
68,Self-emp-inc,119742,Bachelors,13,Married-civ-spouse,Exec-managerial,Husband,White,Male,0,0,40,United-States,>50K,447.0
22,Private,310483,HS-grad,9,Never-married,Transport-moving,Own-child,White,Male,0,0,40,United-States,<=50K,801.0
30,Private,173998,Assoc-voc,11,Married-spouse-absent,Adm-clerical,Not-in-family,White,Female,0,0,40,United-States,<=50K,405.0
53,Private,341439,Masters,14,Never-married,Exec-managerial,Not-in-family,White,Female,0,0,60,United-States,>50K,267.0
42,Private,56658,HS-grad,9,Divorced,Prof-specialty,Not-in-family,White,Female,0,0,45,United-States,<=50K,635.0
51,Local-gov,252842,Doctorate,16,Divorced,Prof-specialty,Not-in-family,White,Female,0,0,45,United-States,>50K,976.0
51,Private,146538,Some-college,10,Married-civ-spouse,Prof-specialty,Husband,White,Male,0,0,40,United-States,>50K,150.0
38,Private,275093,Some-college,10,Married-civ-spouse,Craft-repair,Husband,White,Male,0,0,40,United-States,<=50K,316.0
44,Private,157216,Assoc-acdm,12,Married-civ-spouse,Prof-specialty,Husband,White,Male,0,0,40,United-States,>50K,849.0
23,Private,125491,Some-college,10,Never-married,Other-service,Not-in-family,Asian-Pac-Islander,Female,0,0,35,Vietnam,<=50K,884.0
23,Private,204373,HS-grad,9,Never-married,Farming-fishing,Own-child,White,Male,0,0,40,United-States,<=50K,282.0
25,Self-emp-not-inc,113436,Some-college,10,Never-married,Craft-repair,Unmarried,White,Male,0,0,35,United-States,<=50K,120.0
42,Private,106698,Some-college,10,Divorced,Other-service,Unmarried,White,Female,0,0,32,United-States,<=50K,249.0
20,Private,179498,Some-college,10,Never-married,Sales,Own-child,White,Male,0,0,20,United-States,<=50K,661.0
56,Federal-gov,156566,Some-college,10,Separated,Other-service,Not-in-family,Black,Male,0,0,40,United-States,<=50K,499.0
40,Local-gov,329341,Masters,14,Married-civ-spouse,Exec-managerial,Husband,White,Male,0,0,35,United-States,>50K,250.0
57,Local-gov,169995,HS-grad,9,Married-civ-spouse,Transport-moving,Husband,White,Male,0,0,25,United-States,>50K,702.0
40,Private,109800,HS-grad,9,Married-civ-spouse,Handlers-cleaners,Husband,Black,Male,0,0,40,United-States,<=50K,543.0
37,Private,304957,HS-grad,9,Divorced,Craft-repair,Unmarried,White,Male,0,0,38,United-States,<=50K,461.0
43,Private,150519,Some-college,10,Married-civ-spouse,Prof-specialty,Husband,White,Male,0,0,40,United-States,>50K,334.0
18,?,215074,Some-college,10,Never-married,?,Own-child,White,Female,0,1602,24,United-States,<=50K,168.0
53,Private,348092,9th,5,Married-civ-spouse,Machine-op-inspct,Husband,Black,Male,0,0,40,United-States,<=50K,419.0
50,Private,170050,7th-8th,4,Married-civ-spouse,Machine-op-inspct,Husband,White,Male,0,0,40,United-States,<=50K,968.0
37,Private,225811,HS-grad,9,Married-civ-spouse,Sales,Husband,White,Male,0,0,50,United-States,<=50K,533.0
43,Local-gov,98130,Bachelors,13,Divorced,Prof-specialty,Own-child,White,Female,0,0,39,United-States,<=50K,77.0
36,Private,183627,Prof-school,15,Never-married,Exec-managerial,Not-in-family,White,Male,27828,0,50,United-States,>50K,275.0
25,Private,262778,Bachelors,13,Never-married,Sales,Not-in-family,White,Female,6849,0,50,United-States,<=50K,183.0
28,Private,145409,Bachelors,13,Married-civ-spouse,Prof-specialty,Wife,White,Female,4386,0,20,United-States,>50K,362.0
53,Private,27187,HS-grad,9,Married-spouse-absent,Transport-moving,Not-in-family,White,Male,10520,0,40,United-States,>50K,635.0
90,Self-emp-not-inc,83601,Prof-school,15,Widowed,Prof-specialty,Not-in-family,White,Male,1086,0,60,United-States,<=50K,884.0
43,Private,150519,Some-college,10,Married-civ-spouse,Prof-specialty,Husband,White,Male,0,0,40,United-States,>50K,452.0
60,Self-emp-not-inc,205852,HS-grad,9,Never-married,Exec-managerial,Not-in-family,Black,Male,0,2559,50,United-States,>50K,764.0
53,Private,285367,HS-grad,9,Divorced,Sales,Not-in-family,White,Female,0,0,60,England,<=50K,666.0
30,Private,172297,Bachelors,13,Married-spouse-absent,Sales,Not-in-family,White,Female,0,0,50,United-States,<=50K,960.0
61,Private,190955,Bachelors,13,Married-civ-spouse,Exec-managerial,Husband,White,Male,7688,0,40,United-States,>50K,251.0
31,Private,110643,Bachelors,13,Married-civ-spouse,Prof-specialty,Husband,White,Male,0,0,40,United-States,>50K,957.0
18,Federal-gov,263128,HS-grad,9,Never-married,Transport-moving,Own-child,White,Male,0,0,40,United-States,<=50K,388.0
61,Private,191069,Bachelors,13,Married-civ-spouse,Exec-managerial,Husband,White,Male,7688,0,40,United-States,>50K,397.0
37,Private,188330,Bachelors,13,Never-married,Adm-clerical,Not-in-family,White,Female,0,0,35,United-States,<=50K,615.0
64,State-gov,216178,Doctorate,16,Married-civ-spouse,Prof-specialty,Husband,White,Male,0,0,50,Columbia,>50K,21.0
45,Private,274398,HS-grad,9,Married-civ-spouse,Craft-repair,Husband,White,Male,0,0,40,United-States,<=50K,7.0
58,Private,311671,Assoc-voc,11,Married-civ-spouse,Craft-repair,Husband,White,Male,0,1887,48,United-States,>50K,901.0
58,State-gov,32587,Some-college,10,Married-civ-spouse,Exec-managerial,Husband,White,Male,0,0,40,United-States,<=50K,921.0
34,Private,112115,Bachelors,13,Never-married,Exec-managerial,Other-relative,White,Male,0,0,40,United-States,<=50K,488.0
19,Self-emp-not-inc,341672,11th,7,Married-civ-spouse,Craft-repair,Own-child,White,Male,0,2129,55,United-States,<=50K,61.0
45,Local-gov,374108,HS-grad,9,Married-civ-spouse,Transport-moving,Wife,White,Female,5178,0,40,United-States,>50K,44.0
31,Self-emp-not-inc,340939,Bachelors,13,Never-married,Tech-support,Not-in-family,White,Male,0,0,40,United-States,<=50K,109.0
19,Private,201178,HS-grad,9,Never-married,Adm-clerical,Not-in-family,White,Female,0,0,25,United-States,<=50K,851.0
17,Private,102726,12th,8,Never-married,Other-service,Own-child,White,Male,0,0,16,United-States,<=50K,904.0
21,Private,308239,5th-6th,3,Married-civ-spouse,Handlers-cleaners,Husband,White,Male,0,0,40,Mexico,<=50K,397.0
20,Private,146879,HS-grad,9,Never-married,Other-service,Not-in-family,White,Male,0,2001,40,United-States,<=50K,425.0
26,State-gov,294400,HS-grad,9,Married-civ-spouse,Protective-serv,Husband,White,Male,0,0,38,United-States,<=50K,484.0
43,Private,55360,Doctorate,16,Married-spouse-absent,Prof-specialty,Not-in-family,White,Female,0,0,40,?,<=50K,39.0
71,?,45156,HS-grad,9,Married-civ-spouse,?,Husband,White,Male,0,0,70,United-States,<=50K,278.0
22,Private,185407,Bachelors,13,Never-married,Exec-managerial,Own-child,White,Female,0,0,40,United-States,<=50K,260.0
41,Private,348092,HS-grad,9,Divorced,Machine-op-inspct,Not-in-family,White,Male,0,0,40,United-States,<=50K,339.0
42,Private,186959,Masters,14,Married-civ-spouse,Exec-managerial,Husband,White,Male,0,2415,55,United-States,>50K,559.0
31,Private,260782,7th-8th,4,Married-civ-spouse,Machine-op-inspct,Husband,White,Male,0,0,40,United-States,<=50K,11.0
30,Private,167558,HS-grad,9,Never-married,Sales,Unmarried,White,Female,0,0,35,Mexico,<=50K,955.0
55,Private,127539,Some-college,10,Married-civ-spouse,Transport-moving,Husband,White,Male,0,0,60,United-States,<=50K,627.0
40,Private,67317,Some-college,10,Divorced,Tech-support,Unmarried,White,Female,0,213,40,United-States,<=50K,586.0
81,Private,39667,HS-grad,9,Married-civ-spouse,Transport-moving,Husband,Black,Male,0,0,20,United-States,<=50K,159.0
53,Private,346762,9th,5,Married-civ-spouse,Machine-op-inspct,Husband,Black,Male,0,0,40,United-States,<=50K,552.0
39,Private,192226,5th-6th,3,Married-civ-spouse,Machine-op-inspct,Husband,White,Male,0,0,40,United-States,<=50K,671.0
49,Local-gov,343231,Masters,14,Never-married,Prof-specialty,Not-in-family,White,Female,0,0,80,United-States,<=50K,562.0
40,Private,109667,HS-grad,9,Married-civ-spouse,Handlers-cleaners,Husband,Black,Male,0,0,40,United-States,<=50K,159.0
45,Private,138342,Assoc-voc,11,Divorced,Exec-managerial,Not-in-family,White,Male,2174,0,50,United-States,<=50K,677.0
22,Private,119742,HS-grad,9,Never-married,Sales,Not-in-family,White,Female,0,0,40,United-States,<=50K,810.0
23,Private,42251,Bachelors,13,Never-married,Exec-managerial,Not-in-family,White,Female,0,0,45,United-States,<=50K,599.0
35,Private,274398,Bachelors,13,Never-married,Tech-support,Not-in-family,Asian-Pac-Islander,Female,4650,0,40,United-States,<=50K,116.0
30,Private,258761,Masters,14,Divorced,Prof-specialty,Unmarried,White,Male,0,1726,40,United-States,<=50K,924.0
19,Private,256979,HS-grad,9,Never-married,Craft-repair,Other-relative,White,Male,0,0,35,United-States,<=50K,539.0
20,Private,74631,Some-college,10,Never-married,Sales,Not-in-family,White,Female,0,0,50,United-States,<=50K,339.0
65,Private,477083,HS-grad,9,Widowed,Adm-clerical,Not-in-family,White,Female,0,0,22,United-States,<=50K,345.0
45,Private,178948,HS-grad,9,Divorced,Adm-clerical,Not-in-family,White,Female,0,0,40,United-States,<=50K,897.0
49,Self-emp-not-inc,392812,Some-college,10,Married-civ-spouse,Prof-specialty,Husband,White,Male,0,0,40,United-States,>50K,878.0
32,Private,55233,Some-college,10,Never-married,Prof-specialty,Own-child,White,Female,0,0,40,United-States,<=50K,315.0
21,Local-gov,256356,Some-college,10,Never-married,Prof-specialty,Own-child,White,Female,0,0,25,United-States,<=50K,847.0
25,Private,40915,Bachelors,13,Never-married,Prof-specialty,Not-in-family,White,Female,0,0,40,United-States,<=50K,777.0
34,?,347446,11th,7,Divorced,?,Own-child,White,Male,0,0,84,United-States,<=50K,117.0
57,Private,71269,HS-grad,9,Married-civ-spouse,Sales,Husband,White,Male,0,0,40,United-States,>50K,545.0
45,Private,101825,Some-college,10,Divorced,Exec-managerial,Unmarried,White,Female,5721,0,45,United-States,<=50K,391.0
80,?,107762,HS-grad,9,Widowed,?,Not-in-family,White,Male,0,0,24,United-States,<=50K,987.0
38,Private,49398,HS-grad,9,Married-civ-spouse,Handlers-cleaners,Husband,White,Male,0,0,40,United-States,<=50K,704.0
43,Private,143582,HS-grad,9,Married-civ-spouse,Tech-support,Husband,White,Male,0,0,40,United-States,<=50K,742.0
42,Private,56658,HS-grad,9,Divorced,Prof-specialty,Not-in-family,White,Female,0,0,45,United-States,<=50K,662.0
27,Local-gov,224105,Assoc-voc,11,Never-married,Adm-clerical,Own-child,White,Male,0,0,43,United-States,<=50K,487.0
55,Private,197184,HS-grad,9,Never-married,Priv-house-serv,Unmarried,White,Female,0,0,40,Mexico,<=50K,236.0
33,Private,511517,HS-grad,9,Married-civ-spouse,Prof-specialty,Husband,White,Male,0,0,40,United-States,<=50K,555.0
42,Private,203078,Assoc-voc,11,Married-civ-spouse,Prof-specialty,Husband,White,Male,0,0,40,Canada,<=50K,826.0
27,Private,175127,Bachelors,13,Never-married,Adm-clerical,Not-in-family,White,Female,0,0,40,United-States,<=50K,467.0
23,Private,229223,Some-college,10,Never-married,Handlers-cleaners,Own-child,Black,Male,0,0,22,United-States,<=50K,122.0
59,?,365986,Bachelors,13,Married-civ-spouse,?,Husband,White,Male,0,0,40,United-States,<=50K,344.0
52,Private,94391,HS-grad,9,Married-civ-spouse,Adm-clerical,Husband,White,Male,0,0,40,United-States,<=50K,901.0
41,Private,204729,HS-grad,9,Divorced,Craft-repair,Unmarried,White,Male,2202,0,40,Japan,<=50K,267.0
32,Private,176969,10th,6,Never-married,Craft-repair,Unmarried,White,Male,0,0,40,United-States,<=50K,928.0
37,State-gov,59200,HS-grad,9,Never-married,Adm-clerical,Other-relative,White,Female,0,0,40,United-States,<=50K,284.0
46,Private,178452,HS-grad,9,Divorced,Tech-support,Not-in-family,White,Female,0,0,20,United-States,<=50K,521.0
45,Local-gov,374450,HS-grad,9,Married-civ-spouse,Transport-moving,Wife,White,Female,5178,0,40,United-States,>50K,101.0
48,Private,118831,HS-grad,9,Divorced,Handlers-cleaners,Unmarried,Asian-Pac-Islander,Female,0,0,40,South,<=50K,152.0
22,Private,103805,Some-college,10,Never-married,Other-service,Own-child,White,Male,0,0,36,United-States,<=50K,229.0
32,Private,155193,HS-grad,9,Separated,Prof-specialty,Not-in-family,White,Male,0,0,55,United-States,<=50K,313.0
41,State-gov,53776,Some-college,10,Never-married,Farming-fishing,Not-in-family,Black,Male,0,0,40,United-States,<=50K,874.0
27,Private,204209,Some-college,10,Never-married,Adm-clerical,Not-in-family,Black,Female,0,0,40,United-States,<=50K,260.0
32,Private,46691,Bachelors,13,Never-married,Adm-clerical,Not-in-family,White,Female,0,0,40,United-States,<=50K,591.0
46,Private,182089,Doctorate,16,Married-civ-spouse,Prof-specialty,Husband,White,Male,0,0,55,United-States,>50K,894.0
49,Private,216711,HS-grad,9,Married-civ-spouse,Exec-managerial,Husband,White,Male,0,0,40,United-States,<=50K,867.0
67,?,201680,Bachelors,13,Divorced,?,Not-in-family,White,Female,0,0,60,United-States,<=50K,984.0
37,Private,108366,Bachelors,13,Never-married,Transport-moving,Not-in-family,White,Male,0,0,46,United-States,<=50K,537.0
39,Private,235124,Some-college,10,Divorced,Adm-clerical,Not-in-family,White,Female,0,0,40,United-States,<=50K,863.0
32,Private,207668,HS-grad,9,Married-civ-spouse,Craft-repair,Husband,White,Male,0,0,50,United-States,<=50K,358.0
25,Private,262778,Bachelors,13,Never-married,Sales,Not-in-family,White,Female,6849,0,50,United-States,<=50K,882.0
42,Private,169995,HS-grad,9,Married-civ-spouse,Sales,Husband,White,Male,0,0,48,United-States,<=50K,849.0
54,Self-emp-not-inc,33975,HS-grad,9,Married-civ-spouse,Farming-fishing,Husband,White,Male,0,0,60,United-States,>50K,428.0
49,Private,132304,Bachelors,13,Married-civ-spouse,Exec-managerial,Husband,White,Male,0,0,50,United-States,>50K,889.0
21,Private,412149,Some-college,10,Never-married,Adm-clerical,Own-child,White,Female,0,0,35,United-States,<=50K,722.0
59,?,367984,Bachelors,13,Married-civ-spouse,?,Husband,White,Male,0,0,40,United-States,<=50K,77.0
64,Private,207676,Bachelors,13,Divorced,Exec-managerial,Not-in-family,White,Female,0,0,40,United-States,<=50K,773.0
26,Private,214303,11th,7,Never-married,Machine-op-inspct,Unmarried,White,Male,6497,0,48,United-States,<=50K,855.0
68,Private,351772,Some-college,10,Married-civ-spouse,Adm-clerical,Husband,White,Male,0,0,40,United-States,<=50K,82.0
60,Private,83850,HS-grad,9,Married-civ-spouse,Sales,Husband,White,Male,0,0,40,United-States,<=50K,307.0
36,Private,274577,HS-grad,9,Divorced,Adm-clerical,Unmarried,White,Female,0,0,50,United-States,<=50K,673.0
51,Private,302146,11th,7,Never-married,Other-service,Not-in-family,Black,Female,0,0,40,United-States,<=50K,781.0
54,Private,186009,Bachelors,13,Married-civ-spouse,Craft-repair,Husband,White,Male,0,0,45,United-States,>50K,463.0
58,Private,137253,Bachelors,13,Married-civ-spouse,Adm-clerical,Husband,Asian-Pac-Islander,Male,0,0,40,Philippines,<=50K,403.0
44,Federal-gov,34310,Prof-school,15,Married-civ-spouse,Prof-specialty,Husband,White,Male,0,0,40,United-States,>50K,813.0
19,Self-emp-not-inc,341643,11th,7,Married-civ-spouse,Craft-repair,Own-child,White,Male,0,2129,55,United-States,<=50K,842.0
44,Private,63552,HS-grad,9,Married-civ-spouse,Craft-repair,Husband,White,Male,0,0,72,United-States,<=50K,783.0
54,Private,191858,Bachelors,13,Married-civ-spouse,Exec-managerial,Husband,White,Male,0,0,55,United-States,>50K,90.0
23,Local-gov,115244,Bachelors,13,Never-married,Prof-specialty,Own-child,White,Female,0,0,60,United-States,<=50K,528.0
34,Private,272625,HS-grad,9,Divorced,Adm-clerical,Unmarried,Black,Female,0,0,40,United-States,<=50K,656.0
62,?,73091,7th-8th,4,Widowed,?,Not-in-family,Black,Male,0,0,40,United-States,<=50K,40.0
27,Self-emp-not-inc,21626,Bachelors,13,Never-married,Craft-repair,Own-child,White,Male,0,0,35,United-States,<=50K,717.0
61,Private,224699,Bachelors,13,Married-civ-spouse,Exec-managerial,Wife,White,Female,0,0,30,United-States,>50K,722.0
42,Private,188561,Bachelors,13,Married-civ-spouse,Prof-specialty,Husband,White,Male,0,0,40,United-States,<=50K,153.0
38,Federal-gov,306868,Some-college,10,Divorced,Adm-clerical,Unmarried,White,Female,0,0,40,United-States,<=50K,532.0
42,Self-emp-not-inc,178037,Bachelors,13,Married-spouse-absent,Exec-managerial,Not-in-family,White,Male,0,0,45,Poland,<=50K,593.0
61,?,69333,HS-grad,9,Married-civ-spouse,?,Husband,White,Male,0,0,37,United-States,<=50K,796.0
63,Private,204596,HS-grad,9,Married-civ-spouse,Machine-op-inspct,Husband,Black,Male,0,0,40,United-States,<=50K,301.0
29,Private,364986,Bachelors,13,Married-civ-spouse,Exec-managerial,Husband,White,Male,0,1628,47,United-States,<=50K,660.0
43,Private,143582,HS-grad,9,Married-civ-spouse,Tech-support,Husband,White,Male,0,0,40,United-States,<=50K,72.0
42,Federal-gov,273569,Assoc-voc,11,Divorced,Adm-clerical,Unmarried,Black,Female,0,0,40,United-States,>50K,728.0
47,Local-gov,263773,HS-grad,9,Married-civ-spouse,Other-service,Husband,White,Male,4386,0,40,United-States,>50K,777.0
66,?,31428,Some-college,10,Married-civ-spouse,?,Husband,White,Male,0,0,20,United-States,<=50K,739.0
35,Private,175221,HS-grad,9,Divorced,Handlers-cleaners,Other-relative,White,Male,0,0,40,United-States,<=50K,843.0
28,Self-emp-not-inc,33386,HS-grad,9,Married-civ-spouse,Farming-fishing,Husband,White,Male,0,0,70,United-States,>50K,953.0
47,Federal-gov,126204,Some-college,10,Divorced,Adm-clerical,Not-in-family,White,Female,0,0,40,United-States,<=50K,14.0
53,Private,155475,9th,5,Married-civ-spouse,Transport-moving,Husband,White,Male,0,0,40,United-States,<=50K,422.0
56,?,427744,Assoc-acdm,12,Married-civ-spouse,?,Husband,White,Male,0,0,20,United-States,<=50K,712.0
36,Private,187164,Some-college,10,Married-civ-spouse,Exec-managerial,Husband,White,Male,0,0,50,United-States,>50K,79.0
60,Private,178207,HS-grad,9,Divorced,Other-service,Unmarried,Black,Female,0,0,38,United-States,<=50K,797.0
49,Private,274398,HS-grad,9,Married-civ-spouse,Exec-managerial,Husband,White,Male,0,0,72,United-States,<=50K,986.0
23,Private,42902,Some-college,10,Married-civ-spouse,Machine-op-inspct,Husband,White,Male,0,0,40,United-States,<=50K,387.0
23,Private,351711,HS-grad,9,Never-married,Transport-moving,Own-child,Black,Male,0,0,40,Haiti,<=50K,351.0
27,Private,214838,HS-grad,9,Married-civ-spouse,Craft-repair,Husband,White,Male,0,0,40,United-States,<=50K,605.0
44,Private,153805,HS-grad,9,Never-married,Other-service,Unmarried,White,Male,0,0,40,United-States,<=50K,10.0
33,Private,112584,Some-college,10,Divorced,Sales,Not-in-family,White,Female,0,0,25,United-States,<=50K,188.0
22,Private,202729,Assoc-voc,11,Married-civ-spouse,Other-service,Husband,White,Male,0,0,44,United-States,<=50K,109.0
20,Private,61777,Some-college,10,Never-married,Sales,Not-in-family,White,Male,0,0,30,United-States,<=50K,142.0
27,Self-emp-not-inc,216160,Bachelors,13,Never-married,Craft-repair,Own-child,White,Male,0,0,35,United-States,<=50K,443.0
47,Private,35459,Bachelors,13,Married-civ-spouse,Prof-specialty,Husband,White,Male,15024,0,40,United-States,>50K,371.0
59,Private,117059,11th,7,Married-civ-spouse,Transport-moving,Husband,Amer-Indian-Eskimo,Male,0,0,40,United-States,<=50K,870.0
33,Private,129707,Bachelors,13,Never-married,Adm-clerical,Not-in-family,White,Male,0,0,60,United-States,>50K,703.0
48,Private,138192,HS-grad,9,Married-civ-spouse,Craft-repair,Husband,White,Male,0,1408,55,United-States,>50K,432.0
35,Private,82552,Assoc-acdm,12,Married-civ-spouse,Tech-support,Husband,White,Male,0,0,40,United-States,<=50K,449.0
48,Private,472411,HS-grad,9,Widowed,Handlers-cleaners,Other-relative,White,Female,0,0,48,United-States,<=50K,7.0
32,Private,176969,10th,6,Never-married,Craft-repair,Unmarried,White,Male,0,0,40,United-States,<=50K,370.0
20,Private,293726,Some-college,10,Never-married,Craft-repair,Not-in-family,White,Male,0,0,40,United-States,<=50K,980.0
38,Private,179436,Assoc-acdm,12,Married-spouse-absent,Adm-clerical,Unmarried,White,Female,0,0,40,United-States,<=50K,356.0
56,Federal-gov,157217,Some-college,10,Separated,Other-service,Not-in-family,Black,Male,0,0,40,United-States,<=50K,404.0
64,Private,207676,Bachelors,13,Divorced,Exec-managerial,Not-in-family,White,Female,0,0,40,United-States,<=50K,501.0
59,?,37599,HS-grad,9,Married-civ-spouse,?,Husband,White,Male,0,0,41,United-States,>50K,883.0
47,Private,186009,10th,6,Married-civ-spouse,Machine-op-inspct,Husband,White,Male,0,0,40,United-States,>50K,675.0
49,Private,132576,Bachelors,13,Married-civ-spouse,Exec-managerial,Husband,White,Male,0,0,50,United-States,>50K,566.0
24,Private,89347,11th,7,Never-married,Machine-op-inspct,Not-in-family,White,Female,0,0,40,United-States,<=50K,865.0
24,State-gov,90046,Some-college,10,Never-married,Other-service,Not-in-family,White,Female,0,0,40,Canada,<=50K,657.0
48,Private,498328,10th,6,Married-civ-spouse,Transport-moving,Husband,Black,Male,0,0,40,United-States,<=50K,334.0
37,Private,108366,Bachelors,13,Never-married,Transport-moving,Not-in-family,White,Male,0,0,46,United-States,<=50K,909.0
52,Private,144778,Some-college,10,Married-civ-spouse,Transport-moving,Husband,White,Male,15024,0,60,Canada,>50K,790.0
46,Private,178768,HS-grad,9,Divorced,Tech-support,Not-in-family,White,Female,0,0,20,United-States,<=50K,57.0
70,Private,105376,Some-college,10,Never-married,Tech-support,Other-relative,White,Male,0,0,40,United-States,<=50K,70.0
45,Local-gov,375049,HS-grad,9,Married-civ-spouse,Transport-moving,Wife,White,Female,5178,0,40,United-States,>50K,230.0
60,Private,83850,HS-grad,9,Married-civ-spouse,Sales,Husband,White,Male,0,0,40,United-States,<=50K,842.0
53,Private,35459,Some-college,10,Married-civ-spouse,Craft-repair,Husband,White,Male,0,0,47,United-States,>50K,777.0
28,Private,161141,Some-college,10,Never-married,Craft-repair,Unmarried,White,Male,0,0,48,United-States,<=50K,247.0
46,Private,155574,Masters,14,Married-civ-spouse,Exec-managerial,Husband,White,Male,0,0,50,United-States,>50K,487.0
44,Private,99651,Masters,14,Married-civ-spouse,Exec-managerial,Husband,White,Male,5178,0,40,United-States,>50K,944.0
33,State-gov,293926,HS-grad,9,Married-civ-spouse,Craft-repair,Husband,White,Male,0,0,40,United-States,<=50K,880.0
20,?,192995,Some-college,10,Never-married,?,Own-child,White,Female,0,0,40,United-States,<=50K,242.0
45,Private,192226,HS-grad,9,Married-civ-spouse,Machine-op-inspct,Husband,White,Male,0,0,45,United-States,>50K,859.0
27,Local-gov,209109,Masters,14,Never-married,Prof-specialty,Own-child,White,Male,0,0,35,United-States,<=50K,419.0
42,Private,202083,Assoc-voc,11,Married-civ-spouse,Prof-specialty,Husband,White,Male,0,0,40,Canada,<=50K,567.0
42,Private,106698,Some-college,10,Divorced,Other-service,Unmarried,White,Female,0,0,32,United-States,<=50K,544.0
55,Private,96415,HS-grad,9,Widowed,Other-service,Unmarried,Black,Female,0,0,35,United-States,<=50K,842.0
37,Private,138192,HS-grad,9,Separated,Craft-repair,Unmarried,White,Female,0,0,40,United-States,<=50K,796.0
49,Private,235259,11th,7,Married-civ-spouse,Transport-moving,Husband,White,Male,0,0,40,United-States,<=50K,587.0
33,Private,159574,7th-8th,4,Married-civ-spouse,Adm-clerical,Husband,White,Male,0,0,45,United-States,<=50K,99.0
22,Private,189924,Some-college,10,Never-married,Other-service,Not-in-family,White,Female,0,0,50,United-States,<=50K,706.0
32,Private,396758,Bachelors,13,Married-civ-spouse,Prof-specialty,Husband,White,Male,0,2415,48,United-States,>50K,124.0
31,Private,243165,Bachelors,13,Never-married,Prof-specialty,Unmarried,White,Male,0,0,40,United-States,<=50K,640.0
38,Private,396758,Bachelors,13,Married-civ-spouse,Exec-managerial,Husband,White,Male,15024,0,50,United-States,>50K,295.0
66,Private,46746,Some-college,10,Widowed,Other-service,Unmarried,Black,Female,0,0,20,United-States,<=50K,486.0
33,Private,85043,HS-grad,9,Never-married,Farming-fishing,Not-in-family,White,Male,0,0,20,United-States,<=50K,831.0
39,Private,498785,HS-grad,9,Married-civ-spouse,Prof-specialty,Husband,White,Male,0,0,40,United-States,<=50K,705.0
60,Federal-gov,129476,Some-college,10,Married-civ-spouse,Tech-support,Husband,White,Male,0,0,40,United-States,<=50K,400.0
67,?,63552,7th-8th,4,Widowed,?,Not-in-family,White,Female,0,0,35,United-States,<=50K,981.0
35,Private,163052,Assoc-voc,11,Divorced,Adm-clerical,Not-in-family,White,Female,6849,0,40,United-States,<=50K,412.0
20,Private,214143,HS-grad,9,Never-married,Machine-op-inspct,Own-child,White,Male,0,0,40,United-States,<=50K,273.0
36,Private,275093,HS-grad,9,Divorced,Adm-clerical,Unmarried,White,Female,0,0,50,United-States,<=50K,119.0
73,Private,26585,HS-grad,9,Widowed,Sales,Other-relative,White,Female,0,0,15,United-States,<=50K,913.0
42,Private,263338,HS-grad,9,Married-civ-spouse,Craft-repair,Husband,White,Male,5178,0,40,United-States,>50K,545.0
25,Private,254202,HS-grad,9,Never-married,Other-service,Unmarried,Black,Female,0,0,40,United-States,<=50K,811.0
38,Private,297449,HS-grad,9,Married-civ-spouse,Transport-moving,Husband,Asian-Pac-Islander,Male,0,0,40,China,<=50K,687.0
67,?,391937,HS-grad,9,Married-civ-spouse,?,Wife,White,Female,0,0,5,United-States,<=50K,137.0
46,Private,405177,HS-grad,9,Married-civ-spouse,Exec-managerial,Husband,White,Male,0,0,40,United-States,<=50K,524.0
21,Private,293726,HS-grad,9,Never-married,Sales,Not-in-family,White,Male,0,0,60,United-States,<=50K,46.0
34,Private,81206,HS-grad,9,Divorced,Handlers-cleaners,Not-in-family,Black,Male,0,0,40,United-States,<=50K,976.0
22,Private,145409,HS-grad,9,Never-married,Handlers-cleaners,Own-child,Amer-Indian-Eskimo,Male,0,0,40,United-States,<=50K,62.0
18,?,113185,11th,7,Never-married,?,Own-child,White,Male,0,0,25,United-States,<=50K,64.0
20,Private,404547,Some-college,10,Never-married,Other-service,Own-child,White,Female,0,0,11,United-States,<=50K,57.0
40,Private,220001,HS-grad,9,Divorced,Tech-support,Unmarried,White,Female,0,0,40,United-States,<=50K,904.0
42,Private,189749,Bachelors,13,Married-civ-spouse,Prof-specialty,Husband,White,Male,99999,0,40,United-States,>50K,946.0
29,Private,161155,Assoc-acdm,12,Married-civ-spouse,Prof-specialty,Husband,White,Male,0,0,50,United-States,<=50K,472.0
58,Self-emp-not-inc,33363,Assoc-acdm,12,Married-civ-spouse,Craft-repair,Wife,White,Female,0,0,20,United-States,<=50K,741.0
33,Private,296282,Masters,14,Married-civ-spouse,Tech-support,Husband,White,Male,0,0,15,United-States,<=50K,87.0
51,Local-gov,99064,Masters,14,Married-civ-spouse,Prof-specialty,Husband,White,Male,0,0,35,United-States,<=50K,382.0
64,Self-emp-inc,179498,Bachelors,13,Married-civ-spouse,Exec-managerial,Husband,White,Male,15024,0,55,United-States,>50K,638.0
47,State-gov,55272,Some-college,10,Married-civ-spouse,Craft-repair,Husband,White,Male,0,0,40,United-States,>50K,264.0
81,Private,39615,HS-grad,9,Married-civ-spouse,Transport-moving,Husband,Black,Male,0,0,20,United-States,<=50K,181.0
23,Private,196508,Some-college,10,Never-married,Adm-clerical,Own-child,Black,Female,0,0,24,United-States,<=50K,143.0
26,Self-emp-inc,189385,Bachelors,13,Married-civ-spouse,Sales,Husband,White,Male,0,0,80,United-States,>50K,773.0
31,Private,262043,7th-8th,4,Married-civ-spouse,Machine-op-inspct,Husband,White,Male,0,0,40,United-States,<=50K,299.0
54,Private,96710,HS-grad,9,Married-civ-spouse,Priv-house-serv,Other-relative,Black,Female,0,0,20,United-States,<=50K,263.0
29,Private,37869,Some-college,10,Divorced,Adm-clerical,Not-in-family,White,Male,0,0,36,United-States,<=50K,963.0
57,Private,110820,HS-grad,9,Married-civ-spouse,Craft-repair,Husband,White,Male,0,0,40,United-States,>50K,748.0
31,Private,202083,HS-grad,9,Married-civ-spouse,Transport-moving,Husband,White,Male,0,0,50,United-States,<=50K,854.0
36,Private,447346,HS-grad,9,Married-civ-spouse,Sales,Husband,White,Male,0,0,50,United-States,>50K,127.0
37,Local-gov,117583,HS-grad,9,Married-civ-spouse,Craft-repair,Husband,White,Male,0,0,40,United-States,<=50K,937.0
47,Private,185385,10th,6,Married-civ-spouse,Machine-op-inspct,Husband,White,Male,0,0,40,United-States,>50K,218.0
43,Private,402771,Some-college,10,Married-civ-spouse,Craft-repair,Husband,White,Male,0,0,40,United-States,<=50K,811.0
56,Private,374108,HS-grad,9,Married-civ-spouse,Adm-clerical,Husband,White,Male,0,0,48,United-States,<=50K,923.0
45,Private,179352,HS-grad,9,Divorced,Adm-clerical,Not-in-family,White,Female,0,0,40,United-States,<=50K,735.0
46,Private,155574,Masters,14,Married-civ-spouse,Exec-managerial,Husband,White,Male,0,0,50,United-States,>50K,518.0
23,Private,196545,Some-college,10,Never-married,Adm-clerical,Own-child,Black,Female,0,0,24,United-States,<=50K,125.0
38,Private,498785,HS-grad,9,Married-civ-spouse,Handlers-cleaners,Husband,White,Male,0,0,40,United-States,<=50K,11.0
46,Private,36104,Assoc-acdm,12,Divorced,Sales,Not-in-family,White,Female,0,0,25,Germany,<=50K,736.0
38,Private,206827,HS-grad,9,Married-civ-spouse,Craft-repair,Husband,White,Male,0,0,40,United-States,<=50K,153.0
72,Private,131699,Some-college,10,Widowed,Adm-clerical,Not-in-family,White,Female,0,0,6,United-States,<=50K,89.0
46,Private,174242,Some-college,10,Separated,Sales,Not-in-family,White,Male,0,0,55,United-States,<=50K,821.0
48,Private,267879,Assoc-acdm,12,Married-civ-spouse,Exec-managerial,Husband,White,Male,7298,0,55,United-States,>50K,274.0
25,Private,193081,Bachelors,13,Married-civ-spouse,Tech-support,Husband,White,Male,0,0,35,United-States,<=50K,813.0
47,Federal-gov,387663,Bachelors,13,Married-civ-spouse,Protective-serv,Husband,White,Male,0,0,45,United-States,>50K,828.0
41,Private,210781,Some-college,10,Married-spouse-absent,Sales,Unmarried,Black,Female,0,0,40,United-States,<=50K,734.0
26,Private,214413,11th,7,Never-married,Machine-op-inspct,Unmarried,White,Male,6497,0,48,United-States,<=50K,308.0
33,Private,224953,HS-grad,9,Married-civ-spouse,Craft-repair,Husband,White,Male,0,0,40,United-States,>50K,860.0
38,Self-emp-inc,116608,Some-college,10,Married-civ-spouse,Other-service,Wife,White,Female,0,0,20,United-States,>50K,370.0
33,Private,116294,Bachelors,13,Never-married,Prof-specialty,Own-child,White,Female,0,0,40,United-States,>50K,29.0
38,Private,183627,HS-grad,9,Married-civ-spouse,Craft-repair,Husband,White,Male,0,1740,48,United-States,<=50K,186.0
58,Private,180976,HS-grad,9,Married-civ-spouse,Prof-specialty,Husband,White,Male,0,0,40,United-States,<=50K,539.0
69,Self-emp-not-inc,240137,Prof-school,15,Married-civ-spouse,Prof-specialty,Husband,White,Male,99999,0,40,United-States,>50K,867.0
33,Private,183248,Some-college,10,Never-married,Other-service,Not-in-family,White,Male,0,0,24,United-States,<=50K,741.0
37,Private,137876,HS-grad,9,Separated,Craft-repair,Unmarried,White,Female,0,0,40,United-States,<=50K,345.0
28,Private,402771,HS-grad,9,Married-spouse-absent,Adm-clerical,Own-child,White,Female,0,0,40,United-States,<=50K,250.0
37,Private,98941,Masters,14,Never-married,Exec-managerial,Not-in-family,White,Male,0,0,40,United-States,>50K,562.0
17,Private,112115,11th,7,Never-married,Handlers-cleaners,Own-child,White,Male,0,0,12,United-States,<=50K,191.0
47,Self-emp-not-inc,84735,Masters,14,Married-civ-spouse,Prof-specialty,Wife,White,Female,0,0,20,United-States,>50K,546.0
62,Private,272185,9th,5,Married-civ-spouse,Other-service,Husband,Black,Male,0,0,42,United-States,<=50K,394.0
21,Private,189749,Some-college,10,Never-married,Sales,Own-child,White,Male,0,0,40,United-States,<=50K,39.0
28,Private,161964,Some-college,10,Never-married,Craft-repair,Unmarried,White,Male,0,0,48,United-States,<=50K,874.0
40,Federal-gov,186454,Bachelors,13,Never-married,Tech-support,Own-child,White,Male,0,0,40,United-States,<=50K,630.0
44,Private,120914,Bachelors,13,Married-civ-spouse,Prof-specialty,Husband,White,Male,15024,0,50,Italy,>50K,527.0
49,Private,167651,Some-college,10,Married-civ-spouse,Craft-repair,Husband,White,Male,0,1485,40,United-States,>50K,865.0
80,?,107762,HS-grad,9,Widowed,?,Not-in-family,White,Male,0,0,24,United-States,<=50K,380.0
21,Private,109800,Some-college,10,Never-married,Other-service,Own-child,White,Male,0,0,40,United-States,<=50K,128.0
58,Private,31362,Assoc-voc,11,Married-civ-spouse,Craft-repair,Husband,White,Male,0,1887,48,United-States,>50K,906.0
52,Self-emp-not-inc,210377,10th,6,Married-civ-spouse,Exec-managerial,Wife,Black,Female,0,0,40,United-States,<=50K,966.0
38,Private,220237,Some-college,10,Married-civ-spouse,Exec-managerial,Husband,White,Male,0,0,40,United-States,>50K,239.0
30,Private,302626,11th,7,Divorced,Sales,Own-child,White,Male,0,0,40,United-States,<=50K,809.0
24,State-gov,90046,Some-college,10,Never-married,Other-service,Not-in-family,White,Female,0,0,40,Canada,<=50K,533.0
53,Local-gov,204209,HS-grad,9,Married-civ-spouse,Exec-managerial,Husband,White,Male,0,0,60,United-States,<=50K,826.0
45,Private,101825,Some-college,10,Divorced,Exec-managerial,Unmarried,White,Female,5721,0,45,United-States,<=50K,848.0
22,Private,209213,HS-grad,9,Never-married,Farming-fishing,Own-child,White,Male,0,0,40,United-States,<=50K,630.0
40,Private,65866,Some-college,10,Divorced,Tech-support,Unmarried,White,Female,0,213,40,United-States,<=50K,634.0
47,Private,139145,Some-college,10,Divorced,Adm-clerical,Not-in-family,White,Female,0,0,60,United-States,<=50K,565.0
23,Private,271431,Assoc-voc,11,Never-married,Craft-repair,Own-child,White,Male,0,0,33,United-States,<=50K,83.0
44,Private,65706,HS-grad,9,Married-civ-spouse,Craft-repair,Husband,White,Male,0,0,72,United-States,<=50K,905.0
55,Private,164574,HS-grad,9,Separated,Other-service,Not-in-family,White,Female,0,0,16,United-States,<=50K,317.0
27,Private,265638,10th,6,Never-married,Handlers-cleaners,Unmarried,White,Male,0,0,40,Mexico,<=50K,28.0
69,Self-emp-not-inc,241998,Prof-school,15,Married-civ-spouse,Prof-specialty,Husband,White,Male,99999,0,40,United-States,>50K,914.0
42,Private,204596,Assoc-voc,11,Separated,Sales,Unmarried,Black,Female,0,0,25,United-States,<=50K,130.0
48,Private,49249,10th,6,Married-civ-spouse,Transport-moving,Husband,Black,Male,0,0,40,United-States,<=50K,51.0
37,Private,384795,Some-college,10,Divorced,Adm-clerical,Unmarried,White,Female,0,0,38,United-States,<=50K,701.0
43,Private,220237,Bachelors,13,Separated,Adm-clerical,Unmarried,White,Female,0,0,35,United-States,<=50K,273.0
26,Private,207668,HS-grad,9,Married-civ-spouse,Exec-managerial,Husband,White,Male,3942,0,45,United-States,<=50K,461.0
56,Private,182414,Bachelors,13,Divorced,Exec-managerial,Not-in-family,White,Male,0,0,40,United-States,<=50K,263.0
46,Private,186539,HS-grad,9,Divorced,Craft-repair,Other-relative,White,Male,0,0,48,United-States,>50K,220.0
17,Private,353012,HS-grad,9,Never-married,Other-service,Own-child,White,Male,0,0,40,United-States,<=50K,636.0
23,State-gov,241998,Some-college,10,Never-married,Prof-specialty,Not-in-family,White,Male,0,0,40,United-States,<=50K,829.0
17,Private,112115,11th,7,Never-married,Handlers-cleaners,Own-child,White,Male,0,0,12,United-States,<=50K,726.0
34,Private,113649,Bachelors,13,Married-civ-spouse,Exec-managerial,Husband,White,Male,0,0,40,United-States,<=50K,208.0
42,Private,358655,HS-grad,9,Divorced,Other-service,Unmarried,Black,Male,0,0,35,United-States,<=50K,824.0
40,Private,210064,11th,7,Widowed,Adm-clerical,Unmarried,White,Female,0,0,40,United-States,<=50K,333.0
42,Private,202729,Assoc-voc,11,Married-civ-spouse,Prof-specialty,Husband,White,Male,0,0,40,Canada,<=50K,254.0
25,Private,412149,Bachelors,13,Never-married,Prof-specialty,Not-in-family,White,Female,0,0,40,United-States,<=50K,787.0
46,Local-gov,196857,Some-college,10,Married-civ-spouse,Exec-managerial,Wife,White,Female,0,0,50,United-States,<=50K,598.0
30,Local-gov,157216,Bachelors,13,Married-civ-spouse,Protective-serv,Husband,White,Male,0,0,70,United-States,>50K,653.0
46,Private,178948,HS-grad,9,Divorced,Tech-support,Not-in-family,White,Female,0,0,20,United-States,<=50K,443.0
29,Self-emp-not-inc,394356,HS-grad,9,Married-civ-spouse,Farming-fishing,Husband,White,Male,0,0,40,United-States,<=50K,113.0
44,Federal-gov,34377,Prof-school,15,Married-civ-spouse,Prof-specialty,Husband,White,Male,0,0,40,United-States,>50K,876.0
68,?,139391,7th-8th,4,Married-civ-spouse,?,Husband,White,Male,0,0,8,United-States,<=50K,510.0
33,Private,93056,HS-grad,9,Married-civ-spouse,Transport-moving,Husband,White,Male,0,0,40,United-States,<=50K,650.0
31,Private,236021,5th-6th,3,Married-civ-spouse,Handlers-cleaners,Husband,White,Male,0,0,40,Mexico,<=50K,236.0
41,Private,289669,HS-grad,9,Widowed,Machine-op-inspct,Not-in-family,White,Female,0,0,40,United-States,<=50K,718.0
58,Private,174597,HS-grad,9,Married-civ-spouse,Machine-op-inspct,Husband,White,Male,0,0,40,United-States,<=50K,444.0
29,Local-gov,107411,Prof-school,15,Never-married,Prof-specialty,Not-in-family,White,Female,0,0,70,United-States,<=50K,637.0
46,Private,185336,HS-grad,9,Married-civ-spouse,Machine-op-inspct,Husband,White,Male,0,0,40,United-States,<=50K,27.0
27,Private,57600,HS-grad,9,Married-civ-spouse,Handlers-cleaners,Husband,Amer-Indian-Eskimo,Male,0,0,8,United-States,<=50K,236.0
17,Private,197816,11th,7,Never-married,Sales,Own-child,White,Female,0,0,15,United-States,<=50K,847.0
19,Private,220237,Some-college,10,Never-married,Farming-fishing,Own-child,White,Male,0,0,50,United-States,<=50K,169.0
24,Private,89347,11th,7,Never-married,Machine-op-inspct,Not-in-family,White,Female,0,0,40,United-States,<=50K,450.0
20,Private,74631,Some-college,10,Never-married,Sales,Not-in-family,White,Female,0,0,50,United-States,<=50K,941.0
33,Private,259931,Some-college,10,Married-civ-spouse,Craft-repair,Husband,White,Male,0,0,41,United-States,>50K,282.0
39,State-gov,189385,Some-college,10,Separated,Exec-managerial,Unmarried,Black,Female,0,0,30,United-States,<=50K,391.0
25,Self-emp-not-inc,113522,Some-college,10,Never-married,Craft-repair,Unmarried,White,Male,0,0,35,United-States,<=50K,497.0
45,Private,179135,HS-grad,9,Divorced,Adm-clerical,Not-in-family,White,Female,0,0,40,United-States,<=50K,316.0
36,Private,129853,HS-grad,9,Married-civ-spouse,Machine-op-inspct,Husband,White,Male,0,0,40,United-States,>50K,107.0
58,Private,371064,HS-grad,9,Married-civ-spouse,Farming-fishing,Husband,White,Male,0,0,20,United-States,<=50K,810.0
32,Private,177119,10th,6,Never-married,Craft-repair,Unmarried,White,Male,0,0,40,United-States,<=50K,217.0
43,Local-gov,203098,Masters,14,Widowed,Prof-specialty,Unmarried,Black,Female,0,0,40,United-States,<=50K,92.0
20,Private,28031,Some-college,10,Never-married,Other-service,Own-child,White,Male,0,0,50,United-States,<=50K,424.0
28,Private,56424,Some-college,10,Never-married,Craft-repair,Not-in-family,Black,Male,0,0,40,United-States,<=50K,168.0
59,?,365986,Bachelors,13,Married-civ-spouse,?,Husband,White,Male,0,0,40,United-States,<=50K,279.0
28,Private,49249,Bachelors,13,Never-married,Adm-clerical,Not-in-family,White,Female,0,0,40,United-States,<=50K,866.0
29,Private,336509,Bachelors,13,Never-married,Sales,Not-in-family,White,Male,0,0,45,United-States,<=50K,44.0
34,?,34506,11th,7,Divorced,?,Own-child,White,Male,0,0,84,United-States,<=50K,74.0
63,Private,204596,HS-grad,9,Married-civ-spouse,Machine-op-inspct,Husband,Black,Male,0,0,40,United-States,<=50K,839.0
34,Private,113522,Bachelors,13,Married-civ-spouse,Exec-managerial,Husband,White,Male,0,0,40,United-States,<=50K,951.0
28,Private,183248,Some-college,10,Married-civ-spouse,Sales,Husband,White,Male,0,0,50,United-States,<=50K,524.0
36,Local-gov,253190,Prof-school,15,Divorced,Prof-specialty,Unmarried,White,Female,0,0,24,Germany,<=50K,309.0
35,Private,108946,HS-grad,9,Divorced,Tech-support,Unmarried,White,Female,0,0,40,United-States,<=50K,757.0
53,Local-gov,204373,HS-grad,9,Married-civ-spouse,Exec-managerial,Husband,White,Male,0,0,60,United-States,<=50K,88.0
44,Private,120046,Bachelors,13,Married-civ-spouse,Prof-specialty,Husband,White,Male,15024,0,50,Italy,>50K,414.0
27,Private,204373,Some-college,10,Never-married,Adm-clerical,Not-in-family,Black,Female,0,0,40,United-States,<=50K,125.0
29,Private,161141,Assoc-acdm,12,Married-civ-spouse,Prof-specialty,Husband,White,Male,0,0,50,United-States,<=50K,142.0
22,?,99543,Some-college,10,Never-married,?,Own-child,White,Male,0,0,20,United-States,<=50K,295.0
63,Private,204729,HS-grad,9,Married-civ-spouse,Machine-op-inspct,Husband,Black,Male,0,0,40,United-States,<=50K,584.0
57,Private,69884,HS-grad,9,Married-civ-spouse,Sales,Husband,White,Male,0,0,40,United-States,>50K,473.0
35,Self-emp-inc,23780,Prof-school,15,Married-civ-spouse,Prof-specialty,Husband,White,Male,0,0,50,United-States,>50K,444.0
51,Private,137876,HS-grad,9,Divorced,Prof-specialty,Unmarried,White,Female,0,0,40,United-States,>50K,139.0
43,Local-gov,203078,Masters,14,Widowed,Prof-specialty,Unmarried,Black,Female,0,0,40,United-States,<=50K,315.0
48,Private,213140,Assoc-acdm,12,Married-civ-spouse,Sales,Husband,White,Male,0,0,60,United-States,>50K,864.0
20,Private,127185,Some-college,10,Never-married,Prof-specialty,Own-child,White,Female,0,0,15,United-States,<=50K,267.0
35,Private,277347,Bachelors,13,Never-married,Tech-support,Not-in-family,Asian-Pac-Islander,Female,4650,0,40,United-States,<=50K,748.0
56,Private,182189,Bachelors,13,Divorced,Exec-managerial,Not-in-family,White,Male,0,0,40,United-States,<=50K,128.0
37,Private,126204,Masters,14,Married-civ-spouse,Exec-managerial,Husband,White,Male,0,1977,40,United-States,>50K,563.0
43,Private,120277,Bachelors,13,Never-married,Prof-specialty,Own-child,White,Male,0,0,45,United-States,<=50K,539.0
43,Private,142581,HS-grad,9,Married-civ-spouse,Other-service,Husband,White,Male,0,1887,80,United-States,>50K,460.0
72,Self-emp-not-inc,28544,Prof-school,15,Married-civ-spouse,Prof-specialty,Husband,White,Male,0,2246,28,United-States,>50K,409.0
51,Local-gov,99064,Masters,14,Married-civ-spouse,Prof-specialty,Husband,White,Male,0,0,35,United-States,<=50K,921.0
47,Private,77927,HS-grad,9,Married-civ-spouse,Prof-specialty,Husband,White,Male,0,0,50,United-States,<=50K,197.0
35,Private,65866,HS-grad,9,Divorced,Other-service,Unmarried,White,Female,0,0,40,United-States,<=50K,747.0
58,Private,31732,Some-college,10,Married-civ-spouse,Sales,Husband,White,Male,0,0,45,United-States,>50K,119.0
17,Private,125236,10th,6,Never-married,Sales,Own-child,White,Female,0,0,22,United-States,<=50K,409.0
23,Private,34506,Some-college,10,Divorced,Exec-managerial,Unmarried,White,Female,0,0,25,United-States,<=50K,733.0
19,Private,263338,HS-grad,9,Never-married,Other-service,Own-child,White,Male,0,0,15,United-States,<=50K,640.0
20,Private,214413,HS-grad,9,Never-married,Machine-op-inspct,Own-child,White,Male,0,0,40,United-States,<=50K,128.0
34,Private,174370,Bachelors,13,Never-married,Other-service,Not-in-family,White,Female,0,0,44,United-States,<=50K,138.0
45,Self-emp-inc,178452,Assoc-voc,11,Divorced,Sales,Unmarried,White,Female,0,0,30,United-States,<=50K,122.0
36,Private,220124,Masters,14,Divorced,Exec-managerial,Not-in-family,White,Male,0,0,50,Greece,>50K,569.0
23,Private,236687,Some-college,10,Never-married,Other-service,Not-in-family,White,Male,0,0,20,United-States,<=50K,664.0
47,Private,201928,HS-grad,9,Married-civ-spouse,Transport-moving,Husband,White,Male,0,0,40,United-States,<=50K,671.0
29,Private,33331,Bachelors,13,Never-married,Sales,Not-in-family,White,Male,0,0,45,United-States,<=50K,868.0
54,Private,154641,Assoc-voc,11,Married-civ-spouse,Tech-support,Husband,White,Male,7688,0,40,United-States,>50K,686.0
23,Private,201657,10th,6,Never-married,Machine-op-inspct,Not-in-family,White,Female,0,0,40,United-States,<=50K,196.0
47,Private,76612,HS-grad,9,Married-civ-spouse,Prof-specialty,Husband,White,Male,0,0,50,United-States,<=50K,220.0
30,State-gov,714597,Some-college,10,Never-married,Protective-serv,Not-in-family,Black,Male,0,0,45,United-States,<=50K,61.0
50,Private,158275,HS-grad,9,Married-civ-spouse,Prof-specialty,Husband,White,Male,0,0,40,United-States,>50K,371.0
28,Private,403107,HS-grad,9,Married-spouse-absent,Adm-clerical,Own-child,White,Female,0,0,40,United-States,<=50K,414.0
28,State-gov,199694,Bachelors,13,Never-married,Adm-clerical,Not-in-family,Other,Female,0,0,40,United-States,<=50K,137.0
48,Private,47151,HS-grad,9,Widowed,Handlers-cleaners,Other-relative,White,Female,0,0,48,United-States,<=50K,251.0
44,Private,99651,Masters,14,Married-civ-spouse,Exec-managerial,Husband,White,Male,5178,0,40,United-States,>50K,93.0
43,Private,150519,Some-college,10,Married-civ-spouse,Prof-specialty,Husband,White,Male,0,0,40,United-States,>50K,339.0
38,Private,166062,HS-grad,9,Divorced,Adm-clerical,Not-in-family,White,Female,0,0,50,United-States,<=50K,895.0
45,Private,162256,HS-grad,9,Divorced,Exec-managerial,Unmarried,White,Female,0,0,30,United-States,<=50K,631.0
53,Self-emp-not-inc,195734,Some-college,10,Married-civ-spouse,Machine-op-inspct,Husband,White,Male,0,0,30,United-States,<=50K,608.0
26,Private,38145,HS-grad,9,Never-married,Handlers-cleaners,Own-child,White,Male,0,0,52,United-States,<=50K,228.0
28,State-gov,320425,HS-grad,9,Never-married,Prof-specialty,Not-in-family,Black,Female,0,0,40,United-States,<=50K,918.0
31,Private,191357,HS-grad,9,Never-married,Sales,Not-in-family,White,Female,0,0,40,United-States,<=50K,179.0
31,Private,191069,HS-grad,9,Never-married,Sales,Not-in-family,White,Female,0,0,40,United-States,<=50K,762.0
37,Private,98941,Masters,14,Never-married,Exec-managerial,Not-in-family,White,Male,0,0,40,United-States,>50K,236.0
50,Private,256362,Doctorate,16,Married-civ-spouse,Sales,Husband,White,Male,0,0,50,United-States,>50K,144.0
27,Private,341178,Some-college,10,Never-married,Adm-clerical,Other-relative,Asian-Pac-Islander,Male,0,0,40,India,<=50K,141.0
23,Private,425497,Bachelors,13,Never-married,Exec-managerial,Not-in-family,White,Female,0,0,45,United-States,<=50K,647.0
45,Federal-gov,98524,Assoc-acdm,12,Married-civ-spouse,Adm-clerical,Husband,White,Male,0,0,40,United-States,>50K,417.0
26,State-gov,294493,HS-grad,9,Married-civ-spouse,Protective-serv,Husband,White,Male,0,0,38,United-States,<=50K,99.0
35,Private,391937,Some-college,10,Married-civ-spouse,Exec-managerial,Husband,White,Male,0,0,40,United-States,<=50K,877.0
37,Self-emp-not-inc,153870,HS-grad,9,Never-married,Farming-fishing,Not-in-family,White,Male,0,0,86,United-States,<=50K,566.0
29,Private,161141,Assoc-acdm,12,Married-civ-spouse,Prof-specialty,Husband,White,Male,0,0,50,United-States,<=50K,415.0
24,Private,126675,Bachelors,13,Never-married,Sales,Not-in-family,White,Female,0,0,50,United-States,<=50K,90.0
54,Private,98436,Masters,14,Married-civ-spouse,Other-service,Husband,White,Male,0,0,40,United-States,<=50K,53.0
70,Private,105376,Some-college,10,Never-married,Tech-support,Other-relative,White,Male,0,0,40,United-States,<=50K,693.0
39,?,179352,Some-college,10,Divorced,?,Not-in-family,White,Female,0,0,35,United-States,<=50K,149.0
34,Local-gov,32732,Some-college,10,Married-civ-spouse,Exec-managerial,Husband,Amer-Indian-Eskimo,Male,0,0,40,United-States,<=50K,979.0
30,Local-gov,118500,Bachelors,13,Never-married,Prof-specialty,Not-in-family,White,Female,0,0,40,United-States,<=50K,772.0
48,Private,498328,10th,6,Married-civ-spouse,Transport-moving,Husband,Black,Male,0,0,40,United-States,<=50K,27.0
49,Private,128162,Bachelors,13,Never-married,Prof-specialty,Unmarried,White,Female,0,0,40,United-States,<=50K,390.0
51,Private,185407,Some-college,10,Married-civ-spouse,Exec-managerial,Husband,White,Male,0,0,45,United-States,>50K,946.0
32,Private,417941,12th,8,Married-civ-spouse,Sales,Husband,White,Male,0,0,40,United-States,>50K,947.0
19,?,257940,HS-grad,9,Never-married,?,Not-in-family,White,Female,0,0,16,United-States,<=50K,450.0
31,Private,190772,HS-grad,9,Never-married,Sales,Not-in-family,White,Female,0,0,40,United-States,<=50K,177.0
17,Self-emp-inc,413557,9th,5,Never-married,Sales,Own-child,White,Female,0,0,40,United-States,<=50K,20.0
44,Private,115305,Some-college,10,Divorced,Machine-op-inspct,Not-in-family,White,Male,0,0,40,United-States,<=50K,114.0
52,Private,185452,HS-grad,9,Married-civ-spouse,Craft-repair,Husband,White,Male,0,0,40,?,<=50K,691.0
32,Private,41834,12th,8,Married-civ-spouse,Sales,Husband,White,Male,0,0,40,United-States,>50K,668.0
42,Private,170050,Some-college,10,Married-civ-spouse,Prof-specialty,Husband,White,Male,0,0,45,United-States,<=50K,83.0
58,Self-emp-not-inc,33363,Assoc-acdm,12,Married-civ-spouse,Craft-repair,Wife,White,Female,0,0,20,United-States,<=50K,507.0
27,Private,182332,11th,7,Never-married,Craft-repair,Not-in-family,White,Male,0,0,40,United-States,<=50K,342.0
54,Private,98436,Masters,14,Married-civ-spouse,Other-service,Husband,White,Male,0,0,40,United-States,<=50K,589.0
31,Private,198513,Some-college,10,Married-civ-spouse,Adm-clerical,Wife,White,Female,0,0,40,United-States,<=50K,229.0
68,Self-emp-inc,120046,Bachelors,13,Married-civ-spouse,Exec-managerial,Husband,White,Male,0,0,40,United-States,>50K,242.0
35,Private,194690,7th-8th,4,Divorced,Tech-support,Unmarried,White,Female,0,0,40,United-States,<=50K,433.0
54,Private,21792,5th-6th,3,Married-spouse-absent,Other-service,Unmarried,Black,Female,0,0,30,Haiti,<=50K,315.0
25,Private,263339,Some-college,10,Married-civ-spouse,Adm-clerical,Wife,White,Female,0,0,40,United-States,>50K,148.0
46,Private,405309,HS-grad,9,Married-civ-spouse,Exec-managerial,Husband,White,Male,0,0,40,United-States,<=50K,247.0
47,Federal-gov,211482,HS-grad,9,Married-civ-spouse,Craft-repair,Husband,White,Male,0,0,40,United-States,<=50K,660.0
55,Private,110748,Bachelors,13,Married-civ-spouse,Exec-managerial,Husband,White,Male,0,1887,40,United-States,>50K,218.0
40,Private,143583,HS-grad,9,Married-civ-spouse,Machine-op-inspct,Husband,White,Male,0,0,40,United-States,<=50K,518.0
55,State-gov,137192,HS-grad,9,Married-civ-spouse,Protective-serv,Husband,White,Male,0,0,40,United-States,<=50K,487.0
29,Private,37869,Some-college,10,Divorced,Adm-clerical,Not-in-family,White,Male,0,0,36,United-States,<=50K,272.0
42,Private,173350,Masters,14,Married-civ-spouse,Adm-clerical,Husband,White,Male,0,1902,40,United-States,>50K,958.0
55,Private,34377,HS-grad,9,Never-married,Exec-managerial,Not-in-family,White,Male,0,0,54,United-States,<=50K,658.0
51,State-gov,68493,7th-8th,4,Married-civ-spouse,Transport-moving,Husband,White,Male,0,0,40,United-States,<=50K,306.0
37,State-gov,59202,HS-grad,9,Never-married,Adm-clerical,Other-relative,White,Female,0,0,40,United-States,<=50K,482.0
25,Private,257910,Bachelors,13,Never-married,Prof-specialty,Not-in-family,White,Male,0,0,45,United-States,<=50K,514.0
32,Private,155193,HS-grad,9,Separated,Prof-specialty,Not-in-family,White,Male,0,0,55,United-States,<=50K,802.0
34,Private,69285,Some-college,10,Married-civ-spouse,Other-service,Husband,Asian-Pac-Islander,Male,0,0,40,Philippines,<=50K,232.0
22,Private,109815,Some-college,10,Never-married,Adm-clerical,Not-in-family,White,Female,0,0,40,United-States,<=50K,362.0
33,Private,91163,HS-grad,9,Separated,Other-service,Other-relative,Black,Female,0,0,40,United-States,<=50K,695.0
52,Private,125831,7th-8th,4,Widowed,Other-service,Not-in-family,White,Female,0,0,40,United-States,<=50K,210.0
20,Private,146679,Some-college,10,Never-married,Other-service,Own-child,White,Male,0,0,40,United-States,<=50K,364.0
47,State-gov,55272,Some-college,10,Married-civ-spouse,Craft-repair,Husband,White,Male,0,0,40,United-States,>50K,926.0
46,Private,254202,Some-college,10,Never-married,Machine-op-inspct,Not-in-family,White,Female,2202,0,40,United-States,<=50K,710.0
39,Private,235646,Some-college,10,Divorced,Adm-clerical,Not-in-family,White,Female,0,0,40,United-States,<=50K,230.0
36,Private,182189,10th,6,Never-married,Farming-fishing,Own-child,Black,Male,0,0,60,United-States,<=50K,237.0
26,Private,167527,HS-grad,9,Never-married,Transport-moving,Own-child,White,Male,0,0,50,United-States,<=50K,156.0
47,Self-emp-not-inc,267912,HS-grad,9,Married-civ-spouse,Craft-repair,Husband,Black,Male,3103,0,50,United-States,>50K,46.0
37,Private,218903,Masters,14,Married-civ-spouse,Exec-managerial,Husband,White,Male,0,0,55,El-Salvador,>50K,341.0
55,Private,96415,HS-grad,9,Widowed,Other-service,Unmarried,Black,Female,0,0,35,United-States,<=50K,513.0
45,Private,101320,HS-grad,9,Divorced,Adm-clerical,Unmarried,White,Female,0,0,40,United-States,<=50K,353.0
20,Private,74631,Some-college,10,Never-married,Sales,Not-in-family,White,Female,0,0,50,United-States,<=50K,338.0
38,Private,277788,Some-college,10,Married-civ-spouse,Craft-repair,Husband,White,Male,0,0,40,United-States,<=50K,496.0
57,Private,110820,HS-grad,9,Married-civ-spouse,Craft-repair,Husband,White,Male,0,0,40,United-States,>50K,152.0
52,Private,185452,HS-grad,9,Married-civ-spouse,Craft-repair,Husband,White,Male,0,0,40,?,<=50K,455.0
48,Self-emp-not-inc,121124,Some-college,10,Married-civ-spouse,Prof-specialty,Husband,White,Male,0,0,35,United-States,>50K,301.0
67,?,201680,Bachelors,13,Divorced,?,Not-in-family,White,Female,0,0,60,United-States,<=50K,237.0
51,Local-gov,25249,Doctorate,16,Divorced,Prof-specialty,Not-in-family,White,Female,0,0,45,United-States,>50K,965.0
50,Private,256362,Doctorate,16,Married-civ-spouse,Sales,Husband,White,Male,0,0,50,United-States,>50K,618.0
58,Private,136819,Bachelors,13,Married-civ-spouse,Adm-clerical,Husband,Asian-Pac-Islander,Male,0,0,40,Philippines,<=50K,322.0
27,Private,177119,Some-college,10,Divorced,Adm-clerical,Unmarried,White,Female,0,0,44,United-States,<=50K,114.0
38,Local-gov,218184,5th-6th,3,Married-civ-spouse,Handlers-cleaners,Other-relative,White,Male,0,0,40,Mexico,<=50K,592.0
36,Private,20956,Bachelors,13,Married-civ-spouse,Prof-specialty,Husband,White,Male,0,0,38,United-States,<=50K,182.0
51,Private,138105,HS-grad,9,Divorced,Prof-specialty,Unmarried,White,Female,0,0,40,United-States,>50K,407.0
17,Private,354201,HS-grad,9,Never-married,Other-service,Own-child,White,Male,0,0,40,United-States,<=50K,220.0
25,Private,228583,Some-college,10,Never-married,Craft-repair,Other-relative,Asian-Pac-Islander,Female,0,0,40,Cambodia,<=50K,480.0
17,Private,158704,10th,6,Never-married,Sales,Own-child,White,Male,0,0,20,United-States,<=50K,48.0
24,Private,201466,HS-grad,9,Never-married,Adm-clerical,Unmarried,White,Male,0,0,60,United-States,<=50K,88.0
37,Private,218407,Masters,14,Married-civ-spouse,Exec-managerial,Husband,White,Male,0,0,55,El-Salvador,>50K,311.0
32,Private,226215,HS-grad,9,Married-civ-spouse,Craft-repair,Husband,White,Male,0,0,40,United-States,>50K,365.0
22,Private,178322,HS-grad,9,Never-married,Machine-op-inspct,Own-child,Black,Male,0,0,40,United-States,<=50K,525.0
56,Private,225267,HS-grad,9,Married-civ-spouse,Prof-specialty,Husband,White,Male,0,0,40,United-States,<=50K,425.0
40,Private,219751,HS-grad,9,Divorced,Tech-support,Unmarried,White,Female,0,0,40,United-States,<=50K,545.0
50,Private,237452,Masters,14,Married-civ-spouse,Exec-managerial,Husband,White,Male,0,0,50,United-States,>50K,351.0
29,Private,209934,5th-6th,3,Married-civ-spouse,Other-service,Husband,White,Male,0,0,40,Mexico,<=50K,629.0
73,Private,147989,Some-college,10,Married-civ-spouse,Adm-clerical,Wife,White,Female,20051,0,36,United-States,>50K,824.0
37,Private,138626,HS-grad,9,Separated,Craft-repair,Unmarried,White,Female,0,0,40,United-States,<=50K,137.0
30,Private,254890,HS-grad,9,Married-civ-spouse,Other-service,Husband,Black,Male,0,0,25,United-States,<=50K,454.0
63,Self-emp-inc,222289,HS-grad,9,Married-civ-spouse,Exec-managerial,Husband,White,Male,0,0,40,United-States,>50K,984.0
45,Private,179352,HS-grad,9,Divorced,Adm-clerical,Not-in-family,White,Female,0,0,40,United-States,<=50K,883.0
18,Private,30226,HS-grad,9,Never-married,Sales,Not-in-family,White,Female,0,0,20,United-States,<=50K,279.0
45,Local-gov,317846,Assoc-acdm,12,Divorced,Exec-managerial,Unmarried,White,Male,0,0,47,United-States,<=50K,601.0
57,Private,143849,Bachelors,13,Married-civ-spouse,Exec-managerial,Husband,White,Male,0,0,40,United-States,>50K,475.0
28,Private,191069,Some-college,10,Never-married,Sales,Not-in-family,Other,Male,0,0,40,India,<=50K,864.0
34,Private,226500,Bachelors,13,Divorced,Sales,Not-in-family,White,Female,0,0,40,United-States,<=50K,870.0
37,Private,108706,Bachelors,13,Never-married,Transport-moving,Not-in-family,White,Male,0,0,46,United-States,<=50K,860.0
73,Private,267652,HS-grad,9,Widowed,Sales,Other-relative,White,Female,0,0,15,United-States,<=50K,14.0
58,Self-emp-not-inc,193416,HS-grad,9,Married-civ-spouse,Craft-repair,Husband,White,Male,0,0,20,United-States,<=50K,453.0
32,Private,154950,HS-grad,9,Separated,Prof-specialty,Not-in-family,White,Male,0,0,55,United-States,<=50K,414.0
28,State-gov,199625,Bachelors,13,Never-married,Adm-clerical,Not-in-family,Other,Female,0,0,40,United-States,<=50K,373.0
33,Private,203408,Some-college,10,Divorced,Adm-clerical,Not-in-family,White,Female,0,0,40,United-States,<=50K,830.0
23,Private,231348,Some-college,10,Never-married,Handlers-cleaners,Own-child,Black,Male,0,0,22,United-States,<=50K,583.0
28,Local-gov,207188,Assoc-acdm,12,Married-civ-spouse,Protective-serv,Husband,White,Male,0,0,45,United-States,>50K,118.0
47,Federal-gov,142766,Some-college,10,Married-civ-spouse,Adm-clerical,Husband,Black,Male,0,0,40,United-States,>50K,976.0
40,Private,219751,HS-grad,9,Divorced,Tech-support,Unmarried,White,Female,0,0,40,United-States,<=50K,619.0
65,Private,47353,HS-grad,9,Widowed,Adm-clerical,Not-in-family,White,Female,0,0,22,United-States,<=50K,698.0
19,Private,146679,Some-college,10,Never-married,Exec-managerial,Own-child,Black,Male,0,0,30,United-States,<=50K,647.0
43,Private,234286,Bachelors,13,Divorced,Adm-clerical,Not-in-family,White,Female,0,0,40,United-States,<=50K,108.0
57,Self-emp-not-inc,439608,Some-college,10,Married-civ-spouse,Tech-support,Husband,White,Male,0,0,38,United-States,>50K,919.0
47,Local-gov,219632,Assoc-acdm,12,Separated,Exec-managerial,Not-in-family,White,Male,0,1408,40,United-States,<=50K,599.0
72,Private,132304,Some-college,10,Widowed,Adm-clerical,Not-in-family,White,Female,0,0,6,United-States,<=50K,740.0
24,Private,201657,HS-grad,9,Never-married,Adm-clerical,Unmarried,White,Male,0,0,60,United-States,<=50K,603.0
49,Private,272625,HS-grad,9,Married-civ-spouse,Exec-managerial,Husband,White,Male,0,0,72,United-States,<=50K,338.0
63,Local-gov,214387,Bachelors,13,Married-civ-spouse,Transport-moving,Husband,White,Male,0,0,40,Cuba,<=50K,349.0
38,Private,186916,Bachelors,13,Married-civ-spouse,Prof-specialty,Husband,White,Male,0,0,50,United-States,<=50K,274.0
55,Private,52953,HS-grad,9,Divorced,Other-service,Unmarried,White,Female,0,0,40,United-States,<=50K,614.0
27,Private,200153,Assoc-voc,11,Married-civ-spouse,Adm-clerical,Wife,Black,Female,0,0,40,United-States,<=50K,367.0
19,?,180976,10th,6,Never-married,?,Unmarried,White,Female,0,0,35,United-States,<=50K,823.0
20,Private,226872,Some-college,10,Never-married,Other-service,Own-child,White,Female,0,0,20,United-States,<=50K,973.0
54,Private,192791,Bachelors,13,Married-civ-spouse,Exec-managerial,Husband,White,Male,0,0,55,United-States,>50K,6.0
38,Private,166517,HS-grad,9,Never-married,Exec-managerial,Own-child,White,Female,0,0,40,United-States,<=50K,723.0
42,Private,263338,HS-grad,9,Married-civ-spouse,Craft-repair,Husband,White,Male,5013,0,40,United-States,>50K,858.0
30,Private,156464,Some-college,10,Never-married,Tech-support,Other-relative,White,Male,0,0,40,United-States,<=50K,503.0
53,Private,346762,9th,5,Married-civ-spouse,Machine-op-inspct,Husband,Black,Male,0,0,40,United-States,<=50K,798.0
31,Private,142921,Bachelors,13,Never-married,Tech-support,Not-in-family,White,Female,0,0,40,United-States,<=50K,323.0
27,Private,101618,HS-grad,9,Married-civ-spouse,Exec-managerial,Husband,White,Male,0,0,50,United-States,<=50K,258.0
18,Private,152102,11th,7,Married-civ-spouse,Sales,Wife,Other,Female,0,0,20,United-States,<=50K,111.0
38,Private,73471,Some-college,10,Married-civ-spouse,Sales,Husband,White,Male,0,0,50,United-States,<=50K,87.0
45,Private,105959,Some-college,10,Divorced,Machine-op-inspct,Not-in-family,White,Female,0,0,40,United-States,<=50K,895.0
38,Private,269786,Assoc-voc,11,Married-civ-spouse,Transport-moving,Husband,White,Male,0,0,70,United-States,<=50K,867.0
24,Private,179758,Assoc-acdm,12,Never-married,Craft-repair,Not-in-family,White,Male,2354,0,40,United-States,<=50K,937.0
19,Private,220237,Some-college,10,Never-married,Farming-fishing,Own-child,White,Male,0,0,50,United-States,<=50K,137.0
35,Private,351711,Some-college,10,Married-civ-spouse,Sales,Husband,White,Male,0,0,60,United-States,>50K,822.0
34,Private,227411,Bachelors,13,Divorced,Sales,Not-in-family,White,Female,0,0,40,United-States,<=50K,783.0
50,Private,170050,7th-8th,4,Married-civ-spouse,Machine-op-inspct,Husband,White,Male,0,0,40,United-States,<=50K,353.0
27,Private,141545,HS-grad,9,Married-civ-spouse,Transport-moving,Husband,White,Male,0,1902,45,United-States,<=50K,942.0
30,Local-gov,155193,Bachelors,13,Married-civ-spouse,Protective-serv,Husband,White,Male,0,0,72,United-States,>50K,351.0
36,Private,358677,Bachelors,13,Never-married,Exec-managerial,Other-relative,White,Male,0,0,50,?,<=50K,635.0
55,Private,197816,HS-grad,9,Never-married,Priv-house-serv,Unmarried,White,Female,0,0,40,Mexico,<=50K,755.0
31,Self-emp-not-inc,34066,Bachelors,13,Never-married,Tech-support,Not-in-family,White,Male,0,0,40,United-States,<=50K,930.0
20,Private,329530,9th,5,Never-married,Priv-house-serv,Own-child,White,Male,0,0,40,Mexico,<=50K,504.0
44,Private,120277,Bachelors,13,Married-civ-spouse,Prof-specialty,Husband,White,Male,15024,0,50,Italy,>50K,259.0
51,Private,152909,Some-college,10,Married-civ-spouse,Handlers-cleaners,Husband,White,Male,0,0,40,United-States,<=50K,66.0
67,Private,36877,Doctorate,16,Divorced,Exec-managerial,Not-in-family,White,Male,99999,0,60,United-States,>50K,188.0
47,Private,76487,HS-grad,9,Married-civ-spouse,Prof-specialty,Husband,White,Male,0,0,50,United-States,<=50K,276.0
17,?,417941,11th,7,Never-married,?,Own-child,White,Female,0,0,15,United-States,<=50K,514.0
33,Private,388672,Assoc-voc,11,Married-civ-spouse,Craft-repair,Husband,White,Male,0,0,60,United-States,<=50K,36.0
41,Private,45801,HS-grad,9,Never-married,Machine-op-inspct,Not-in-family,White,Male,2174,0,41,United-States,<=50K,514.0
79,Local-gov,145463,Doctorate,16,Widowed,Prof-specialty,Unmarried,White,Female,0,0,40,United-States,<=50K,222.0
49,Private,62546,Bachelors,13,Married-civ-spouse,Exec-managerial,Husband,White,Male,0,0,40,United-States,>50K,412.0
65,Private,477083,HS-grad,9,Widowed,Adm-clerical,Not-in-family,White,Female,0,0,22,United-States,<=50K,26.0
63,Self-emp-not-inc,404547,HS-grad,9,Married-civ-spouse,Craft-repair,Husband,White,Male,0,0,30,United-States,<=50K,870.0
20,Private,127185,Some-college,10,Never-married,Prof-specialty,Own-child,White,Female,0,0,15,United-States,<=50K,73.0
17,Private,112115,11th,7,Never-married,Handlers-cleaners,Own-child,White,Male,0,0,12,United-States,<=50K,840.0
28,Private,293926,HS-grad,9,Married-civ-spouse,Craft-repair,Husband,White,Male,0,1740,30,United-States,<=50K,79.0
39,Federal-gov,45156,HS-grad,9,Never-married,Handlers-cleaners,Unmarried,Black,Male,0,0,40,United-States,<=50K,910.0
24,Private,384795,Some-college,10,Married-spouse-absent,Farming-fishing,Unmarried,White,Female,0,0,40,United-States,<=50K,172.0
27,Local-gov,199625,HS-grad,9,Married-civ-spouse,Adm-clerical,Husband,White,Male,0,0,38,United-States,<=50K,264.0
23,Private,272185,Assoc-voc,11,Never-married,Craft-repair,Own-child,White,Male,0,0,33,United-States,<=50K,665.0
27,Private,125932,Prof-school,15,Never-married,Prof-specialty,Other-relative,White,Female,0,0,40,United-States,<=50K,546.0
22,?,99543,Some-college,10,Never-married,?,Own-child,White,Male,0,0,20,United-States,<=50K,258.0
17,Private,35459,HS-grad,9,Never-married,Other-service,Own-child,White,Male,0,0,40,United-States,<=50K,408.0
37,Private,188330,Bachelors,13,Never-married,Adm-clerical,Not-in-family,White,Female,0,0,35,United-States,<=50K,682.0
34,Private,209900,10th,6,Never-married,Farming-fishing,Not-in-family,White,Male,0,0,40,United-States,<=50K,962.0
33,State-gov,296282,HS-grad,9,Married-civ-spouse,Craft-repair,Husband,White,Male,0,0,40,United-States,<=50K,109.0
46,Local-gov,121124,HS-grad,9,Divorced,Adm-clerical,Unmarried,White,Female,0,0,30,United-States,<=50K,745.0
22,Private,394356,Some-college,10,Never-married,Prof-specialty,Not-in-family,White,Male,0,0,45,United-States,<=50K,914.0
24,Private,276153,HS-grad,9,Never-married,Handlers-cleaners,Not-in-family,White,Female,0,0,36,United-States,<=50K,911.0
64,State-gov,21626,Doctorate,16,Married-civ-spouse,Prof-specialty,Husband,White,Male,0,0,50,Columbia,>50K,144.0
18,Private,163052,Some-college,10,Never-married,Protective-serv,Own-child,White,Female,0,0,40,United-States,<=50K,169.0
54,Private,153908,Assoc-voc,11,Married-civ-spouse,Tech-support,Husband,White,Male,7688,0,40,United-States,>50K,859.0
26,Private,33975,Bachelors,13,Never-married,Adm-clerical,Not-in-family,White,Female,0,0,40,United-States,<=50K,210.0
47,Private,188561,HS-grad,9,Married-civ-spouse,Transport-moving,Husband,White,Male,0,0,25,United-States,<=50K,146.0
65,Private,113293,HS-grad,9,Married-civ-spouse,Craft-repair,Husband,White,Male,0,0,40,United-States,<=50K,481.0
39,Private,214738,HS-grad,9,Separated,Other-service,Not-in-family,White,Female,0,0,40,El-Salvador,<=50K,375.0
51,Private,163067,HS-grad,9,Married-civ-spouse,Protective-serv,Husband,White,Male,0,0,40,United-States,>50K,962.0
58,Self-emp-not-inc,193416,HS-grad,9,Married-civ-spouse,Craft-repair,Husband,White,Male,0,0,20,United-States,<=50K,898.0
50,Private,256051,Doctorate,16,Married-civ-spouse,Sales,Husband,White,Male,0,0,50,United-States,>50K,289.0
41,Self-emp-not-inc,111772,Assoc-acdm,12,Married-civ-spouse,Craft-repair,Husband,White,Male,0,1887,40,United-States,>50K,450.0
57,Private,150519,HS-grad,9,Divorced,Handlers-cleaners,Other-relative,White,Female,0,0,40,United-States,<=50K,829.0
49,Federal-gov,311671,Some-college,10,Married-civ-spouse,Exec-managerial,Husband,White,Male,0,0,40,United-States,>50K,207.0
58,Private,175034,HS-grad,9,Married-civ-spouse,Machine-op-inspct,Husband,White,Male,0,0,40,United-States,<=50K,101.0
44,Private,651702,HS-grad,9,Married-civ-spouse,Craft-repair,Husband,White,Male,0,0,72,United-States,<=50K,257.0
37,Private,218490,Masters,14,Married-civ-spouse,Exec-managerial,Husband,White,Male,0,0,55,El-Salvador,>50K,593.0
28,Local-gov,205903,Assoc-acdm,12,Married-civ-spouse,Protective-serv,Husband,White,Male,0,0,45,United-States,>50K,663.0
49,Private,177271,Bachelors,13,Married-civ-spouse,Exec-managerial,Husband,White,Male,0,0,50,United-States,>50K,477.0
18,Private,101795,10th,6,Never-married,Handlers-cleaners,Own-child,White,Male,0,0,40,United-States,<=50K,501.0
19,State-gov,159574,Some-college,10,Never-married,Adm-clerical,Own-child,White,Male,0,0,15,United-States,<=50K,157.0
58,Private,180342,HS-grad,9,Married-civ-spouse,Prof-specialty,Husband,White,Male,0,0,40,United-States,<=50K,83.0
71,Federal-gov,101676,10th,6,Married-civ-spouse,Adm-clerical,Husband,White,Male,0,0,40,United-States,<=50K,726.0
67,?,38973,HS-grad,9,Married-civ-spouse,?,Wife,White,Female,0,0,5,United-States,<=50K,839.0
18,Private,152652,11th,7,Married-civ-spouse,Sales,Wife,Other,Female,0,0,20,United-States,<=50K,913.0
43,State-gov,41834,HS-grad,9,Married-civ-spouse,Transport-moving,Husband,White,Male,0,0,38,United-States,>50K,421.0
33,State-gov,208703,Some-college,10,Separated,Prof-specialty,Not-in-family,White,Male,10605,0,40,United-States,>50K,808.0
28,Private,25955,Assoc-voc,11,Never-married,Prof-specialty,Unmarried,Amer-Indian-Eskimo,Male,0,0,40,United-States,<=50K,79.0
50,Private,155574,HS-grad,9,Married-civ-spouse,Prof-specialty,Husband,White,Male,0,0,40,United-States,>50K,608.0
42,Private,169611,HS-grad,9,Married-civ-spouse,Sales,Husband,White,Male,0,0,48,United-States,<=50K,703.0
48,Self-emp-inc,85043,Some-college,10,Never-married,Craft-repair,Not-in-family,White,Male,0,0,45,United-States,<=50K,519.0
20,Private,235095,HS-grad,9,Never-married,Handlers-cleaners,Own-child,White,Male,0,0,30,United-States,<=50K,384.0
23,Private,179436,Bachelors,13,Never-married,Adm-clerical,Not-in-family,White,Female,0,0,5,United-States,<=50K,242.0
20,Private,329530,9th,5,Never-married,Priv-house-serv,Own-child,White,Male,0,0,40,Mexico,<=50K,605.0
29,State-gov,214738,Bachelors,13,Married-civ-spouse,Prof-specialty,Husband,White,Male,0,0,40,Honduras,>50K,65.0
26,Private,38389,HS-grad,9,Never-married,Handlers-cleaners,Own-child,White,Male,0,0,52,United-States,<=50K,430.0
60,Local-gov,123677,Bachelors,13,Married-civ-spouse,Prof-specialty,Husband,White,Male,7298,0,40,United-States,>50K,359.0
47,Local-gov,186009,Some-college,10,Divorced,Adm-clerical,Unmarried,White,Female,0,0,38,Mexico,<=50K,224.0
58,Private,147989,Prof-school,15,Married-civ-spouse,Prof-specialty,Husband,White,Male,14084,0,60,United-States,>50K,8.0
32,Private,104525,HS-grad,9,Married-civ-spouse,Craft-repair,Husband,White,Male,2407,0,40,United-States,<=50K,547.0
38,Private,364782,HS-grad,9,Married-civ-spouse,Craft-repair,Husband,White,Male,0,0,40,United-States,>50K,861.0
28,Local-gov,205852,Assoc-acdm,12,Married-civ-spouse,Protective-serv,Husband,White,Male,0,0,45,United-States,>50K,339.0
36,Private,276153,HS-grad,9,Divorced,Adm-clerical,Unmarried,White,Female,0,0,50,United-States,<=50K,76.0
33,Private,296282,Masters,14,Married-civ-spouse,Tech-support,Husband,White,Male,0,0,15,United-States,<=50K,615.0
30,Private,171482,Bachelors,13,Married-spouse-absent,Sales,Not-in-family,White,Female,0,0,50,United-States,<=50K,534.0
22,?,34506,Some-college,10,Separated,?,Unmarried,White,Female,0,0,25,United-States,<=50K,643.0
29,Private,209213,5th-6th,3,Married-civ-spouse,Other-service,Husband,White,Male,0,0,40,Mexico,<=50K,734.0
20,Private,204397,Some-college,10,Never-married,Sales,Own-child,White,Female,0,0,32,United-States,<=50K,514.0
18,Private,605502,HS-grad,9,Never-married,Priv-house-serv,Other-relative,White,Female,0,0,10,United-States,<=50K,177.0
37,Private,159574,Assoc-voc,11,Married-civ-spouse,Craft-repair,Husband,White,Male,0,0,40,Portugal,>50K,643.0
26,Private,212954,HS-grad,9,Never-married,Adm-clerical,Unmarried,Black,Female,0,0,40,Jamaica,<=50K,252.0
48,Private,212783,Some-college,10,Married-civ-spouse,Craft-repair,Husband,White,Male,0,0,60,United-States,>50K,326.0
19,Private,197042,HS-grad,9,Never-married,Other-service,Not-in-family,White,Female,0,0,40,United-States,<=50K,146.0
42,Private,206520,Assoc-voc,11,Separated,Sales,Unmarried,Black,Female,0,0,25,United-States,<=50K,886.0
58,Private,186959,Bachelors,13,Never-married,Prof-specialty,Not-in-family,White,Female,0,0,62,Canada,<=50K,411.0
28,Private,183620,Some-college,10,Married-civ-spouse,Sales,Husband,White,Male,0,0,50,United-States,<=50K,33.0
22,State-gov,34310,Some-college,10,Never-married,Transport-moving,Own-child,White,Male,0,0,25,United-States,<=50K,14.0
41,Private,69333,HS-grad,9,Married-civ-spouse,Craft-repair,Husband,White,Male,0,0,45,United-States,>50K,281.0
43,Private,158420,HS-grad,9,Never-married,Sales,Not-in-family,White,Female,0,0,40,United-States,<=50K,622.0
38,Private,49398,HS-grad,9,Married-civ-spouse,Handlers-cleaners,Husband,White,Male,0,0,40,United-States,<=50K,198.0
19,Private,248834,Some-college,10,Never-married,Other-service,Own-child,White,Male,0,0,24,United-States,<=50K,497.0
31,Private,53776,HS-grad,9,Divorced,Sales,Not-in-family,White,Female,0,0,40,United-States,<=50K,162.0
32,Private,212954,Assoc-voc,11,Never-married,Other-service,Not-in-family,White,Male,0,0,45,United-States,<=50K,378.0
25,Private,263339,Bachelors,13,Never-married,Sales,Not-in-family,White,Female,6849,0,50,United-States,<=50K,366.0
55,Private,52953,HS-grad,9,Divorced,Other-service,Unmarried,White,Female,0,0,40,United-States,<=50K,705.0
45,Private,102318,Assoc-voc,11,Married-civ-spouse,Exec-managerial,Husband,White,Male,0,0,45,United-States,>50K,973.0
48,Private,212954,Assoc-acdm,12,Married-civ-spouse,Sales,Husband,White,Male,0,0,60,United-States,>50K,715.0
23,Private,240562,5th-6th,3,Never-married,Handlers-cleaners,Not-in-family,White,Male,0,0,55,Mexico,<=50K,124.0
20,Private,234663,HS-grad,9,Never-married,Handlers-cleaners,Own-child,White,Male,0,0,30,United-States,<=50K,636.0
58,Self-emp-not-inc,203051,9th,5,Separated,Craft-repair,Not-in-family,White,Male,0,0,40,United-States,<=50K,586.0
38,Private,167350,HS-grad,9,Never-married,Exec-managerial,Own-child,White,Female,0,0,40,United-States,<=50K,324.0
34,Self-emp-not-inc,176536,Assoc-voc,11,Married-civ-spouse,Craft-repair,Husband,White,Male,0,0,75,United-States,<=50K,762.0
33,Private,460408,Bachelors,13,Married-civ-spouse,Prof-specialty,Husband,White,Male,0,0,40,Mexico,<=50K,451.0
47,Private,284907,HS-grad,9,Married-civ-spouse,Exec-managerial,Husband,White,Male,0,0,40,United-States,<=50K,26.0
20,Private,180060,Some-college,10,Never-married,Sales,Own-child,White,Male,0,0,20,United-States,<=50K,428.0
26,Private,214627,11th,7,Never-married,Machine-op-inspct,Unmarried,White,Male,6497,0,48,United-States,<=50K,873.0
20,Private,290403,Some-college,10,Never-married,Craft-repair,Not-in-family,White,Male,0,0,40,United-States,<=50K,46.0
62,Private,193081,HS-grad,9,Divorced,Machine-op-inspct,Not-in-family,White,Female,2174,0,40,United-States,<=50K,976.0
46,Private,220001,HS-grad,9,Separated,Craft-repair,Not-in-family,White,Male,0,0,37,United-States,<=50K,952.0
28,Private,55272,Some-college,10,Never-married,Craft-repair,Not-in-family,Black,Male,0,0,40,United-States,<=50K,390.0
49,Private,234901,11th,7,Married-civ-spouse,Transport-moving,Husband,White,Male,0,0,40,United-States,<=50K,934.0
25,Private,338242,Bachelors,13,Never-married,Tech-support,Not-in-family,White,Male,0,0,40,United-States,<=50K,819.0
24,Private,209213,Some-college,10,Never-married,Adm-clerical,Own-child,White,Female,0,0,30,United-States,<=50K,694.0
31,Private,298871,Some-college,10,Divorced,Adm-clerical,Unmarried,White,Female,0,0,40,United-States,<=50K,274.0
26,State-gov,294400,HS-grad,9,Married-civ-spouse,Protective-serv,Husband,White,Male,0,0,38,United-States,<=50K,13.0
43,Private,129853,10th,6,Never-married,Machine-op-inspct,Not-in-family,Black,Male,0,0,40,United-States,<=50K,21.0
20,Federal-gov,55360,Some-college,10,Never-married,Adm-clerical,Other-relative,White,Female,0,0,40,United-States,<=50K,723.0
40,Private,284166,9th,5,Divorced,Transport-moving,Not-in-family,White,Male,0,0,30,United-States,<=50K,617.0
33,Private,157217,Masters,14,Never-married,Sales,Not-in-family,White,Female,0,0,40,United-States,<=50K,129.0
26,Private,339324,Bachelors,13,Never-married,Adm-clerical,Not-in-family,White,Female,0,0,40,United-States,<=50K,623.0
63,Private,205246,HS-grad,9,Married-civ-spouse,Machine-op-inspct,Husband,Black,Male,0,0,40,United-States,<=50K,951.0
37,Private,188503,Bachelors,13,Never-married,Adm-clerical,Not-in-family,White,Female,0,0,35,United-States,<=50K,541.0
42,Private,204682,Assoc-voc,11,Separated,Sales,Unmarried,Black,Female,0,0,25,United-States,<=50K,316.0
51,Private,164332,HS-grad,9,Married-civ-spouse,Protective-serv,Husband,White,Male,0,0,40,United-States,>50K,848.0
51,Local-gov,154641,Masters,14,Divorced,Exec-managerial,Not-in-family,White,Female,0,0,40,United-States,<=50K,776.0
51,Local-gov,25249,Doctorate,16,Divorced,Prof-specialty,Not-in-family,White,Female,0,0,45,United-States,>50K,157.0
40,Private,95639,HS-grad,9,Separated,Handlers-cleaners,Unmarried,Amer-Indian-Eskimo,Male,0,0,45,United-States,<=50K,218.0
37,Private,118681,HS-grad,9,Never-married,Machine-op-inspct,Not-in-family,White,Male,0,0,38,Puerto-Rico,<=50K,72.0
38,Private,129499,Some-college,10,Divorced,Sales,Unmarried,White,Male,1506,0,50,United-States,<=50K,466.0
49,Private,344060,12th,8,Married-civ-spouse,Craft-repair,Husband,White,Male,0,0,40,United-States,>50K,713.0
29,Private,365986,Bachelors,13,Married-civ-spouse,Exec-managerial,Husband,White,Male,0,1628,47,United-States,<=50K,792.0
42,Private,384795,Bachelors,13,Married-civ-spouse,Adm-clerical,Husband,White,Male,0,0,40,United-States,>50K,850.0
33,Private,159123,7th-8th,4,Married-civ-spouse,Adm-clerical,Husband,White,Male,0,0,45,United-States,<=50K,874.0
22,Private,243631,9th,5,Never-married,Craft-repair,Own-child,White,Male,0,0,40,United-States,<=50K,241.0
27,Self-emp-not-inc,216160,Bachelors,13,Never-married,Craft-repair,Own-child,White,Male,0,0,35,United-States,<=50K,985.0
28,Private,145409,Bachelors,13,Married-civ-spouse,Prof-specialty,Wife,White,Female,4386,0,20,United-States,>50K,987.0
35,Private,275093,Bachelors,13,Never-married,Tech-support,Not-in-family,Asian-Pac-Islander,Female,4650,0,40,United-States,<=50K,109.0
46,Private,252842,Some-college,10,Never-married,Machine-op-inspct,Not-in-family,White,Female,2354,0,40,United-States,<=50K,177.0
25,Private,339324,Bachelors,13,Never-married,Tech-support,Not-in-family,White,Male,0,0,40,United-States,<=50K,968.0
47,Private,201865,HS-grad,9,Married-civ-spouse,Transport-moving,Husband,White,Male,0,0,40,United-States,<=50K,208.0
27,Private,182540,11th,7,Never-married,Craft-repair,Not-in-family,White,Male,0,0,40,United-States,<=50K,668.0
54,Private,175339,HS-grad,9,Married-civ-spouse,Sales,Husband,White,Male,0,0,50,United-States,<=50K,715.0
64,Self-emp-inc,27187,HS-grad,9,Married-civ-spouse,Craft-repair,Husband,White,Male,0,0,40,United-States,>50K,193.0
30,Private,112358,Bachelors,13,Married-civ-spouse,Other-service,Husband,White,Male,0,0,60,United-States,>50K,756.0
42,Private,245918,HS-grad,9,Married-civ-spouse,Craft-repair,Husband,White,Male,0,0,40,United-States,<=50K,926.0
53,Private,27187,HS-grad,9,Married-spouse-absent,Transport-moving,Not-in-family,White,Male,0,0,40,United-States,>50K,123.0
43,Local-gov,191858,Bachelors,13,Never-married,Other-service,Own-child,White,Male,0,0,40,United-States,<=50K,935.0
44,Private,99651,Masters,14,Married-civ-spouse,Exec-managerial,Husband,White,Male,5178,0,40,United-States,>50K,652.0
33,Private,159021,Some-college,10,Married-civ-spouse,Adm-clerical,Husband,White,Male,0,0,40,United-States,>50K,8.0
49,Private,274398,HS-grad,9,Married-civ-spouse,Exec-managerial,Husband,White,Male,0,0,72,United-States,<=50K,658.0
