age,workclass,fnlwgt,education,education-num,marital-status,occupation,relationship,race,sex,capital-gain,capital-loss,hours-per-week,native-country,income
33,Private,218309,Bachelors,13,Married-civ-spouse,Sales,Husband,White,Male,0,0,80,Columbia,>50K
35,Private,208785,HS-grad,9,Married-civ-spouse,Transport-moving,Husband,White,Male,0,0,60,United-States,<=50K
29,Private,209609,HS-grad,9,Married-civ-spouse,Craft-repair,Husband,White,Male,0,0,40,United-States,<=50K
50,Private,96586,Assoc-voc,11,Married-civ-spouse,Other-service,Husband,White,Male,0,0,40,United-States,<=50K
36,Private,357619,Bachelors,13,Married-civ-spouse,Exec-managerial,Wife,White,Female,0,0,60,Germany,<=50K
42,Private,314659,HS-grad,9,Divorced,Adm-clerical,Unmarried,White,Female,0,0,40,United-States,<=50K
33,Private,218903,Bachelors,13,Married-civ-spouse,Sales,Husband,White,Male,0,0,80,Columbia,>50K
61,Private,355645,9th,5,Married-civ-spouse,Machine-op-inspct,Husband,Black,Male,0,0,20,Trinadad&Tobago,<=50K
50,Private,92079,Some-college,10,Married-civ-spouse,Tech-support,Husband,White,Male,0,0,45,United-States,>50K
26,Self-emp-not-inc,253190,Bachelors,13,Divorced,Sales,Not-in-family,White,Male,0,0,40,United-States,<=50K
33,Private,281219,HS-grad,9,Married-civ-spouse,Prof-specialty,Husband,White,Male,0,0,60,United-States,<=50K
17,Private,314659,11th,7,Never-married,Other-service,Own-child,White,Male,0,0,25,United-States,<=50K
19,Private,393962,HS-grad,9,Never-married,Adm-clerical,Own-child,White,Female,0,0,20,United-States,<=50K
33,Private,339956,HS-grad,9,Married-civ-spouse,Craft-repair,Husband,White,Male,0,0,40,United-States,<=50K
22,?,283510,HS-grad,9,Never-married,?,Unmarried,Black,Male,0,0,45,United-States,<=50K
63,Private,318865,Some-college,10,Divorced,Craft-repair,Unmarried,White,Male,0,0,22,United-States,<=50K
28,Private,198068,Assoc-voc,11,Married-civ-spouse,Sales,Husband,White,Male,0,0,40,United-States,<=50K
23,Private,91658,Some-college,10,Divorced,Handlers-cleaners,Own-child,White,Male,0,0,40,United-States,<=50K
40,Private,35305,10th,6,Married-civ-spouse,Craft-repair,Husband,White,Male,0,0,40,United-States,<=50K
42,Private,249332,HS-grad,9,Married-civ-spouse,Machine-op-inspct,Husband,White,Male,0,0,40,United-States,>50K
25,Private,201520,Some-college,10,Never-married,Other-service,Unmarried,Black,Female,0,0,40,United-States,<=50K
26,Local-gov,73296,HS-grad,9,Never-married,Handlers-cleaners,Own-child,Amer-Indian-Eskimo,Male,0,0,30,United-States,<=50K
59,State-gov,136873,Masters,14,Married-civ-spouse,Prof-specialty,Husband,White,Male,0,0,8,United-States,>50K
28,Private,198388,Assoc-voc,11,Married-civ-spouse,Sales,Husband,White,Male,0,0,40,United-States,<=50K
17,Private,154078,12th,8,Never-married,Other-service,Own-child,White,Female,0,0,16,United-States,<=50K
43,Local-gov,231714,Masters,14,Married-civ-spouse,Exec-managerial,Husband,White,Male,0,1902,50,United-States,>50K
28,State-gov,174714,HS-grad,9,Married-civ-spouse,Protective-serv,Husband,White,Male,0,0,40,United-States,<=50K
51,Private,194290,HS-grad,9,Married-civ-spouse,Protective-serv,Husband,White,Male,0,0,40,United-States,<=50K
48,Self-emp-not-inc,363405,HS-grad,9,Divorced,Craft-repair,Not-in-family,White,Male,0,0,60,United-States,>50K
35,Private,250034,Bachelors,13,Never-married,Adm-clerical,Own-child,Black,Female,0,0,40,United-States,<=50K
71,Federal-gov,101676,10th,6,Married-civ-spouse,Adm-clerical,Husband,White,Male,0,0,40,United-States,<=50K
77,Local-gov,182378,7th-8th,4,Widowed,Adm-clerical,Not-in-family,White,Female,0,0,40,United-States,<=50K
30,Private,177287,HS-grad,9,Divorced,Machine-op-inspct,Not-in-family,White,Male,0,0,40,United-States,<=50K
42,Self-emp-not-inc,34419,Doctorate,16,Never-married,Prof-specialty,Not-in-family,White,Male,0,0,99,United-States,>50K
28,Private,314659,Some-college,10,Never-married,Machine-op-inspct,Not-in-family,White,Male,0,0,42,United-States,<=50K
33,Private,149726,HS-grad,9,Married-civ-spouse,Sales,Husband,White,Male,0,0,40,United-States,>50K
22,Private,553473,HS-grad,9,Never-married,Handlers-cleaners,Unmarried,White,Male,0,0,40,United-States,<=50K
53,Federal-gov,59664,HS-grad,9,Married-civ-spouse,Sales,Husband,Black,Male,5013,0,40,United-States,<=50K
29,Self-emp-not-inc,75435,Some-college,10,Married-civ-spouse,Prof-specialty,Husband,Amer-Indian-Eskimo,Male,0,0,40,United-States,<=50K
50,Private,92079,Some-college,10,Married-civ-spouse,Tech-support,Husband,White,Male,0,0,45,United-States,>50K
26,Private,238360,HS-grad,9,Married-civ-spouse,Adm-clerical,Husband,White,Male,0,0,40,United-States,<=50K
39,Private,77009,Some-college,10,Married-civ-spouse,Sales,Husband,White,Male,0,0,55,United-States,>50K
63,?,337505,HS-grad,9,Married-civ-spouse,?,Husband,White,Male,0,0,20,United-States,<=50K
25,Private,394356,Some-college,10,Married-civ-spouse,Adm-clerical,Wife,Black,Female,0,0,56,United-States,>50K
37,Private,450141,Assoc-acdm,12,Divorced,Exec-managerial,Not-in-family,White,Female,0,0,40,United-States,<=50K
35,Local-gov,116960,Masters,14,Married-civ-spouse,Prof-specialty,Husband,White,Male,0,1887,40,United-States,>50K
32,State-gov,159574,Assoc-acdm,12,Married-civ-spouse,Craft-repair,Husband,White,Male,0,0,40,United-States,<=50K
27,Self-emp-not-inc,357029,HS-grad,9,Never-married,Sales,Not-in-family,Black,Male,0,0,40,United-States,<=50K
40,Private,103614,10th,6,Divorced,Craft-repair,Own-child,White,Male,0,0,40,United-States,<=50K
51,Private,306309,Assoc-voc,11,Married-civ-spouse,Craft-repair,Husband,White,Male,0,0,40,Canada,>50K
40,Private,199539,Bachelors,13,Married-civ-spouse,Adm-clerical,Husband,White,Male,0,0,40,United-States,>50K
59,Private,194290,HS-grad,9,Married-civ-spouse,Farming-fishing,Husband,White,Male,0,0,48,United-States,<=50K
45,Private,178835,HS-grad,9,Divorced,Adm-clerical,Not-in-family,White,Female,0,0,40,United-States,<=50K
22,Private,166813,HS-grad,9,Never-married,Sales,Unmarried,White,Female,0,0,40,United-States,<=50K
39,Private,211440,Bachelors,13,Married-civ-spouse,Sales,Husband,White,Male,0,0,50,United-States,>50K
39,Private,224849,HS-grad,9,Married-civ-spouse,Farming-fishing,Husband,White,Male,0,0,24,United-States,<=50K
30,Private,142921,Bachelors,13,Married-civ-spouse,Sales,Husband,White,Male,0,0,45,United-States,<=50K
34,Private,273803,Bachelors,13,Never-married,Exec-managerial,Other-relative,White,Female,0,1741,45,United-States,<=50K
40,Private,393962,Assoc-voc,11,Never-married,Prof-specialty,Not-in-family,White,Female,0,0,50,United-States,<=50K
44,Private,161662,Some-college,10,Separated,Adm-clerical,Unmarried,White,Female,0,0,40,United-States,<=50K
40,Private,182191,Some-college,10,Married-civ-spouse,Other-service,Wife,White,Female,0,0,40,Scotland,<=50K
28,Private,55360,Some-college,10,Never-married,Craft-repair,Not-in-family,Black,Male,0,0,40,United-States,<=50K
35,Private,99357,Masters,14,Married-civ-spouse,Prof-specialty,Wife,White,Female,15024,0,50,United-States,>50K
31,Private,192793,Bachelors,13,Married-civ-spouse,Prof-specialty,Husband,White,Male,0,0,40,United-States,>50K
34,Private,235307,HS-grad,9,Never-married,Machine-op-inspct,Unmarried,White,Male,0,0,40,United-States,<=50K
33,Private,253250,HS-grad,9,Married-civ-spouse,Machine-op-inspct,Husband,White,Male,0,0,48,United-States,<=50K
48,Local-gov,102076,Bachelors,13,Never-married,Adm-clerical,Unmarried,White,Female,0,0,35,United-States,<=50K
41,Private,112271,HS-grad,9,Married-civ-spouse,Craft-repair,Husband,White,Male,0,0,60,United-States,>50K
70,?,148644,HS-grad,9,Widowed,?,Not-in-family,White,Female,2964,0,12,United-States,<=50K
62,Private,200834,Masters,14,Married-civ-spouse,Exec-managerial,Husband,White,Male,0,0,55,United-States,<=50K
22,?,220230,Some-college,10,Never-married,?,Own-child,Black,Male,0,0,40,United-States,<=50K
37,Private,189382,Assoc-acdm,12,Divorced,Adm-clerical,Not-in-family,White,Female,0,1504,40,United-States,<=50K
23,Private,38771,9th,5,Never-married,Farming-fishing,Unmarried,White,Male,0,0,70,United-States,<=50K
45,Self-emp-not-inc,286342,HS-grad,9,Married-civ-spouse,Exec-managerial,Husband,Asian-Pac-Islander,Male,0,0,40,China,<=50K
43,Private,218490,Bachelors,13,Divorced,Sales,Not-in-family,White,Female,0,0,50,United-States,<=50K
37,Self-emp-not-inc,59380,HS-grad,9,Divorced,Farming-fishing,Unmarried,White,Male,0,0,56,United-States,<=50K
37,Private,189703,Assoc-acdm,12,Divorced,Adm-clerical,Not-in-family,White,Female,0,1504,40,United-States,<=50K
32,Private,226500,HS-grad,9,Married-civ-spouse,Craft-repair,Husband,White,Male,0,0,40,United-States,>50K
29,Private,188401,HS-grad,9,Divorced,Farming-fishing,Not-in-family,White,Male,0,0,40,United-States,<=50K
28,Local-gov,168539,HS-grad,9,Never-married,Protective-serv,Not-in-family,White,Male,0,0,40,United-States,<=50K
31,Private,168387,Bachelors,13,Married-civ-spouse,Prof-specialty,Husband,White,Male,7688,0,40,Canada,>50K
26,Private,292673,Bachelors,13,Never-married,Craft-repair,Other-relative,White,Male,0,0,40,United-States,<=50K
51,Private,277788,Some-college,10,Divorced,Priv-house-serv,Unmarried,Amer-Indian-Eskimo,Female,0,0,35,United-States,<=50K
33,Private,118792,Bachelors,13,Never-married,Sales,Not-in-family,White,Male,0,1590,40,United-States,<=50K
22,Private,137814,Some-college,10,Never-married,Craft-repair,Not-in-family,White,Male,0,0,40,United-States,<=50K
31,Private,181372,HS-grad,9,Divorced,Adm-clerical,Unmarried,White,Female,0,0,35,United-States,<=50K
56,Private,161251,Bachelors,13,Married-civ-spouse,Exec-managerial,Husband,White,Male,0,0,42,United-States,>50K
70,?,149698,HS-grad,9,Widowed,?,Not-in-family,White,Female,2964,0,12,United-States,<=50K
38,Private,47151,Bachelors,13,Married-civ-spouse,Other-service,Husband,White,Male,0,0,35,Mexico,<=50K
23,Private,307267,Masters,14,Never-married,Other-service,Not-in-family,White,Female,0,0,10,United-States,<=50K
25,Private,210714,Bachelors,13,Never-married,Prof-specialty,Own-child,White,Female,0,0,40,United-States,<=50K
90,Private,312771,11th,7,Never-married,Handlers-cleaners,Own-child,White,Male,0,0,40,United-States,<=50K
22,?,290441,Some-college,10,Never-married,?,Not-in-family,White,Male,0,0,15,United-States,<=50K
26,Private,127149,HS-grad,9,Divorced,Machine-op-inspct,Not-in-family,White,Male,0,0,40,United-States,<=50K
81,?,89391,Prof-school,15,Married-civ-spouse,?,Husband,White,Male,0,0,24,United-States,>50K
22,Private,305474,Bachelors,13,Never-married,Adm-clerical,Not-in-family,Asian-Pac-Islander,Female,0,0,10,Vietnam,<=50K
19,Private,261519,11th,7,Never-married,Other-service,Other-relative,White,Male,0,0,20,United-States,<=50K
41,Private,443508,Bachelors,13,Married-civ-spouse,Transport-moving,Husband,White,Male,0,0,48,Canada,>50K
31,Self-emp-not-inc,113324,HS-grad,9,Divorced,Craft-repair,Not-in-family,White,Male,0,0,60,United-States,<=50K
38,Federal-gov,172618,Some-college,10,Divorced,Adm-clerical,Not-in-family,White,Male,0,0,40,United-States,>50K
48,Private,149698,Some-college,10,Divorced,Machine-op-inspct,Not-in-family,White,Male,0,0,40,United-States,>50K
34,Self-emp-not-inc,32172,Prof-school,15,Separated,Prof-specialty,Unmarried,White,Male,0,0,48,United-States,>50K
24,Private,207875,Bachelors,13,Never-married,Adm-clerical,Own-child,White,Female,0,0,40,United-States,<=50K
42,Private,337908,Some-college,10,Divorced,Adm-clerical,Not-in-family,Black,Female,0,0,40,United-States,<=50K
51,Local-gov,252029,Doctorate,16,Divorced,Prof-specialty,Not-in-family,White,Female,0,0,45,United-States,>50K
43,Self-emp-inc,49249,Assoc-acdm,12,Married-civ-spouse,Exec-managerial,Husband,White,Male,0,0,50,United-States,>50K
31,Private,108943,Assoc-acdm,12,Married-civ-spouse,Adm-clerical,Wife,White,Female,0,1740,40,United-States,<=50K
40,Self-emp-inc,102226,HS-grad,9,Married-civ-spouse,Exec-managerial,Husband,White,Male,0,0,40,United-States,<=50K
41,Private,106159,HS-grad,9,Never-married,Machine-op-inspct,Own-child,White,Male,14084,0,48,United-States,>50K
27,Private,343447,Assoc-voc,11,Never-married,Prof-specialty,Not-in-family,White,Female,0,1876,36,Canada,<=50K
30,Private,78954,HS-grad,9,Never-married,Handlers-cleaners,Not-in-family,White,Male,0,0,40,United-States,<=50K
47,Private,276709,10th,6,Married-civ-spouse,Craft-repair,Husband,White,Male,0,0,35,United-States,<=50K
21,?,43535,Some-college,10,Never-married,?,Unmarried,White,Male,0,0,40,United-States,<=50K
35,Private,209900,HS-grad,9,Married-civ-spouse,Transport-moving,Husband,White,Male,0,0,60,United-States,<=50K
21,Private,73392,Some-college,10,Never-married,Exec-managerial,Own-child,White,Female,0,0,40,United-States,<=50K
37,Private,189565,Assoc-acdm,12,Divorced,Adm-clerical,Not-in-family,White,Female,0,1504,40,United-States,<=50K
28,Private,210794,Some-college,10,Never-married,Adm-clerical,Own-child,White,Male,0,0,40,United-States,<=50K
24,Private,437727,HS-grad,9,Divorced,Machine-op-inspct,Not-in-family,White,Male,0,0,40,United-States,<=50K
22,Private,189462,Some-college,10,Never-married,Other-service,Not-in-family,White,Female,0,0,50,United-States,<=50K
20,Private,174714,Some-college,10,Never-married,Prof-specialty,Own-child,White,Male,0,0,15,United-States,<=50K
50,Private,92079,Some-college,10,Married-civ-spouse,Tech-support,Husband,White,Male,0,0,45,United-States,>50K
46,Private,75256,HS-grad,9,Married-civ-spouse,Priv-house-serv,Wife,White,Female,0,0,40,United-States,<=50K
25,Private,359193,5th-6th,3,Never-married,Adm-clerical,Not-in-family,White,Female,0,0,33,Mexico,<=50K
18,Self-emp-not-inc,132717,HS-grad,9,Never-married,Farming-fishing,Own-child,White,Male,0,0,40,United-States,<=50K
31,Private,106437,Prof-school,15,Married-civ-spouse,Prof-specialty,Wife,White,Female,0,0,60,United-States,>50K
33,Private,204082,Some-college,10,Divorced,Adm-clerical,Not-in-family,White,Female,0,0,40,United-States,<=50K
43,Self-emp-inc,242375,Some-college,10,Married-civ-spouse,Exec-managerial,Husband,White,Male,0,0,70,United-States,>50K
58,Self-emp-not-inc,143731,HS-grad,9,Married-civ-spouse,Sales,Husband,White,Male,0,0,72,United-States,>50K
43,Private,270522,HS-grad,9,Separated,Other-service,Not-in-family,White,Female,0,0,26,United-States,<=50K
36,Private,172232,9th,5,Married-civ-spouse,Handlers-cleaners,Husband,White,Male,0,0,40,United-States,<=50K
23,Private,122493,Some-college,10,Never-married,Adm-clerical,Own-child,White,Female,0,0,20,United-States,<=50K
25,State-gov,218407,Bachelors,13,Never-married,Protective-serv,Not-in-family,Black,Female,0,0,40,United-States,<=50K
23,Private,122272,Some-college,10,Never-married,Adm-clerical,Own-child,White,Female,0,0,20,United-States,<=50K
36,Private,398931,Bachelors,13,Married-civ-spouse,Sales,Husband,White,Male,0,1902,40,United-States,>50K
52,Federal-gov,30731,Bachelors,13,Married-civ-spouse,Exec-managerial,Husband,White,Male,0,0,45,United-States,>50K
28,Local-gov,169628,HS-grad,9,Never-married,Protective-serv,Not-in-family,White,Male,0,0,40,United-States,<=50K
30,Private,169104,Assoc-acdm,12,Never-married,Other-service,Other-relative,Asian-Pac-Islander,Male,0,0,40,Vietnam,<=50K
22,Private,87310,1st-4th,2,Never-married,Other-service,Other-relative,White,Male,0,0,40,El-Salvador,<=50K
52,Private,167424,11th,7,Widowed,Other-service,Unmarried,Black,Female,0,0,40,United-States,<=50K
36,Private,361742,Assoc-voc,11,Separated,Adm-clerical,Unmarried,Black,Female,0,0,40,United-States,<=50K
23,Private,208946,Bachelors,13,Never-married,Sales,Own-child,White,Male,0,0,40,United-States,<=50K
37,Local-gov,74194,Assoc-voc,11,Married-civ-spouse,Exec-managerial,Husband,White,Male,0,0,45,United-States,<=50K
48,Private,95661,Some-college,10,Never-married,Adm-clerical,Not-in-family,White,Female,0,0,43,United-States,<=50K
46,Private,122497,Bachelors,13,Married-civ-spouse,Craft-repair,Husband,White,Male,0,0,44,United-States,>50K
65,?,328906,HS-grad,9,Widowed,?,Unmarried,White,Female,0,0,40,United-States,<=50K
27,Private,224700,HS-grad,9,Married-civ-spouse,Craft-repair,Husband,White,Male,0,0,40,United-States,<=50K
31,Private,106437,Prof-school,15,Married-civ-spouse,Prof-specialty,Wife,White,Female,0,0,60,United-States,>50K
32,Private,244172,11th,7,Married-civ-spouse,Craft-repair,Husband,White,Male,0,1672,48,United-States,<=50K
29,Private,186067,12th,8,Never-married,Other-service,Not-in-family,Other,Male,0,0,40,United-States,<=50K
45,Self-emp-inc,84324,Assoc-acdm,12,Married-civ-spouse,Prof-specialty,Husband,White,Male,0,0,50,United-States,>50K
18,?,172129,Some-college,10,Never-married,?,Own-child,Black,Female,0,0,24,United-States,<=50K
52,Private,186303,Some-college,10,Married-civ-spouse,Exec-managerial,Husband,White,Male,14344,0,55,Canada,>50K
42,Private,337908,Some-college,10,Divorced,Adm-clerical,Not-in-family,Black,Female,0,0,40,United-States,<=50K
21,Private,464484,HS-grad,9,Married-spouse-absent,Adm-clerical,Own-child,White,Female,0,0,40,United-States,<=50K
30,Private,359985,Some-college,10,Married-civ-spouse,Exec-managerial,Husband,White,Male,0,0,50,United-States,<=50K
31,Private,122609,HS-grad,9,Divorced,Adm-clerical,Unmarried,White,Female,0,0,40,United-States,<=50K
47,Private,147236,HS-grad,9,Married-civ-spouse,Craft-repair,Husband,White,Male,0,0,40,United-States,>50K
18,Private,52537,Some-college,10,Never-married,Other-service,Own-child,White,Male,0,0,8,United-States,<=50K
46,Private,75256,HS-grad,9,Married-civ-spouse,Priv-house-serv,Wife,White,Female,0,0,40,United-States,<=50K
42,Private,336891,Some-college,10,Divorced,Adm-clerical,Not-in-family,Black,Female,0,0,40,United-States,<=50K
51,Private,106728,Bachelors,13,Married-civ-spouse,Exec-managerial,Husband,White,Male,5178,0,60,United-States,>50K
37,Private,126327,Masters,14,Married-civ-spouse,Exec-managerial,Husband,White,Male,0,1977,40,United-States,>50K
63,?,336891,HS-grad,9,Married-civ-spouse,?,Husband,White,Male,0,0,20,United-States,<=50K
40,Private,198634,Prof-school,15,Married-civ-spouse,Prof-specialty,Wife,White,Female,15024,0,30,United-States,>50K
56,Self-emp-not-inc,254711,HS-grad,9,Married-civ-spouse,Sales,Husband,White,Male,0,0,20,United-States,<=50K
33,State-gov,295621,HS-grad,9,Married-civ-spouse,Craft-repair,Husband,White,Male,0,0,40,United-States,<=50K
64,Private,38925,7th-8th,4,Married-civ-spouse,Farming-fishing,Husband,White,Male,0,0,40,United-States,>50K
56,Private,193746,HS-grad,9,Separated,Craft-repair,Unmarried,White,Male,0,0,40,United-States,<=50K
17,Private,95909,11th,7,Never-married,Handlers-cleaners,Own-child,White,Male,0,0,12,United-States,<=50K
20,Private,226902,HS-grad,9,Married-civ-spouse,Adm-clerical,Husband,White,Male,0,0,60,United-States,<=50K
34,Self-emp-not-inc,120672,7th-8th,4,Never-married,Handlers-cleaners,Unmarried,Black,Male,0,0,10,United-States,<=50K
31,Private,137991,Some-college,10,Married-AF-spouse,Sales,Wife,White,Female,0,0,20,United-States,<=50K
31,Private,168330,Bachelors,13,Married-civ-spouse,Prof-specialty,Husband,White,Male,7688,0,40,Canada,>50K
41,Private,167424,Some-college,10,Married-civ-spouse,Sales,Husband,White,Male,0,0,55,United-States,<=50K
30,Private,175759,HS-grad,9,Married-civ-spouse,Craft-repair,Husband,White,Male,0,0,42,United-States,>50K
22,Local-gov,393480,Some-college,10,Never-married,Prof-specialty,Own-child,White,Female,594,0,25,United-States,<=50K
31,Private,318865,Assoc-voc,11,Married-civ-spouse,Craft-repair,Husband,White,Male,4386,0,40,Mexico,>50K
53,Self-emp-not-inc,169069,9th,5,Married-civ-spouse,Farming-fishing,Husband,White,Male,0,0,70,United-States,<=50K
28,Private,65038,HS-grad,9,Married-civ-spouse,Sales,Husband,White,Male,0,0,40,United-States,<=50K
40,State-gov,269028,Assoc-voc,11,Married-civ-spouse,Other-service,Husband,Black,Male,0,0,30,United-States,<=50K
31,Private,199698,HS-grad,9,Divorced,Adm-clerical,Not-in-family,White,Female,0,0,40,Germany,<=50K
45,Self-emp-not-inc,285580,HS-grad,9,Married-civ-spouse,Exec-managerial,Husband,Asian-Pac-Islander,Male,0,0,40,China,<=50K
19,Private,200790,HS-grad,9,Never-married,Adm-clerical,Not-in-family,White,Female,0,0,25,United-States,<=50K
40,Private,354558,Some-college,10,Married-civ-spouse,Craft-repair,Husband,Black,Male,0,0,40,United-States,>50K
36,Private,175710,HS-grad,9,Married-civ-spouse,Craft-repair,Husband,White,Male,0,0,35,United-States,<=50K
35,Local-gov,116960,Masters,14,Married-civ-spouse,Prof-specialty,Husband,White,Male,0,1887,40,United-States,>50K
48,Local-gov,283510,Bachelors,13,Married-civ-spouse,Prof-specialty,Husband,White,Male,0,0,40,United-States,<=50K
25,Private,105520,HS-grad,9,Never-married,Other-service,Own-child,Black,Male,0,0,40,United-States,<=50K
52,Self-emp-inc,134886,HS-grad,9,Married-civ-spouse,Exec-managerial,Husband,White,Male,0,0,40,United-States,>50K
29,Private,127892,Bachelors,13,Married-civ-spouse,Sales,Husband,White,Male,0,0,45,United-States,<=50K
70,?,149507,HS-grad,9,Widowed,?,Not-in-family,White,Female,2964,0,12,United-States,<=50K
41,Self-emp-not-inc,43945,Masters,14,Divorced,Sales,Unmarried,White,Male,0,0,5,United-States,>50K
47,Self-emp-not-inc,94100,Bachelors,13,Never-married,Farming-fishing,Not-in-family,White,Male,0,0,65,United-States,<=50K
30,Private,181200,Bachelors,13,Married-civ-spouse,Prof-specialty,Wife,White,Female,0,0,40,United-States,>50K
47,Local-gov,165822,Some-college,10,Divorced,Transport-moving,Unmarried,White,Male,0,0,40,United-States,<=50K
51,Private,62534,HS-grad,9,Married-civ-spouse,Handlers-cleaners,Husband,White,Male,0,0,40,United-States,>50K
57,Private,43945,Masters,14,Married-civ-spouse,Prof-specialty,Husband,White,Male,0,1977,45,United-States,>50K
34,Private,204788,Some-college,10,Divorced,Exec-managerial,Own-child,White,Male,0,0,44,United-States,<=50K
25,Private,262285,HS-grad,9,Never-married,Sales,Own-child,White,Male,0,0,35,United-States,<=50K
55,Private,202027,Bachelors,13,Married-civ-spouse,Other-service,Other-relative,Asian-Pac-Islander,Male,0,0,35,Philippines,<=50K
45,Private,176969,HS-grad,9,Never-married,Other-service,Not-in-family,White,Female,0,0,40,El-Salvador,<=50K
39,Private,238917,HS-grad,9,Divorced,Adm-clerical,Unmarried,White,Female,0,0,40,United-States,<=50K
41,Local-gov,184466,Masters,14,Married-civ-spouse,Prof-specialty,Husband,White,Male,0,0,38,United-States,>50K
50,Private,193090,HS-grad,9,Married-civ-spouse,Exec-managerial,Husband,White,Male,0,0,60,United-States,<=50K
25,Federal-gov,339482,Some-college,10,Married-civ-spouse,Protective-serv,Husband,Black,Male,0,0,40,United-States,<=50K
70,?,149337,HS-grad,9,Widowed,?,Not-in-family,White,Female,2964,0,12,United-States,<=50K
19,Private,158294,Some-college,10,Never-married,Tech-support,Own-child,White,Female,0,0,40,?,<=50K
23,Private,204226,Some-college,10,Never-married,Adm-clerical,Not-in-family,White,Female,0,0,40,United-States,<=50K
50,Private,237868,Masters,14,Married-civ-spouse,Exec-managerial,Husband,White,Male,0,0,50,United-States,>50K
33,Self-emp-inc,287372,Some-college,10,Married-civ-spouse,Exec-managerial,Husband,White,Male,0,0,50,United-States,>50K
40,Federal-gov,77332,Some-college,10,Divorced,Adm-clerical,Not-in-family,White,Female,0,0,50,United-States,<=50K
26,Private,321709,Bachelors,13,Never-married,Prof-specialty,Not-in-family,White,Female,0,0,45,United-States,<=50K
40,Federal-gov,77332,Some-college,10,Divorced,Adm-clerical,Not-in-family,White,Female,0,0,50,United-States,<=50K
28,Private,55614,Some-college,10,Never-married,Craft-repair,Not-in-family,Black,Male,0,0,40,United-States,<=50K
18,Self-emp-not-inc,132986,HS-grad,9,Never-married,Farming-fishing,Own-child,White,Male,0,0,40,United-States,<=50K
22,Private,31115,Bachelors,13,Never-married,Adm-clerical,Not-in-family,Asian-Pac-Islander,Female,0,0,10,Vietnam,<=50K
28,Private,173584,5th-6th,3,Never-married,Other-service,Not-in-family,White,Female,0,0,40,Mexico,<=50K
46,Private,76131,5th-6th,3,Married-civ-spouse,Other-service,Wife,Asian-Pac-Islander,Female,0,0,40,Philippines,>50K
52,Private,104501,12th,8,Married-civ-spouse,Exec-managerial,Husband,White,Male,0,0,60,United-States,>50K
21,Private,201783,Assoc-acdm,12,Never-married,Adm-clerical,Not-in-family,White,Female,0,0,10,United-States,<=50K
33,State-gov,357691,Masters,14,Married-civ-spouse,Protective-serv,Husband,Black,Male,0,0,40,United-States,<=50K
66,Self-emp-not-inc,34218,HS-grad,9,Married-civ-spouse,Transport-moving,Husband,White,Male,0,0,50,United-States,>50K
44,Self-emp-not-inc,254672,Masters,14,Married-civ-spouse,Prof-specialty,Husband,White,Male,0,0,54,United-States,<=50K
31,?,181974,Bachelors,13,Married-civ-spouse,?,Wife,White,Female,4064,0,30,Canada,<=50K
47,Private,104068,HS-grad,9,Divorced,Prof-specialty,Unmarried,Amer-Indian-Eskimo,Female,0,0,40,United-States,<=50K
33,Local-gov,155489,Assoc-voc,11,Married-civ-spouse,Tech-support,Husband,White,Male,0,0,40,United-States,<=50K
35,Private,214896,HS-grad,9,Divorced,Adm-clerical,Not-in-family,White,Female,0,0,45,United-States,<=50K
37,Private,216149,11th,7,Married-civ-spouse,Craft-repair,Husband,White,Male,0,0,45,United-States,<=50K
33,Private,93056,HS-grad,9,Married-civ-spouse,Transport-moving,Husband,White,Male,0,0,40,United-States,<=50K
40,Private,393962,Assoc-voc,11,Never-married,Prof-specialty,Not-in-family,White,Female,0,0,50,United-States,<=50K
39,Private,197150,HS-grad,9,Divorced,Craft-repair,Unmarried,White,Male,0,0,50,El-Salvador,<=50K
49,Self-emp-inc,197038,Bachelors,13,Married-civ-spouse,Exec-managerial,Husband,White,Male,0,0,50,United-States,>50K
24,Private,202214,Some-college,10,Never-married,Adm-clerical,Own-child,Black,Female,0,0,40,United-States,<=50K
31,Private,169069,Bachelors,13,Married-civ-spouse,Prof-specialty,Husband,White,Male,7688,0,40,Canada,>50K
22,Private,189703,Some-college,10,Never-married,Other-service,Not-in-family,White,Female,0,0,50,United-States,<=50K
49,Private,187098,Masters,14,Married-civ-spouse,Exec-managerial,Husband,White,Male,15024,0,50,United-States,>50K
56,Self-emp-not-inc,254711,HS-grad,9,Married-civ-spouse,Sales,Husband,White,Male,0,0,20,United-States,<=50K
22,Private,124520,Some-college,10,Never-married,Sales,Not-in-family,White,Male,0,0,30,United-States,<=50K
46,Private,122493,Bachelors,13,Married-civ-spouse,Craft-repair,Husband,White,Male,0,0,44,United-States,>50K
46,Private,116825,7th-8th,4,Married-civ-spouse,Prof-specialty,Wife,White,Female,0,0,45,United-States,<=50K
26,Self-emp-not-inc,231826,HS-grad,9,Married-civ-spouse,Craft-repair,Husband,White,Male,0,0,40,United-States,<=50K
30,Private,255004,Assoc-acdm,12,Divorced,Sales,Not-in-family,White,Male,0,0,52,United-States,<=50K
25,State-gov,218184,Bachelors,13,Never-married,Protective-serv,Not-in-family,Black,Female,0,0,40,United-States,<=50K
28,Private,302626,Bachelors,13,Married-civ-spouse,Prof-specialty,Husband,White,Male,0,1902,43,United-States,>50K
37,Private,53373,Prof-school,15,Never-married,Prof-specialty,Not-in-family,Asian-Pac-Islander,Female,0,0,55,United-States,>50K
28,Private,173673,5th-6th,3,Never-married,Other-service,Not-in-family,White,Female,0,0,40,Mexico,<=50K
26,Private,322547,Bachelors,13,Never-married,Prof-specialty,Not-in-family,White,Female,0,0,45,United-States,<=50K
50,Self-emp-not-inc,91103,HS-grad,9,Married-civ-spouse,Craft-repair,Husband,White,Male,0,0,51,United-States,>50K
56,Private,194097,HS-grad,9,Separated,Craft-repair,Unmarried,White,Male,0,0,40,United-States,<=50K
21,Private,73679,Some-college,10,Never-married,Exec-managerial,Own-child,White,Female,0,0,40,United-States,<=50K
66,Private,86010,10th,6,Widowed,Transport-moving,Not-in-family,White,Female,0,0,11,United-States,<=50K
47,Local-gov,128876,Doctorate,16,Never-married,Prof-specialty,Unmarried,White,Female,0,0,40,United-States,<=50K
23,Private,175837,11th,7,Never-married,Farming-fishing,Other-relative,White,Female,0,0,40,Puerto-Rico,<=50K
35,Private,354558,Some-college,10,Married-civ-spouse,Tech-support,Husband,White,Male,27828,0,55,Poland,<=50K
49,Private,188246,Masters,14,Married-civ-spouse,Exec-managerial,Husband,White,Male,14344,0,50,United-States,>50K
42,Self-emp-not-inc,209900,HS-grad,9,Divorced,Priv-house-serv,Unmarried,Black,Female,0,0,40,United-States,<=50K
25,Private,200834,Some-college,10,Never-married,Other-service,Unmarried,Black,Female,0,0,40,United-States,<=50K
41,Private,112283,HS-grad,9,Married-civ-spouse,Craft-repair,Husband,White,Male,0,0,60,United-States,>50K
29,Private,137814,Some-college,10,Never-married,Other-service,Not-in-family,White,Female,0,0,41,United-States,>50K
22,Private,496526,Some-college,10,Married-civ-spouse,Machine-op-inspct,Husband,White,Male,0,0,40,Mexico,<=50K
35,Private,351772,Some-college,10,Married-civ-spouse,Sales,Husband,White,Male,0,0,60,United-States,>50K
47,Self-emp-not-inc,117310,HS-grad,9,Never-married,Other-service,Not-in-family,White,Female,0,1876,48,United-States,<=50K
24,Private,62952,HS-grad,9,Never-married,Craft-repair,Own-child,White,Male,0,0,40,United-States,<=50K
68,Private,34965,Some-college,10,Married-civ-spouse,Adm-clerical,Husband,White,Male,0,0,40,United-States,<=50K
33,Private,118399,Bachelors,13,Never-married,Sales,Not-in-family,White,Male,0,1590,40,United-States,<=50K
26,Private,210498,HS-grad,9,Married-civ-spouse,Transport-moving,Husband,White,Male,0,0,52,United-States,>50K
23,Private,203463,Bachelors,13,Never-married,Prof-specialty,Not-in-family,White,Female,0,0,40,United-States,<=50K
44,Private,110355,Bachelors,13,Married-civ-spouse,Exec-managerial,Husband,White,Male,0,0,40,United-States,>50K
48,Private,196243,HS-grad,9,Divorced,Adm-clerical,Not-in-family,White,Female,0,0,30,United-States,<=50K
54,Private,290441,1st-4th,2,Married-civ-spouse,Other-service,Husband,White,Male,0,0,35,Mexico,<=50K
41,Self-emp-not-inc,327154,Assoc-voc,11,Married-civ-spouse,Farming-fishing,Husband,White,Male,0,0,45,United-States,<=50K
45,Private,178383,HS-grad,9,Divorced,Adm-clerical,Not-in-family,White,Female,0,0,40,United-States,<=50K
52,Private,119111,HS-grad,9,Married-civ-spouse,Machine-op-inspct,Husband,White,Male,0,0,40,United-States,<=50K
42,Self-emp-not-inc,200496,Prof-school,15,Never-married,Prof-specialty,Not-in-family,White,Male,0,0,38,United-States,<=50K
59,Self-emp-inc,171228,Some-college,10,Married-civ-spouse,Exec-managerial,Husband,White,Male,15024,0,60,United-States,>50K
64,Private,192793,HS-grad,9,Widowed,Adm-clerical,Not-in-family,White,Female,0,0,30,United-States,<=50K
21,Private,108687,Some-college,10,Never-married,Sales,Own-child,White,Female,0,0,40,United-States,<=50K
48,Private,241350,11th,7,Separated,Other-service,Unmarried,Black,Male,0,0,22,United-States,<=50K
55,Local-gov,176175,Masters,14,Married-civ-spouse,Prof-specialty,Wife,White,Female,0,2267,40,United-States,<=50K
18,Private,106943,11th,7,Never-married,Sales,Own-child,White,Female,0,0,12,United-States,<=50K
23,Private,180039,Bachelors,13,Never-married,Machine-op-inspct,Own-child,White,Male,0,0,50,United-States,<=50K
42,Private,421065,Some-college,10,Married-civ-spouse,Tech-support,Husband,White,Male,0,0,40,United-States,<=50K
44,Local-gov,56651,Bachelors,13,Married-civ-spouse,Exec-managerial,Husband,White,Male,0,0,52,United-States,<=50K
50,Private,218184,HS-grad,9,Married-civ-spouse,Craft-repair,Husband,White,Male,0,0,40,United-States,>50K
49,Local-gov,46537,HS-grad,9,Divorced,Adm-clerical,Not-in-family,White,Female,594,0,10,United-States,<=50K
39,Private,211097,Bachelors,13,Married-civ-spouse,Sales,Husband,White,Male,0,0,50,United-States,>50K
42,Self-emp-not-inc,200496,Prof-school,15,Never-married,Prof-specialty,Not-in-family,White,Male,0,0,39,United-States,<=50K
51,Self-emp-not-inc,126822,11th,7,Married-civ-spouse,Farming-fishing,Husband,White,Male,0,0,45,United-States,>50K
28,Private,66095,HS-grad,9,Married-civ-spouse,Sales,Husband,White,Male,0,0,40,United-States,<=50K
20,?,349148,Some-college,10,Never-married,?,Own-child,Amer-Indian-Eskimo,Male,0,0,72,United-States,<=50K
20,State-gov,178510,Some-college,10,Never-married,Farming-fishing,Not-in-family,White,Male,0,0,40,United-States,<=50K
51,Private,190772,1st-4th,2,Widowed,Craft-repair,Not-in-family,White,Male,0,0,40,Mexico,<=50K
22,Federal-gov,467108,Bachelors,13,Never-married,Tech-support,Own-child,White,Male,0,0,8,United-States,<=50K
54,Private,21626,Masters,14,Married-civ-spouse,Exec-managerial,Husband,White,Male,0,1887,44,United-States,>50K
62,Private,82906,Bachelors,13,Married-civ-spouse,Exec-managerial,Wife,White,Female,4064,0,35,England,<=50K
71,Private,244688,7th-8th,4,Married-civ-spouse,Transport-moving,Husband,White,Male,6514,0,40,United-States,>50K
26,State-gov,126327,Assoc-acdm,12,Never-married,Adm-clerical,Unmarried,Black,Female,0,0,40,United-States,<=50K
52,Private,258026,Assoc-voc,11,Divorced,Adm-clerical,Not-in-family,White,Female,0,0,40,Germany,<=50K
20,Private,637080,Some-college,10,Never-married,Sales,Not-in-family,White,Male,0,0,25,United-States,<=50K
50,Self-emp-not-inc,91103,HS-grad,9,Married-civ-spouse,Craft-repair,Husband,White,Male,0,0,51,United-States,>50K
28,Private,173673,5th-6th,3,Never-married,Other-service,Not-in-family,White,Female,0,0,40,Mexico,<=50K
24,Private,62534,HS-grad,9,Never-married,Craft-repair,Own-child,White,Male,0,0,40,United-States,<=50K
59,Private,59469,Masters,14,Married-civ-spouse,Tech-support,Husband,White,Male,0,0,40,Iran,<=50K
34,Private,145231,HS-grad,9,Married-civ-spouse,Adm-clerical,Wife,White,Female,4064,0,35,United-States,<=50K
28,Private,76767,7th-8th,4,Divorced,Other-service,Unmarried,White,Female,0,0,50,United-States,<=50K
56,Private,198813,HS-grad,9,Divorced,Adm-clerical,Not-in-family,White,Female,0,0,40,United-States,<=50K
81,?,89391,Prof-school,15,Married-civ-spouse,?,Husband,White,Male,0,0,24,United-States,>50K
58,State-gov,198286,Bachelors,13,Married-civ-spouse,Adm-clerical,Husband,White,Male,0,0,35,United-States,>50K
23,Private,106615,Assoc-acdm,12,Never-married,Prof-specialty,Own-child,White,Female,2176,0,25,United-States,<=50K
42,Private,183390,Masters,14,Married-civ-spouse,Prof-specialty,Wife,White,Female,0,0,45,United-States,>50K
58,Private,37088,Some-college,10,Divorced,Prof-specialty,Unmarried,White,Female,0,0,40,United-States,<=50K
27,Private,363053,9th,5,Never-married,Priv-house-serv,Unmarried,White,Female,0,0,24,Mexico,<=50K
29,Private,107812,HS-grad,9,Divorced,Craft-repair,Not-in-family,White,Male,0,0,40,United-States,<=50K
46,Private,221532,Some-college,10,Married-civ-spouse,Tech-support,Husband,White,Male,0,0,40,United-States,>50K
31,Private,191954,Bachelors,13,Married-civ-spouse,Prof-specialty,Husband,White,Male,0,0,40,United-States,>50K
25,Private,357691,5th-6th,3,Never-married,Adm-clerical,Not-in-family,White,Female,0,0,33,Mexico,<=50K
49,Private,81540,Prof-school,15,Married-civ-spouse,Prof-specialty,Husband,White,Male,0,0,60,United-States,>50K
34,Private,242460,Bachelors,13,Married-civ-spouse,Exec-managerial,Husband,White,Male,7688,0,40,United-States,>50K
53,Private,250034,Bachelors,13,Married-civ-spouse,Exec-managerial,Husband,Black,Male,0,0,50,United-States,>50K
46,Private,141186,Assoc-acdm,12,Divorced,Prof-specialty,Not-in-family,White,Female,0,0,50,United-States,<=50K
36,Local-gov,413297,Bachelors,13,Married-civ-spouse,Prof-specialty,Husband,White,Male,0,1887,40,United-States,>50K
42,Private,120672,HS-grad,9,Divorced,Farming-fishing,Not-in-family,White,Male,0,0,50,United-States,<=50K
51,Federal-gov,218184,Some-college,10,Divorced,Prof-specialty,Not-in-family,Black,Female,0,0,40,United-States,<=50K
49,Private,136787,Masters,14,Divorced,Sales,Unmarried,Other,Female,0,0,20,Peru,<=50K
33,Private,213813,Some-college,10,Divorced,Tech-support,Unmarried,White,Female,0,0,40,United-States,<=50K
52,Self-emp-inc,133963,HS-grad,9,Married-civ-spouse,Exec-managerial,Husband,White,Male,0,0,40,United-States,>50K
23,Private,216867,HS-grad,9,Never-married,Transport-moving,Own-child,White,Male,0,0,40,United-States,<=50K
23,Private,175856,11th,7,Never-married,Farming-fishing,Other-relative,White,Female,0,0,40,Puerto-Rico,<=50K
37,Private,53232,Prof-school,15,Never-married,Prof-specialty,Not-in-family,Asian-Pac-Islander,Female,0,0,55,United-States,>50K
39,State-gov,85572,HS-grad,9,Divorced,Adm-clerical,Unmarried,White,Female,0,0,40,United-States,<=50K
54,Private,50567,Bachelors,13,Divorced,Exec-managerial,Not-in-family,Black,Female,0,0,45,United-States,>50K
35,Private,132717,Some-college,10,Married-civ-spouse,Tech-support,Husband,White,Male,0,0,40,United-States,>50K
31,Private,187334,Some-college,10,Married-civ-spouse,Adm-clerical,Husband,White,Male,0,0,40,United-States,<=50K
44,Private,156410,Assoc-acdm,12,Married-civ-spouse,Prof-specialty,Husband,White,Male,0,0,40,United-States,>50K
38,Local-gov,156383,Some-college,10,Never-married,Protective-serv,Unmarried,Black,Female,0,0,40,United-States,<=50K
25,Private,176520,HS-grad,9,Never-married,Craft-repair,Other-relative,White,Male,0,0,40,United-States,<=50K
23,State-gov,186303,Bachelors,13,Never-married,Adm-clerical,Not-in-family,White,Male,0,0,16,United-States,<=50K
57,Private,102442,Some-college,10,Divorced,Adm-clerical,Unmarried,White,Female,0,0,40,United-States,<=50K
22,Private,199018,Some-college,10,Never-married,Sales,Own-child,White,Male,0,0,15,United-States,<=50K
41,Private,206681,Some-college,10,Never-married,Craft-repair,Not-in-family,Black,Male,0,0,45,United-States,<=50K
39,Private,91711,Masters,14,Married-civ-spouse,Exec-managerial,Husband,White,Male,0,0,40,United-States,>50K
45,Private,240175,HS-grad,9,Never-married,Transport-moving,Not-in-family,White,Male,0,0,40,United-States,<=50K
45,Self-emp-not-inc,286342,HS-grad,9,Married-civ-spouse,Exec-managerial,Husband,Asian-Pac-Islander,Male,0,0,40,China,<=50K
44,Private,158118,HS-grad,9,Divorced,Sales,Own-child,White,Male,0,0,38,United-States,<=50K
45,Local-gov,19302,Some-college,10,Married-civ-spouse,Protective-serv,Husband,White,Male,0,0,40,United-States,>50K
20,?,359985,Some-college,10,Never-married,?,Own-child,White,Female,0,0,35,United-States,<=50K
25,Private,255474,Bachelors,13,Married-civ-spouse,Prof-specialty,Husband,White,Male,0,0,40,United-States,<=50K
37,Private,216149,11th,7,Married-civ-spouse,Craft-repair,Husband,White,Male,0,0,45,United-States,<=50K
29,Private,35305,HS-grad,9,Married-civ-spouse,Sales,Husband,White,Male,0,0,60,United-States,<=50K
61,Private,57408,Bachelors,13,Divorced,Adm-clerical,Not-in-family,White,Female,0,0,35,United-States,<=50K
46,Local-gov,232220,Masters,14,Divorced,Exec-managerial,Not-in-family,White,Male,0,0,50,United-States,>50K
39,Private,67433,Assoc-voc,11,Never-married,Prof-specialty,Not-in-family,White,Female,4650,0,32,United-States,<=50K
40,Private,199018,Prof-school,15,Married-civ-spouse,Prof-specialty,Wife,White,Female,15024,0,30,United-States,>50K
47,Private,123425,HS-grad,9,Never-married,Exec-managerial,Own-child,White,Male,0,0,41,United-States,<=50K
90,Self-emp-not-inc,83601,Prof-school,15,Widowed,Prof-specialty,Not-in-family,White,Male,1086,0,60,United-States,<=50K
44,Private,109609,Bachelors,13,Married-civ-spouse,Exec-managerial,Husband,White,Male,0,0,40,United-States,>50K
50,Self-emp-not-inc,91103,HS-grad,9,Married-civ-spouse,Craft-repair,Husband,White,Male,0,0,51,United-States,>50K
45,Private,176175,HS-grad,9,Never-married,Other-service,Not-in-family,White,Female,0,0,40,El-Salvador,<=50K
37,Private,180060,Bachelors,13,Never-married,Prof-specialty,Not-in-family,White,Female,0,0,45,United-States,<=50K
44,Private,201723,Bachelors,13,Married-civ-spouse,Exec-managerial,Husband,White,Male,15024,0,45,United-States,>50K
39,Private,138192,Bachelors,13,Married-civ-spouse,Craft-repair,Husband,White,Male,0,0,40,United-States,>50K
23,Private,216851,HS-grad,9,Never-married,Transport-moving,Own-child,White,Male,0,0,40,United-States,<=50K
56,Self-emp-not-inc,172694,Bachelors,13,Married-civ-spouse,Prof-specialty,Husband,White,Male,7688,0,40,United-States,>50K
27,Private,237943,Bachelors,13,Never-married,Other-service,Not-in-family,White,Female,0,0,35,United-States,<=50K
58,State-gov,198258,Bachelors,13,Married-civ-spouse,Adm-clerical,Husband,White,Male,0,0,35,United-States,>50K
47,Private,28544,HS-grad,9,Married-civ-spouse,Exec-managerial,Husband,White,Male,0,0,40,United-States,<=50K
43,Local-gov,229259,Masters,14,Married-civ-spouse,Exec-managerial,Husband,White,Male,0,1902,50,United-States,>50K
73,Private,188246,Some-college,10,Married-civ-spouse,Protective-serv,Husband,White,Male,0,0,40,United-States,<=50K
34,Private,198634,Assoc-voc,11,Never-married,Adm-clerical,Not-in-family,White,Female,0,0,40,United-States,<=50K
23,Private,86939,HS-grad,9,Married-spouse-absent,Machine-op-inspct,Not-in-family,White,Male,0,0,40,United-States,<=50K
31,Private,106159,Prof-school,15,Married-civ-spouse,Prof-specialty,Wife,White,Female,0,0,60,United-States,>50K
18,Private,703067,11th,7,Never-married,Sales,Own-child,White,Male,0,0,20,United-States,<=50K
19,Private,200997,HS-grad,9,Never-married,Adm-clerical,Not-in-family,White,Female,0,0,25,United-States,<=50K
17,Private,308673,11th,7,Never-married,Other-service,Own-child,White,Male,0,0,25,United-States,<=50K
20,Private,33394,5th-6th,3,Married-civ-spouse,Craft-repair,Husband,White,Male,0,0,40,Mexico,<=50K
25,Private,176175,HS-grad,9,Never-married,Craft-repair,Other-relative,White,Male,0,0,40,United-States,<=50K
18,Private,393962,11th,7,Never-married,Handlers-cleaners,Own-child,White,Male,0,0,24,United-States,<=50K
28,Private,175526,Bachelors,13,Never-married,Adm-clerical,Not-in-family,White,Female,0,0,30,?,<=50K
20,Private,227626,HS-grad,9,Married-civ-spouse,Adm-clerical,Husband,White,Male,0,0,60,United-States,<=50K
17,Private,52967,10th,6,Never-married,Other-service,Own-child,White,Female,0,0,6,United-States,<=50K
24,Private,43705,HS-grad,9,Divorced,Machine-op-inspct,Not-in-family,White,Male,0,0,40,United-States,<=50K
54,Private,216842,Masters,14,Married-civ-spouse,Exec-managerial,Husband,White,Male,0,1887,44,United-States,>50K
23,Local-gov,218903,11th,7,Married-civ-spouse,Handlers-cleaners,Husband,White,Male,0,0,40,United-States,<=50K
39,Private,215251,HS-grad,9,Separated,Other-service,Not-in-family,White,Female,0,0,40,El-Salvador,<=50K
60,Federal-gov,128876,Some-college,10,Married-civ-spouse,Tech-support,Husband,White,Male,0,0,40,United-States,<=50K
55,Local-gov,176175,Masters,14,Married-civ-spouse,Prof-specialty,Wife,White,Female,0,2267,40,United-States,<=50K
59,Private,164970,HS-grad,9,Married-civ-spouse,Prof-specialty,Husband,Black,Male,0,0,60,United-States,<=50K
23,Private,252029,Assoc-acdm,12,Married-civ-spouse,Handlers-cleaners,Husband,White,Male,0,0,25,United-States,<=50K
36,Private,172232,9th,5,Married-civ-spouse,Handlers-cleaners,Husband,White,Male,0,0,40,United-States,<=50K
54,Private,221915,Prof-school,15,Never-married,Prof-specialty,Other-relative,White,Female,0,0,65,United-States,<=50K
20,?,346762,Some-college,10,Never-married,?,Own-child,Amer-Indian-Eskimo,Male,0,0,72,United-States,<=50K
58,Self-emp-inc,216149,Assoc-voc,11,Divorced,Sales,Not-in-family,White,Male,2202,0,56,United-States,<=50K
22,Private,119721,HS-grad,9,Never-married,Sales,Not-in-family,White,Female,0,0,40,United-States,<=50K
40,Private,39411,Assoc-voc,11,Never-married,Prof-specialty,Not-in-family,White,Female,0,0,50,United-States,<=50K
28,Local-gov,135158,Bachelors,13,Never-married,Adm-clerical,Not-in-family,Black,Female,4101,0,60,United-States,<=50K
33,Private,118399,Bachelors,13,Never-married,Sales,Not-in-family,White,Male,0,1590,40,United-States,<=50K
32,Private,178517,HS-grad,9,Never-married,Adm-clerical,Not-in-family,White,Male,0,0,40,United-States,<=50K
20,Private,188401,Some-college,10,Never-married,Tech-support,Own-child,White,Female,0,0,40,United-States,<=50K
61,Local-gov,149981,HS-grad,9,Widowed,Adm-clerical,Not-in-family,White,Female,0,0,40,United-States,<=50K
45,Private,178835,HS-grad,9,Divorced,Adm-clerical,Not-in-family,White,Female,0,0,40,United-States,<=50K
48,Private,155057,Some-college,10,Divorced,Prof-specialty,Not-in-family,White,Male,0,0,40,United-States,>50K
48,Private,95661,Some-college,10,Never-married,Adm-clerical,Not-in-family,White,Female,0,0,43,United-States,<=50K
19,Private,165754,Some-college,10,Never-married,Sales,Own-child,White,Female,0,0,20,United-States,<=50K
22,Private,51362,Bachelors,13,Never-married,Sales,Not-in-family,White,Female,0,0,16,United-States,<=50K
28,Local-gov,169104,HS-grad,9,Never-married,Protective-serv,Not-in-family,White,Male,0,0,40,United-States,<=50K
51,Private,61270,HS-grad,9,Married-civ-spouse,Handlers-cleaners,Husband,White,Male,0,0,40,United-States,>50K
55,Private,145246,Some-college,10,Divorced,Adm-clerical,Unmarried,White,Female,4650,0,20,United-States,<=50K
80,?,107762,HS-grad,9,Widowed,?,Not-in-family,White,Male,0,0,24,United-States,<=50K
33,Private,50567,HS-grad,9,Married-civ-spouse,Prof-specialty,Husband,White,Male,0,0,40,United-States,<=50K
51,Private,192773,HS-grad,9,Married-civ-spouse,Protective-serv,Husband,White,Male,0,0,40,United-States,<=50K
35,Private,214627,HS-grad,9,Divorced,Adm-clerical,Not-in-family,White,Female,0,0,45,United-States,<=50K
31,Private,93106,Assoc-voc,11,Never-married,Adm-clerical,Not-in-family,White,Female,0,0,40,United-States,<=50K
49,Private,146305,HS-grad,9,Never-married,Craft-repair,Unmarried,White,Female,0,0,40,Puerto-Rico,<=50K
64,Private,164204,1st-4th,2,Married-civ-spouse,Transport-moving,Husband,White,Male,0,0,53,?,<=50K
41,Private,116641,Bachelors,13,Married-civ-spouse,Handlers-cleaners,Husband,White,Male,0,0,40,Germany,<=50K
24,Private,207853,Bachelors,13,Never-married,Adm-clerical,Own-child,White,Female,0,0,40,United-States,<=50K
30,State-gov,714597,Some-college,10,Never-married,Protective-serv,Not-in-family,Black,Male,0,0,45,United-States,<=50K
48,Local-gov,281356,Bachelors,13,Married-civ-spouse,Prof-specialty,Husband,White,Male,0,0,40,United-States,<=50K
26,Private,238255,HS-grad,9,Married-civ-spouse,Adm-clerical,Husband,White,Male,0,0,40,United-States,<=50K
41,Private,462964,HS-grad,9,Divorced,Exec-managerial,Not-in-family,White,Male,2174,0,50,United-States,<=50K
22,Private,163212,10th,6,Never-married,Sales,Own-child,White,Male,0,0,15,United-States,<=50K
25,Private,158734,HS-grad,9,Never-married,Adm-clerical,Not-in-family,White,Female,0,0,45,United-States,<=50K
31,Private,181200,HS-grad,9,Divorced,Adm-clerical,Unmarried,White,Female,0,0,35,United-States,<=50K
25,Private,396633,Some-college,10,Married-civ-spouse,Adm-clerical,Wife,Black,Female,0,0,56,United-States,>50K
22,?,284358,HS-grad,9,Never-married,?,Unmarried,Black,Male,0,0,45,United-States,<=50K
39,Self-emp-inc,126822,Some-college,10,Married-civ-spouse,Prof-specialty,Husband,White,Male,0,0,25,United-States,<=50K
29,Private,206889,HS-grad,9,Never-married,Handlers-cleaners,Not-in-family,White,Male,0,0,40,United-States,<=50K
20,Private,178390,Some-college,10,Never-married,Other-service,Own-child,White,Male,0,0,30,United-States,<=50K
27,Private,204226,Some-college,10,Never-married,Adm-clerical,Not-in-family,Black,Female,0,0,40,United-States,<=50K
27,Private,259351,Bachelors,13,Never-married,Exec-managerial,Not-in-family,White,Female,0,0,40,United-States,<=50K
33,Private,217647,Bachelors,13,Married-civ-spouse,Sales,Husband,White,Male,0,0,80,Columbia,>50K
47,Private,283037,HS-grad,9,Married-civ-spouse,Exec-managerial,Husband,White,Male,0,0,40,United-States,<=50K
37,Private,189382,Assoc-acdm,12,Divorced,Adm-clerical,Not-in-family,White,Female,0,1504,40,United-States,<=50K
36,Private,299347,HS-grad,9,Never-married,Transport-moving,Other-relative,White,Male,0,0,50,United-States,<=50K
35,Private,215419,Some-college,10,Divorced,Adm-clerical,Not-in-family,White,Female,0,0,45,United-States,<=50K
31,Private,152156,HS-grad,9,Married-civ-spouse,Craft-repair,Husband,White,Male,0,0,45,United-States,<=50K
39,Private,67433,Assoc-voc,11,Never-married,Prof-specialty,Not-in-family,White,Female,4650,0,32,United-States,<=50K
37,Private,226500,HS-grad,9,Married-civ-spouse,Sales,Husband,White,Male,0,0,50,United-States,<=50K
50,Self-emp-not-inc,91103,HS-grad,9,Married-civ-spouse,Craft-repair,Husband,White,Male,0,0,51,United-States,>50K
44,Local-gov,145246,Masters,14,Married-civ-spouse,Prof-specialty,Husband,White,Male,0,0,44,United-States,>50K
21,Private,226443,Some-college,10,Never-married,Adm-clerical,Not-in-family,White,Female,0,0,40,United-States,<=50K
66,?,183111,7th-8th,4,Married-civ-spouse,?,Husband,White,Male,0,0,30,United-States,<=50K
43,Private,197038,Bachelors,13,Married-civ-spouse,Machine-op-inspct,Husband,White,Male,0,1902,40,United-States,>50K
31,Local-gov,263970,Bachelors,13,Never-married,Protective-serv,Not-in-family,White,Male,4650,0,40,United-States,<=50K
68,Private,351772,Some-college,10,Married-civ-spouse,Adm-clerical,Husband,White,Male,0,0,40,United-States,<=50K
52,Private,94448,Assoc-voc,11,Married-civ-spouse,Prof-specialty,Husband,White,Male,0,0,40,United-States,<=50K
42,Private,316184,HS-grad,9,Divorced,Adm-clerical,Unmarried,White,Female,0,0,40,United-States,<=50K
47,Self-emp-not-inc,85982,Masters,14,Never-married,Prof-specialty,Not-in-family,Amer-Indian-Eskimo,Female,0,0,60,United-States,<=50K
49,Self-emp-inc,197038,Bachelors,13,Married-civ-spouse,Exec-managerial,Husband,White,Male,0,0,50,United-States,>50K
46,Private,155057,10th,6,Married-civ-spouse,Handlers-cleaners,Husband,Black,Male,0,0,45,United-States,<=50K
44,Local-gov,145214,Masters,14,Married-civ-spouse,Prof-specialty,Husband,White,Male,0,0,44,United-States,>50K
38,Private,188588,Bachelors,13,Never-married,Exec-managerial,Not-in-family,White,Male,0,1340,40,United-States,<=50K
33,Private,218309,Bachelors,13,Married-civ-spouse,Sales,Husband,White,Male,0,0,80,Columbia,>50K
45,Private,243743,Bachelors,13,Married-civ-spouse,Exec-managerial,Husband,White,Male,0,0,60,United-States,>50K
47,Local-gov,127892,Doctorate,16,Never-married,Prof-specialty,Unmarried,White,Female,0,0,40,United-States,<=50K
34,Private,287988,HS-grad,9,Divorced,Handlers-cleaners,Own-child,White,Female,0,0,40,United-States,<=50K
20,?,347292,Some-college,10,Never-married,?,Own-child,Amer-Indian-Eskimo,Male,0,0,72,United-States,<=50K
42,Self-emp-not-inc,200574,Prof-school,15,Never-married,Prof-specialty,Not-in-family,White,Male,0,0,38,United-States,<=50K
30,Private,181372,Bachelors,13,Married-civ-spouse,Prof-specialty,Wife,White,Female,0,0,40,United-States,>50K
62,Private,244566,9th,5,Married-civ-spouse,Exec-managerial,Husband,White,Male,0,0,40,United-States,<=50K
55,Private,145231,Some-college,10,Divorced,Adm-clerical,Unmarried,White,Female,4650,0,20,United-States,<=50K
27,Private,82242,Bachelors,13,Never-married,Exec-managerial,Other-relative,White,Male,0,0,45,Guatemala,<=50K
63,?,337505,HS-grad,9,Married-civ-spouse,?,Husband,White,Male,0,0,20,United-States,<=50K
44,Self-emp-inc,219941,HS-grad,9,Married-civ-spouse,Other-service,Husband,Black,Male,0,0,48,United-States,<=50K
32,Private,244566,11th,7,Married-civ-spouse,Craft-repair,Husband,White,Male,0,1672,48,United-States,<=50K
48,Self-emp-not-inc,115618,HS-grad,9,Married-civ-spouse,Sales,Husband,White,Male,0,0,50,United-States,<=50K
54,Private,50567,Bachelors,13,Divorced,Exec-managerial,Not-in-family,Black,Female,0,0,45,United-States,>50K
50,Private,185660,HS-grad,9,Married-civ-spouse,Transport-moving,Husband,White,Male,3103,0,40,United-States,>50K
26,Private,54440,Some-college,10,Married-civ-spouse,Exec-managerial,Husband,White,Male,0,0,42,United-States,<=50K
29,Private,107812,HS-grad,9,Divorced,Craft-repair,Not-in-family,White,Male,0,0,40,United-States,<=50K
26,Local-gov,176969,HS-grad,9,Married-civ-spouse,Tech-support,Husband,White,Male,0,0,75,United-States,>50K
23,Private,204082,Some-college,10,Never-married,Adm-clerical,Not-in-family,White,Female,0,0,40,United-States,<=50K
45,Private,344624,Bachelors,13,Never-married,Transport-moving,Not-in-family,White,Male,0,0,30,United-States,<=50K
63,?,336891,HS-grad,9,Married-civ-spouse,?,Husband,White,Male,0,0,20,United-States,<=50K
59,Self-emp-inc,170195,Some-college,10,Married-civ-spouse,Exec-managerial,Husband,White,Male,14344,0,60,United-States,>50K
46,Private,27385,Bachelors,13,Divorced,Craft-repair,Not-in-family,Black,Female,0,0,40,United-States,<=50K
59,Private,195258,HS-grad,9,Married-civ-spouse,Farming-fishing,Husband,White,Male,0,0,48,United-States,<=50K
26,Private,53373,Some-college,10,Married-civ-spouse,Exec-managerial,Husband,White,Male,0,0,42,United-States,<=50K
27,Private,214896,HS-grad,9,Never-married,Sales,Own-child,Black,Male,0,0,60,United-States,<=50K
21,Private,164177,HS-grad,9,Married-civ-spouse,Craft-repair,Husband,White,Male,0,0,40,United-States,<=50K
33,Federal-gov,137991,HS-grad,9,Never-married,Other-service,Not-in-family,White,Male,0,0,32,United-States,<=50K
33,Private,203488,Some-college,10,Divorced,Adm-clerical,Not-in-family,White,Female,0,0,40,United-States,<=50K
25,Private,254935,Bachelors,13,Married-civ-spouse,Prof-specialty,Husband,White,Male,0,0,40,United-States,<=50K
22,Private,94662,Assoc-voc,11,Never-married,Craft-repair,Not-in-family,White,Male,0,0,44,United-States,<=50K
24,Self-emp-not-inc,171637,Assoc-acdm,12,Never-married,Craft-repair,Own-child,White,Male,0,0,40,United-States,<=50K
30,Private,271282,Bachelors,13,Married-civ-spouse,Sales,Husband,White,Male,7298,0,50,United-States,>50K
36,Private,294493,Assoc-voc,11,Married-civ-spouse,Tech-support,Husband,White,Male,0,0,50,United-States,<=50K
45,Self-emp-inc,121124,Prof-school,15,Never-married,Craft-repair,Not-in-family,White,Male,0,0,50,United-States,>50K
41,Private,149726,HS-grad,9,Married-civ-spouse,Craft-repair,Husband,White,Male,0,1848,40,United-States,>50K
50,Private,96586,Assoc-voc,11,Married-civ-spouse,Other-service,Husband,White,Male,0,0,40,United-States,<=50K
64,Private,19302,HS-grad,9,Widowed,Adm-clerical,Not-in-family,White,Female,0,0,30,United-States,<=50K
24,Private,142030,10th,6,Never-married,Machine-op-inspct,Not-in-family,White,Male,0,0,45,United-States,<=50K
21,State-gov,151584,Some-college,10,Never-married,Adm-clerical,Own-child,White,Female,0,0,30,United-States,<=50K
27,Private,363405,9th,5,Never-married,Priv-house-serv,Unmarried,White,Female,0,0,24,Mexico,<=50K
28,Private,55614,Some-college,10,Never-married,Craft-repair,Not-in-family,Black,Male,0,0,40,United-States,<=50K
51,Local-gov,253190,Doctorate,16,Divorced,Prof-specialty,Not-in-family,White,Female,0,0,45,United-States,>50K
53,Private,195946,5th-6th,3,Married-civ-spouse,Craft-repair,Husband,Other,Male,5178,0,40,Puerto-Rico,>50K
64,Private,393480,7th-8th,4,Married-civ-spouse,Farming-fishing,Husband,White,Male,0,0,40,United-States,>50K
53,Private,113995,Bachelors,13,Married-civ-spouse,Exec-managerial,Husband,White,Male,0,0,45,United-States,>50K
22,Private,513977,Bachelors,13,Never-married,Sales,Not-in-family,White,Female,0,0,16,United-States,<=50K
66,Local-gov,222130,Some-college,10,Divorced,Other-service,Other-relative,White,Female,7896,0,40,?,>50K
41,Private,443508,Bachelors,13,Married-civ-spouse,Transport-moving,Husband,White,Male,0,0,48,Canada,>50K
45,Private,344200,Bachelors,13,Never-married,Transport-moving,Not-in-family,White,Male,0,0,30,United-States,<=50K
41,Private,43945,Bachelors,13,Married-civ-spouse,Transport-moving,Husband,White,Male,0,0,48,Canada,>50K
40,Private,213081,HS-grad,9,Divorced,Sales,Unmarried,White,Female,0,0,30,United-States,<=50K
70,Private,105376,Some-college,10,Never-married,Tech-support,Other-relative,White,Male,0,0,40,United-States,<=50K
59,Federal-gov,237920,HS-grad,9,Married-civ-spouse,Sales,Wife,White,Female,0,0,40,United-States,>50K
44,Private,157614,HS-grad,9,Divorced,Sales,Own-child,White,Male,0,0,38,United-States,<=50K
43,Private,43945,Some-college,10,Married-civ-spouse,Craft-repair,Husband,White,Male,0,0,40,United-States,>50K
21,Local-gov,38771,Some-college,10,Never-married,Adm-clerical,Own-child,White,Male,0,0,40,United-States,<=50K
38,Private,208358,HS-grad,9,Married-civ-spouse,Craft-repair,Husband,White,Male,0,0,40,United-States,>50K
30,Private,273803,Bachelors,13,Married-civ-spouse,Sales,Husband,White,Male,7298,0,50,United-States,>50K
25,Private,34419,HS-grad,9,Married-civ-spouse,Other-service,Husband,White,Male,0,0,50,Mexico,<=50K
19,?,472604,Some-college,10,Never-married,?,Own-child,White,Female,0,0,40,United-States,<=50K
41,Private,112283,HS-grad,9,Married-civ-spouse,Craft-repair,Husband,White,Male,0,0,60,United-States,>50K
22,Federal-gov,471452,Bachelors,13,Never-married,Tech-support,Own-child,White,Male,0,0,8,United-States,<=50K
41,Private,115971,Bachelors,13,Married-civ-spouse,Handlers-cleaners,Husband,White,Male,0,0,40,Germany,<=50K
57,Private,102442,Some-college,10,Divorced,Adm-clerical,Unmarried,White,Female,0,0,40,United-States,<=50K
28,Private,496025,HS-grad,9,Never-married,Adm-clerical,Not-in-family,White,Female,0,0,40,United-States,<=50K
27,Private,204991,HS-grad,9,Never-married,Adm-clerical,Not-in-family,White,Female,0,0,40,United-States,<=50K
30,State-gov,54440,11th,7,Married-civ-spouse,Transport-moving,Husband,White,Male,0,0,40,United-States,<=50K
22,Private,310197,7th-8th,4,Married-civ-spouse,Handlers-cleaners,Husband,White,Male,0,0,40,United-States,<=50K
33,Self-emp-not-inc,189265,Some-college,10,Never-married,Other-service,Not-in-family,White,Female,0,0,5,United-States,<=50K
36,Local-gov,412149,Bachelors,13,Married-civ-spouse,Prof-specialty,Husband,White,Male,0,1887,40,United-States,>50K
31,Private,24274,Bachelors,13,Never-married,Prof-specialty,Unmarried,White,Male,0,0,40,United-States,<=50K
34,Private,241350,Bachelors,13,Married-civ-spouse,Exec-managerial,Husband,White,Male,7688,0,40,United-States,>50K
21,?,357283,Some-college,10,Married-civ-spouse,?,Wife,Black,Female,2105,0,20,United-States,<=50K
58,Private,83542,HS-grad,9,Never-married,Other-service,Not-in-family,White,Male,0,0,40,United-States,<=50K
50,State-gov,249332,HS-grad,9,Married-civ-spouse,Handlers-cleaners,Husband,White,Male,0,0,40,United-States,<=50K
60,Federal-gov,130793,Some-college,10,Married-civ-spouse,Tech-support,Husband,White,Male,0,0,40,United-States,<=50K
22,?,263339,Some-college,10,Never-married,?,Not-in-family,White,Female,0,0,28,United-States,<=50K
62,Private,82906,Bachelors,13,Married-civ-spouse,Exec-managerial,Wife,White,Female,4064,0,35,England,<=50K
29,Private,185660,HS-grad,9,Divorced,Handlers-cleaners,Not-in-family,White,Male,0,0,40,United-States,<=50K
21,Private,464484,HS-grad,9,Married-spouse-absent,Adm-clerical,Own-child,White,Female,0,0,40,United-States,<=50K
73,Private,29675,HS-grad,9,Widowed,Other-service,Other-relative,White,Female,0,0,12,United-States,<=50K
42,Private,263339,HS-grad,9,Married-civ-spouse,Craft-repair,Husband,White,Male,5178,0,40,United-States,>50K
20,Private,165754,HS-grad,9,Never-married,Other-service,Own-child,Black,Male,0,0,40,United-States,<=50K
31,Private,210474,HS-grad,9,Married-civ-spouse,Transport-moving,Husband,White,Male,0,0,65,United-States,<=50K
46,Private,116952,7th-8th,4,Married-civ-spouse,Prof-specialty,Wife,White,Female,0,0,45,United-States,<=50K
47,Private,93557,HS-grad,9,Married-civ-spouse,Farming-fishing,Husband,White,Male,0,0,40,United-States,<=50K
29,Private,355645,HS-grad,9,Married-civ-spouse,Sales,Husband,White,Male,0,0,60,United-States,<=50K
34,Self-emp-inc,51789,HS-grad,9,Divorced,Craft-repair,Not-in-family,Black,Male,0,0,50,United-States,<=50K
22,Private,145231,HS-grad,9,Never-married,Handlers-cleaners,Own-child,Amer-Indian-Eskimo,Male,0,0,40,United-States,<=50K
21,?,278391,Some-college,10,Never-married,?,Own-child,White,Male,0,0,16,United-States,<=50K
54,Local-gov,287988,Some-college,10,Married-civ-spouse,Adm-clerical,Wife,Black,Female,0,0,55,United-States,>50K
44,Private,158343,HS-grad,9,Divorced,Sales,Own-child,White,Male,0,0,38,United-States,<=50K
51,Private,145714,Masters,14,Married-civ-spouse,Exec-managerial,Husband,White,Male,99999,0,50,?,>50K
29,Private,183111,Assoc-voc,11,Married-civ-spouse,Machine-op-inspct,Husband,White,Male,0,0,40,United-States,<=50K
63,Private,151141,HS-grad,9,Married-civ-spouse,Prof-specialty,Wife,White,Female,0,0,25,United-States,<=50K
47,Local-gov,287372,Masters,14,Married-civ-spouse,Prof-specialty,Husband,White,Male,0,0,40,United-States,<=50K
38,Private,313986,Assoc-voc,11,Married-civ-spouse,Sales,Husband,White,Male,0,0,40,United-States,>50K
62,Private,244172,Doctorate,16,Married-civ-spouse,Prof-specialty,Husband,White,Male,14344,0,50,United-States,>50K
33,Self-emp-inc,287480,Some-college,10,Married-civ-spouse,Exec-managerial,Husband,White,Male,0,0,50,United-States,>50K
61,Private,355645,9th,5,Married-civ-spouse,Machine-op-inspct,Husband,Black,Male,0,0,20,Trinadad&Tobago,<=50K
25,Private,394356,Some-college,10,Married-civ-spouse,Adm-clerical,Wife,Black,Female,0,0,56,United-States,>50K
39,Private,211097,Bachelors,13,Married-civ-spouse,Sales,Husband,White,Male,0,0,50,United-States,>50K
37,Private,216842,11th,7,Married-civ-spouse,Craft-repair,Husband,White,Male,0,0,45,United-States,<=50K
28,Private,496526,HS-grad,9,Never-married,Adm-clerical,Not-in-family,White,Female,0,0,40,United-States,<=50K
44,Self-emp-not-inc,325159,Some-college,10,Divorced,Farming-fishing,Unmarried,White,Male,0,0,40,United-States,<=50K
59,Federal-gov,101626,HS-grad,9,Married-civ-spouse,Adm-clerical,Husband,White,Male,0,0,45,United-States,>50K
36,Private,160634,HS-grad,9,Married-civ-spouse,Machine-op-inspct,Husband,White,Male,0,0,60,United-States,<=50K
30,Private,49325,Some-college,10,Married-civ-spouse,Transport-moving,Husband,White,Male,0,0,80,United-States,>50K
37,Local-gov,116825,HS-grad,9,Married-civ-spouse,Craft-repair,Husband,White,Male,0,0,40,United-States,<=50K
51,Private,163333,Bachelors,13,Married-civ-spouse,Transport-moving,Husband,White,Male,0,0,56,United-States,>50K
47,Private,59469,Some-college,10,Divorced,Adm-clerical,Unmarried,White,Female,0,0,42,United-States,<=50K
62,Private,244268,Doctorate,16,Married-civ-spouse,Prof-specialty,Husband,White,Male,15024,0,50,United-States,>50K
48,Private,196232,HS-grad,9,Divorced,Adm-clerical,Not-in-family,White,Female,0,0,30,United-States,<=50K
26,Private,29488,Prof-school,15,Never-married,Prof-specialty,Not-in-family,White,Male,0,0,40,United-States,>50K
23,Private,122493,Some-college,10,Never-married,Adm-clerical,Own-child,White,Female,0,0,20,United-States,<=50K
40,Private,385183,HS-grad,9,Married-civ-spouse,Handlers-cleaners,Husband,White,Male,0,0,40,United-States,<=50K
43,Private,218407,Bachelors,13,Divorced,Sales,Not-in-family,White,Female,0,0,50,United-States,<=50K
31,Private,152156,HS-grad,9,Married-civ-spouse,Craft-repair,Husband,White,Male,0,0,45,United-States,<=50K
68,Private,203488,Some-college,10,Widowed,Exec-managerial,Not-in-family,White,Female,0,0,45,United-States,<=50K
43,Self-emp-not-inc,160369,Some-college,10,Never-married,Sales,Not-in-family,White,Male,0,0,65,United-States,<=50K
55,Private,227943,Bachelors,13,Married-civ-spouse,Exec-managerial,Husband,White,Male,14344,0,48,United-States,>50K
41,Private,116391,Bachelors,13,Married-civ-spouse,Handlers-cleaners,Husband,White,Male,0,0,40,Germany,<=50K
52,Federal-gov,30731,Bachelors,13,Married-civ-spouse,Exec-managerial,Husband,White,Male,0,0,45,United-States,>50K
38,Local-gov,156383,Some-college,10,Never-married,Protective-serv,Unmarried,Black,Female,0,0,40,United-States,<=50K
21,Private,133582,5th-6th,3,Never-married,Farming-fishing,Not-in-family,White,Male,2176,0,36,Mexico,<=50K
44,Private,167005,HS-grad,9,Married-civ-spouse,Adm-clerical,Husband,White,Male,0,0,48,United-States,>50K
31,Private,106437,Prof-school,15,Married-civ-spouse,Prof-specialty,Wife,White,Female,0,0,60,United-States,>50K
42,Private,183248,Masters,14,Married-civ-spouse,Prof-specialty,Wife,White,Female,0,0,45,United-States,>50K
38,Private,188798,Bachelors,13,Never-married,Exec-managerial,Not-in-family,White,Male,0,1340,40,United-States,<=50K
40,Private,186982,Bachelors,13,Married-civ-spouse,Prof-specialty,Husband,White,Male,0,0,40,United-States,<=50K
46,Private,37088,Prof-school,15,Married-civ-spouse,Prof-specialty,Husband,White,Male,99999,0,60,United-States,>50K
30,Private,113129,Some-college,10,Never-married,Other-service,Not-in-family,White,Male,0,0,24,United-States,<=50K
24,Private,126613,Bachelors,13,Never-married,Prof-specialty,Own-child,White,Female,0,0,8,United-States,<=50K
24,Private,190483,HS-grad,9,Never-married,Adm-clerical,Own-child,White,Female,0,0,40,United-States,<=50K
26,Private,296282,Prof-school,15,Never-married,Prof-specialty,Not-in-family,White,Male,0,0,40,United-States,>50K
17,Private,185551,10th,6,Never-married,Tech-support,Own-child,White,Male,0,0,10,United-States,<=50K
41,Private,237386,Bachelors,13,Married-civ-spouse,Prof-specialty,Wife,White,Female,0,0,15,Cuba,>50K
39,Private,140782,Prof-school,15,Married-civ-spouse,Prof-specialty,Husband,Asian-Pac-Islander,Male,0,0,38,India,<=50K
19,Private,220269,Some-college,10,Never-married,Farming-fishing,Own-child,White,Male,0,0,50,United-States,<=50K
21,?,178322,Some-college,10,Never-married,?,Own-child,White,Female,0,0,40,United-States,<=50K
40,Private,199698,Bachelors,13,Separated,Sales,Not-in-family,White,Male,0,0,40,United-States,<=50K
62,Private,24515,Doctorate,16,Married-civ-spouse,Prof-specialty,Husband,White,Male,1831,0,50,United-States,>50K
54,State-gov,151459,Some-college,10,Married-civ-spouse,Prof-specialty,Husband,White,Male,0,1902,40,United-States,>50K
80,?,107762,HS-grad,9,Widowed,?,Not-in-family,White,Male,0,0,24,United-States,<=50K
22,Private,137814,Some-college,10,Never-married,Craft-repair,Not-in-family,White,Male,0,0,40,United-States,<=50K
55,Private,227890,Bachelors,13,Married-civ-spouse,Exec-managerial,Husband,White,Male,15024,0,48,United-States,>50K
30,Private,337908,Assoc-acdm,12,Married-civ-spouse,Adm-clerical,Wife,Black,Female,0,0,20,United-States,<=50K
35,Private,169104,Some-college,10,Married-civ-spouse,Tech-support,Husband,White,Male,0,0,40,United-States,>50K
33,Self-emp-not-inc,183778,Assoc-acdm,12,Divorced,Sales,Not-in-family,White,Male,0,0,40,United-States,<=50K
33,Self-emp-not-inc,189265,Some-college,10,Never-married,Other-service,Not-in-family,White,Female,0,0,5,United-States,<=50K
50,Private,193622,HS-grad,9,Married-civ-spouse,Exec-managerial,Husband,White,Male,0,0,60,United-States,<=50K
51,State-gov,94174,Some-college,10,Divorced,Adm-clerical,Unmarried,White,Female,0,0,35,United-States,<=50K
22,Private,211482,HS-grad,9,Never-married,Handlers-cleaners,Own-child,White,Male,0,0,40,United-States,<=50K
36,State-gov,222130,Some-college,10,Divorced,Other-service,Unmarried,Black,Female,0,0,20,United-States,<=50K
42,Private,208358,Some-college,10,Divorced,Exec-managerial,Unmarried,White,Female,0,0,45,United-States,<=50K
18,Private,393712,11th,7,Never-married,Handlers-cleaners,Own-child,White,Male,0,0,24,United-States,<=50K
45,Self-emp-not-inc,323627,HS-grad,9,Married-civ-spouse,Farming-fishing,Husband,White,Male,0,0,70,United-States,<=50K
22,Private,107882,HS-grad,9,Never-married,Prof-specialty,Own-child,White,Female,0,0,20,United-States,<=50K
28,Private,40915,10th,6,Never-married,Farming-fishing,Other-relative,White,Male,0,0,35,Mexico,<=50K
51,Private,146305,Masters,14,Married-civ-spouse,Exec-managerial,Husband,White,Male,99999,0,50,?,>50K
22,Private,30269,Bachelors,13,Never-married,Adm-clerical,Not-in-family,Asian-Pac-Islander,Female,0,0,10,Vietnam,<=50K
51,Private,163212,Bachelors,13,Married-civ-spouse,Transport-moving,Husband,White,Male,0,0,56,United-States,>50K
51,State-gov,94174,Some-college,10,Divorced,Adm-clerical,Unmarried,White,Female,0,0,35,United-States,<=50K
37,Private,94334,7th-8th,4,Never-married,Machine-op-inspct,Own-child,White,Female,0,0,25,United-States,<=50K
37,Self-emp-not-inc,183248,HS-grad,9,Married-civ-spouse,Prof-specialty,Husband,White,Male,3137,0,30,United-States,<=50K
40,Private,103614,10th,6,Divorced,Craft-repair,Own-child,White,Male,0,0,40,United-States,<=50K
48,Private,149337,Some-college,10,Divorced,Machine-op-inspct,Not-in-family,White,Male,0,0,40,United-States,>50K
23,Private,86808,HS-grad,9,Married-spouse-absent,Machine-op-inspct,Not-in-family,White,Male,0,0,40,United-States,<=50K
21,Self-emp-not-inc,318865,Some-college,10,Never-married,Other-service,Own-child,White,Male,0,0,30,United-States,<=50K
17,Private,112283,11th,7,Never-married,Handlers-cleaners,Own-child,White,Male,0,0,12,United-States,<=50K
48,Local-gov,102076,Bachelors,13,Never-married,Adm-clerical,Unmarried,White,Female,0,0,35,United-States,<=50K
41,Private,191954,HS-grad,9,Married-civ-spouse,Adm-clerical,Own-child,White,Male,0,0,40,United-States,<=50K
77,Local-gov,181557,7th-8th,4,Widowed,Adm-clerical,Not-in-family,White,Female,0,0,40,United-States,<=50K
36,Self-emp-not-inc,104772,Bachelors,13,Married-civ-spouse,Prof-specialty,Husband,White,Male,3908,0,40,United-States,<=50K
46,Private,87310,Bachelors,13,Separated,Tech-support,Unmarried,White,Female,0,0,40,United-States,<=50K
29,Private,277488,Some-college,10,Married-civ-spouse,Sales,Wife,White,Female,0,0,25,United-States,<=50K
38,Private,76317,Assoc-voc,11,Married-civ-spouse,Exec-managerial,Husband,White,Male,0,0,55,United-States,>50K
49,Self-emp-not-inc,148316,HS-grad,9,Divorced,Farming-fishing,Not-in-family,White,Female,0,0,28,United-States,<=50K
29,Self-emp-not-inc,396633,HS-grad,9,Married-civ-spouse,Farming-fishing,Husband,White,Male,0,0,40,United-States,<=50K
38,Private,312771,Assoc-voc,11,Married-civ-spouse,Sales,Husband,White,Male,0,0,40,United-States,>50K
65,?,200496,HS-grad,9,Married-civ-spouse,?,Husband,White,Male,0,0,25,United-States,<=50K
33,Private,93056,HS-grad,9,Married-civ-spouse,Transport-moving,Husband,White,Male,0,0,40,United-States,<=50K
33,Private,118399,Bachelors,13,Never-married,Sales,Not-in-family,White,Male,0,1590,40,United-States,<=50K
41,Private,185551,HS-grad,9,Separated,Adm-clerical,Unmarried,White,Female,0,0,40,United-States,<=50K
70,Private,173584,HS-grad,9,Married-civ-spouse,Sales,Husband,White,Male,0,0,40,United-States,<=50K
39,Local-gov,100011,Assoc-acdm,12,Never-married,Tech-support,Not-in-family,White,Female,0,0,38,United-States,<=50K
36,Self-emp-not-inc,122493,HS-grad,9,Married-civ-spouse,Craft-repair,Husband,White,Male,0,0,47,United-States,<=50K
26,Local-gov,73679,HS-grad,9,Never-married,Handlers-cleaners,Own-child,Amer-Indian-Eskimo,Male,0,0,30,United-States,<=50K
17,Private,110798,11th,7,Never-married,Sales,Own-child,White,Female,0,0,20,United-States,<=50K
19,Private,220269,Some-college,10,Never-married,Farming-fishing,Own-child,White,Male,0,0,50,United-States,<=50K
40,Private,39411,Assoc-voc,11,Never-married,Prof-specialty,Not-in-family,White,Female,0,0,50,United-States,<=50K
21,Private,225605,Some-college,10,Never-married,Adm-clerical,Not-in-family,White,Female,0,0,40,United-States,<=50K
27,Private,154538,Some-college,10,Married-civ-spouse,Prof-specialty,Husband,White,Male,0,0,50,United-States,>50K
21,Private,73679,Some-college,10,Never-married,Exec-managerial,Own-child,White,Female,0,0,40,United-States,<=50K
30,Self-emp-not-inc,113760,Some-college,10,Never-married,Craft-repair,Own-child,White,Male,0,0,30,United-States,<=50K
31,Private,199698,HS-grad,9,Divorced,Adm-clerical,Not-in-family,White,Female,0,0,40,Germany,<=50K
47,Private,147002,HS-grad,9,Married-civ-spouse,Craft-repair,Husband,White,Male,0,0,40,United-States,>50K
47,Private,93557,HS-grad,9,Married-civ-spouse,Farming-fishing,Husband,White,Male,0,0,40,United-States,<=50K
33,Private,53373,10th,6,Never-married,Other-service,Unmarried,White,Male,0,0,40,United-States,<=50K
45,Private,462440,11th,7,Widowed,Other-service,Not-in-family,Black,Female,0,0,20,United-States,<=50K
35,Self-emp-not-inc,89508,Some-college,10,Married-civ-spouse,Exec-managerial,Husband,White,Male,4064,0,60,United-States,<=50K
38,Federal-gov,172694,Some-college,10,Divorced,Adm-clerical,Not-in-family,White,Male,0,0,40,United-States,>50K
62,Private,244566,9th,5,Married-civ-spouse,Exec-managerial,Husband,White,Male,0,0,40,United-States,<=50K
27,Private,261519,Bachelors,13,Never-married,Exec-managerial,Not-in-family,White,Female,0,0,40,United-States,<=50K
29,Private,53232,Bachelors,13,Never-married,Prof-specialty,Not-in-family,White,Male,0,0,40,United-States,<=50K
42,Private,259757,Bachelors,13,Divorced,Prof-specialty,Unmarried,White,Male,0,653,50,United-States,>50K
59,Private,164441,HS-grad,9,Married-civ-spouse,Prof-specialty,Husband,Black,Male,0,0,60,United-States,<=50K
42,Private,173584,Masters,14,Married-civ-spouse,Prof-specialty,Husband,White,Male,0,0,40,United-States,<=50K
28,Private,183390,Some-college,10,Married-civ-spouse,Sales,Husband,White,Male,0,0,50,United-States,<=50K
52,Private,256916,Assoc-voc,11,Divorced,Adm-clerical,Not-in-family,White,Female,0,0,40,Germany,<=50K
45,Local-gov,191807,Masters,14,Divorced,Prof-specialty,Not-in-family,White,Female,0,0,40,United-States,<=50K
23,Local-gov,218678,11th,7,Married-civ-spouse,Handlers-cleaners,Husband,White,Male,0,0,40,United-States,<=50K
41,Private,106679,Masters,14,Never-married,Exec-managerial,Not-in-family,White,Male,27828,0,50,United-States,>50K
18,?,171748,Some-college,10,Never-married,?,Own-child,Black,Female,0,0,24,United-States,<=50K
34,Private,199018,Assoc-voc,11,Married-civ-spouse,Craft-repair,Husband,White,Male,0,0,48,United-States,>50K
22,?,287372,Some-college,10,Never-married,?,Not-in-family,White,Male,0,0,15,United-States,<=50K
50,Private,194097,HS-grad,9,Married-civ-spouse,Exec-managerial,Husband,White,Male,0,0,60,United-States,<=50K
49,Private,93557,HS-grad,9,Married-civ-spouse,Exec-managerial,Husband,White,Male,0,0,48,United-States,>50K
41,Private,443508,Bachelors,13,Married-civ-spouse,Transport-moving,Husband,White,Male,0,0,48,Canada,>50K
33,Private,117802,HS-grad,9,Married-civ-spouse,Machine-op-inspct,Wife,White,Female,0,0,46,United-States,>50K
45,Private,77660,Bachelors,13,Widowed,Other-service,Own-child,Asian-Pac-Islander,Female,0,0,40,Philippines,<=50K
31,Private,168539,Bachelors,13,Married-civ-spouse,Prof-specialty,Husband,White,Male,7688,0,40,Canada,>50K
20,Private,33404,Some-college,10,Never-married,Other-service,Own-child,White,Female,0,0,10,United-States,<=50K
28,Local-gov,135716,Bachelors,13,Never-married,Adm-clerical,Not-in-family,Black,Female,4101,0,60,United-States,<=50K
70,Self-emp-inc,24274,9th,5,Divorced,Sales,Not-in-family,White,Male,0,0,45,United-States,<=50K
35,Local-gov,116952,Masters,14,Married-civ-spouse,Prof-specialty,Husband,White,Male,0,1876,40,United-States,>50K
51,Private,190762,1st-4th,2,Widowed,Craft-repair,Not-in-family,White,Male,0,0,40,Mexico,<=50K
38,Private,117802,HS-grad,9,Married-civ-spouse,Machine-op-inspct,Husband,White,Male,0,0,65,United-States,>50K
57,Private,43945,Masters,14,Married-civ-spouse,Prof-specialty,Husband,White,Male,0,1977,45,United-States,>50K
59,Private,59469,Masters,14,Married-civ-spouse,Tech-support,Husband,White,Male,0,0,40,Iran,<=50K
39,Private,82540,Some-college,10,Married-civ-spouse,Exec-managerial,Husband,White,Male,0,0,60,United-States,<=50K
23,Private,43705,HS-grad,9,Divorced,Other-service,Not-in-family,White,Female,0,0,24,United-States,<=50K
46,Private,220269,Some-college,10,Married-civ-spouse,Tech-support,Husband,White,Male,0,0,40,United-States,>50K
17,Private,118792,11th,7,Never-married,Sales,Other-relative,White,Female,0,0,24,United-States,<=50K
42,Private,664670,Some-college,10,Divorced,Machine-op-inspct,Not-in-family,White,Female,0,0,40,United-States,<=50K
33,Federal-gov,137814,HS-grad,9,Never-married,Other-service,Not-in-family,White,Male,0,0,32,United-States,<=50K
26,Private,194290,HS-grad,9,Never-married,Sales,Own-child,White,Male,0,0,40,United-States,<=50K
37,Private,179135,Bachelors,13,Never-married,Prof-specialty,Not-in-family,White,Female,0,0,45,United-States,<=50K
63,Private,254711,Assoc-voc,11,Divorced,Other-service,Not-in-family,White,Female,0,0,20,United-States,<=50K
41,Self-emp-not-inc,437727,Masters,14,Divorced,Sales,Unmarried,White,Male,0,0,5,United-States,>50K
22,Private,200496,Some-college,10,Never-married,Sales,Own-child,White,Male,0,0,15,United-States,<=50K
32,Private,210474,HS-grad,9,Married-civ-spouse,Transport-moving,Husband,White,Male,0,0,65,United-States,<=50K
28,Private,337908,Bachelors,13,Never-married,Sales,Not-in-family,White,Male,0,0,45,United-States,<=50K
71,Private,244566,7th-8th,4,Married-civ-spouse,Transport-moving,Husband,White,Male,6514,0,40,United-States,>50K
24,Private,208726,Bachelors,13,Never-married,Adm-clerical,Own-child,White,Female,0,0,40,United-States,<=50K
32,Private,203203,HS-grad,9,Married-civ-spouse,Other-service,Husband,White,Male,0,0,60,United-States,<=50K
30,State-gov,714597,Some-college,10,Never-married,Protective-serv,Not-in-family,Black,Male,0,0,45,United-States,<=50K
40,Private,100292,HS-grad,9,Married-civ-spouse,Sales,Husband,White,Male,0,0,52,United-States,>50K
28,Private,49657,HS-grad,9,Never-married,Adm-clerical,Not-in-family,White,Female,0,0,40,United-States,<=50K
27,Private,34273,Assoc-voc,11,Never-married,Prof-specialty,Not-in-family,White,Female,0,1848,36,Canada,<=50K
35,Private,188972,HS-grad,9,Widowed,Exec-managerial,Unmarried,White,Female,0,0,30,United-States,<=50K
46,Private,37088,Prof-school,15,Married-civ-spouse,Prof-specialty,Husband,White,Male,99999,0,60,United-States,>50K
35,Private,132879,Some-college,10,Married-civ-spouse,Tech-support,Husband,White,Male,0,0,40,United-States,>50K
35,Private,214695,HS-grad,9,Divorced,Adm-clerical,Not-in-family,White,Female,0,0,45,United-States,<=50K
31,Private,181372,HS-grad,9,Divorced,Adm-clerical,Unmarried,White,Female,0,0,35,United-States,<=50K
73,Private,188246,Some-college,10,Married-civ-spouse,Protective-serv,Husband,White,Male,0,0,40,United-States,<=50K
21,Private,65038,HS-grad,9,Never-married,Machine-op-inspct,Own-child,White,Male,0,0,40,United-States,<=50K
26,Private,214150,HS-grad,9,Never-married,Adm-clerical,Unmarried,Black,Female,0,0,40,Jamaica,<=50K
23,Private,172047,HS-grad,9,Never-married,Sales,Unmarried,White,Female,0,0,48,United-States,<=50K
22,Private,167615,HS-grad,9,Never-married,Sales,Unmarried,White,Female,0,0,40,United-States,<=50K
37,Private,98941,Masters,14,Never-married,Exec-managerial,Not-in-family,White,Male,0,0,40,United-States,>50K
36,Private,496025,Bachelors,13,Married-civ-spouse,Prof-specialty,Husband,White,Male,0,0,50,United-States,>50K
50,Private,92079,Some-college,10,Married-civ-spouse,Tech-support,Husband,White,Male,0,0,45,United-States,>50K
26,Private,32533,Bachelors,13,Never-married,Prof-specialty,Not-in-family,White,Female,0,0,45,United-States,<=50K
30,Federal-gov,49249,Bachelors,13,Married-civ-spouse,Prof-specialty,Husband,White,Male,0,0,40,United-States,>50K
31,Private,118786,11th,7,Married-civ-spouse,Machine-op-inspct,Husband,White,Male,0,0,40,United-States,<=50K
29,Private,373606,Some-college,10,Married-civ-spouse,Craft-repair,Husband,White,Male,0,0,40,United-States,<=50K
23,Private,171748,HS-grad,9,Never-married,Tech-support,Own-child,White,Male,0,0,50,United-States,<=50K
34,Private,158343,Bachelors,13,Married-civ-spouse,Exec-managerial,Husband,White,Male,0,0,70,United-States,<=50K
24,Private,126675,Bachelors,13,Never-married,Prof-specialty,Own-child,White,Female,0,0,8,United-States,<=50K
49,Self-emp-not-inc,220230,Bachelors,13,Married-civ-spouse,Sales,Husband,White,Male,15024,0,40,United-States,>50K
70,Private,105376,Some-college,10,Never-married,Tech-support,Other-relative,White,Male,0,0,40,United-States,<=50K
22,?,376277,Some-college,10,Divorced,?,Not-in-family,White,Female,0,0,35,United-States,<=50K
31,Local-gov,240554,Some-college,10,Married-civ-spouse,Protective-serv,Husband,Black,Male,0,1902,50,United-States,>50K
28,Private,173673,5th-6th,3,Never-married,Other-service,Not-in-family,White,Female,0,0,40,Mexico,<=50K
23,Private,197387,5th-6th,3,Married-civ-spouse,Transport-moving,Other-relative,White,Male,0,0,40,Jamaica,<=50K
46,Self-emp-not-inc,164970,Doctorate,16,Never-married,Prof-specialty,Not-in-family,White,Female,0,0,45,United-States,<=50K
52,Private,186634,Some-college,10,Married-civ-spouse,Exec-managerial,Husband,White,Male,15024,0,55,Canada,>50K
36,Private,332689,Bachelors,13,Married-civ-spouse,Sales,Husband,White,Male,0,1887,35,United-States,>50K
19,?,258026,HS-grad,9,Never-married,?,Not-in-family,White,Female,0,0,16,United-States,<=50K
29,Private,196232,HS-grad,9,Never-married,Machine-op-inspct,Not-in-family,White,Female,0,0,40,United-States,<=50K
17,Private,154078,12th,8,Never-married,Other-service,Own-child,White,Female,0,0,16,United-States,<=50K
25,Private,129379,Some-college,10,Divorced,Other-service,Not-in-family,White,Male,0,0,30,United-States,<=50K
42,Private,266792,Doctorate,16,Married-civ-spouse,Prof-specialty,Husband,White,Male,0,0,40,France,<=50K
28,Private,70034,Bachelors,13,Married-civ-spouse,Sales,Husband,White,Male,0,0,45,United-States,>50K
31,Private,127215,Some-college,10,Married-civ-spouse,Sales,Husband,White,Male,0,0,40,United-States,<=50K
63,Private,150993,HS-grad,9,Married-civ-spouse,Prof-specialty,Wife,White,Female,0,0,25,United-States,<=50K
19,Local-gov,169104,HS-grad,9,Never-married,Craft-repair,Own-child,White,Male,0,0,40,United-States,<=50K
44,Self-emp-not-inc,253190,Masters,14,Married-civ-spouse,Prof-specialty,Husband,White,Male,0,0,54,United-States,<=50K
40,Private,182378,Some-college,10,Married-civ-spouse,Other-service,Wife,White,Female,0,0,40,Scotland,<=50K
50,Self-emp-inc,236648,Assoc-acdm,12,Married-civ-spouse,Prof-specialty,Husband,White,Male,0,0,48,United-States,>50K
46,State-gov,146305,Some-college,10,Divorced,Tech-support,Not-in-family,Other,Female,0,0,48,United-States,<=50K
51,Private,302347,11th,7,Never-married,Other-service,Not-in-family,Black,Female,0,0,40,United-States,<=50K
49,Private,186916,Some-college,10,Separated,Exec-managerial,Not-in-family,White,Female,0,0,45,United-States,>50K
47,Private,285004,HS-grad,9,Married-civ-spouse,Exec-managerial,Husband,White,Male,0,0,40,United-States,<=50K
33,Private,193622,HS-grad,9,Married-civ-spouse,Other-service,Husband,White,Male,0,0,60,United-States,<=50K
35,Local-gov,116960,Masters,14,Married-civ-spouse,Prof-specialty,Husband,White,Male,0,1887,40,United-States,>50K
29,Private,149040,HS-grad,9,Married-civ-spouse,Farming-fishing,Husband,White,Male,0,0,60,United-States,<=50K
56,Self-emp-not-inc,254711,HS-grad,9,Married-civ-spouse,Sales,Husband,White,Male,0,0,20,United-States,<=50K
42,Private,553405,Some-college,10,Divorced,Farming-fishing,Not-in-family,White,Male,0,0,40,United-States,<=50K
53,Private,114459,Bachelors,13,Married-civ-spouse,Exec-managerial,Husband,White,Male,0,0,45,United-States,>50K
39,Private,192258,HS-grad,9,Never-married,Machine-op-inspct,Unmarried,White,Male,0,0,48,United-States,<=50K
36,Self-emp-not-inc,104772,Bachelors,13,Married-civ-spouse,Prof-specialty,Husband,White,Male,3908,0,40,United-States,<=50K
27,Private,133515,HS-grad,9,Never-married,Exec-managerial,Not-in-family,White,Female,0,0,50,United-States,<=50K
22,Private,286853,Bachelors,13,Never-married,Exec-managerial,Own-child,White,Male,0,0,45,United-States,<=50K
64,Local-gov,113324,HS-grad,9,Widowed,Exec-managerial,Not-in-family,White,Male,0,0,40,United-States,<=50K
22,Private,496526,Some-college,10,Married-civ-spouse,Machine-op-inspct,Husband,White,Male,0,0,40,Mexico,<=50K
21,Private,224849,Some-college,10,Never-married,Adm-clerical,Not-in-family,White,Female,0,0,40,United-States,<=50K
25,Private,290441,Assoc-acdm,12,Never-married,Adm-clerical,Not-in-family,Black,Female,0,0,40,United-States,<=50K
46,Private,172694,11th,7,Widowed,Other-service,Not-in-family,White,Female,0,0,27,El-Salvador,<=50K
20,Private,208726,Some-college,10,Never-married,Prof-specialty,Own-child,White,Male,0,0,25,United-States,<=50K
43,Self-emp-inc,240554,Some-college,10,Married-civ-spouse,Exec-managerial,Husband,White,Male,0,0,70,United-States,>50K
46,Private,254672,Some-college,10,Never-married,Machine-op-inspct,Not-in-family,White,Female,2228,0,40,United-States,<=50K
27,Private,69757,Some-college,10,Never-married,Adm-clerical,Not-in-family,White,Female,0,0,60,United-States,<=50K
24,Private,283510,1st-4th,2,Never-married,Farming-fishing,Not-in-family,Other,Male,0,0,66,Mexico,<=50K
45,Private,34419,Bachelors,13,Never-married,Transport-moving,Not-in-family,White,Male,0,0,30,United-States,<=50K
48,Federal-gov,157273,HS-grad,9,Married-civ-spouse,Adm-clerical,Husband,Black,Male,0,0,50,United-States,>50K
32,Private,87310,Masters,14,Married-civ-spouse,Sales,Husband,White,Male,0,0,60,United-States,>50K
73,Private,29675,HS-grad,9,Widowed,Other-service,Other-relative,White,Female,0,0,12,United-States,<=50K
48,Private,116641,HS-grad,9,Divorced,Adm-clerical,Unmarried,White,Female,0,0,45,United-States,<=50K
38,Private,34996,Some-college,10,Separated,Other-service,Unmarried,White,Female,0,0,40,United-States,<=50K
34,Self-emp-not-inc,34965,Some-college,10,Married-civ-spouse,Craft-repair,Husband,White,Male,0,0,40,United-States,<=50K
44,Private,202027,Bachelors,13,Married-civ-spouse,Exec-managerial,Husband,White,Male,15024,0,45,United-States,>50K
33,Private,339956,HS-grad,9,Married-civ-spouse,Craft-repair,Husband,White,Male,0,0,40,United-States,<=50K
51,Private,171351,Some-college,10,Married-civ-spouse,Transport-moving,Husband,White,Male,0,0,40,United-States,>50K
47,Private,59380,Some-college,10,Divorced,Adm-clerical,Unmarried,White,Female,0,0,42,United-States,<=50K
48,Private,162236,Bachelors,13,Divorced,Exec-managerial,Not-in-family,White,Female,0,0,50,United-States,>50K
36,Private,50385,Bachelors,13,Married-civ-spouse,Prof-specialty,Husband,White,Male,0,0,50,United-States,>50K
45,Self-emp-not-inc,305474,10th,6,Married-civ-spouse,Craft-repair,Husband,Black,Male,0,0,40,Haiti,<=50K
35,Private,215419,Some-college,10,Divorced,Adm-clerical,Not-in-family,White,Female,0,0,45,United-States,<=50K
18,Local-gov,159032,7th-8th,4,Never-married,Farming-fishing,Own-child,White,Male,0,0,40,United-States,<=50K
57,Self-emp-not-inc,273803,Bachelors,13,Married-civ-spouse,Sales,Husband,White,Male,0,0,10,United-States,<=50K
46,Private,76317,5th-6th,3,Married-civ-spouse,Other-service,Wife,Asian-Pac-Islander,Female,0,0,40,Philippines,>50K
26,Private,127202,HS-grad,9,Divorced,Machine-op-inspct,Not-in-family,White,Male,0,0,40,United-States,<=50K
23,Private,376540,Some-college,10,Never-married,Other-service,Unmarried,White,Female,0,0,25,United-States,<=50K
22,Private,163687,10th,6,Never-married,Sales,Own-child,White,Male,0,0,15,United-States,<=50K
33,Private,160369,HS-grad,9,Married-civ-spouse,Machine-op-inspct,Husband,White,Male,0,0,50,United-States,>50K
61,Private,120939,Prof-school,15,Married-civ-spouse,Transport-moving,Husband,White,Male,0,0,5,United-States,>50K
30,Private,175878,HS-grad,9,Married-civ-spouse,Craft-repair,Husband,White,Male,0,0,42,United-States,>50K
39,Private,39236,HS-grad,9,Separated,Handlers-cleaners,Not-in-family,Black,Male,0,0,40,United-States,<=50K
46,Private,171409,HS-grad,9,Married-civ-spouse,Machine-op-inspct,Husband,White,Male,3411,0,35,Guatemala,<=50K
40,Private,218903,HS-grad,9,Divorced,Tech-support,Unmarried,White,Female,0,0,40,United-States,<=50K
47,Private,151580,Prof-school,15,Married-civ-spouse,Exec-managerial,Husband,White,Male,7688,0,60,United-States,>50K
29,Private,209934,5th-6th,3,Married-civ-spouse,Other-service,Husband,White,Male,0,0,40,Mexico,<=50K
41,Private,352612,Some-college,10,Married-civ-spouse,Exec-managerial,Wife,White,Female,0,1902,40,United-States,>50K
40,Private,110798,HS-grad,9,Never-married,Adm-clerical,Own-child,White,Female,0,0,50,United-States,<=50K
45,Self-emp-not-inc,285004,HS-grad,9,Married-civ-spouse,Exec-managerial,Husband,Asian-Pac-Islander,Male,0,0,40,China,<=50K
52,Self-emp-inc,134886,HS-grad,9,Married-civ-spouse,Exec-managerial,Husband,White,Male,0,0,40,United-States,>50K
50,Private,133963,HS-grad,9,Divorced,Adm-clerical,Unmarried,White,Female,0,0,35,United-States,<=50K
20,Private,163333,HS-grad,9,Never-married,Handlers-cleaners,Own-child,White,Female,0,0,20,United-States,<=50K
42,Private,120837,HS-grad,9,Divorced,Farming-fishing,Not-in-family,White,Male,0,0,50,United-States,<=50K
57,Private,143857,Bachelors,13,Married-civ-spouse,Exec-managerial,Husband,White,Male,0,0,40,United-States,>50K
22,?,243165,Some-college,10,Never-married,?,Own-child,Asian-Pac-Islander,Male,0,0,40,China,<=50K
37,Private,443508,Assoc-acdm,12,Divorced,Exec-managerial,Not-in-family,White,Female,0,0,40,United-States,<=50K
27,Private,259351,5th-6th,3,Never-married,Transport-moving,Not-in-family,White,Male,0,0,40,Mexico,<=50K
73,Private,297188,HS-grad,9,Widowed,Other-service,Other-relative,White,Female,0,0,12,United-States,<=50K
70,Private,173704,HS-grad,9,Married-civ-spouse,Sales,Husband,White,Male,0,0,40,United-States,<=50K
24,Private,200834,HS-grad,9,Never-married,Handlers-cleaners,Own-child,White,Male,0,0,45,United-States,<=50K
23,Private,202559,Bachelors,13,Never-married,Prof-specialty,Not-in-family,White,Female,0,0,40,United-States,<=50K
42,Private,66095,Some-college,10,Divorced,Machine-op-inspct,Not-in-family,White,Female,0,0,40,United-States,<=50K
23,Private,231826,Some-college,10,Never-married,Handlers-cleaners,Own-child,Black,Male,0,0,22,United-States,<=50K
28,Private,703067,Bachelors,13,Married-civ-spouse,Sales,Husband,White,Male,0,0,45,United-States,>50K
35,?,196243,Some-college,10,Married-civ-spouse,?,Husband,Asian-Pac-Islander,Male,0,0,40,Philippines,>50K
46,Private,75256,HS-grad,9,Married-civ-spouse,Priv-house-serv,Wife,White,Female,0,0,40,United-States,<=50K
69,Private,102874,HS-grad,9,Widowed,Adm-clerical,Not-in-family,White,Female,0,0,24,United-States,<=50K
20,Private,164441,HS-grad,9,Never-married,Other-service,Own-child,Black,Male,0,0,40,United-States,<=50K
30,Private,176756,Assoc-voc,11,Divorced,Adm-clerical,Unmarried,White,Female,0,0,24,United-States,<=50K
30,Private,49325,Some-college,10,Married-civ-spouse,Transport-moving,Husband,White,Male,0,0,80,United-States,>50K
31,Private,255004,Bachelors,13,Never-married,Exec-managerial,Not-in-family,White,Male,0,1741,38,United-States,<=50K
26,Private,171228,Some-college,10,Never-married,Farming-fishing,Not-in-family,White,Female,0,0,38,United-States,<=50K
24,Private,200997,HS-grad,9,Never-married,Handlers-cleaners,Own-child,White,Male,0,0,45,United-States,<=50K
44,Private,44780,HS-grad,9,Married-civ-spouse,Farming-fishing,Husband,White,Male,0,0,70,United-States,<=50K
42,Private,270324,Doctorate,16,Married-civ-spouse,Prof-specialty,Husband,White,Male,0,0,40,France,<=50K
35,Self-emp-not-inc,128876,7th-8th,4,Married-civ-spouse,Farming-fishing,Husband,White,Male,0,0,40,United-States,<=50K
57,Local-gov,343447,HS-grad,9,Divorced,Protective-serv,Not-in-family,White,Female,0,0,40,United-States,<=50K
23,Private,133963,Assoc-voc,11,Never-married,Adm-clerical,Unmarried,White,Female,0,0,40,United-States,<=50K
34,Private,209900,10th,6,Never-married,Farming-fishing,Not-in-family,White,Male,0,0,40,United-States,<=50K
20,Private,33394,Some-college,10,Never-married,Other-service,Own-child,White,Female,0,0,10,United-States,<=50K
42,Self-emp-not-inc,34862,Doctorate,16,Never-married,Prof-specialty,Not-in-family,White,Male,0,0,99,United-States,>50K
41,Private,140782,HS-grad,9,Married-spouse-absent,Adm-clerical,Unmarried,White,Female,0,0,40,United-States,<=50K
42,Private,262688,HS-grad,9,Married-civ-spouse,Craft-repair,Husband,White,Male,5178,0,40,United-States,>50K
23,Private,172232,HS-grad,9,Never-married,Tech-support,Own-child,White,Male,0,0,50,United-States,<=50K
39,Private,200574,Bachelors,13,Married-civ-spouse,Exec-managerial,Husband,White,Male,0,0,55,United-States,<=50K
31,Private,142921,Bachelors,13,Never-married,Tech-support,Not-in-family,White,Female,0,0,40,United-States,<=50K
41,Private,119111,HS-grad,9,Married-civ-spouse,Tech-support,Husband,White,Male,0,0,40,United-States,<=50K
45,Private,194097,Assoc-voc,11,Never-married,Other-service,Unmarried,White,Female,0,0,40,Mexico,<=50K
26,Private,53833,Some-college,10,Married-civ-spouse,Exec-managerial,Husband,White,Male,0,0,42,United-States,<=50K
57,Private,102442,Some-college,10,Divorced,Adm-clerical,Unmarried,White,Female,0,0,40,United-States,<=50K
37,Self-emp-not-inc,151141,11th,7,Married-civ-spouse,Transport-moving,Husband,White,Male,0,0,45,United-States,<=50K
58,Self-emp-inc,216149,Assoc-voc,11,Divorced,Sales,Not-in-family,White,Male,2202,0,56,United-States,<=50K
19,Private,220269,Some-college,10,Never-married,Farming-fishing,Own-child,White,Male,0,0,50,United-States,<=50K
51,Private,171228,Some-college,10,Married-civ-spouse,Transport-moving,Husband,White,Male,0,0,40,United-States,>50K
37,Private,450141,Assoc-acdm,12,Divorced,Exec-managerial,Not-in-family,White,Female,0,0,40,United-States,<=50K
73,Local-gov,232475,7th-8th,4,Married-civ-spouse,Protective-serv,Husband,White,Male,2228,0,10,United-States,<=50K
38,Private,163047,HS-grad,9,Married-civ-spouse,Transport-moving,Husband,White,Male,0,1740,40,United-States,<=50K
45,Private,243786,Bachelors,13,Married-civ-spouse,Exec-managerial,Husband,White,Male,0,0,60,United-States,>50K
26,Private,34996,5th-6th,3,Never-married,Transport-moving,Not-in-family,White,Male,0,0,40,?,<=50K
39,Private,215892,HS-grad,9,Separated,Other-service,Not-in-family,White,Female,0,0,40,El-Salvador,<=50K
19,Private,388594,11th,7,Never-married,Other-service,Own-child,White,Male,0,0,40,United-States,<=50K
22,Private,89154,1st-4th,2,Never-married,Other-service,Other-relative,White,Male,0,0,40,El-Salvador,<=50K
31,Private,168539,Bachelors,13,Married-civ-spouse,Prof-specialty,Husband,White,Male,7688,0,40,Canada,>50K
55,Private,147340,Some-college,10,Married-civ-spouse,Craft-repair,Husband,White,Male,5013,0,52,United-States,<=50K
63,Federal-gov,313986,Some-college,10,Married-civ-spouse,Exec-managerial,Husband,White,Male,15024,0,40,United-States,>50K
33,Private,277533,HS-grad,9,Married-civ-spouse,Prof-specialty,Husband,White,Male,0,0,60,United-States,<=50K
20,?,359985,Some-college,10,Never-married,?,Own-child,White,Female,0,0,35,United-States,<=50K
36,Private,218678,Assoc-voc,11,Married-civ-spouse,Sales,Husband,White,Male,0,0,60,United-States,<=50K
21,Self-emp-not-inc,329924,HS-grad,9,Never-married,Craft-repair,Not-in-family,White,Male,4865,0,35,United-States,<=50K
69,Federal-gov,143849,11th,7,Widowed,Adm-clerical,Not-in-family,White,Female,0,0,20,United-States,<=50K
38,Private,589809,Bachelors,13,Married-civ-spouse,Adm-clerical,Husband,White,Male,0,0,45,United-States,>50K
58,Private,191177,HS-grad,9,Married-civ-spouse,Machine-op-inspct,Husband,White,Male,0,0,40,United-States,<=50K
49,Private,146305,HS-grad,9,Never-married,Craft-repair,Unmarried,White,Female,0,0,40,Puerto-Rico,<=50K
20,Private,212840,Some-college,10,Never-married,Other-service,Own-child,White,Female,0,0,16,United-States,<=50K
17,Private,112283,11th,7,Never-married,Handlers-cleaners,Own-child,White,Male,0,0,12,United-States,<=50K
36,Private,172129,9th,5,Married-civ-spouse,Handlers-cleaners,Husband,White,Male,0,0,40,United-States,<=50K
80,Private,107740,HS-grad,9,Widowed,Handlers-cleaners,Not-in-family,White,Male,0,0,30,United-States,<=50K
23,Private,375657,Some-college,10,Never-married,Other-service,Unmarried,White,Female,0,0,25,United-States,<=50K
36,Private,175710,HS-grad,9,Married-civ-spouse,Craft-repair,Husband,White,Male,0,0,35,United-States,<=50K
23,Private,433330,11th,7,Never-married,Craft-repair,Unmarried,White,Male,0,0,30,United-States,<=50K
22,State-gov,201178,Bachelors,13,Never-married,Prof-specialty,Own-child,White,Female,0,0,20,United-States,<=50K
21,?,278391,Some-college,10,Never-married,?,Own-child,White,Male,0,0,16,United-States,<=50K
24,Private,43535,HS-grad,9,Divorced,Machine-op-inspct,Not-in-family,White,Male,0,0,40,United-States,<=50K
47,Private,218678,Masters,14,Never-married,Prof-specialty,Not-in-family,White,Female,0,0,25,United-States,<=50K
34,Private,210444,10th,6,Never-married,Farming-fishing,Not-in-family,White,Male,0,0,40,United-States,<=50K
50,Self-emp-not-inc,91103,HS-grad,9,Married-civ-spouse,Craft-repair,Husband,White,Male,0,0,51,United-States,>50K
19,Private,157569,HS-grad,9,Never-married,Other-service,Not-in-family,White,Female,0,1740,40,United-States,<=50K
30,Private,361742,Some-college,10,Married-civ-spouse,Exec-managerial,Husband,White,Male,0,0,50,United-States,<=50K
23,Private,242375,HS-grad,9,Never-married,Other-service,Not-in-family,White,Female,0,0,30,United-States,<=50K
64,Self-emp-not-inc,149726,Prof-school,15,Married-civ-spouse,Prof-specialty,Husband,White,Male,0,0,40,United-States,>50K
33,Self-emp-not-inc,189265,Some-college,10,Never-married,Other-service,Not-in-family,White,Female,0,0,5,United-States,<=50K
71,Private,244268,7th-8th,4,Married-civ-spouse,Transport-moving,Husband,White,Male,6514,0,40,United-States,>50K
47,Private,218903,Masters,14,Never-married,Prof-specialty,Not-in-family,White,Female,0,0,25,United-States,<=50K
56,Self-emp-not-inc,254907,HS-grad,9,Married-civ-spouse,Sales,Husband,White,Male,0,0,20,United-States,<=50K
49,Private,157273,HS-grad,9,Married-civ-spouse,Craft-repair,Husband,White,Male,0,0,40,United-States,<=50K
27,?,327154,HS-grad,9,Never-married,?,Not-in-family,White,Female,0,0,25,United-States,<=50K
51,Private,261519,HS-grad,9,Married-civ-spouse,Other-service,Husband,White,Male,0,0,40,Cuba,>50K
36,Private,175643,HS-grad,9,Married-civ-spouse,Craft-repair,Husband,White,Male,0,0,35,United-States,<=50K
52,Self-emp-inc,227890,Prof-school,15,Married-civ-spouse,Prof-specialty,Husband,White,Male,0,0,40,United-States,>50K
42,Private,213019,Bachelors,13,Married-civ-spouse,Sales,Husband,White,Male,0,1887,40,United-States,>50K
48,Private,195946,HS-grad,9,Divorced,Adm-clerical,Not-in-family,White,Female,0,0,30,United-States,<=50K
45,Local-gov,193042,Some-college,10,Married-civ-spouse,Protective-serv,Husband,White,Male,0,0,40,United-States,>50K
52,Private,119079,HS-grad,9,Married-civ-spouse,Machine-op-inspct,Husband,White,Male,0,0,40,United-States,<=50K
44,Private,450141,HS-grad,9,Married-civ-spouse,Farming-fishing,Husband,White,Male,0,0,70,United-States,<=50K
33,Self-emp-inc,287480,Some-college,10,Married-civ-spouse,Exec-managerial,Husband,White,Male,0,0,50,United-States,>50K
34,Private,178517,Bachelors,13,Married-civ-spouse,Sales,Husband,White,Male,0,0,40,United-States,>50K
35,Private,166813,Bachelors,13,Married-civ-spouse,Exec-managerial,Husband,White,Male,0,0,50,United-States,>50K
51,Private,120672,10th,6,Never-married,Farming-fishing,Own-child,White,Male,0,0,40,United-States,<=50K
26,Self-emp-not-inc,109609,Some-college,10,Separated,Craft-repair,Not-in-family,White,Male,0,0,30,United-States,<=50K
54,Private,191776,HS-grad,9,Married-civ-spouse,Sales,Husband,White,Male,0,0,40,United-States,<=50K
71,Federal-gov,101676,10th,6,Married-civ-spouse,Adm-clerical,Husband,White,Male,0,0,40,United-States,<=50K
27,?,328906,HS-grad,9,Never-married,?,Not-in-family,White,Female,0,0,25,United-States,<=50K
27,State-gov,55360,Bachelors,13,Married-civ-spouse,Protective-serv,Wife,Black,Female,0,0,48,United-States,<=50K
37,Self-emp-not-inc,58343,HS-grad,9,Divorced,Farming-fishing,Unmarried,White,Male,0,0,56,United-States,<=50K
49,Private,186916,Some-college,10,Separated,Exec-managerial,Not-in-family,White,Female,0,0,45,United-States,>50K
23,Private,285004,Bachelors,13,Never-married,Sales,Not-in-family,Asian-Pac-Islander,Male,0,0,50,Taiwan,<=50K
42,Self-emp-inc,120277,Masters,14,Married-civ-spouse,Exec-managerial,Husband,White,Male,0,0,40,United-States,>50K
36,Private,172232,HS-grad,9,Married-civ-spouse,Sales,Husband,White,Male,0,0,45,United-States,<=50K
24,Private,236648,Some-college,10,Never-married,Exec-managerial,Not-in-family,White,Male,0,0,42,United-States,<=50K
18,Private,297188,HS-grad,9,Never-married,Handlers-cleaners,Own-child,White,Male,0,0,30,United-States,<=50K
24,Private,206974,Bachelors,13,Never-married,Adm-clerical,Own-child,White,Female,0,0,40,United-States,<=50K
22,Private,240175,11th,7,Never-married,Craft-repair,Unmarried,White,Male,0,0,40,El-Salvador,<=50K
45,Self-emp-not-inc,332008,Bachelors,13,Married-civ-spouse,Sales,Husband,White,Male,0,0,40,United-States,>50K
30,Private,204536,HS-grad,9,Never-married,Craft-repair,Own-child,White,Male,0,0,50,United-States,<=50K
51,Private,106679,Bachelors,13,Married-civ-spouse,Exec-managerial,Husband,White,Male,5178,0,60,United-States,>50K
58,Private,374108,Some-college,10,Divorced,Prof-specialty,Unmarried,White,Female,0,0,40,United-States,<=50K
62,Private,244268,Doctorate,16,Married-civ-spouse,Prof-specialty,Husband,White,Male,14344,0,50,United-States,>50K
39,Private,172695,Prof-school,15,Married-civ-spouse,Craft-repair,Husband,White,Male,7688,0,40,United-States,>50K
51,Private,261207,HS-grad,9,Married-civ-spouse,Other-service,Husband,White,Male,0,0,40,Cuba,>50K
51,Local-gov,250782,Doctorate,16,Divorced,Prof-specialty,Not-in-family,White,Female,0,0,45,United-States,>50K
31,Private,200496,HS-grad,9,Divorced,Adm-clerical,Not-in-family,White,Female,0,0,40,Germany,<=50K
59,Private,59380,Masters,14,Married-civ-spouse,Tech-support,Husband,White,Male,0,0,40,Iran,<=50K
21,Private,274746,Some-college,10,Never-married,Sales,Other-relative,White,Female,0,0,40,United-States,<=50K
21,?,357029,Some-college,10,Married-civ-spouse,?,Wife,Black,Female,2174,0,20,United-States,<=50K
29,Private,209609,5th-6th,3,Married-civ-spouse,Other-service,Husband,White,Male,0,0,40,Mexico,<=50K
20,Private,166813,Some-college,10,Never-married,Priv-house-serv,Own-child,White,Female,0,0,40,United-States,<=50K
18,Private,302347,HS-grad,9,Never-married,Other-service,Own-child,White,Female,0,0,20,United-States,<=50K
44,Private,155057,Assoc-acdm,12,Married-civ-spouse,Prof-specialty,Husband,White,Male,0,0,40,United-States,>50K
27,State-gov,553405,Bachelors,13,Married-civ-spouse,Protective-serv,Wife,Black,Female,0,0,48,United-States,<=50K
45,Local-gov,192773,Some-college,10,Married-civ-spouse,Protective-serv,Husband,White,Male,0,0,40,United-States,>50K
25,Private,158734,HS-grad,9,Never-married,Adm-clerical,Not-in-family,White,Female,0,0,45,United-States,<=50K
27,State-gov,55614,Bachelors,13,Married-civ-spouse,Protective-serv,Wife,Black,Female,0,0,48,United-States,<=50K
45,Private,194134,Assoc-voc,11,Never-married,Other-service,Unmarried,White,Female,0,0,40,Mexico,<=50K
53,Self-emp-not-inc,385183,Some-college,10,Married-civ-spouse,Other-service,Husband,White,Male,0,0,60,United-States,<=50K
33,Private,214150,Some-college,10,Divorced,Tech-support,Unmarried,White,Female,0,0,40,United-States,<=50K
27,Private,81540,HS-grad,9,Married-civ-spouse,Craft-repair,Husband,White,Male,0,0,40,United-States,>50K
29,Private,196791,HS-grad,9,Never-married,Machine-op-inspct,Not-in-family,White,Female,0,0,40,United-States,<=50K
47,Private,93557,HS-grad,9,Married-civ-spouse,Farming-fishing,Husband,White,Male,0,0,40,United-States,<=50K
18,Private,53373,Some-college,10,Never-married,Other-service,Own-child,White,Male,0,0,20,United-States,<=50K
33,Local-gov,120508,Bachelors,13,Divorced,Protective-serv,Unmarried,White,Female,0,0,60,Germany,<=50K
22,Private,28544,Bachelors,13,Never-married,Exec-managerial,Own-child,White,Male,0,0,45,United-States,<=50K
23,Private,106679,Assoc-acdm,12,Never-married,Prof-specialty,Own-child,White,Female,2176,0,25,United-States,<=50K
39,State-gov,85874,HS-grad,9,Divorced,Adm-clerical,Unmarried,White,Female,0,0,40,United-States,<=50K
38,Private,110713,Assoc-acdm,12,Married-civ-spouse,Craft-repair,Husband,White,Male,0,0,50,United-States,>50K
51,Private,163687,Bachelors,13,Married-civ-spouse,Transport-moving,Husband,White,Male,0,0,56,United-States,>50K
22,Private,240175,11th,7,Never-married,Craft-repair,Unmarried,White,Male,0,0,40,El-Salvador,<=50K
27,Private,189703,HS-grad,9,Married-civ-spouse,Exec-managerial,Own-child,White,Male,0,0,40,United-States,<=50K
24,Self-emp-not-inc,172129,Assoc-acdm,12,Never-married,Craft-repair,Own-child,White,Male,0,0,40,United-States,<=50K
30,Private,122026,Bachelors,13,Never-married,Sales,Not-in-family,White,Male,0,0,40,United-States,>50K
53,Self-emp-not-inc,169069,9th,5,Married-civ-spouse,Farming-fishing,Husband,White,Male,0,0,70,United-States,<=50K
30,Private,49278,Assoc-voc,11,Married-civ-spouse,Handlers-cleaners,Husband,White,Male,0,0,40,Mexico,<=50K
40,Private,244268,HS-grad,9,Married-civ-spouse,Handlers-cleaners,Husband,White,Male,0,0,40,United-States,<=50K
22,Private,199698,Some-college,10,Never-married,Sales,Own-child,White,Male,0,0,15,United-States,<=50K
23,Private,388594,9th,5,Never-married,Farming-fishing,Unmarried,White,Male,0,0,70,United-States,<=50K
21,?,277788,Some-college,10,Never-married,?,Own-child,White,Male,0,0,16,United-States,<=50K
31,Private,180280,HS-grad,9,Divorced,Adm-clerical,Unmarried,White,Female,0,0,35,United-States,<=50K
56,Private,193622,HS-grad,9,Separated,Craft-repair,Unmarried,White,Male,0,0,40,United-States,<=50K
30,State-gov,714597,Some-college,10,Never-married,Protective-serv,Not-in-family,Black,Male,0,0,45,United-States,<=50K
65,Local-gov,238917,11th,7,Married-civ-spouse,Transport-moving,Husband,White,Male,0,0,35,United-States,<=50K
40,Private,200192,Bachelors,13,Separated,Sales,Not-in-family,White,Male,0,0,40,United-States,<=50K
32,Private,171637,Some-college,10,Never-married,Adm-clerical,Own-child,White,Female,0,0,40,United-States,<=50K
42,Private,206974,Some-college,10,Divorced,Exec-managerial,Unmarried,White,Female,0,0,45,United-States,<=50K
32,Private,210562,HS-grad,9,Married-civ-spouse,Machine-op-inspct,Husband,White,Male,0,0,40,United-States,<=50K
18,Private,157569,10th,6,Never-married,Other-service,Other-relative,Black,Male,0,0,15,United-States,<=50K
48,Private,95661,Some-college,10,Never-married,Adm-clerical,Not-in-family,White,Female,0,0,43,United-States,<=50K
26,Self-emp-not-inc,253899,Bachelors,13,Divorced,Sales,Not-in-family,White,Male,0,0,40,United-States,<=50K
23,Private,252029,Bachelors,13,Never-married,Sales,Not-in-family,White,Female,0,0,40,United-States,<=50K
34,Private,271933,Bachelors,13,Never-married,Exec-managerial,Other-relative,White,Female,0,1741,45,United-States,<=50K
67,Private,212185,HS-grad,9,Married-civ-spouse,Other-service,Husband,White,Male,0,0,10,United-States,<=50K
25,Private,359985,5th-6th,3,Never-married,Adm-clerical,Not-in-family,White,Female,0,0,33,Mexico,<=50K
22,Private,305673,Bachelors,13,Never-married,Adm-clerical,Not-in-family,Asian-Pac-Islander,Female,0,0,10,Vietnam,<=50K
33,Private,149981,HS-grad,9,Married-civ-spouse,Sales,Husband,White,Male,0,0,40,United-States,>50K
46,Private,273803,Bachelors,13,Divorced,Craft-repair,Not-in-family,Black,Female,0,0,40,United-States,<=50K
51,Local-gov,253190,Doctorate,16,Divorced,Prof-specialty,Not-in-family,White,Female,0,0,45,United-States,>50K
21,Private,22149,HS-grad,9,Never-married,Other-service,Own-child,Amer-Indian-Eskimo,Male,0,0,30,United-States,<=50K
29,Private,115064,HS-grad,9,Never-married,Other-service,Not-in-family,White,Male,0,0,40,United-States,<=50K
48,Private,189382,Some-college,10,Divorced,Handlers-cleaners,Own-child,White,Male,2176,0,40,United-States,<=50K
43,Local-gov,257756,Bachelors,13,Married-civ-spouse,Prof-specialty,Husband,White,Male,0,0,55,United-States,>50K
23,Private,253899,Assoc-acdm,12,Married-civ-spouse,Handlers-cleaners,Husband,White,Male,0,0,25,United-States,<=50K
28,Private,703067,Bachelors,13,Married-civ-spouse,Sales,Husband,White,Male,0,0,45,United-States,>50K
23,Local-gov,218407,11th,7,Married-civ-spouse,Handlers-cleaners,Husband,White,Male,0,0,40,United-States,<=50K
22,Private,285580,Bachelors,13,Never-married,Exec-managerial,Own-child,White,Male,0,0,45,United-States,<=50K
24,Self-emp-not-inc,171748,Assoc-acdm,12,Never-married,Craft-repair,Own-child,White,Male,0,0,40,United-States,<=50K
51,Private,142760,Doctorate,16,Divorced,Craft-repair,Not-in-family,White,Female,4787,0,60,United-States,>50K
28,Local-gov,135567,Bachelors,13,Never-married,Adm-clerical,Not-in-family,Black,Female,4101,0,60,United-States,<=50K
22,Local-gov,391121,Some-college,10,Never-married,Prof-specialty,Own-child,White,Female,594,0,25,United-States,<=50K
31,Private,243165,Bachelors,13,Never-married,Prof-specialty,Unmarried,White,Male,0,0,40,United-States,<=50K
20,Private,163333,HS-grad,9,Never-married,Handlers-cleaners,Own-child,White,Female,0,0,20,United-States,<=50K
34,Private,209609,10th,6,Never-married,Farming-fishing,Not-in-family,White,Male,0,0,40,United-States,<=50K
55,Private,191776,HS-grad,9,Married-civ-spouse,Sales,Husband,White,Male,0,0,40,United-States,<=50K
50,Private,217530,HS-grad,9,Married-civ-spouse,Craft-repair,Husband,White,Male,0,0,40,United-States,>50K
38,Private,110713,Assoc-acdm,12,Married-civ-spouse,Craft-repair,Husband,White,Male,0,0,50,United-States,>50K
40,Private,244268,HS-grad,9,Married-civ-spouse,Handlers-cleaners,Husband,White,Male,0,0,40,United-States,<=50K
41,Private,106159,HS-grad,9,Never-married,Machine-op-inspct,Own-child,White,Male,14084,0,48,United-States,>50K
19,Private,105460,9th,5,Never-married,Craft-repair,Own-child,White,Male,0,0,20,United-States,<=50K
32,Private,54611,Bachelors,13,Married-civ-spouse,Sales,Husband,White,Male,99999,0,50,United-States,>50K
49,Private,187334,Masters,14,Married-civ-spouse,Exec-managerial,Husband,White,Male,15024,0,50,United-States,>50K
44,Private,453067,HS-grad,9,Married-civ-spouse,Farming-fishing,Husband,White,Male,0,0,70,United-States,<=50K
