age,workclass,fnlwgt,education,education-num,marital-status,occupation,relationship,race,sex,capital-gain,capital-loss,hours-per-week,native-country,income
28,Private,628797,Masters,14,Married-civ-spouse,Sales,Husband,White,Male,0,0,60,United-States,>50K
35,Private,207973,HS-grad,9,Married-civ-spouse,Transport-moving,Husband,White,Male,0,0,60,United-States,<=50K
27,Private,360032,HS-grad,9,Married-civ-spouse,Exec-managerial,Husband,White,Male,0,0,40,United-States,<=50K
49,State-gov,336509,10th,6,Married-civ-spouse,Other-service,Husband,White,Male,0,0,40,United-States,<=50K
67,Self-emp-inc,116517,Bachelors,13,Widowed,Other-service,Unmarried,White,Female,0,0,35,United-States,<=50K
31,Private,181557,HS-grad,9,Divorced,Adm-clerical,Unmarried,White,Female,0,0,35,United-States,<=50K
50,Self-emp-inc,194097,HS-grad,9,Married-civ-spouse,Exec-managerial,Husband,White,Male,0,0,70,Greece,>50K
30,Private,213019,Some-college,10,Married-civ-spouse,Tech-support,Husband,Black,Male,0,0,14,United-States,<=50K
52,Private,265932,Some-college,10,Married-civ-spouse,Prof-specialty,Husband,White,Male,0,0,45,United-States,>50K
33,Private,154227,Assoc-voc,11,Divorced,Sales,Not-in-family,White,Male,0,0,40,United-States,<=50K
24,Private,277488,HS-grad,9,Married-civ-spouse,Machine-op-inspct,Husband,White,Male,0,0,50,United-States,<=50K
17,Private,247025,11th,7,Never-married,Other-service,Own-child,White,Male,0,0,12,United-States,<=50K
19,Private,377121,HS-grad,9,Never-married,Adm-clerical,Not-in-family,White,Female,0,0,30,United-States,<=50K
48,Private,85355,HS-grad,9,Married-civ-spouse,Craft-repair,Husband,White,Male,0,0,40,United-States,<=50K
27,Private,220748,HS-grad,9,Never-married,Handlers-cleaners,Other-relative,Black,Male,0,0,48,United-States,<=50K
25,Private,130793,Some-college,10,Divorced,Other-service,Not-in-family,White,Male,0,0,30,United-States,<=50K
27,Self-emp-not-inc,130793,10th,6,Married-civ-spouse,Craft-repair,Husband,White,Male,0,0,48,United-States,<=50K
25,Private,130793,Some-college,10,Divorced,Other-service,Not-in-family,White,Male,0,0,30,United-States,<=50K
25,Private,431192,10th,6,Married-civ-spouse,Exec-managerial,Husband,White,Male,0,0,40,United-States,<=50K
45,Self-emp-inc,139268,HS-grad,9,Married-civ-spouse,Sales,Husband,White,Male,0,0,50,United-States,>50K
32,Private,185660,Bachelors,13,Never-married,Prof-specialty,Not-in-family,Black,Female,0,0,40,United-States,<=50K
38,Private,34066,HS-grad,9,Never-married,Adm-clerical,Not-in-family,Black,Male,0,2339,47,United-States,<=50K
45,Self-emp-inc,139701,HS-grad,9,Married-civ-spouse,Sales,Husband,White,Male,0,0,50,United-States,>50K
29,Private,594187,Bachelors,13,Married-civ-spouse,Sales,Husband,White,Male,0,0,40,United-States,<=50K
27,Private,245918,11th,7,Divorced,Machine-op-inspct,Unmarried,White,Female,0,0,40,United-States,<=50K
43,Local-gov,231777,Masters,14,Married-civ-spouse,Exec-managerial,Husband,White,Male,0,1902,50,United-States,>50K
40,Self-emp-not-inc,191935,HS-grad,9,Married-civ-spouse,Other-service,Husband,White,Male,0,0,40,United-States,<=50K
42,Private,245873,HS-grad,9,Married-civ-spouse,Sales,Husband,White,Male,0,0,50,United-States,<=50K
44,Private,180928,HS-grad,9,Never-married,Craft-repair,Own-child,White,Male,0,0,40,United-States,>50K
49,Private,129246,Bachelors,13,Never-married,Prof-specialty,Unmarried,White,Female,0,0,40,United-States,<=50K
77,Private,133728,7th-8th,4,Married-civ-spouse,Craft-repair,Husband,White,Male,0,0,40,United-States,<=50K
44,Private,231196,Assoc-acdm,12,Widowed,Adm-clerical,Unmarried,White,Female,0,0,40,United-States,<=50K
30,Self-emp-not-inc,147755,Some-college,10,Divorced,Craft-repair,Not-in-family,White,Male,0,0,35,United-States,<=50K
22,Private,194630,Bachelors,13,Never-married,Sales,Not-in-family,White,Male,0,0,45,United-States,<=50K
28,Private,314659,Some-college,10,Never-married,Machine-op-inspct,Not-in-family,White,Male,0,0,42,United-States,<=50K
41,State-gov,366425,HS-grad,9,Divorced,Protective-serv,Not-in-family,White,Male,0,0,40,United-States,>50K
31,Private,85355,HS-grad,9,Never-married,Other-service,Not-in-family,White,Male,0,0,43,United-States,<=50K
36,Private,311395,HS-grad,9,Married-civ-spouse,Machine-op-inspct,Husband,Black,Male,0,0,40,Haiti,<=50K
32,Self-emp-not-inc,279472,Some-college,10,Married-civ-spouse,Sales,Husband,Amer-Indian-Eskimo,Male,0,0,60,United-States,<=50K
39,Private,77332,Some-college,10,Married-civ-spouse,Sales,Husband,White,Male,0,0,55,United-States,>50K
35,Private,172694,HS-grad,9,Married-civ-spouse,Machine-op-inspct,Husband,Black,Male,0,0,40,United-States,<=50K
43,Self-emp-inc,314659,Some-college,10,Married-civ-spouse,Exec-managerial,Husband,White,Male,0,0,92,United-States,>50K
48,Private,85341,HS-grad,9,Married-civ-spouse,Craft-repair,Husband,White,Male,0,0,40,United-States,<=50K
26,Private,34310,Some-college,10,Divorced,Adm-clerical,Not-in-family,White,Female,0,0,40,United-States,<=50K
28,Private,77009,7th-8th,4,Divorced,Other-service,Unmarried,White,Female,0,0,50,United-States,<=50K
39,Private,201928,Prof-school,15,Married-civ-spouse,Prof-specialty,Husband,White,Male,0,0,45,United-States,>50K
32,State-gov,159537,Assoc-acdm,12,Married-civ-spouse,Craft-repair,Husband,White,Male,0,0,40,United-States,<=50K
35,Private,172571,HS-grad,9,Married-civ-spouse,Machine-op-inspct,Husband,Black,Male,0,0,40,United-States,<=50K
40,Private,103614,10th,6,Divorced,Craft-repair,Own-child,White,Male,0,0,40,United-States,<=50K
51,Private,306309,Assoc-voc,11,Married-civ-spouse,Craft-repair,Husband,White,Male,0,0,40,Canada,>50K
32,Private,184529,Bachelors,13,Married-civ-spouse,Craft-repair,Husband,White,Male,0,0,55,United-States,>50K
79,Private,187492,HS-grad,9,Married-civ-spouse,Prof-specialty,Husband,White,Male,0,0,7,United-States,<=50K
34,State-gov,238966,HS-grad,9,Divorced,Transport-moving,Unmarried,White,Female,0,0,40,United-States,<=50K
42,Private,301814,HS-grad,9,Never-married,Machine-op-inspct,Unmarried,Black,Female,0,0,40,United-States,<=50K
28,Private,632733,Masters,14,Married-civ-spouse,Sales,Husband,White,Male,0,0,60,United-States,>50K
53,Local-gov,230039,HS-grad,9,Married-civ-spouse,Adm-clerical,Husband,White,Male,0,0,40,United-States,<=50K
38,Private,186959,Bachelors,13,Married-civ-spouse,Prof-specialty,Husband,White,Male,0,0,50,United-States,<=50K
28,Local-gov,305673,Assoc-acdm,12,Never-married,Adm-clerical,Not-in-family,White,Female,0,1980,40,United-States,<=50K
49,State-gov,336891,10th,6,Married-civ-spouse,Other-service,Husband,White,Male,0,0,40,United-States,<=50K
57,Self-emp-not-inc,221955,Some-college,10,Married-civ-spouse,Exec-managerial,Wife,White,Female,0,0,60,United-States,<=50K
40,Private,181983,Some-college,10,Married-civ-spouse,Other-service,Wife,White,Female,0,0,40,Scotland,<=50K
20,State-gov,178551,Some-college,10,Never-married,Farming-fishing,Not-in-family,White,Male,0,0,40,United-States,<=50K
24,Private,280567,Some-college,10,Married-civ-spouse,Machine-op-inspct,Wife,White,Female,7298,0,48,United-States,>50K
44,Private,173704,Bachelors,13,Married-civ-spouse,Exec-managerial,Husband,White,Male,0,0,40,United-States,>50K
44,Private,152909,HS-grad,9,Never-married,Other-service,Unmarried,White,Male,0,0,40,United-States,<=50K
50,Self-emp-not-inc,279472,Masters,14,Married-civ-spouse,Exec-managerial,Husband,White,Male,0,0,20,United-States,<=50K
55,Local-gov,110490,Bachelors,13,Married-civ-spouse,Prof-specialty,Wife,White,Female,0,0,60,United-States,<=50K
31,Private,111483,Bachelors,13,Married-civ-spouse,Exec-managerial,Husband,White,Male,0,0,70,United-States,>50K
41,Private,185522,HS-grad,9,Separated,Adm-clerical,Unmarried,White,Female,0,0,40,United-States,<=50K
80,Private,86111,Doctorate,16,Married-civ-spouse,Prof-specialty,Husband,White,Male,0,0,30,United-States,<=50K
28,Private,110213,Some-college,10,Divorced,Other-service,Other-relative,Black,Male,0,0,24,United-States,<=50K
45,Private,114774,Masters,14,Divorced,Prof-specialty,Not-in-family,White,Female,0,2258,55,United-States,<=50K
23,Private,38948,9th,5,Never-married,Farming-fishing,Unmarried,White,Male,0,0,70,United-States,<=50K
44,Self-emp-inc,220269,HS-grad,9,Married-civ-spouse,Other-service,Husband,Black,Male,0,0,48,United-States,<=50K
31,Private,221172,Prof-school,15,Divorced,Tech-support,Not-in-family,White,Female,0,0,35,United-States,<=50K
37,Private,294789,HS-grad,9,Divorced,Machine-op-inspct,Not-in-family,White,Male,0,0,40,United-States,<=50K
45,Private,114797,Masters,14,Divorced,Prof-specialty,Not-in-family,White,Female,0,2258,55,United-States,<=50K
38,Private,364782,HS-grad,9,Married-civ-spouse,Craft-repair,Husband,White,Male,0,0,40,United-States,>50K
28,Private,153522,HS-grad,9,Divorced,Handlers-cleaners,Not-in-family,White,Male,0,0,40,United-States,<=50K
26,Private,32981,HS-grad,9,Separated,Other-service,Not-in-family,White,Male,0,0,40,United-States,<=50K
39,Private,183778,Assoc-acdm,12,Married-civ-spouse,Craft-repair,Husband,White,Male,7688,0,60,Germany,>50K
23,Private,374763,Bachelors,13,Never-married,Adm-clerical,Not-in-family,White,Male,0,0,40,United-States,<=50K
37,Federal-gov,214542,Some-college,10,Divorced,Adm-clerical,Unmarried,Black,Female,0,0,40,United-States,<=50K
26,Private,214542,11th,7,Never-married,Machine-op-inspct,Unmarried,White,Male,6497,0,48,United-States,<=50K
23,Private,169628,Some-college,10,Never-married,Exec-managerial,Own-child,White,Male,0,0,40,United-States,<=50K
30,Private,248588,12th,8,Divorced,Other-service,Not-in-family,White,Female,0,0,40,United-States,<=50K
52,Self-emp-inc,132178,Bachelors,13,Married-civ-spouse,Exec-managerial,Husband,White,Male,0,0,50,United-States,>50K
69,?,325786,Some-college,10,Never-married,?,Not-in-family,White,Male,1848,0,1,United-States,<=50K
63,?,231347,Masters,14,Married-civ-spouse,?,Husband,White,Male,0,0,30,United-States,<=50K
46,Private,172694,11th,7,Widowed,Other-service,Not-in-family,White,Female,0,0,27,El-Salvador,<=50K
46,Private,87250,Bachelors,13,Separated,Tech-support,Unmarried,White,Female,0,0,40,United-States,<=50K
56,Private,134045,Masters,14,Never-married,Sales,Not-in-family,White,Male,0,0,50,United-States,<=50K
62,?,83439,7th-8th,4,Married-civ-spouse,?,Husband,White,Male,0,0,40,United-States,<=50K
28,Private,152811,HS-grad,9,Divorced,Handlers-cleaners,Not-in-family,White,Male,0,0,40,United-States,<=50K
59,?,372020,Bachelors,13,Married-civ-spouse,?,Husband,White,Male,0,0,40,United-States,>50K
30,Private,198953,Bachelors,13,Never-married,Exec-managerial,Not-in-family,Black,Female,0,0,40,United-States,<=50K
18,Local-gov,158615,7th-8th,4,Never-married,Farming-fishing,Own-child,White,Male,0,0,40,United-States,<=50K
28,Private,68991,Bachelors,13,Married-civ-spouse,Sales,Husband,White,Male,0,0,45,United-States,>50K
31,Self-emp-not-inc,113324,HS-grad,9,Divorced,Craft-repair,Not-in-family,White,Male,0,0,60,United-States,<=50K
39,Private,107991,Some-college,10,Married-civ-spouse,Exec-managerial,Husband,White,Male,0,0,45,United-States,>50K
40,Private,125000,Assoc-voc,11,Divorced,Craft-repair,Unmarried,White,Male,0,0,50,United-States,>50K
35,Private,189385,Bachelors,13,Never-married,Sales,Not-in-family,White,Male,0,0,40,United-States,>50K
39,Private,318865,HS-grad,9,Never-married,Adm-clerical,Unmarried,Black,Female,0,0,40,United-States,<=50K
37,Federal-gov,214542,Some-college,10,Divorced,Adm-clerical,Unmarried,Black,Female,0,0,40,United-States,<=50K
36,Private,214413,HS-grad,9,Divorced,Prof-specialty,Own-child,White,Female,0,0,40,United-States,>50K
33,Self-emp-inc,287372,Some-college,10,Married-civ-spouse,Exec-managerial,Husband,White,Male,0,0,50,United-States,>50K
19,?,180778,10th,6,Never-married,?,Unmarried,White,Female,0,0,35,United-States,<=50K
57,Self-emp-not-inc,166153,HS-grad,9,Married-civ-spouse,Craft-repair,Husband,White,Male,0,0,50,United-States,<=50K
32,Private,107843,HS-grad,9,Married-civ-spouse,Machine-op-inspct,Husband,White,Male,5178,0,50,United-States,>50K
28,Local-gov,305673,Assoc-acdm,12,Never-married,Adm-clerical,Not-in-family,White,Female,0,1980,40,United-States,<=50K
23,Private,387468,9th,5,Never-married,Farming-fishing,Unmarried,White,Male,0,0,70,United-States,<=50K
47,Private,276153,10th,6,Married-civ-spouse,Craft-repair,Husband,White,Male,0,0,35,United-States,<=50K
22,Private,52262,Some-college,10,Never-married,Other-service,Not-in-family,White,Male,0,0,40,United-States,<=50K
55,Private,127918,Some-college,10,Married-civ-spouse,Transport-moving,Husband,White,Male,0,0,60,United-States,<=50K
28,Federal-gov,365986,Some-college,10,Never-married,Adm-clerical,Not-in-family,White,Female,0,0,40,United-States,<=50K
30,Private,176663,Assoc-voc,11,Divorced,Adm-clerical,Unmarried,White,Female,0,0,24,United-States,<=50K
21,Private,561334,Some-college,10,Never-married,Adm-clerical,Own-child,White,Male,0,0,40,United-States,<=50K
51,Private,460322,HS-grad,9,Divorced,Prof-specialty,Not-in-family,White,Male,0,0,40,United-States,<=50K
19,Private,102723,Some-college,10,Never-married,Adm-clerical,Own-child,White,Female,0,0,40,United-States,<=50K
23,Private,204209,Some-college,10,Never-married,Handlers-cleaners,Own-child,White,Male,0,0,10,United-States,<=50K
34,Private,56520,Some-college,10,Married-civ-spouse,Exec-managerial,Husband,White,Male,0,0,50,United-States,>50K
55,Private,84774,HS-grad,9,Married-civ-spouse,Priv-house-serv,Wife,White,Female,0,0,30,United-States,<=50K
25,Private,359985,5th-6th,3,Never-married,Adm-clerical,Not-in-family,White,Female,0,0,33,Mexico,<=50K
24,Private,201413,HS-grad,9,Never-married,Adm-clerical,Unmarried,White,Male,0,0,60,United-States,<=50K
54,Private,144586,Some-college,10,Married-civ-spouse,Sales,Wife,White,Female,0,0,40,United-States,>50K
40,Private,660461,Some-college,10,Divorced,Tech-support,Unmarried,White,Female,0,213,40,United-States,<=50K
43,Self-emp-inc,315291,Some-college,10,Married-civ-spouse,Exec-managerial,Husband,White,Male,0,0,92,United-States,>50K
45,Self-emp-inc,139466,HS-grad,9,Married-civ-spouse,Sales,Husband,White,Male,0,0,50,United-States,>50K
44,Private,191814,HS-grad,9,Never-married,Other-service,Own-child,White,Female,0,0,24,United-States,<=50K
39,Private,138626,Bachelors,13,Married-civ-spouse,Craft-repair,Husband,White,Male,0,0,40,United-States,<=50K
19,Private,102723,Some-college,10,Never-married,Adm-clerical,Own-child,White,Female,0,0,40,United-States,<=50K
35,Private,54611,12th,8,Never-married,Sales,Not-in-family,Black,Female,0,0,40,United-States,<=50K
23,Private,176486,Some-college,10,Never-married,Other-service,Other-relative,White,Female,0,0,25,United-States,<=50K
53,Federal-gov,271282,HS-grad,9,Married-civ-spouse,Adm-clerical,Husband,Black,Male,0,1977,40,United-States,>50K
41,Local-gov,235951,Prof-school,15,Married-civ-spouse,Prof-specialty,Husband,White,Male,0,0,50,United-States,>50K
33,Federal-gov,138192,HS-grad,9,Never-married,Other-service,Not-in-family,White,Male,0,0,32,United-States,<=50K
18,Private,141332,11th,7,Never-married,Sales,Own-child,Black,Male,0,0,8,United-States,<=50K
27,Private,80933,Bachelors,13,Never-married,Exec-managerial,Other-relative,White,Male,0,0,45,Germany,<=50K
62,Private,201680,HS-grad,9,Widowed,Craft-repair,Unmarried,Black,Female,0,0,40,United-States,<=50K
31,Private,258849,Assoc-voc,11,Never-married,Adm-clerical,Unmarried,Black,Female,0,0,40,United-States,<=50K
55,Self-emp-not-inc,52888,Prof-school,15,Married-civ-spouse,Prof-specialty,Wife,White,Female,0,0,10,United-States,<=50K
31,Private,507875,9th,5,Married-civ-spouse,Machine-op-inspct,Husband,White,Male,0,0,43,United-States,<=50K
35,Private,190293,Some-college,10,Never-married,Exec-managerial,Not-in-family,White,Female,0,0,40,United-States,<=50K
66,Self-emp-inc,112693,7th-8th,4,Married-civ-spouse,Craft-repair,Husband,White,Male,0,0,40,United-States,>50K
40,Local-gov,234504,HS-grad,9,Never-married,Adm-clerical,Unmarried,Black,Female,0,0,35,United-States,<=50K
27,Private,362067,HS-grad,9,Married-civ-spouse,Exec-managerial,Husband,White,Male,0,0,40,United-States,<=50K
46,Local-gov,110110,Masters,14,Married-civ-spouse,Prof-specialty,Wife,White,Female,0,0,65,United-States,>50K
39,Private,138192,Bachelors,13,Married-civ-spouse,Craft-repair,Husband,White,Male,0,0,40,United-States,<=50K
28,Private,110213,Some-college,10,Divorced,Other-service,Other-relative,Black,Male,0,0,24,United-States,<=50K
45,Self-emp-inc,84324,Assoc-acdm,12,Married-civ-spouse,Prof-specialty,Husband,White,Male,0,0,50,United-States,>50K
18,?,91670,Some-college,10,Never-married,?,Own-child,Asian-Pac-Islander,Female,0,0,40,United-States,<=50K
52,Private,186916,Some-college,10,Married-civ-spouse,Exec-managerial,Husband,White,Male,15024,0,55,Canada,>50K
42,Private,337606,Some-college,10,Divorced,Adm-clerical,Not-in-family,Black,Female,0,0,40,United-States,<=50K
35,Private,95551,HS-grad,9,Separated,Exec-managerial,Not-in-family,White,Female,0,0,36,United-States,<=50K
22,Private,219086,Some-college,10,Married-civ-spouse,Sales,Husband,White,Male,0,0,55,United-States,<=50K
63,Private,102412,HS-grad,9,Divorced,Sales,Not-in-family,White,Female,0,0,40,United-States,<=50K
35,Self-emp-not-inc,115618,HS-grad,9,Divorced,Sales,Not-in-family,White,Male,0,0,50,United-States,>50K
28,Private,315291,Some-college,10,Never-married,Machine-op-inspct,Not-in-family,White,Male,0,0,42,United-States,<=50K
39,Private,97136,HS-grad,9,Never-married,Machine-op-inspct,Unmarried,Black,Female,0,0,40,United-States,<=50K
37,Federal-gov,214627,Some-college,10,Divorced,Adm-clerical,Unmarried,Black,Female,0,0,40,United-States,<=50K
39,Self-emp-inc,122215,Assoc-acdm,12,Married-civ-spouse,Exec-managerial,Husband,White,Male,15024,0,55,United-States,>50K
37,Private,217530,Masters,14,Married-civ-spouse,Exec-managerial,Husband,White,Male,0,0,55,El-Salvador,>50K
62,?,83439,7th-8th,4,Married-civ-spouse,?,Husband,White,Male,0,0,40,United-States,<=50K
28,Local-gov,168138,Masters,14,Married-civ-spouse,Prof-specialty,Wife,White,Female,7688,0,35,United-States,>50K
71,State-gov,210673,HS-grad,9,Married-civ-spouse,Protective-serv,Husband,White,Male,0,0,28,United-States,<=50K
42,Self-emp-not-inc,307267,HS-grad,9,Married-civ-spouse,Craft-repair,Husband,White,Male,0,0,35,United-States,<=50K
30,Private,87418,Bachelors,13,Married-civ-spouse,Exec-managerial,Husband,White,Male,0,0,45,United-States,>50K
34,Private,236543,HS-grad,9,Never-married,Machine-op-inspct,Unmarried,White,Male,0,0,40,United-States,<=50K
17,Private,95909,11th,7,Never-married,Handlers-cleaners,Own-child,White,Male,0,0,12,United-States,<=50K
24,Private,275395,HS-grad,9,Married-civ-spouse,Machine-op-inspct,Husband,White,Male,0,0,50,United-States,<=50K
28,Private,424340,Some-college,10,Never-married,Adm-clerical,Own-child,Black,Male,0,0,40,United-States,<=50K
26,Private,192302,Some-college,10,Married-civ-spouse,Exec-managerial,Wife,White,Female,0,0,25,United-States,<=50K
29,Private,290660,Prof-school,15,Married-civ-spouse,Prof-specialty,Husband,White,Male,7298,0,48,United-States,>50K
44,Self-emp-inc,226215,Some-college,10,Married-civ-spouse,Exec-managerial,Husband,White,Male,0,0,60,United-States,<=50K
23,Private,165922,HS-grad,9,Married-civ-spouse,Adm-clerical,Husband,White,Male,0,0,40,United-States,<=50K
26,Private,376540,Some-college,10,Divorced,Prof-specialty,Not-in-family,White,Female,5060,0,40,United-States,<=50K
61,Federal-gov,95680,Assoc-acdm,12,Married-civ-spouse,Exec-managerial,Husband,Asian-Pac-Islander,Male,3103,0,40,United-States,>50K
47,Self-emp-not-inc,109421,Bachelors,13,Married-civ-spouse,Exec-managerial,Husband,White,Male,0,0,50,United-States,<=50K
30,Private,54929,HS-grad,9,Married-civ-spouse,Sales,Husband,White,Male,0,0,55,United-States,<=50K
71,State-gov,100063,HS-grad,9,Married-civ-spouse,Craft-repair,Husband,Black,Male,0,0,40,United-States,<=50K
31,Private,200192,HS-grad,9,Divorced,Adm-clerical,Not-in-family,White,Female,0,0,40,Germany,<=50K
33,Private,169460,HS-grad,9,Married-civ-spouse,Other-service,Husband,Asian-Pac-Islander,Male,0,0,40,China,<=50K
20,Private,228608,HS-grad,9,Never-married,Machine-op-inspct,Own-child,White,Female,0,0,30,United-States,<=50K
57,Private,206365,Some-college,10,Married-civ-spouse,Craft-repair,Husband,White,Male,0,0,40,United-States,>50K
32,Private,210562,HS-grad,9,Married-civ-spouse,Machine-op-inspct,Husband,White,Male,0,0,40,United-States,<=50K
51,Private,184529,HS-grad,9,Married-civ-spouse,Sales,Husband,White,Male,0,1977,50,United-States,>50K
37,Local-gov,74194,Assoc-voc,11,Married-civ-spouse,Exec-managerial,Husband,White,Male,0,0,45,United-States,<=50K
25,Private,105520,HS-grad,9,Never-married,Other-service,Own-child,Black,Male,0,0,40,United-States,<=50K
69,Self-emp-inc,106395,HS-grad,9,Married-civ-spouse,Other-service,Husband,White,Male,0,0,40,United-States,>50K
40,Private,120939,Bachelors,13,Married-civ-spouse,Sales,Husband,White,Male,0,0,45,United-States,<=50K
72,Private,131811,Some-college,10,Widowed,Adm-clerical,Not-in-family,White,Female,0,0,6,United-States,<=50K
36,Private,220269,Masters,14,Divorced,Exec-managerial,Not-in-family,White,Male,0,0,50,Greece,>50K
42,Private,340335,Doctorate,16,Never-married,Prof-specialty,Not-in-family,White,Male,0,0,50,United-States,<=50K
40,Self-emp-inc,141570,Bachelors,13,Married-civ-spouse,Exec-managerial,Wife,White,Female,0,0,55,United-States,>50K
47,Local-gov,165822,Some-college,10,Divorced,Transport-moving,Unmarried,White,Male,0,0,40,United-States,<=50K
51,Private,261677,HS-grad,9,Married-civ-spouse,Other-service,Husband,White,Male,0,0,40,Cuba,>50K
69,Private,229335,Bachelors,13,Widowed,Prof-specialty,Not-in-family,White,Male,0,2282,40,United-States,>50K
36,Private,130532,Some-college,10,Divorced,Exec-managerial,Not-in-family,White,Male,0,0,45,United-States,<=50K
18,Private,423024,HS-grad,9,Never-married,Other-service,Not-in-family,White,Male,0,0,20,United-States,<=50K
33,Private,137304,Prof-school,15,Married-civ-spouse,Prof-specialty,Husband,Asian-Pac-Islander,Male,0,0,35,Japan,<=50K
41,Private,186224,HS-grad,9,Separated,Adm-clerical,Unmarried,White,Female,0,0,40,United-States,<=50K
35,Private,340335,HS-grad,9,Divorced,Craft-repair,Unmarried,White,Female,0,0,48,United-States,<=50K
40,Local-gov,329341,Masters,14,Married-civ-spouse,Exec-managerial,Husband,White,Male,0,0,35,United-States,>50K
48,Private,233150,HS-grad,9,Married-civ-spouse,Exec-managerial,Husband,White,Male,0,0,50,United-States,<=50K
37,Private,240842,Some-college,10,Married-civ-spouse,Other-service,Husband,Black,Male,0,0,30,United-States,<=50K
58,Private,226922,HS-grad,9,Separated,Other-service,Not-in-family,White,Female,2829,0,43,United-States,<=50K
20,Private,184529,Some-college,10,Never-married,Tech-support,Own-child,White,Female,0,0,20,United-States,<=50K
22,Local-gov,211531,Some-college,10,Never-married,Adm-clerical,Own-child,Black,Female,0,0,40,United-States,<=50K
45,Private,266860,Bachelors,13,Married-civ-spouse,Exec-managerial,Husband,White,Male,0,0,50,United-States,>50K
33,Self-emp-inc,286853,Some-college,10,Married-civ-spouse,Exec-managerial,Husband,White,Male,0,0,50,United-States,>50K
39,Self-emp-not-inc,65738,Some-college,10,Married-civ-spouse,Other-service,Wife,White,Female,0,0,15,United-States,>50K
24,Private,206365,Bachelors,13,Never-married,Prof-specialty,Own-child,White,Female,0,0,40,United-States,<=50K
26,Private,34393,Some-college,10,Divorced,Adm-clerical,Not-in-family,White,Female,0,0,40,United-States,<=50K
28,Private,80933,Some-college,10,Never-married,Adm-clerical,Other-relative,Black,Male,0,0,40,United-States,<=50K
28,State-gov,210562,HS-grad,9,Married-civ-spouse,Protective-serv,Husband,White,Male,0,0,40,United-States,<=50K
30,Private,199698,Bachelors,13,Never-married,Exec-managerial,Not-in-family,Black,Female,0,0,40,United-States,<=50K
46,Private,251603,1st-4th,2,Separated,Other-service,Not-in-family,White,Female,0,0,40,Mexico,<=50K
19,Private,247162,12th,8,Married-spouse-absent,Other-service,Own-child,Other,Female,0,0,20,United-States,<=50K
52,Self-emp-inc,132178,Bachelors,13,Married-civ-spouse,Exec-managerial,Husband,White,Male,0,0,50,United-States,>50K
45,Private,97176,11th,7,Divorced,Adm-clerical,Unmarried,White,Female,0,0,16,United-States,<=50K
41,Self-emp-not-inc,233150,Assoc-voc,11,Married-civ-spouse,Sales,Husband,White,Male,0,0,55,United-States,<=50K
51,Private,158948,HS-grad,9,Married-civ-spouse,Transport-moving,Husband,White,Male,0,0,84,United-States,>50K
54,Self-emp-not-inc,366425,7th-8th,4,Married-civ-spouse,Machine-op-inspct,Husband,White,Male,0,0,50,United-States,<=50K
26,Private,191935,Some-college,10,Married-civ-spouse,Exec-managerial,Wife,White,Female,0,0,25,United-States,<=50K
41,Private,129673,HS-grad,9,Divorced,Sales,Unmarried,Black,Female,0,0,38,United-States,<=50K
28,Private,198183,Assoc-voc,11,Married-civ-spouse,Sales,Husband,White,Male,0,0,40,United-States,<=50K
35,Private,339482,HS-grad,9,Divorced,Craft-repair,Unmarried,White,Female,0,0,48,United-States,<=50K
46,Private,150057,Assoc-acdm,12,Married-civ-spouse,Craft-repair,Husband,White,Male,0,0,40,United-States,<=50K
55,Self-emp-inc,79662,HS-grad,9,Married-civ-spouse,Transport-moving,Husband,White,Male,0,0,60,United-States,<=50K
25,Private,210714,Bachelors,13,Never-married,Prof-specialty,Own-child,White,Female,0,0,40,United-States,<=50K
41,Private,462964,HS-grad,9,Divorced,Exec-managerial,Not-in-family,White,Male,2174,0,50,United-States,<=50K
61,Private,120939,Prof-school,15,Married-civ-spouse,Transport-moving,Husband,White,Male,0,0,5,United-States,>50K
22,Local-gov,211032,Some-college,10,Never-married,Adm-clerical,Own-child,Black,Female,0,0,40,United-States,<=50K
34,Self-emp-not-inc,45381,Bachelors,13,Married-civ-spouse,Exec-managerial,Husband,White,Male,15024,0,35,United-States,>50K
55,Private,127139,Some-college,10,Married-civ-spouse,Transport-moving,Husband,White,Male,0,0,60,United-States,<=50K
47,Private,151053,Prof-school,15,Married-civ-spouse,Exec-managerial,Husband,White,Male,7688,0,60,United-States,>50K
26,State-gov,294789,HS-grad,9,Married-civ-spouse,Protective-serv,Husband,White,Male,0,0,38,United-States,<=50K
27,Private,114967,Bachelors,13,Never-married,Sales,Own-child,White,Male,0,0,40,United-States,<=50K
36,Private,167615,Bachelors,13,Divorced,Adm-clerical,Not-in-family,White,Male,0,0,55,United-States,>50K
55,Local-gov,110490,Bachelors,13,Married-civ-spouse,Prof-specialty,Wife,White,Female,0,0,60,United-States,<=50K
26,State-gov,294400,HS-grad,9,Married-civ-spouse,Protective-serv,Husband,White,Male,0,0,38,United-States,<=50K
45,Self-emp-not-inc,184198,Bachelors,13,Divorced,Prof-specialty,Not-in-family,White,Male,0,0,45,United-States,<=50K
19,Private,247547,12th,8,Married-spouse-absent,Other-service,Own-child,Other,Female,0,0,20,United-States,<=50K
45,Private,247298,Assoc-voc,11,Married-civ-spouse,Prof-specialty,Husband,White,Male,0,1902,40,United-States,>50K
32,Private,186224,Bachelors,13,Never-married,Prof-specialty,Not-in-family,Black,Female,0,0,40,United-States,<=50K
50,State-gov,198183,Bachelors,13,Never-married,Exec-managerial,Not-in-family,White,Female,0,0,40,United-States,<=50K
25,Private,210714,Bachelors,13,Never-married,Prof-specialty,Own-child,White,Female,0,0,40,United-States,<=50K
42,Self-emp-inc,271544,Masters,14,Married-civ-spouse,Farming-fishing,Husband,White,Male,0,0,60,United-States,>50K
28,Self-emp-not-inc,180928,HS-grad,9,Never-married,Exec-managerial,Own-child,White,Male,0,0,40,United-States,<=50K
28,Federal-gov,366533,Some-college,10,Never-married,Adm-clerical,Not-in-family,White,Female,0,0,40,United-States,<=50K
66,Private,86010,10th,6,Widowed,Transport-moving,Not-in-family,White,Female,0,0,11,United-States,<=50K
29,Federal-gov,157614,Assoc-voc,11,Never-married,Prof-specialty,Not-in-family,White,Female,0,0,40,United-States,<=50K
25,Private,206600,9th,5,Never-married,Adm-clerical,Unmarried,White,Female,0,0,40,Mexico,<=50K
35,Private,354558,Some-college,10,Married-civ-spouse,Tech-support,Husband,White,Male,27828,0,55,Poland,<=50K
50,Private,410351,Prof-school,15,Married-civ-spouse,Exec-managerial,Husband,White,Male,15024,0,50,United-States,>50K
41,Private,130408,HS-grad,9,Divorced,Sales,Unmarried,Black,Female,0,0,38,United-States,<=50K
25,Private,227411,Some-college,10,Never-married,Craft-repair,Other-relative,Asian-Pac-Islander,Female,0,0,40,Cambodia,<=50K
32,Private,150499,HS-grad,9,Married-civ-spouse,Handlers-cleaners,Husband,White,Male,0,0,40,United-States,>50K
41,Private,353628,Some-college,10,Married-civ-spouse,Exec-managerial,Wife,White,Female,0,1902,40,United-States,>50K
26,Private,359985,Some-college,10,Married-civ-spouse,Sales,Husband,White,Male,0,0,50,?,<=50K
43,Self-emp-inc,31478,Some-college,10,Married-civ-spouse,Exec-managerial,Husband,White,Male,0,0,92,United-States,>50K
47,Self-emp-not-inc,117310,HS-grad,9,Never-married,Other-service,Not-in-family,White,Female,0,1876,48,United-States,<=50K
18,State-gov,306538,Some-college,10,Never-married,Adm-clerical,Own-child,White,Male,0,0,10,United-States,<=50K
44,Self-emp-inc,224953,Some-college,10,Married-civ-spouse,Exec-managerial,Husband,White,Male,0,0,60,United-States,<=50K
45,Private,114760,Masters,14,Divorced,Prof-specialty,Not-in-family,White,Female,0,2258,55,United-States,<=50K
51,Private,158615,HS-grad,9,Married-civ-spouse,Transport-moving,Husband,White,Male,0,0,84,United-States,>50K
21,State-gov,152811,Some-college,10,Never-married,Adm-clerical,Own-child,White,Female,0,0,30,United-States,<=50K
30,Private,143766,Bachelors,13,Married-civ-spouse,Prof-specialty,Husband,White,Male,0,0,40,United-States,>50K
56,Private,229431,HS-grad,9,Divorced,Adm-clerical,Not-in-family,White,Female,0,0,40,United-States,<=50K
80,Private,86010,Doctorate,16,Married-civ-spouse,Prof-specialty,Husband,White,Male,0,0,30,United-States,<=50K
41,Self-emp-not-inc,233891,Assoc-voc,11,Married-civ-spouse,Sales,Husband,White,Male,0,0,55,United-States,<=50K
46,Private,187158,HS-grad,9,Divorced,Adm-clerical,Not-in-family,White,Female,0,0,40,United-States,<=50K
77,Private,133728,7th-8th,4,Married-civ-spouse,Craft-repair,Husband,White,Male,0,0,40,United-States,<=50K
25,Self-emp-not-inc,209609,Bachelors,13,Never-married,Prof-specialty,Own-child,White,Male,0,0,30,United-States,<=50K
60,Private,119721,Some-college,10,Married-civ-spouse,Machine-op-inspct,Husband,White,Male,3103,0,40,United-States,>50K
62,Private,202053,HS-grad,9,Widowed,Craft-repair,Unmarried,Black,Female,0,0,40,United-States,<=50K
21,Private,126614,Some-college,10,Never-married,Other-service,Own-child,White,Female,0,0,40,United-States,<=50K
22,Private,171409,11th,7,Never-married,Craft-repair,Not-in-family,Amer-Indian-Eskimo,Male,0,0,40,United-States,<=50K
28,Local-gov,305474,Assoc-acdm,12,Never-married,Adm-clerical,Not-in-family,White,Female,0,1980,40,United-States,<=50K
18,Private,168524,10th,6,Never-married,Sales,Unmarried,White,Female,0,0,25,United-States,<=50K
26,Federal-gov,171409,Assoc-voc,11,Never-married,Craft-repair,Own-child,White,Male,0,0,50,Japan,<=50K
42,Private,41680,Some-college,10,Married-civ-spouse,Tech-support,Husband,White,Male,0,0,40,United-States,<=50K
37,Local-gov,74194,Assoc-voc,11,Married-civ-spouse,Exec-managerial,Husband,White,Male,0,0,45,United-States,<=50K
43,Private,203051,HS-grad,9,Married-civ-spouse,Transport-moving,Husband,White,Male,0,0,50,United-States,>50K
35,Private,152951,HS-grad,9,Divorced,Adm-clerical,Wife,White,Female,4064,0,36,United-States,<=50K
39,Private,245090,Bachelors,13,Married-civ-spouse,Prof-specialty,Husband,White,Male,0,0,50,United-States,>50K
33,State-gov,306309,Masters,14,Never-married,Prof-specialty,Not-in-family,White,Male,0,0,50,United-States,<=50K
62,Self-emp-not-inc,133728,12th,8,Married-civ-spouse,Craft-repair,Husband,White,Male,0,0,40,United-States,>50K
50,Private,337606,HS-grad,9,Married-civ-spouse,Machine-op-inspct,Husband,White,Male,0,1485,40,United-States,<=50K
20,?,34965,Some-college,10,Never-married,?,Own-child,Amer-Indian-Eskimo,Male,0,0,72,United-States,<=50K
34,Private,140790,Some-college,10,Married-civ-spouse,Other-service,Husband,White,Male,0,0,62,Mexico,<=50K
75,Self-emp-not-inc,106961,11th,7,Widowed,Sales,Not-in-family,White,Male,0,0,40,United-States,<=50K
58,Private,220783,Bachelors,13,Divorced,Transport-moving,Not-in-family,White,Male,0,0,45,United-States,<=50K
44,Private,374763,Masters,14,Married-civ-spouse,Exec-managerial,Husband,Black,Male,0,1902,40,United-States,>50K
41,Private,84817,Assoc-voc,11,Divorced,Prof-specialty,Unmarried,White,Female,3887,0,40,United-States,<=50K
71,Private,245053,7th-8th,4,Married-civ-spouse,Transport-moving,Husband,White,Male,6514,0,40,United-States,>50K
40,Private,216116,9th,5,Never-married,Machine-op-inspct,Unmarried,Black,Female,0,0,40,Haiti,<=50K
37,Private,44797,Assoc-acdm,12,Divorced,Exec-managerial,Not-in-family,White,Female,0,0,40,United-States,<=50K
22,Private,72887,Some-college,10,Never-married,Other-service,Own-child,Asian-Pac-Islander,Male,0,0,24,United-States,<=50K
45,Self-emp-inc,139466,HS-grad,9,Married-civ-spouse,Sales,Husband,White,Male,0,0,50,United-States,>50K
53,Private,288825,HS-grad,9,Divorced,Sales,Not-in-family,White,Female,0,0,60,England,<=50K
26,Private,37778,HS-grad,9,Never-married,Handlers-cleaners,Own-child,White,Male,0,0,52,United-States,<=50K
49,Private,116825,Bachelors,13,Married-civ-spouse,Sales,Husband,White,Male,0,0,60,United-States,<=50K
34,Private,145231,HS-grad,9,Married-civ-spouse,Adm-clerical,Wife,White,Female,4064,0,35,United-States,<=50K
36,Local-gov,251786,Prof-school,15,Divorced,Prof-specialty,Unmarried,White,Female,0,0,24,Germany,<=50K
47,Private,120939,HS-grad,9,Divorced,Adm-clerical,Not-in-family,White,Female,0,0,40,United-States,<=50K
59,?,371987,Bachelors,13,Married-civ-spouse,?,Husband,White,Male,0,0,40,United-States,>50K
58,Private,98630,Masters,14,Married-civ-spouse,Prof-specialty,Husband,White,Male,0,0,40,United-States,>50K
35,State-gov,28738,Bachelors,13,Never-married,Adm-clerical,Not-in-family,White,Female,4101,0,40,United-States,<=50K
54,Private,144608,Some-college,10,Married-civ-spouse,Sales,Wife,White,Female,0,0,40,United-States,>50K
65,Private,180060,Some-college,10,Married-civ-spouse,Exec-managerial,Wife,White,Female,0,0,40,United-States,<=50K
43,Private,199694,HS-grad,9,Separated,Adm-clerical,Unmarried,White,Female,0,0,20,United-States,<=50K
35,Private,102976,HS-grad,9,Divorced,Exec-managerial,Not-in-family,White,Male,0,0,50,United-States,<=50K
59,Self-emp-not-inc,114774,Some-college,10,Married-civ-spouse,Craft-repair,Husband,White,Male,0,0,20,United-States,>50K
30,Private,143538,Bachelors,13,Married-civ-spouse,Prof-specialty,Husband,White,Male,0,0,40,United-States,>50K
31,Private,199694,HS-grad,9,Divorced,Adm-clerical,Not-in-family,White,Female,0,0,40,Germany,<=50K
58,Private,98630,Masters,14,Married-civ-spouse,Prof-specialty,Husband,White,Male,0,0,40,United-States,>50K
39,Self-emp-inc,122742,Assoc-acdm,12,Married-civ-spouse,Exec-managerial,Husband,White,Male,15024,0,55,United-States,>50K
53,Private,250034,Bachelors,13,Married-civ-spouse,Exec-managerial,Husband,Black,Male,0,0,50,United-States,>50K
46,Private,140782,Assoc-acdm,12,Divorced,Prof-specialty,Not-in-family,White,Female,0,0,50,United-States,<=50K
30,Private,87418,Bachelors,13,Married-civ-spouse,Exec-managerial,Husband,White,Male,0,0,45,United-States,>50K
33,Private,287927,HS-grad,9,Divorced,Craft-repair,Not-in-family,White,Male,0,2258,84,United-States,<=50K
57,Private,42017,Some-college,10,Divorced,Tech-support,Not-in-family,Black,Female,0,0,40,United-States,<=50K
35,Private,54611,12th,8,Never-married,Sales,Not-in-family,Black,Female,0,0,40,United-States,<=50K
36,Private,130760,Some-college,10,Divorced,Exec-managerial,Not-in-family,White,Male,0,0,45,United-States,<=50K
69,Self-emp-inc,105520,HS-grad,9,Married-civ-spouse,Other-service,Husband,White,Male,0,0,40,United-States,>50K
34,Private,200471,HS-grad,9,Separated,Transport-moving,Own-child,White,Male,0,0,25,Columbia,<=50K
25,Private,359985,5th-6th,3,Never-married,Adm-clerical,Not-in-family,White,Female,0,0,33,Peru,<=50K
31,Private,44464,Bachelors,13,Never-married,Exec-managerial,Not-in-family,White,Female,0,1504,60,United-States,>50K
53,Private,28738,HS-grad,9,Divorced,Sales,Not-in-family,White,Female,0,0,60,England,<=50K
50,Private,129707,Bachelors,13,Divorced,Exec-managerial,Not-in-family,White,Female,0,0,50,United-States,>50K
52,Private,104501,Some-college,10,Married-civ-spouse,Prof-specialty,Husband,White,Male,0,0,40,Germany,>50K
38,Private,327406,Some-college,10,Married-civ-spouse,Exec-managerial,Husband,White,Male,0,0,45,United-States,<=50K
40,Private,122215,Assoc-acdm,12,Married-civ-spouse,Sales,Husband,White,Male,0,0,40,United-States,>50K
24,Private,127677,Some-college,10,Never-married,Adm-clerical,Own-child,White,Female,0,0,40,United-States,<=50K
21,Private,221955,HS-grad,9,Never-married,Machine-op-inspct,Unmarried,White,Male,0,0,40,Mexico,<=50K
32,Self-emp-not-inc,182926,Masters,14,Never-married,Prof-specialty,Not-in-family,White,Male,0,0,40,United-States,<=50K
44,Private,115411,Some-college,10,Divorced,Machine-op-inspct,Not-in-family,White,Male,0,0,40,United-States,<=50K
22,Private,199018,Some-college,10,Never-married,Sales,Own-child,White,Male,0,0,15,United-States,<=50K
47,Private,207973,Some-college,10,Married-civ-spouse,Craft-repair,Husband,White,Male,0,0,40,United-States,<=50K
38,Private,76317,Assoc-voc,11,Married-civ-spouse,Exec-managerial,Husband,White,Male,0,0,55,United-States,>50K
23,Private,51789,HS-grad,9,Never-married,Transport-moving,Not-in-family,White,Male,0,0,38,United-States,<=50K
38,Private,123095,HS-grad,9,Married-civ-spouse,Adm-clerical,Husband,Asian-Pac-Islander,Male,0,0,48,Trinadad&Tobago,<=50K
58,Self-emp-not-inc,193451,HS-grad,9,Divorced,Machine-op-inspct,Unmarried,White,Male,0,0,20,United-States,<=50K
47,Local-gov,140644,Some-college,10,Married-civ-spouse,Protective-serv,Husband,White,Male,0,0,40,United-States,>50K
63,?,232220,Masters,14,Married-civ-spouse,?,Husband,White,Male,0,0,30,United-States,<=50K
33,Private,137814,Prof-school,15,Married-civ-spouse,Prof-specialty,Husband,Asian-Pac-Islander,Male,0,0,35,Japan,<=50K
53,Self-emp-not-inc,168539,9th,5,Married-civ-spouse,Farming-fishing,Husband,White,Male,0,0,70,United-States,<=50K
23,Private,34965,HS-grad,9,Never-married,Sales,Not-in-family,White,Male,0,0,40,United-States,<=50K
45,Private,97176,11th,7,Divorced,Adm-clerical,Unmarried,White,Female,0,0,16,United-States,<=50K
50,Private,85815,Assoc-voc,11,Divorced,Prof-specialty,Not-in-family,Asian-Pac-Islander,Male,0,0,38,United-States,>50K
39,Private,67433,Assoc-voc,11,Never-married,Prof-specialty,Not-in-family,White,Female,4650,0,32,United-States,<=50K
27,Private,213226,Bachelors,13,Married-civ-spouse,Prof-specialty,Wife,White,Female,7298,0,45,England,>50K
37,Private,161155,HS-grad,9,Never-married,Handlers-cleaners,Not-in-family,White,Male,0,0,40,United-States,<=50K
73,Self-emp-not-inc,161290,HS-grad,9,Widowed,Craft-repair,Not-in-family,White,Male,0,0,24,United-States,<=50K
43,Private,136986,Some-college,10,Married-civ-spouse,Exec-managerial,Husband,White,Male,0,0,40,United-States,>50K
60,Self-emp-not-inc,205246,HS-grad,9,Never-married,Exec-managerial,Not-in-family,Black,Male,0,2559,50,United-States,>50K
38,Private,166517,HS-grad,9,Never-married,Exec-managerial,Own-child,White,Female,0,0,40,United-States,<=50K
32,Private,186256,Bachelors,13,Never-married,Prof-specialty,Not-in-family,Black,Female,0,0,40,United-States,<=50K
53,Private,177916,Bachelors,13,Married-civ-spouse,Adm-clerical,Husband,White,Male,7298,0,40,United-States,>50K
34,Private,175759,Bachelors,13,Married-civ-spouse,Exec-managerial,Husband,White,Male,3411,0,55,United-States,>50K
20,Private,335067,HS-grad,9,Never-married,Transport-moving,Own-child,White,Male,0,0,40,United-States,<=50K
35,Private,132887,Assoc-voc,11,Married-civ-spouse,Adm-clerical,Husband,White,Male,15024,0,40,Italy,>50K
27,Private,236861,Bachelors,13,Never-married,Other-service,Not-in-family,White,Female,0,0,30,United-States,<=50K
62,Self-emp-not-inc,134768,12th,8,Married-civ-spouse,Craft-repair,Husband,White,Male,0,0,40,United-States,>50K
54,Private,258849,HS-grad,9,Married-civ-spouse,Exec-managerial,Husband,White,Male,0,0,45,United-States,<=50K
43,Local-gov,231196,Masters,14,Married-civ-spouse,Exec-managerial,Husband,White,Male,0,1902,50,United-States,>50K
60,Self-emp-not-inc,166546,Some-college,10,Married-civ-spouse,Sales,Husband,White,Male,0,0,50,United-States,<=50K
45,Private,107231,Assoc-acdm,12,Married-civ-spouse,Craft-repair,Husband,White,Male,0,0,45,United-States,<=50K
30,Private,236769,HS-grad,9,Never-married,Exec-managerial,Not-in-family,White,Male,0,1876,45,United-States,<=50K
27,Private,213002,Bachelors,13,Married-civ-spouse,Prof-specialty,Wife,White,Female,7298,0,45,England,>50K
25,Private,247162,Bachelors,13,Never-married,Sales,Not-in-family,White,Male,3325,0,48,United-States,<=50K
20,Private,229414,HS-grad,9,Never-married,Machine-op-inspct,Own-child,White,Female,0,0,30,United-States,<=50K
17,Private,245317,11th,7,Never-married,Other-service,Own-child,White,Male,0,0,12,United-States,<=50K
20,Private,33551,5th-6th,3,Married-civ-spouse,Craft-repair,Husband,White,Male,0,0,40,Mexico,<=50K
44,Private,111483,HS-grad,9,Never-married,Adm-clerical,Own-child,White,Male,0,1504,50,United-States,<=50K
29,State-gov,380674,Bachelors,13,Never-married,Craft-repair,Not-in-family,White,Male,0,0,40,United-States,<=50K
50,Private,462964,Bachelors,13,Married-spouse-absent,Sales,Not-in-family,White,Female,0,0,20,Germany,<=50K
24,Private,403671,HS-grad,9,Married-civ-spouse,Craft-repair,Husband,White,Male,0,0,60,United-States,<=50K
25,Local-gov,198660,Bachelors,13,Never-married,Adm-clerical,Other-relative,Black,Female,0,0,40,United-States,<=50K
42,Private,329924,HS-grad,9,Divorced,Machine-op-inspct,Not-in-family,White,Male,0,0,40,United-States,<=50K
54,Private,216256,Masters,14,Married-civ-spouse,Exec-managerial,Husband,White,Male,0,1887,44,United-States,>50K
36,Private,172571,9th,5,Married-civ-spouse,Handlers-cleaners,Husband,White,Male,0,0,40,United-States,<=50K
24,Private,85041,HS-grad,9,Separated,Other-service,Unmarried,White,Female,0,0,25,United-States,<=50K
44,Private,173682,Some-college,10,Married-civ-spouse,Transport-moving,Husband,White,Male,0,0,40,United-States,<=50K
40,Private,65866,Some-college,10,Divorced,Tech-support,Unmarried,White,Female,0,213,40,United-States,<=50K
55,Private,132879,HS-grad,9,Married-civ-spouse,Transport-moving,Husband,Black,Male,3411,0,40,Jamaica,<=50K
34,Private,202956,Bachelors,13,Married-civ-spouse,Adm-clerical,Husband,White,Male,0,0,27,United-States,<=50K
36,Private,172571,9th,5,Married-civ-spouse,Handlers-cleaners,Husband,White,Male,0,0,40,United-States,<=50K
58,Private,226894,HS-grad,9,Separated,Other-service,Not-in-family,White,Female,2907,0,43,United-States,<=50K
35,Private,172571,HS-grad,9,Married-civ-spouse,Machine-op-inspct,Husband,Black,Male,0,0,40,United-States,<=50K
45,Private,138626,Assoc-voc,11,Divorced,Exec-managerial,Not-in-family,White,Male,2174,0,50,United-States,<=50K
32,Private,206139,HS-grad,9,Never-married,Other-service,Not-in-family,Black,Female,0,0,40,United-States,<=50K
25,Private,235307,Bachelors,13,Never-married,Exec-managerial,Own-child,White,Female,0,0,40,United-States,<=50K
28,Local-gov,134854,Bachelors,13,Never-married,Adm-clerical,Not-in-family,Black,Female,4101,0,60,United-States,<=50K
19,Self-emp-not-inc,340763,11th,7,Married-civ-spouse,Craft-repair,Own-child,White,Male,0,2129,55,United-States,<=50K
32,Private,193285,HS-grad,9,Never-married,Craft-repair,Own-child,White,Male,0,0,40,United-States,<=50K
20,Private,173095,Some-college,10,Never-married,Sales,Own-child,White,Female,0,0,4,United-States,<=50K
41,Private,290660,HS-grad,9,Widowed,Machine-op-inspct,Not-in-family,White,Female,0,0,40,United-States,<=50K
46,Private,188195,HS-grad,9,Divorced,Adm-clerical,Not-in-family,White,Female,0,0,40,United-States,<=50K
55,Private,327406,Some-college,10,Divorced,Sales,Not-in-family,White,Male,0,0,65,United-States,>50K
28,Private,252013,Some-college,10,Never-married,Adm-clerical,Unmarried,White,Female,0,0,45,Japan,<=50K
20,Private,184779,Some-college,10,Never-married,Tech-support,Own-child,White,Female,0,0,20,United-States,<=50K
24,Federal-gov,42251,Bachelors,13,Never-married,Prof-specialty,Not-in-family,White,Female,0,0,30,United-States,<=50K
29,?,192203,HS-grad,9,Never-married,?,Not-in-family,White,Male,0,0,40,United-States,<=50K
51,Private,223020,HS-grad,9,Married-civ-spouse,Machine-op-inspct,Husband,White,Male,0,0,40,United-States,>50K
35,Private,189703,Some-college,10,Divorced,Other-service,Unmarried,Black,Female,0,0,40,United-States,<=50K
29,?,192302,HS-grad,9,Never-married,?,Not-in-family,White,Male,0,0,40,United-States,<=50K
30,Private,54929,HS-grad,9,Married-civ-spouse,Sales,Husband,White,Male,0,0,55,United-States,<=50K
51,Private,193451,HS-grad,9,Married-civ-spouse,Protective-serv,Husband,White,Male,0,0,40,United-States,<=50K
53,Private,28738,HS-grad,9,Divorced,Sales,Not-in-family,White,Female,0,0,60,England,<=50K
23,Private,37650,Bachelors,13,Never-married,Adm-clerical,Not-in-family,White,Male,0,0,40,United-States,<=50K
43,Private,198953,HS-grad,9,Separated,Adm-clerical,Unmarried,White,Female,0,0,20,United-States,<=50K
50,Private,127918,5th-6th,3,Married-civ-spouse,Handlers-cleaners,Husband,White,Male,0,0,55,?,<=50K
30,Private,136951,5th-6th,3,Married-civ-spouse,Craft-repair,Husband,White,Male,0,0,40,Mexico,<=50K
23,Private,179991,Assoc-voc,11,Never-married,Adm-clerical,Own-child,White,Female,0,0,40,United-States,<=50K
29,State-gov,380674,Bachelors,13,Never-married,Craft-repair,Not-in-family,White,Male,0,0,40,United-States,<=50K
66,?,182268,7th-8th,4,Married-civ-spouse,?,Husband,White,Male,0,0,30,United-States,<=50K
52,Private,293726,HS-grad,9,Married-civ-spouse,Adm-clerical,Husband,White,Male,0,0,40,United-States,<=50K
43,Private,397963,HS-grad,9,Divorced,Handlers-cleaners,Not-in-family,White,Male,594,0,16,United-States,<=50K
24,Private,141570,10th,6,Never-married,Machine-op-inspct,Not-in-family,White,Male,0,0,45,United-States,<=50K
38,Private,143574,HS-grad,9,Never-married,Machine-op-inspct,Not-in-family,White,Female,0,0,40,United-States,<=50K
63,Private,102412,HS-grad,9,Divorced,Sales,Not-in-family,White,Female,0,0,40,United-States,<=50K
62,Private,272209,HS-grad,9,Divorced,Priv-house-serv,Unmarried,Black,Female,0,0,99,United-States,<=50K
29,Local-gov,270379,HS-grad,9,Never-married,Other-service,Unmarried,Black,Female,0,0,40,United-States,<=50K
44,Self-emp-not-inc,137126,Some-college,10,Married-civ-spouse,Sales,Husband,White,Male,0,0,25,United-States,<=50K
30,Private,145139,HS-grad,9,Never-married,Craft-repair,Not-in-family,White,Male,0,0,45,United-States,<=50K
29,State-gov,245090,Some-college,10,Never-married,Prof-specialty,Not-in-family,White,Male,0,0,35,United-States,<=50K
28,Private,30759,Some-college,10,Never-married,Adm-clerical,Unmarried,Black,Female,0,0,40,United-States,<=50K
35,Private,340428,Assoc-acdm,12,Never-married,Adm-clerical,Not-in-family,White,Female,0,0,35,United-States,<=50K
48,Private,154874,Bachelors,13,Married-civ-spouse,Sales,Husband,White,Male,0,0,45,United-States,>50K
45,Private,271544,HS-grad,9,Married-civ-spouse,Craft-repair,Husband,White,Male,0,0,40,United-States,<=50K
45,Private,114774,Masters,14,Divorced,Prof-specialty,Not-in-family,White,Female,0,2258,55,United-States,<=50K
56,Private,132996,HS-grad,9,Married-civ-spouse,Transport-moving,Husband,White,Male,0,0,50,United-States,<=50K
26,Private,343447,Some-college,10,Divorced,Adm-clerical,Not-in-family,White,Female,0,0,40,United-States,<=50K
31,Self-emp-not-inc,113364,HS-grad,9,Divorced,Craft-repair,Not-in-family,White,Male,0,0,60,United-States,<=50K
35,State-gov,287372,Bachelors,13,Never-married,Adm-clerical,Not-in-family,White,Female,4101,0,40,United-States,<=50K
31,Federal-gov,351141,HS-grad,9,Married-civ-spouse,Tech-support,Husband,White,Male,0,0,40,United-States,<=50K
33,Private,460322,HS-grad,9,Married-civ-spouse,Sales,Husband,White,Male,0,0,40,United-States,>50K
41,Private,149040,Bachelors,13,Married-civ-spouse,Exec-managerial,Husband,White,Male,0,0,60,United-States,>50K
19,Private,449257,Some-college,10,Never-married,Farming-fishing,Not-in-family,White,Female,0,0,15,United-States,<=50K
66,?,182540,7th-8th,4,Married-civ-spouse,?,Husband,White,Male,0,0,30,United-States,<=50K
45,Private,247162,Assoc-voc,11,Married-civ-spouse,Prof-specialty,Husband,White,Male,0,1902,40,United-States,>50K
31,Local-gov,263970,Bachelors,13,Never-married,Protective-serv,Not-in-family,White,Male,4650,0,40,United-States,<=50K
54,Private,185407,Some-college,10,Married-civ-spouse,Farming-fishing,Husband,White,Male,0,0,40,United-States,<=50K
80,Private,86111,Doctorate,16,Married-civ-spouse,Prof-specialty,Husband,White,Male,0,0,30,United-States,<=50K
35,Private,339482,HS-grad,9,Divorced,Craft-repair,Unmarried,White,Female,0,0,48,United-States,<=50K
47,Self-emp-not-inc,85982,Masters,14,Never-married,Prof-specialty,Not-in-family,Amer-Indian-Eskimo,Female,0,0,60,United-States,<=50K
50,Self-emp-inc,235307,Assoc-acdm,12,Married-civ-spouse,Prof-specialty,Husband,White,Male,0,0,48,United-States,>50K
58,Private,136986,Bachelors,13,Married-civ-spouse,Adm-clerical,Husband,Asian-Pac-Islander,Male,0,0,40,Philippines,<=50K
41,Local-gov,235218,Prof-school,15,Married-civ-spouse,Prof-specialty,Husband,White,Male,0,0,50,United-States,>50K
19,Self-emp-not-inc,34066,11th,7,Married-civ-spouse,Craft-repair,Own-child,White,Male,0,2129,55,United-States,<=50K
37,Private,218490,Masters,14,Married-civ-spouse,Exec-managerial,Husband,White,Male,0,0,55,El-Salvador,>50K
51,Private,248588,Bachelors,13,Married-civ-spouse,Exec-managerial,Husband,White,Male,0,0,55,United-States,>50K
29,Federal-gov,157313,Assoc-voc,11,Never-married,Prof-specialty,Not-in-family,White,Female,0,0,40,United-States,<=50K
32,Private,205246,HS-grad,9,Never-married,Other-service,Not-in-family,Black,Female,0,0,40,United-States,<=50K
20,?,348092,Some-college,10,Never-married,?,Own-child,Amer-Indian-Eskimo,Male,0,0,72,United-States,<=50K
32,Self-emp-not-inc,183404,Masters,14,Never-married,Prof-specialty,Not-in-family,White,Male,0,0,40,United-States,<=50K
61,Private,224953,Bachelors,13,Married-civ-spouse,Exec-managerial,Wife,White,Female,0,0,30,United-States,>50K
54,Self-emp-not-inc,362787,7th-8th,4,Married-civ-spouse,Machine-op-inspct,Husband,White,Male,0,0,50,United-States,<=50K
26,Private,376540,Some-college,10,Divorced,Prof-specialty,Not-in-family,White,Female,5060,0,40,United-States,<=50K
27,Private,82242,Bachelors,13,Never-married,Exec-managerial,Other-relative,White,Male,0,0,45,Germany,<=50K
50,?,87263,HS-grad,9,Married-civ-spouse,?,Husband,White,Male,0,0,55,United-States,>50K
44,Self-emp-inc,219086,HS-grad,9,Married-civ-spouse,Other-service,Husband,Black,Male,0,0,48,United-States,<=50K
38,Private,187158,Bachelors,13,Married-civ-spouse,Prof-specialty,Husband,White,Male,0,0,50,United-States,<=50K
41,Private,119684,HS-grad,9,Married-civ-spouse,Tech-support,Husband,White,Male,0,0,40,United-States,<=50K
34,Private,110622,Masters,14,Divorced,Exec-managerial,Other-relative,Asian-Pac-Islander,Female,0,0,40,South,<=50K
50,Private,267408,HS-grad,9,Married-civ-spouse,Transport-moving,Husband,White,Male,7298,0,40,United-States,>50K
30,Private,362787,Some-college,10,Married-civ-spouse,Exec-managerial,Husband,White,Male,0,0,50,United-States,<=50K
82,Self-emp-not-inc,181557,HS-grad,9,Divorced,Exec-managerial,Not-in-family,White,Male,0,0,12,United-States,<=50K
31,Private,195946,HS-grad,9,Married-civ-spouse,Sales,Husband,White,Male,0,0,50,United-States,>50K
28,Federal-gov,366425,Some-college,10,Never-married,Adm-clerical,Not-in-family,White,Female,0,0,40,United-States,<=50K
51,State-gov,70034,7th-8th,4,Married-civ-spouse,Transport-moving,Husband,White,Male,0,0,40,United-States,<=50K
63,?,231777,Masters,14,Married-civ-spouse,?,Husband,White,Male,0,0,30,United-States,<=50K
46,Private,189240,Some-college,10,Married-civ-spouse,Machine-op-inspct,Husband,White,Male,0,0,50,United-States,>50K
35,Private,248588,HS-grad,9,Separated,Prof-specialty,Other-relative,Black,Female,0,0,40,United-States,<=50K
54,Private,256916,HS-grad,9,Married-civ-spouse,Exec-managerial,Husband,White,Male,0,0,45,United-States,<=50K
29,Private,37088,Some-college,10,Married-civ-spouse,Craft-repair,Husband,White,Male,0,0,40,United-States,<=50K
23,Private,348092,HS-grad,9,Never-married,Transport-moving,Own-child,Black,Male,0,0,40,Haiti,<=50K
32,Private,210498,HS-grad,9,Married-civ-spouse,Machine-op-inspct,Husband,White,Male,0,0,40,United-States,<=50K
87,Private,143766,HS-grad,9,Married-spouse-absent,Sales,Not-in-family,White,Male,0,0,16,United-States,<=50K
31,Private,119099,Some-college,10,Divorced,Other-service,Own-child,White,Female,0,0,20,United-States,<=50K
29,Private,57758,Bachelors,13,Married-civ-spouse,Sales,Husband,White,Male,0,0,41,United-States,<=50K
22,Private,52262,Some-college,10,Never-married,Other-service,Not-in-family,White,Male,0,0,40,United-States,<=50K
21,Self-emp-not-inc,235951,7th-8th,4,Never-married,Craft-repair,Not-in-family,White,Male,0,0,40,United-States,<=50K
36,Private,224699,HS-grad,9,Married-civ-spouse,Craft-repair,Husband,White,Male,7298,0,40,United-States,>50K
45,Self-emp-not-inc,305474,10th,6,Married-civ-spouse,Craft-repair,Husband,Black,Male,0,0,40,Haiti,<=50K
69,Private,228608,Bachelors,13,Widowed,Prof-specialty,Not-in-family,White,Male,0,2282,40,United-States,>50K
51,Private,237713,HS-grad,9,Married-civ-spouse,Handlers-cleaners,Husband,White,Male,0,1902,42,United-States,>50K
35,Private,82552,Assoc-acdm,12,Married-civ-spouse,Tech-support,Husband,White,Male,0,0,40,United-States,<=50K
41,Private,293073,HS-grad,9,Widowed,Machine-op-inspct,Not-in-family,White,Female,0,0,40,United-States,<=50K
24,Private,142030,10th,6,Never-married,Machine-op-inspct,Not-in-family,White,Male,0,0,45,United-States,<=50K
34,Self-emp-not-inc,34862,Some-college,10,Married-civ-spouse,Craft-repair,Husband,White,Male,0,0,40,United-States,<=50K
47,Private,140136,5th-6th,3,Never-married,Machine-op-inspct,Unmarried,White,Female,0,0,40,Dominican-Republic,<=50K
28,Private,427744,Some-college,10,Never-married,Adm-clerical,Own-child,Black,Male,0,0,40,United-States,<=50K
45,Private,178551,Assoc-voc,11,Divorced,Handlers-cleaners,Not-in-family,White,Female,0,0,40,United-States,<=50K
50,?,87263,HS-grad,9,Married-civ-spouse,?,Husband,White,Male,0,0,55,United-States,>50K
47,Private,279129,10th,6,Married-civ-spouse,Craft-repair,Husband,White,Male,0,0,35,United-States,<=50K
48,Private,156926,Bachelors,13,Married-civ-spouse,Sales,Husband,White,Male,0,0,45,United-States,>50K
24,Federal-gov,42251,Bachelors,13,Never-married,Prof-specialty,Not-in-family,White,Female,0,0,30,United-States,<=50K
35,Private,215039,Some-college,10,Divorced,Adm-clerical,Not-in-family,White,Female,0,0,45,United-States,<=50K
41,Private,43702,Bachelors,13,Married-civ-spouse,Transport-moving,Husband,White,Male,0,0,48,Canada,>50K
42,Private,340428,Doctorate,16,Never-married,Prof-specialty,Not-in-family,White,Male,0,0,50,United-States,<=50K
52,Private,145409,Some-college,10,Married-civ-spouse,Transport-moving,Husband,White,Male,15024,0,60,Canada,>50K
40,Private,213019,HS-grad,9,Divorced,Sales,Unmarried,White,Female,0,0,30,United-States,<=50K
45,Private,170070,Some-college,10,Divorced,Craft-repair,Not-in-family,White,Male,0,0,40,United-States,<=50K
36,Private,214378,HS-grad,9,Divorced,Prof-specialty,Own-child,White,Female,0,0,40,United-States,>50K
51,Private,45599,HS-grad,9,Divorced,Prof-specialty,Not-in-family,White,Male,0,0,40,United-States,<=50K
57,Private,204751,Some-college,10,Married-civ-spouse,Craft-repair,Husband,White,Male,0,0,40,United-States,>50K
28,Private,161155,Some-college,10,Never-married,Craft-repair,Unmarried,White,Male,0,0,48,United-States,<=50K
37,Private,218490,Masters,14,Married-civ-spouse,Exec-managerial,Husband,White,Male,0,0,55,El-Salvador,>50K
29,Private,293726,Prof-school,15,Married-civ-spouse,Prof-specialty,Husband,White,Male,7298,0,48,United-States,>50K
24,Private,272792,HS-grad,9,Married-civ-spouse,Machine-op-inspct,Husband,White,Male,0,0,50,United-States,<=50K
20,?,356838,Some-college,10,Never-married,?,Own-child,White,Female,0,0,35,United-States,<=50K
47,Private,150993,HS-grad,9,Married-civ-spouse,Craft-repair,Husband,White,Male,0,0,40,United-States,>50K
22,Private,286853,Bachelors,13,Never-married,Exec-managerial,Own-child,White,Male,0,0,45,United-States,<=50K
30,Private,136610,5th-6th,3,Married-civ-spouse,Craft-repair,Husband,White,Male,0,0,40,Mexico,<=50K
31,Private,119099,Some-college,10,Divorced,Other-service,Own-child,White,Female,0,0,20,United-States,<=50K
39,Private,97136,HS-grad,9,Never-married,Machine-op-inspct,Unmarried,Black,Female,0,0,40,United-States,<=50K
36,Private,150057,HS-grad,9,Never-married,Adm-clerical,Own-child,White,Female,0,0,40,United-States,<=50K
37,Self-emp-not-inc,151141,11th,7,Married-civ-spouse,Transport-moving,Husband,White,Male,0,0,45,United-States,<=50K
27,Private,169853,Bachelors,13,Married-civ-spouse,Exec-managerial,Husband,White,Male,0,0,40,United-States,<=50K
57,Self-emp-not-inc,221955,Some-college,10,Married-civ-spouse,Exec-managerial,Wife,White,Female,0,0,60,United-States,<=50K
32,Private,396745,Bachelors,13,Married-civ-spouse,Prof-specialty,Husband,White,Male,0,2415,48,United-States,>50K
46,State-gov,102628,Masters,14,Widowed,Protective-serv,Unmarried,White,Male,0,0,40,United-States,<=50K
41,Private,288825,Bachelors,13,Married-civ-spouse,Craft-repair,Husband,White,Male,7688,0,55,United-States,>50K
18,?,91670,Some-college,10,Never-married,?,Own-child,Asian-Pac-Islander,Female,0,0,40,United-States,<=50K
31,Private,85374,HS-grad,9,Never-married,Other-service,Not-in-family,White,Male,0,0,42,United-States,<=50K
53,Private,450141,HS-grad,9,Married-civ-spouse,Farming-fishing,Husband,White,Male,0,0,40,United-States,<=50K
47,Private,188293,Some-college,10,Married-civ-spouse,Prof-specialty,Husband,White,Male,0,0,40,United-States,<=50K
55,?,227178,Assoc-acdm,12,Married-spouse-absent,?,Not-in-family,White,Female,0,0,49,United-States,<=50K
41,Private,84817,Assoc-voc,11,Divorced,Prof-specialty,Unmarried,White,Female,3887,0,40,United-States,<=50K
35,Private,175006,HS-grad,9,Divorced,Handlers-cleaners,Other-relative,White,Male,0,0,40,United-States,<=50K
35,Private,340335,HS-grad,9,Divorced,Craft-repair,Unmarried,White,Female,0,0,48,United-States,<=50K
73,Private,294789,HS-grad,9,Widowed,Other-service,Other-relative,White,Female,0,0,12,United-States,<=50K
36,Private,225399,HS-grad,9,Married-civ-spouse,Craft-repair,Husband,White,Male,7298,0,40,United-States,>50K
21,Private,221915,HS-grad,9,Never-married,Other-service,Own-child,Black,Female,0,0,30,United-States,<=50K
35,Private,209464,HS-grad,9,Married-civ-spouse,Transport-moving,Husband,White,Male,0,0,60,United-States,<=50K
23,?,164938,Assoc-acdm,12,Never-married,?,Own-child,White,Male,0,0,40,United-States,<=50K
48,Private,85341,HS-grad,9,Married-civ-spouse,Craft-repair,Husband,White,Male,0,0,40,United-States,<=50K
35,Private,209808,HS-grad,9,Married-civ-spouse,Transport-moving,Husband,White,Male,0,0,60,United-States,<=50K
35,Private,175262,HS-grad,9,Divorced,Handlers-cleaners,Other-relative,White,Male,0,0,40,United-States,<=50K
22,Private,145409,HS-grad,9,Never-married,Handlers-cleaners,Own-child,Amer-Indian-Eskimo,Male,0,0,40,United-States,<=50K
19,?,385540,Some-college,10,Never-married,?,Own-child,White,Male,0,0,22,United-States,<=50K
43,Private,271282,HS-grad,9,Separated,Other-service,Not-in-family,White,Female,0,0,26,United-States,<=50K
40,Private,214275,HS-grad,9,Divorced,Sales,Unmarried,White,Female,0,0,30,United-States,<=50K
46,Private,366425,Prof-school,15,Married-civ-spouse,Prof-specialty,Husband,White,Male,99999,0,60,United-States,>50K
39,Private,138626,Bachelors,13,Married-civ-spouse,Craft-repair,Husband,White,Male,0,0,40,United-States,<=50K
41,State-gov,176486,HS-grad,9,Married-civ-spouse,Adm-clerical,Wife,White,Female,0,0,40,United-States,<=50K
47,Local-gov,287480,Masters,14,Married-civ-spouse,Prof-specialty,Husband,White,Male,0,0,40,United-States,<=50K
26,Private,205246,Some-college,10,Married-civ-spouse,Sales,Husband,White,Male,0,0,45,United-States,<=50K
62,Private,244522,Doctorate,16,Married-civ-spouse,Prof-specialty,Husband,White,Male,15024,0,50,United-States,>50K
59,Self-emp-not-inc,114760,Some-college,10,Married-civ-spouse,Craft-repair,Husband,White,Male,0,0,20,United-States,>50K
33,Private,168997,HS-grad,9,Married-civ-spouse,Other-service,Husband,Asian-Pac-Islander,Male,0,0,40,China,<=50K
54,Private,208872,Some-college,10,Divorced,Adm-clerical,Unmarried,White,Female,0,0,40,United-States,<=50K
26,Self-emp-inc,189240,Bachelors,13,Married-civ-spouse,Sales,Husband,White,Male,0,0,80,United-States,>50K
41,Private,30771,7th-8th,4,Married-civ-spouse,Exec-managerial,Husband,White,Male,0,0,60,United-States,<=50K
39,Private,97136,HS-grad,9,Never-married,Machine-op-inspct,Unmarried,Black,Female,0,0,40,United-States,<=50K
45,Private,170099,Some-college,10,Divorced,Craft-repair,Not-in-family,White,Male,0,0,40,United-States,<=50K
69,Self-emp-inc,106395,HS-grad,9,Married-civ-spouse,Other-service,Husband,White,Male,0,0,40,United-States,>50K
38,Private,123031,HS-grad,9,Married-civ-spouse,Adm-clerical,Husband,Asian-Pac-Islander,Male,0,0,48,Trinadad&Tobago,<=50K
51,Private,158948,HS-grad,9,Married-civ-spouse,Transport-moving,Husband,White,Male,0,0,84,United-States,>50K
37,Local-gov,116825,HS-grad,9,Married-civ-spouse,Craft-repair,Husband,White,Male,0,0,40,United-States,<=50K
58,Private,65325,10th,6,Married-civ-spouse,Transport-moving,Husband,White,Male,0,0,40,United-States,>50K
29,Private,372020,Some-college,10,Married-civ-spouse,Craft-repair,Husband,White,Male,0,0,40,United-States,<=50K
62,Private,244522,Doctorate,16,Married-civ-spouse,Prof-specialty,Husband,White,Male,15024,0,50,United-States,>50K
31,Private,200401,HS-grad,9,Divorced,Adm-clerical,Not-in-family,White,Female,0,0,40,Germany,<=50K
32,Private,184198,Bachelors,13,Married-civ-spouse,Craft-repair,Husband,White,Male,0,0,55,United-States,>50K
25,Private,201554,Some-college,10,Never-married,Other-service,Unmarried,Black,Female,0,0,40,United-States,<=50K
42,Private,32981,HS-grad,9,Divorced,Machine-op-inspct,Not-in-family,White,Male,0,0,40,United-States,<=50K
30,Private,249449,12th,8,Divorced,Other-service,Not-in-family,White,Female,0,0,40,United-States,<=50K
40,Private,109800,HS-grad,9,Married-civ-spouse,Handlers-cleaners,Husband,Black,Male,0,0,40,United-States,<=50K
72,Private,131298,Some-college,10,Widowed,Adm-clerical,Not-in-family,White,Female,0,0,6,United-States,<=50K
43,Self-emp-not-inc,160369,Some-college,10,Never-married,Sales,Not-in-family,White,Male,0,0,65,United-States,<=50K
57,Private,127677,Bachelors,13,Married-civ-spouse,Exec-managerial,Husband,White,Male,15024,0,50,United-States,>50K
34,Private,154874,Assoc-voc,11,Married-civ-spouse,Sales,Husband,White,Male,0,0,40,United-States,<=50K
41,Local-gov,235691,Prof-school,15,Married-civ-spouse,Prof-specialty,Husband,White,Male,0,0,50,United-States,>50K
37,Private,340599,11th,7,Separated,Other-service,Unmarried,Black,Female,0,0,40,United-States,<=50K
26,Private,214413,11th,7,Never-married,Machine-op-inspct,Unmarried,White,Male,6497,0,48,United-States,<=50K
43,Private,194891,HS-grad,9,Married-civ-spouse,Adm-clerical,Husband,White,Male,0,0,40,United-States,>50K
39,Local-gov,113253,Bachelors,13,Married-civ-spouse,Prof-specialty,Wife,White,Female,0,0,50,United-States,>50K
46,Local-gov,110110,Masters,14,Married-civ-spouse,Prof-specialty,Wife,White,Female,0,0,65,United-States,>50K
44,Private,111483,HS-grad,9,Never-married,Adm-clerical,Own-child,White,Male,0,1504,50,United-States,<=50K
42,Private,188798,Bachelors,13,Married-civ-spouse,Prof-specialty,Husband,White,Male,0,0,40,United-States,<=50K
46,Private,37088,Prof-school,15,Married-civ-spouse,Prof-specialty,Husband,White,Male,99999,0,60,United-States,>50K
22,Private,200192,Some-college,10,Never-married,Sales,Own-child,White,Male,0,0,15,United-States,<=50K
47,Private,139466,5th-6th,3,Never-married,Machine-op-inspct,Unmarried,White,Female,0,0,40,Dominican-Republic,<=50K
37,Private,147236,HS-grad,9,Never-married,Adm-clerical,Own-child,White,Female,0,0,40,United-States,<=50K
35,Private,189703,Bachelors,13,Never-married,Sales,Not-in-family,White,Male,0,0,40,United-States,>50K
18,Private,42251,HS-grad,9,Never-married,Other-service,Not-in-family,White,Male,0,0,20,United-States,<=50K
61,Private,224699,Bachelors,13,Married-civ-spouse,Exec-managerial,Wife,White,Female,0,0,30,United-States,>50K
22,Private,88050,Assoc-acdm,12,Married-civ-spouse,Exec-managerial,Husband,Asian-Pac-Islander,Male,0,0,6,United-States,<=50K
18,Private,51838,Some-college,10,Never-married,Other-service,Own-child,White,Male,0,0,8,United-States,<=50K
28,Private,25249,Some-college,10,Never-married,Adm-clerical,Unmarried,White,Female,0,0,45,Japan,<=50K
43,Private,246463,Assoc-acdm,12,Never-married,Sales,Own-child,White,Male,0,0,40,United-States,<=50K
62,Private,244688,Doctorate,2,Married-civ-spouse,Prof-specialty,Husband,White,Male,15024,0,50,United-States,>50K
59,Private,52888,Some-college,10,Married-civ-spouse,Craft-repair,Husband,White,Male,0,1887,55,United-States,>50K
34,Private,215419,Some-college,10,Never-married,Exec-managerial,Not-in-family,White,Male,0,0,45,United-States,<=50K
18,Private,136651,Some-college,10,Never-married,Adm-clerical,Own-child,White,Male,0,0,40,United-States,<=50K
45,Private,246891,Assoc-voc,11,Married-civ-spouse,Prof-specialty,Husband,White,Male,0,1902,40,United-States,>50K
29,Private,44780,Assoc-acdm,12,Married-civ-spouse,Exec-managerial,Wife,White,Female,0,0,50,United-States,<=50K
35,Private,170086,Some-college,10,Married-civ-spouse,Tech-support,Husband,White,Male,0,0,40,United-States,>50K
33,Self-emp-not-inc,183778,Assoc-acdm,12,Divorced,Sales,Not-in-family,White,Male,0,0,40,United-States,<=50K
25,Private,254148,Some-college,10,Never-married,Adm-clerical,Not-in-family,White,Female,0,0,40,United-States,<=50K
79,Private,187322,HS-grad,9,Married-civ-spouse,Prof-specialty,Husband,White,Male,0,0,7,United-States,<=50K
35,Private,215047,Some-college,10,Divorced,Adm-clerical,Not-in-family,White,Female,0,0,45,United-States,<=50K
34,Private,235951,HS-grad,9,Never-married,Machine-op-inspct,Unmarried,White,Male,0,0,40,United-States,<=50K
42,Private,33619,Some-college,10,Divorced,Adm-clerical,Not-in-family,Black,Female,0,0,40,United-States,<=50K
45,Private,170086,Some-college,10,Divorced,Other-service,Not-in-family,White,Female,0,0,50,United-States,<=50K
18,Private,280567,5th-6th,3,Never-married,Handlers-cleaners,Other-relative,White,Male,0,0,30,Honduras,<=50K
51,Private,54611,HS-grad,9,Married-civ-spouse,Craft-repair,Husband,White,Male,0,0,40,United-States,<=50K
70,Private,174102,HS-grad,9,Married-civ-spouse,Sales,Husband,White,Male,0,0,40,United-States,<=50K
24,Private,373606,11th,7,Separated,Craft-repair,Not-in-family,White,Male,0,0,40,Mexico,<=50K
46,Private,371987,Prof-school,15,Married-civ-spouse,Prof-specialty,Husband,White,Male,99999,0,60,United-States,>50K
37,Local-gov,222615,Assoc-voc,11,Never-married,Other-service,Unmarried,Black,Female,0,0,32,United-States,<=50K
58,Private,65038,10th,6,Married-civ-spouse,Transport-moving,Husband,White,Male,0,0,40,United-States,>50K
36,Private,51985,Some-college,10,Divorced,Adm-clerical,Unmarried,White,Female,0,0,40,United-States,<=50K
33,Private,356838,Bachelors,13,Never-married,Adm-clerical,Own-child,White,Female,0,0,10,United-States,<=50K
28,Private,211032,HS-grad,9,Married-civ-spouse,Machine-op-inspct,Husband,White,Male,2580,0,40,United-States,<=50K
56,Private,182460,Bachelors,13,Divorced,Exec-managerial,Not-in-family,White,Male,0,0,40,United-States,<=50K
38,Private,682947,Bachelors,13,Divorced,Exec-managerial,Not-in-family,White,Male,0,0,55,United-States,>50K
21,Private,64112,HS-grad,9,Never-married,Machine-op-inspct,Own-child,White,Male,0,0,40,United-States,<=50K
29,State-gov,245310,Some-college,10,Never-married,Prof-specialty,Not-in-family,White,Male,0,0,35,United-States,<=50K
17,Private,121874,11th,7,Never-married,Craft-repair,Own-child,White,Male,0,0,20,United-States,<=50K
34,Private,118605,Assoc-acdm,12,Married-civ-spouse,Prof-specialty,Husband,White,Male,0,0,55,United-States,<=50K
34,Self-emp-inc,513977,HS-grad,9,Divorced,Craft-repair,Not-in-family,Black,Male,0,0,50,United-States,<=50K
44,Private,229414,Assoc-acdm,12,Widowed,Adm-clerical,Unmarried,White,Female,0,0,40,United-States,<=50K
50,Private,128378,5th-6th,3,Married-civ-spouse,Handlers-cleaners,Husband,White,Male,0,0,55,?,<=50K
24,State-gov,216116,Bachelors,13,Never-married,Tech-support,Not-in-family,White,Female,0,0,40,United-States,<=50K
40,Private,181983,Some-college,10,Married-civ-spouse,Other-service,Wife,White,Female,0,0,40,Scotland,<=50K
38,Private,76487,Assoc-voc,11,Married-civ-spouse,Exec-managerial,Husband,White,Male,0,0,55,United-States,>50K
40,Private,213225,HS-grad,9,Divorced,Sales,Unmarried,White,Female,0,0,30,United-States,<=50K
32,Private,342384,HS-grad,9,Married-civ-spouse,Craft-repair,Husband,White,Male,0,0,40,United-States,<=50K
49,Private,423222,Masters,14,Married-civ-spouse,Sales,Husband,White,Male,0,0,50,United-States,>50K
62,?,83439,7th-8th,4,Married-civ-spouse,?,Husband,White,Male,0,0,40,United-States,<=50K
55,Self-emp-inc,79662,HS-grad,9,Married-civ-spouse,Transport-moving,Husband,White,Male,0,0,60,United-States,<=50K
34,Private,118584,Assoc-acdm,12,Married-civ-spouse,Prof-specialty,Husband,White,Male,0,0,55,United-States,<=50K
41,Private,185660,HS-grad,9,Separated,Adm-clerical,Unmarried,White,Female,0,0,40,United-States,<=50K
70,Private,173682,HS-grad,9,Married-civ-spouse,Sales,Husband,White,Male,0,0,40,United-States,<=50K
39,Local-gov,100011,Assoc-acdm,12,Never-married,Tech-support,Not-in-family,White,Female,0,0,38,United-States,<=50K
40,Self-emp-not-inc,192793,HS-grad,9,Married-civ-spouse,Other-service,Husband,White,Male,0,0,40,United-States,<=50K
26,Local-gov,73471,HS-grad,9,Never-married,Handlers-cleaners,Own-child,Amer-Indian-Eskimo,Male,0,0,30,United-States,<=50K
18,Private,210562,HS-grad,9,Never-married,Sales,Own-child,White,Female,0,0,20,United-States,<=50K
20,Private,294400,Some-college,10,Never-married,Craft-repair,Not-in-family,White,Male,0,0,40,United-States,<=50K
26,Private,34037,Bachelors,13,Never-married,Adm-clerical,Not-in-family,White,Female,0,0,40,United-States,<=50K
20,Private,293176,Some-college,10,Never-married,Craft-repair,Not-in-family,White,Male,0,0,40,United-States,<=50K
39,Private,150042,Some-college,10,Married-civ-spouse,Craft-repair,Husband,White,Male,0,0,55,United-States,>50K
39,State-gov,189240,Some-college,10,Separated,Exec-managerial,Unmarried,Black,Female,0,0,30,United-States,<=50K
26,Private,102476,Some-college,10,Never-married,Other-service,Own-child,White,Male,0,0,40,United-States,<=50K
31,Private,200192,HS-grad,9,Divorced,Adm-clerical,Not-in-family,White,Female,0,0,40,Germany,<=50K
47,Private,147340,HS-grad,9,Married-civ-spouse,Craft-repair,Husband,White,Male,0,0,40,United-States,>50K
54,Private,450141,HS-grad,9,Married-civ-spouse,Farming-fishing,Husband,White,Male,0,0,40,United-States,<=50K
25,Private,183575,11th,7,Never-married,Craft-repair,Own-child,White,Male,0,0,40,United-States,<=50K
60,Private,156616,HS-grad,9,Widowed,Other-service,Unmarried,Black,Female,0,0,40,United-States,<=50K
32,Private,215990,Some-college,10,Never-married,Craft-repair,Not-in-family,White,Male,4650,0,45,United-States,<=50K
46,Local-gov,233150,Masters,14,Divorced,Exec-managerial,Not-in-family,White,Male,0,0,50,United-States,>50K
63,Self-emp-not-inc,332249,7th-8th,4,Married-civ-spouse,Craft-repair,Husband,White,Male,0,0,40,United-States,<=50K
24,Federal-gov,422933,Bachelors,13,Never-married,Prof-specialty,Not-in-family,White,Female,0,0,30,United-States,<=50K
42,Private,340428,Doctorate,16,Never-married,Prof-specialty,Not-in-family,White,Male,0,0,50,United-States,<=50K
59,Federal-gov,98984,Bachelors,13,Divorced,Adm-clerical,Not-in-family,White,Male,0,0,40,United-States,<=50K
55,Self-emp-not-inc,78529,HS-grad,9,Married-civ-spouse,Farming-fishing,Husband,Asian-Pac-Islander,Male,0,0,70,United-States,<=50K
27,Private,168539,Bachelors,13,Married-civ-spouse,Exec-managerial,Husband,White,Male,0,0,40,United-States,<=50K
22,Private,218955,Some-college,10,Married-civ-spouse,Sales,Husband,White,Male,0,0,55,United-States,<=50K
36,Local-gov,25249,Prof-school,15,Divorced,Prof-specialty,Unmarried,White,Female,0,0,24,Germany,<=50K
63,Private,102412,HS-grad,9,Divorced,Sales,Not-in-family,White,Female,0,0,40,United-States,<=50K
35,Federal-gov,207973,Doctorate,16,Married-civ-spouse,Prof-specialty,Husband,White,Male,0,0,55,Canada,<=50K
41,Private,106679,Masters,14,Never-married,Exec-managerial,Not-in-family,White,Male,27828,0,50,United-States,>50K
18,?,91670,Some-college,10,Never-married,?,Own-child,Asian-Pac-Islander,Female,0,0,40,United-States,<=50K
46,Private,150042,Assoc-acdm,12,Married-civ-spouse,Craft-repair,Husband,White,Male,0,0,40,United-States,<=50K
19,?,382583,Some-college,10,Never-married,?,Own-child,White,Male,0,0,22,United-States,<=50K
38,Private,123095,HS-grad,9,Married-civ-spouse,Adm-clerical,Husband,Asian-Pac-Islander,Male,0,0,48,Trinadad&Tobago,<=50K
56,Private,75785,HS-grad,9,Married-civ-spouse,Exec-managerial,Husband,White,Male,0,0,40,United-States,>50K
41,Private,443508,Bachelors,13,Married-civ-spouse,Transport-moving,Husband,White,Male,0,0,48,Canada,>50K
38,Self-emp-not-inc,424340,HS-grad,9,Married-civ-spouse,Sales,Wife,White,Female,0,0,24,United-States,>50K
32,Private,315291,11th,7,Never-married,Other-service,Unmarried,Black,Female,0,0,40,Jamaica,<=50K
62,Private,244087,Doctorate,16,Married-civ-spouse,Prof-specialty,Husband,White,Male,15024,0,50,United-States,>50K
21,Private,119673,Some-college,10,Never-married,Other-service,Not-in-family,White,Female,0,0,30,United-States,<=50K
28,Local-gov,135924,Bachelors,13,Never-married,Adm-clerical,Not-in-family,Black,Female,4101,0,60,United-States,<=50K
70,Self-emp-inc,242375,9th,5,Divorced,Sales,Not-in-family,White,Male,0,0,45,United-States,<=50K
36,Local-gov,405309,Bachelors,13,Married-civ-spouse,Prof-specialty,Husband,White,Male,0,1887,40,United-States,>50K
75,Self-emp-not-inc,106873,11th,7,Widowed,Sales,Not-in-family,White,Male,0,0,40,United-States,<=50K
60,?,190739,HS-grad,9,Married-civ-spouse,?,Husband,White,Male,0,1848,40,United-States,>50K
66,Self-emp-inc,112584,7th-8th,4,Married-civ-spouse,Craft-repair,Husband,White,Male,0,0,40,United-States,>50K
51,Local-gov,99064,Masters,14,Married-civ-spouse,Prof-specialty,Husband,White,Male,0,0,35,United-States,<=50K
42,Private,54878,Some-college,10,Divorced,Farming-fishing,Not-in-family,White,Male,0,0,40,United-States,<=50K
46,Private,94809,Some-college,10,Divorced,Priv-house-serv,Unmarried,White,Female,0,0,30,United-States,<=50K
46,Private,220237,Some-college,10,Married-civ-spouse,Tech-support,Husband,White,Male,0,0,40,United-States,>50K
18,Private,187322,HS-grad,9,Never-married,Sales,Own-child,White,Female,0,0,33,United-States,<=50K
26,Private,344916,Some-college,10,Divorced,Adm-clerical,Not-in-family,White,Female,0,0,40,United-States,<=50K
87,Private,143582,HS-grad,9,Married-spouse-absent,Sales,Not-in-family,White,Male,0,0,16,United-States,<=50K
20,Private,235218,HS-grad,9,Never-married,Sales,Unmarried,White,Male,0,0,40,United-States,<=50K
34,Private,118584,Bachelors,13,Never-married,Exec-managerial,Not-in-family,White,Female,0,0,40,United-States,<=50K
45,Private,97176,11th,7,Divorced,Adm-clerical,Unmarried,White,Female,0,0,16,United-States,<=50K
36,Private,220230,Masters,14,Divorced,Exec-managerial,Not-in-family,White,Male,0,0,50,Greece,>50K
22,Federal-gov,282609,Some-college,10,Never-married,Transport-moving,Own-child,White,Male,0,0,4,United-States,<=50K
56,Private,133025,HS-grad,9,Married-civ-spouse,Transport-moving,Husband,White,Male,0,0,50,United-States,<=50K
40,Self-emp-not-inc,76317,Bachelors,13,Never-married,Prof-specialty,Not-in-family,White,Male,0,0,50,United-States,<=50K
71,Private,244688,7th-8th,4,Married-civ-spouse,Transport-moving,Husband,White,Male,6514,0,40,United-States,>50K
38,Private,180532,Assoc-acdm,12,Married-spouse-absent,Adm-clerical,Unmarried,White,Female,0,0,40,United-States,<=50K
54,Private,256916,HS-grad,9,Married-civ-spouse,Exec-managerial,Husband,White,Male,0,0,45,United-States,<=50K
27,Private,93206,Some-college,10,Never-married,Handlers-cleaners,Own-child,Asian-Pac-Islander,Male,0,0,40,United-States,<=50K
40,Private,100292,HS-grad,9,Married-civ-spouse,Sales,Husband,White,Male,0,0,52,United-States,>50K
35,Private,95551,HS-grad,9,Separated,Exec-managerial,Not-in-family,White,Female,0,0,36,United-States,<=50K
53,Local-gov,137250,Masters,14,Widowed,Prof-specialty,Unmarried,Black,Female,0,1602,35,United-States,<=50K
41,Private,290660,HS-grad,9,Widowed,Machine-op-inspct,Not-in-family,White,Female,0,0,40,United-States,<=50K
46,Private,370119,Prof-school,15,Married-civ-spouse,Prof-specialty,Husband,White,Male,99999,0,60,United-States,>50K
40,Private,163455,Some-college,10,Married-civ-spouse,Tech-support,Husband,White,Male,0,0,55,United-States,>50K
25,Private,371987,HS-grad,9,Divorced,Adm-clerical,Not-in-family,White,Female,0,0,40,United-States,<=50K
25,Private,372020,HS-grad,9,Divorced,Adm-clerical,Not-in-family,White,Female,0,0,40,United-States,<=50K
42,Private,41680,Some-college,10,Married-civ-spouse,Tech-support,Husband,White,Male,0,0,40,United-States,<=50K
18,Self-emp-not-inc,40293,HS-grad,9,Never-married,Farming-fishing,Other-relative,White,Male,0,0,40,United-States,<=50K
39,Private,97136,HS-grad,9,Never-married,Machine-op-inspct,Unmarried,Black,Female,0,0,40,United-States,<=50K
22,Private,168138,HS-grad,9,Never-married,Sales,Unmarried,White,Female,0,0,40,United-States,<=50K
38,Private,143574,HS-grad,9,Never-married,Machine-op-inspct,Not-in-family,White,Female,0,0,40,United-States,<=50K
32,Private,87310,Masters,14,Married-civ-spouse,Sales,Husband,White,Male,0,0,60,United-States,>50K
49,Private,422933,Masters,14,Married-civ-spouse,Sales,Husband,White,Male,0,0,50,United-States,>50K
47,Private,385901,Some-college,10,Married-civ-spouse,Prof-specialty,Husband,White,Male,0,0,40,Scotland,>50K
26,Private,34066,Bachelors,13,Never-married,Adm-clerical,Not-in-family,White,Female,0,0,40,United-States,<=50K
34,Private,97723,Bachelors,13,Married-civ-spouse,Prof-specialty,Husband,White,Male,0,0,40,United-States,>50K
51,State-gov,68684,7th-8th,4,Married-civ-spouse,Transport-moving,Husband,White,Male,0,0,40,United-States,<=50K
30,Private,361742,Some-college,10,Married-civ-spouse,Exec-managerial,Husband,White,Male,0,0,50,United-States,<=50K
28,Private,142717,HS-grad,9,Never-married,Machine-op-inspct,Not-in-family,White,Male,0,0,48,United-States,<=50K
34,Private,118584,Assoc-acdm,12,Married-civ-spouse,Prof-specialty,Husband,White,Male,0,0,55,United-States,<=50K
27,Private,123031,Bachelors,13,Never-married,Sales,Not-in-family,White,Female,0,0,40,United-States,<=50K
58,Private,98630,Masters,14,Married-civ-spouse,Prof-specialty,Husband,White,Male,0,0,40,United-States,>50K
34,Private,214627,Some-college,10,Never-married,Exec-managerial,Not-in-family,White,Male,0,0,45,United-States,<=50K
21,?,163665,Some-college,10,Never-married,?,Own-child,White,Female,0,0,40,United-States,<=50K
39,Self-emp-not-inc,34066,Some-college,10,Married-civ-spouse,Craft-repair,Husband,Amer-Indian-Eskimo,Male,0,0,50,United-States,>50K
46,Private,251786,1st-4th,2,Separated,Other-service,Not-in-family,White,Female,0,0,40,Mexico,<=50K
28,Private,275116,10th,6,Married-civ-spouse,Transport-moving,Husband,White,Male,0,0,40,United-States,<=50K
49,Private,128378,Bachelors,13,Never-married,Prof-specialty,Unmarried,White,Female,0,0,40,United-States,<=50K
52,Private,186916,Some-college,10,Married-civ-spouse,Exec-managerial,Husband,White,Male,15024,0,55,Canada,>50K
28,Private,68991,Bachelors,13,Married-civ-spouse,Sales,Husband,White,Male,0,0,45,United-States,>50K
21,?,105312,HS-grad,9,Never-married,?,Not-in-family,White,Female,0,0,20,United-States,<=50K
23,Private,241805,HS-grad,9,Never-married,Other-service,Not-in-family,White,Female,0,0,30,United-States,<=50K
25,Private,207258,9th,5,Never-married,Adm-clerical,Unmarried,White,Female,0,0,40,Mexico,<=50K
36,Private,130532,Some-college,10,Divorced,Exec-managerial,Not-in-family,White,Male,0,0,45,United-States,<=50K
50,Private,128378,5th-6th,3,Married-civ-spouse,Handlers-cleaners,Husband,White,Male,0,0,55,?,<=50K
28,Private,70034,Bachelors,13,Married-civ-spouse,Sales,Husband,White,Male,0,0,45,United-States,>50K
42,Private,169995,Some-college,10,Married-civ-spouse,Prof-specialty,Husband,White,Male,0,0,45,United-States,<=50K
52,Private,163665,HS-grad,9,Married-civ-spouse,Other-service,Wife,White,Female,0,0,38,United-States,<=50K
27,Private,182323,11th,7,Never-married,Craft-repair,Not-in-family,White,Male,0,0,40,United-States,<=50K
50,Self-emp-not-inc,277488,Masters,14,Married-civ-spouse,Exec-managerial,Husband,White,Male,0,0,20,United-States,<=50K
57,Self-emp-not-inc,221955,Some-college,10,Married-civ-spouse,Exec-managerial,Wife,White,Female,0,0,60,United-States,<=50K
66,Self-emp-inc,112584,7th-8th,4,Married-civ-spouse,Craft-repair,Husband,White,Male,0,0,40,United-States,>50K
31,Private,118941,Some-college,10,Divorced,Other-service,Own-child,White,Female,0,0,20,United-States,<=50K
51,Private,302847,11th,7,Never-married,Other-service,Not-in-family,Black,Female,0,0,40,United-States,<=50K
54,Private,144586,Some-college,10,Married-civ-spouse,Sales,Wife,White,Female,0,0,40,United-States,>50K
54,Private,449257,HS-grad,9,Married-civ-spouse,Farming-fishing,Husband,White,Male,0,0,40,United-States,<=50K
35,Private,106961,HS-grad,9,Married-civ-spouse,Sales,Husband,White,Male,0,0,60,United-States,<=50K
43,Local-gov,23157,Masters,14,Married-civ-spouse,Exec-managerial,Husband,White,Male,0,1902,50,United-States,>50K
50,Self-emp-not-inc,175878,HS-grad,9,Married-civ-spouse,Farming-fishing,Husband,White,Male,0,0,50,United-States,<=50K
71,State-gov,210714,HS-grad,9,Married-civ-spouse,Protective-serv,Husband,White,Male,0,0,28,United-States,<=50K
34,Private,216116,Some-college,10,Never-married,Exec-managerial,Not-in-family,White,Male,0,0,45,United-States,<=50K
55,Private,125768,Prof-school,15,Married-civ-spouse,Exec-managerial,Husband,White,Male,0,0,60,United-States,>50K
26,Private,385540,HS-grad,9,Never-married,Handlers-cleaners,Own-child,White,Male,0,0,52,United-States,<=50K
73,Self-emp-not-inc,110622,Doctorate,16,Married-civ-spouse,Exec-managerial,Husband,White,Male,1409,0,2,United-States,<=50K
25,Private,109419,HS-grad,9,Never-married,Adm-clerical,Own-child,White,Female,0,0,40,United-States,<=50K
25,Private,460322,Bachelors,13,Never-married,Other-service,Own-child,White,Male,0,0,43,United-States,<=50K
64,Local-gov,113324,HS-grad,9,Widowed,Exec-managerial,Not-in-family,White,Male,0,0,40,United-States,<=50K
34,Private,141186,Some-college,10,Married-civ-spouse,Other-service,Husband,White,Male,0,0,62,Mexico,<=50K
19,Private,102723,Some-college,10,Never-married,Adm-clerical,Own-child,White,Female,0,0,40,United-States,<=50K
39,Private,97136,HS-grad,9,Never-married,Machine-op-inspct,Unmarried,Black,Female,0,0,40,United-States,<=50K
67,Private,159589,11th,7,Widowed,Other-service,Not-in-family,White,Female,0,0,40,United-States,<=50K
20,Private,176663,Some-college,10,Never-married,Other-service,Own-child,White,Male,0,0,27,United-States,<=50K
49,State-gov,175232,Some-college,10,Married-civ-spouse,Prof-specialty,Husband,White,Male,0,0,50,United-States,>50K
62,Private,82906,Bachelors,13,Married-civ-spouse,Exec-managerial,Wife,White,Female,3887,0,35,England,<=50K
40,Federal-gov,77660,Some-college,10,Divorced,Adm-clerical,Not-in-family,White,Female,0,0,50,United-States,<=50K
18,Private,141545,11th,7,Never-married,Sales,Own-child,Black,Male,0,0,8,United-States,<=50K
34,Private,200471,HS-grad,9,Separated,Transport-moving,Own-child,White,Male,0,0,25,Columbia,<=50K
52,Self-emp-inc,75435,HS-grad,9,Married-civ-spouse,Sales,Husband,Asian-Pac-Islander,Male,0,0,40,United-States,>50K
32,Private,87310,Masters,14,Married-civ-spouse,Sales,Husband,White,Male,0,0,60,United-States,>50K
69,Local-gov,660461,HS-grad,9,Widowed,Adm-clerical,Not-in-family,Black,Female,0,0,20,United-States,<=50K
51,Private,103407,HS-grad,9,Divorced,Adm-clerical,Not-in-family,White,Female,0,0,40,United-States,<=50K
40,Private,183404,Some-college,10,Separated,Other-service,Unmarried,White,Female,0,0,8,United-States,<=50K
43,Self-emp-not-inc,64112,Some-college,10,Married-civ-spouse,Farming-fishing,Husband,White,Male,0,0,50,United-States,<=50K
37,Private,152909,Assoc-voc,11,Married-civ-spouse,Adm-clerical,Husband,White,Male,7688,0,40,United-States,>50K
29,Private,568490,HS-grad,9,Married-civ-spouse,Craft-repair,Husband,White,Male,0,0,40,United-States,<=50K
51,Private,171216,Some-college,10,Married-civ-spouse,Transport-moving,Husband,White,Male,0,0,40,United-States,>50K
40,Federal-gov,77332,Some-college,10,Divorced,Adm-clerical,Not-in-family,White,Female,0,0,50,United-States,<=50K
51,Private,142760,Doctorate,16,Divorced,Craft-repair,Not-in-family,White,Female,4787,0,60,United-States,>50K
33,Private,594187,Masters,14,Married-civ-spouse,Prof-specialty,Husband,White,Male,0,0,45,United-States,>50K
33,Private,169104,HS-grad,9,Married-civ-spouse,Other-service,Husband,Asian-Pac-Islander,Male,0,0,40,China,<=50K
45,Private,170092,Some-college,10,Divorced,Other-service,Not-in-family,White,Female,0,0,50,United-States,<=50K
21,Private,170456,Assoc-acdm,12,Never-married,Handlers-cleaners,Own-child,White,Male,0,0,15,United-States,<=50K
46,Private,212582,11th,7,Married-civ-spouse,Craft-repair,Husband,White,Male,0,0,32,United-States,<=50K
36,Private,214542,HS-grad,9,Divorced,Prof-specialty,Own-child,White,Female,0,0,40,United-States,>50K
28,Private,152951,HS-grad,9,Divorced,Handlers-cleaners,Not-in-family,White,Male,0,0,40,United-States,<=50K
39,State-gov,189385,Some-college,10,Separated,Exec-managerial,Unmarried,Black,Female,0,0,30,United-States,<=50K
31,Private,182268,10th,6,Separated,Transport-moving,Unmarried,White,Male,0,0,40,United-States,<=50K
26,Private,216256,HS-grad,9,Never-married,Craft-repair,Not-in-family,White,Male,0,0,72,United-States,<=50K
61,Private,120939,Prof-school,15,Married-civ-spouse,Transport-moving,Husband,White,Male,0,0,5,United-States,>50K
43,Private,194901,HS-grad,9,Married-civ-spouse,Adm-clerical,Husband,White,Male,0,0,40,United-States,>50K
29,Private,142717,HS-grad,9,Never-married,Handlers-cleaners,Not-in-family,Black,Male,0,0,40,United-States,<=50K
54,Private,256916,HS-grad,9,Married-civ-spouse,Exec-managerial,Husband,White,Male,0,0,45,United-States,<=50K
47,Private,251603,HS-grad,9,Divorced,Tech-support,Not-in-family,White,Female,0,0,36,United-States,<=50K
37,State-gov,373699,Prof-school,15,Married-civ-spouse,Prof-specialty,Husband,White,Male,0,0,60,United-States,>50K
30,Private,136610,5th-6th,3,Married-civ-spouse,Craft-repair,Husband,White,Male,0,0,40,Mexico,<=50K
41,Private,352812,Some-college,10,Married-civ-spouse,Exec-managerial,Wife,White,Female,0,1902,40,United-States,>50K
25,Private,109421,HS-grad,9,Never-married,Adm-clerical,Own-child,White,Female,0,0,40,United-States,<=50K
33,Private,168997,HS-grad,9,Married-civ-spouse,Other-service,Husband,Asian-Pac-Islander,Male,0,0,40,China,<=50K
69,Self-emp-inc,106395,HS-grad,9,Married-civ-spouse,Other-service,Husband,White,Male,0,0,40,United-States,>50K
48,Private,119111,HS-grad,9,Divorced,Adm-clerical,Not-in-family,White,Female,0,0,40,United-States,<=50K
18,Private,302146,HS-grad,9,Never-married,Sales,Not-in-family,White,Female,0,0,20,United-States,<=50K
37,Private,194630,HS-grad,9,Divorced,Craft-repair,Not-in-family,White,Male,0,0,50,United-States,<=50K
44,Private,173682,Bachelors,13,Married-civ-spouse,Exec-managerial,Husband,White,Male,0,0,40,United-States,>50K
20,?,348144,Some-college,10,Never-married,?,Own-child,Amer-Indian-Eskimo,Male,0,0,72,United-States,<=50K
31,Private,221157,Prof-school,15,Divorced,Tech-support,Not-in-family,White,Female,0,0,35,United-States,<=50K
31,Private,182323,10th,6,Separated,Transport-moving,Unmarried,White,Male,0,0,40,United-States,<=50K
73,Private,29675,HS-grad,9,Widowed,Other-service,Other-relative,White,Female,0,0,12,United-States,<=50K
66,Private,336167,HS-grad,9,Married-civ-spouse,Other-service,Husband,Black,Male,0,0,4,United-States,<=50K
26,Private,32981,HS-grad,9,Separated,Other-service,Not-in-family,White,Male,0,0,40,United-States,<=50K
29,Private,57758,Bachelors,13,Married-civ-spouse,Sales,Husband,White,Male,0,0,41,United-States,<=50K
26,Private,343447,Some-college,10,Divorced,Adm-clerical,Not-in-family,White,Female,0,0,40,United-States,<=50K
23,Private,204209,Some-college,10,Never-married,Handlers-cleaners,Own-child,White,Male,0,0,10,United-States,<=50K
28,Private,71738,Bachelors,13,Married-civ-spouse,Sales,Husband,White,Male,0,0,45,United-States,>50K
35,?,197332,Some-college,10,Married-civ-spouse,?,Husband,Asian-Pac-Islander,Male,0,0,40,Philippines,>50K
55,Private,84774,HS-grad,9,Married-civ-spouse,Priv-house-serv,Wife,White,Female,0,0,30,United-States,<=50K
69,Private,102874,HS-grad,9,Widowed,Adm-clerical,Not-in-family,White,Female,0,0,24,United-States,<=50K
24,Private,181557,HS-grad,9,Never-married,Handlers-cleaners,Own-child,Black,Male,0,0,40,United-States,<=50K
30,Private,176663,Assoc-voc,11,Divorced,Adm-clerical,Unmarried,White,Female,0,0,24,United-States,<=50K
51,Private,171409,Some-college,10,Married-civ-spouse,Transport-moving,Husband,White,Male,0,0,40,United-States,>50K
73,Self-emp-not-inc,161251,HS-grad,9,Widowed,Craft-repair,Not-in-family,White,Male,0,0,24,United-States,<=50K
35,Private,190174,Some-college,10,Never-married,Exec-managerial,Not-in-family,White,Female,0,0,40,United-States,<=50K
26,Private,221955,HS-grad,9,Never-married,Craft-repair,Not-in-family,White,Male,0,0,70,United-States,<=50K
24,Private,40293,HS-grad,9,Married-civ-spouse,Craft-repair,Husband,White,Male,0,0,60,United-States,<=50K
29,Private,594187,Bachelors,13,Married-civ-spouse,Sales,Husband,White,Male,0,0,41,United-States,<=50K
38,Private,186959,Bachelors,13,Married-civ-spouse,Prof-specialty,Husband,White,Male,0,0,50,United-States,<=50K
51,Private,45599,HS-grad,9,Divorced,Prof-specialty,Not-in-family,White,Male,0,0,40,United-States,<=50K
29,Private,336167,HS-grad,9,Never-married,Machine-op-inspct,Unmarried,Black,Female,0,0,30,United-States,<=50K
17,?,261504,10th,6,Never-married,?,Own-child,White,Male,0,0,8,United-States,<=50K
20,Private,227178,Some-college,10,Never-married,Other-service,Own-child,White,Female,0,0,20,United-States,<=50K
53,Private,251603,Bachelors,13,Married-civ-spouse,Exec-managerial,Husband,Black,Male,0,0,50,United-States,>50K
37,Private,161092,HS-grad,9,Never-married,Handlers-cleaners,Not-in-family,White,Male,0,0,40,United-States,<=50K
36,Private,224953,HS-grad,9,Married-civ-spouse,Craft-repair,Husband,White,Male,7298,0,40,United-States,>50K
26,Private,329924,HS-grad,9,Separated,Other-service,Not-in-family,White,Male,0,0,40,United-States,<=50K
39,Private,200496,Bachelors,13,Married-civ-spouse,Exec-managerial,Husband,White,Male,0,0,55,United-States,<=50K
31,Private,142921,Bachelors,13,Never-married,Tech-support,Not-in-family,White,Female,0,0,40,United-States,<=50K
35,Private,106873,HS-grad,9,Married-civ-spouse,Sales,Husband,White,Male,0,0,60,United-States,<=50K
45,Private,194102,Assoc-voc,11,Never-married,Other-service,Unmarried,White,Female,0,0,40,Mexico,<=50K
30,Private,361742,Some-college,10,Married-civ-spouse,Exec-managerial,Husband,White,Male,0,0,50,United-States,<=50K
45,Private,170099,Some-college,10,Divorced,Other-service,Not-in-family,White,Female,0,0,50,United-States,<=50K
37,Self-emp-not-inc,151141,11th,7,Married-civ-spouse,Transport-moving,Husband,White,Male,0,0,45,United-States,<=50K
24,Private,179991,Assoc-acdm,12,Never-married,Craft-repair,Not-in-family,White,Male,2354,0,40,United-States,<=50K
20,Private,294400,Some-college,10,Never-married,Craft-repair,Not-in-family,White,Male,0,0,40,United-States,<=50K
51,Private,171216,Some-college,10,Married-civ-spouse,Transport-moving,Husband,White,Male,0,0,40,United-States,>50K
30,Private,249727,12th,8,Divorced,Other-service,Not-in-family,White,Female,0,0,40,United-States,<=50K
73,Local-gov,233150,7th-8th,4,Married-civ-spouse,Protective-serv,Husband,White,Male,2228,0,10,United-States,<=50K
27,Private,141545,HS-grad,9,Married-civ-spouse,Transport-moving,Husband,White,Male,0,1902,45,United-States,<=50K
31,Private,171216,Bachelors,13,Married-civ-spouse,Exec-managerial,Husband,White,Male,0,0,60,United-States,>50K
61,Private,219701,12th,8,Divorced,Protective-serv,Not-in-family,White,Male,0,0,37,Cuba,<=50K
35,Private,248588,HS-grad,9,Separated,Prof-specialty,Other-relative,Black,Female,0,0,40,United-States,<=50K
19,Private,682947,HS-grad,9,Never-married,Handlers-cleaners,Own-child,White,Male,0,0,30,United-States,<=50K
27,Private,82242,Bachelors,13,Never-married,Exec-managerial,Other-relative,White,Male,0,0,45,Germany,<=50K
50,Private,410114,Prof-school,15,Married-civ-spouse,Exec-managerial,Husband,White,Male,15024,0,50,United-States,>50K
71,?,249449,Some-college,10,Married-civ-spouse,?,Husband,White,Male,3432,0,30,United-States,<=50K
63,Federal-gov,311395,Some-college,10,Married-civ-spouse,Exec-managerial,Husband,White,Male,15024,0,40,United-States,>50K
50,Private,336509,HS-grad,9,Married-civ-spouse,Machine-op-inspct,Husband,White,Male,0,1485,40,United-States,<=50K
20,?,359327,Some-college,10,Never-married,?,Own-child,White,Female,0,0,35,United-States,<=50K
47,Private,200496,Assoc-voc,11,Married-civ-spouse,Adm-clerical,Husband,White,Male,4064,0,40,United-States,<=50K
25,Private,165302,HS-grad,9,Never-married,Machine-op-inspct,Own-child,White,Male,4416,0,40,United-States,<=50K
60,Private,154874,HS-grad,9,Widowed,Other-service,Unmarried,Black,Female,0,0,40,United-States,<=50K
44,Private,373699,Masters,14,Married-civ-spouse,Exec-managerial,Husband,Black,Male,0,1902,40,United-States,>50K
38,Private,226922,HS-grad,9,Married-civ-spouse,Craft-repair,Husband,White,Male,0,0,40,United-States,<=50K
57,Self-emp-not-inc,165822,HS-grad,9,Married-civ-spouse,Craft-repair,Husband,White,Male,0,0,50,United-States,<=50K
18,Private,201680,Some-college,10,Never-married,Machine-op-inspct,Not-in-family,White,Female,0,0,15,United-States,<=50K
25,Self-emp-not-inc,209464,Bachelors,13,Never-married,Prof-specialty,Own-child,White,Male,0,0,30,United-States,<=50K
50,Private,33798,HS-grad,9,Married-civ-spouse,Machine-op-inspct,Husband,White,Male,0,1485,40,United-States,<=50K
40,Private,332249,HS-grad,9,Separated,Handlers-cleaners,Not-in-family,Black,Male,0,0,30,United-States,<=50K
23,Private,376540,Some-college,10,Never-married,Other-service,Unmarried,White,Female,0,0,25,United-States,<=50K
22,Private,112693,HS-grad,9,Married-civ-spouse,Craft-repair,Husband,White,Male,0,0,35,United-States,<=50K
22,Private,220748,Bachelors,13,Never-married,Adm-clerical,Own-child,White,Male,0,0,40,United-States,<=50K
27,Private,122215,Bachelors,13,Never-married,Sales,Not-in-family,White,Female,0,0,40,United-States,<=50K
19,?,385901,Some-college,10,Never-married,?,Own-child,White,Male,0,0,22,United-States,<=50K
23,Private,351141,HS-grad,9,Never-married,Sales,Not-in-family,White,Male,0,0,40,United-States,<=50K
41,Local-gov,184779,Masters,14,Never-married,Prof-specialty,Not-in-family,White,Female,0,0,40,United-States,<=50K
48,Private,194097,10th,6,Married-civ-spouse,Machine-op-inspct,Husband,White,Male,0,0,40,United-States,<=50K
38,Private,364782,HS-grad,9,Married-civ-spouse,Craft-repair,Husband,White,Male,0,0,40,United-States,>50K
19,Private,156616,HS-grad,9,Never-married,Other-service,Own-child,White,Female,0,1669,20,United-States,<=50K
22,Private,52262,Some-college,10,Never-married,Other-service,Not-in-family,White,Male,0,0,40,United-States,<=50K
18,Private,299347,HS-grad,9,Never-married,Other-service,Own-child,White,Female,0,0,20,United-States,<=50K
43,State-gov,206600,Bachelors,13,Married-civ-spouse,Adm-clerical,Husband,White,Male,0,0,50,United-States,>50K
27,Private,147340,Some-college,10,Never-married,Exec-managerial,Own-child,White,Female,0,0,40,United-States,<=50K
71,Private,244566,7th-8th,4,Married-civ-spouse,Transport-moving,Husband,White,Male,6514,0,40,United-States,>50K
23,Private,30731,Masters,14,Never-married,Other-service,Not-in-family,White,Female,0,0,10,United-States,<=50K
52,Private,186256,HS-grad,9,Married-civ-spouse,Transport-moving,Husband,White,Male,0,0,40,United-States,<=50K
53,Local-gov,230039,HS-grad,9,Married-civ-spouse,Adm-clerical,Husband,White,Male,0,0,40,United-States,<=50K
62,?,54611,HS-grad,9,Widowed,?,Not-in-family,White,Female,0,0,25,United-States,<=50K
51,Private,261677,HS-grad,9,Married-civ-spouse,Other-service,Husband,White,Male,0,0,40,Cuba,>50K
40,Self-emp-not-inc,192793,HS-grad,9,Married-civ-spouse,Other-service,Husband,White,Male,0,0,40,United-States,<=50K
50,Private,30771,Bachelors,13,Married-civ-spouse,Sales,Husband,White,Male,0,0,45,United-States,>50K
36,Private,181372,Assoc-voc,11,Married-civ-spouse,Handlers-cleaners,Husband,White,Male,0,0,38,United-States,<=50K
51,Private,103407,HS-grad,9,Divorced,Adm-clerical,Not-in-family,White,Female,0,0,40,United-States,<=50K
47,Local-gov,140644,Some-college,10,Married-civ-spouse,Protective-serv,Husband,White,Male,0,0,40,United-States,>50K
82,Self-emp-not-inc,181557,HS-grad,9,Divorced,Exec-managerial,Not-in-family,White,Male,0,0,12,United-States,<=50K
48,Private,85341,HS-grad,9,Married-civ-spouse,Craft-repair,Husband,White,Male,0,0,40,United-States,<=50K
37,Private,218490,Masters,14,Married-civ-spouse,Exec-managerial,Husband,White,Male,0,0,55,El-Salvador,>50K
40,Private,122041,Assoc-acdm,12,Married-civ-spouse,Sales,Husband,White,Male,7688,0,50,United-States,>50K
49,Private,226027,Assoc-acdm,12,Married-civ-spouse,Prof-specialty,Husband,White,Male,0,0,45,United-States,>50K
33,Private,100154,10th,6,Separated,Handlers-cleaners,Not-in-family,White,Male,0,0,40,United-States,<=50K
18,State-gov,306538,Some-college,10,Never-married,Adm-clerical,Own-child,White,Male,0,0,10,United-States,<=50K
51,Private,193898,HS-grad,9,Married-civ-spouse,Protective-serv,Husband,White,Male,0,0,40,United-States,<=50K
46,Private,150042,Assoc-acdm,12,Married-civ-spouse,Craft-repair,Husband,White,Male,0,0,40,United-States,<=50K
46,Private,187492,HS-grad,9,Divorced,Adm-clerical,Not-in-family,White,Female,0,0,40,United-States,<=50K
27,State-gov,55395,Bachelors,13,Married-civ-spouse,Protective-serv,Wife,Black,Female,0,0,48,United-States,<=50K
41,State-gov,244395,HS-grad,9,Divorced,Protective-serv,Unmarried,White,Male,0,0,55,United-States,<=50K
39,Self-emp-not-inc,65738,Some-college,10,Married-civ-spouse,Other-service,Wife,White,Female,0,0,15,United-States,>50K
22,Private,88050,Assoc-acdm,12,Married-civ-spouse,Exec-managerial,Husband,Asian-Pac-Islander,Male,0,0,6,United-States,<=50K
47,Private,140136,HS-grad,9,Married-civ-spouse,Exec-managerial,Husband,White,Male,0,0,40,United-States,>50K
30,Private,140790,HS-grad,9,Married-civ-spouse,Sales,Husband,White,Male,0,0,45,United-States,<=50K
34,Private,214542,Some-college,10,Never-married,Exec-managerial,Not-in-family,White,Male,0,0,45,United-States,<=50K
18,Private,423222,HS-grad,9,Never-married,Other-service,Not-in-family,White,Male,0,0,20,United-States,<=50K
25,Private,235218,Bachelors,13,Never-married,Exec-managerial,Own-child,White,Female,0,0,40,United-States,<=50K
18,Local-gov,159537,7th-8th,4,Never-married,Farming-fishing,Own-child,White,Male,0,0,40,United-States,<=50K
35,Self-emp-inc,236861,Prof-school,15,Married-civ-spouse,Prof-specialty,Husband,White,Male,0,0,50,United-States,>50K
26,Private,382583,HS-grad,9,Never-married,Handlers-cleaners,Own-child,White,Male,0,0,52,United-States,<=50K
47,Private,150057,Prof-school,15,Married-civ-spouse,Exec-managerial,Husband,White,Male,7688,0,60,United-States,>50K
40,Private,182217,Some-college,10,Married-civ-spouse,Other-service,Wife,White,Female,0,0,40,Scotland,<=50K
62,Private,244522,Doctorate,16,Married-civ-spouse,Prof-specialty,Husband,White,Male,15024,0,50,United-States,>50K
53,Private,177916,Bachelors,13,Married-civ-spouse,Adm-clerical,Husband,White,Male,7298,0,40,United-States,>50K
60,Self-emp-not-inc,205246,HS-grad,9,Never-married,Exec-managerial,Not-in-family,Black,Male,0,2559,50,United-States,>50K
46,Local-gov,231777,Masters,14,Divorced,Exec-managerial,Not-in-family,White,Male,0,0,50,United-States,>50K
31,Private,200471,HS-grad,9,Divorced,Adm-clerical,Not-in-family,White,Female,0,0,40,Germany,<=50K
39,Private,88653,Bachelors,13,Married-civ-spouse,Sales,Husband,White,Male,0,0,40,United-States,<=50K
22,Private,218955,Some-college,10,Married-civ-spouse,Sales,Husband,White,Male,0,0,55,United-States,<=50K
28,?,161290,Some-college,10,Never-married,?,Own-child,Black,Female,0,0,40,United-States,<=50K
41,Self-emp-not-inc,232871,Assoc-voc,11,Married-civ-spouse,Sales,Husband,White,Male,0,0,55,United-States,<=50K
20,Private,172695,Some-college,10,Never-married,Sales,Own-child,White,Female,0,0,4,United-States,<=50K
18,Private,304960,HS-grad,9,Never-married,Sales,Not-in-family,White,Female,0,0,20,United-States,<=50K
34,Private,212944,Bachelors,13,Married-civ-spouse,Prof-specialty,Husband,White,Male,0,0,40,Iran,>50K
29,Private,263162,HS-grad,9,Separated,Priv-house-serv,Unmarried,Black,Female,0,0,55,United-States,<=50K
39,Private,107882,Some-college,10,Married-civ-spouse,Exec-managerial,Husband,White,Male,0,0,45,United-States,>50K
21,Private,251786,HS-grad,9,Never-married,Adm-clerical,Not-in-family,White,Female,0,0,40,United-States,<=50K
35,Private,54929,12th,8,Never-married,Sales,Not-in-family,Black,Female,0,0,40,United-States,<=50K
46,Private,251786,1st-4th,2,Separated,Other-service,Not-in-family,White,Female,0,0,40,Mexico,<=50K
60,Self-emp-not-inc,166153,Some-college,10,Married-civ-spouse,Sales,Husband,White,Male,0,0,50,United-States,<=50K
51,State-gov,42017,Some-college,10,Divorced,Prof-specialty,Not-in-family,White,Female,0,0,40,United-States,<=50K
38,Private,364782,HS-grad,9,Married-civ-spouse,Craft-repair,Husband,White,Male,0,0,40,United-States,>50K
38,Private,168138,HS-grad,9,Never-married,Exec-managerial,Own-child,White,Female,0,0,40,United-States,<=50K
48,Private,85341,HS-grad,9,Married-civ-spouse,Craft-repair,Husband,White,Male,0,0,40,United-States,<=50K
19,Private,228608,Some-college,10,Never-married,Prof-specialty,Own-child,White,Male,0,0,11,United-States,<=50K
30,Private,247711,12th,8,Divorced,Other-service,Not-in-family,White,Female,0,0,40,United-States,<=50K
23,Private,374423,Bachelors,13,Never-married,Adm-clerical,Not-in-family,White,Male,0,0,40,United-States,<=50K
24,Private,197060,Assoc-voc,11,Never-married,Exec-managerial,Not-in-family,White,Female,0,0,40,United-States,<=50K
47,Private,251508,HS-grad,9,Divorced,Tech-support,Not-in-family,White,Female,0,0,36,United-States,<=50K
43,Federal-gov,145139,Bachelors,13,Married-civ-spouse,Adm-clerical,Husband,White,Male,0,0,42,United-States,>50K
51,Private,163921,Bachelors,13,Married-civ-spouse,Transport-moving,Husband,White,Male,0,0,56,United-States,>50K
26,Federal-gov,172063,Assoc-voc,11,Never-married,Craft-repair,Own-child,White,Male,0,0,50,Japan,<=50K
20,Private,235307,HS-grad,9,Never-married,Handlers-cleaners,Own-child,White,Male,0,0,30,United-States,<=50K
75,Self-emp-not-inc,106873,11th,7,Widowed,Sales,Not-in-family,White,Male,0,0,40,United-States,<=50K
47,Private,149169,HS-grad,9,Married-civ-spouse,Craft-repair,Husband,White,Male,0,0,40,United-States,>50K
31,Self-emp-not-inc,235218,Some-college,10,Married-civ-spouse,Craft-repair,Husband,White,Male,0,0,60,United-States,<=50K
29,Private,594187,Bachelors,13,Married-civ-spouse,Sales,Husband,White,Male,0,0,41,United-States,<=50K
31,Private,507875,9th,5,Married-civ-spouse,Machine-op-inspct,Husband,White,Male,0,0,43,United-States,<=50K
20,Private,194102,Some-college,10,Never-married,Prof-specialty,Other-relative,White,Male,0,0,12,United-States,<=50K
26,Self-emp-inc,97952,Bachelors,13,Never-married,Exec-managerial,Own-child,White,Male,0,0,80,United-States,<=50K
20,Private,291981,Some-college,10,Never-married,Craft-repair,Not-in-family,White,Male,0,0,40,United-States,<=50K
41,Private,263300,HS-grad,9,Divorced,Adm-clerical,Unmarried,White,Female,0,0,45,United-States,<=50K
33,Federal-gov,137814,HS-grad,9,Never-married,Other-service,Not-in-family,White,Male,0,0,32,United-States,<=50K
22,Private,219086,Some-college,10,Married-civ-spouse,Sales,Husband,White,Male,0,0,55,United-States,<=50K
37,Self-emp-not-inc,150993,11th,7,Married-civ-spouse,Transport-moving,Husband,White,Male,0,0,45,United-States,<=50K
40,Private,200471,Bachelors,13,Separated,Sales,Not-in-family,White,Male,0,0,40,United-States,<=50K
27,Private,147340,Some-college,10,Never-married,Exec-managerial,Own-child,White,Female,0,0,40,United-States,<=50K
51,Private,245053,Some-college,10,Married-civ-spouse,Adm-clerical,Wife,White,Female,0,0,40,United-States,<=50K
40,Self-emp-not-inc,192878,HS-grad,9,Married-civ-spouse,Other-service,Husband,White,Male,0,0,40,United-States,<=50K
30,Private,262196,9th,5,Never-married,Handlers-cleaners,Unmarried,Black,Male,0,0,40,United-States,<=50K
28,Federal-gov,370119,Some-college,10,Never-married,Adm-clerical,Not-in-family,White,Female,0,0,40,United-States,<=50K
40,Private,285580,9th,5,Divorced,Transport-moving,Not-in-family,White,Male,0,0,30,United-States,<=50K
31,Private,143046,Bachelors,13,Never-married,Tech-support,Not-in-family,White,Female,0,0,40,United-States,<=50K
28,Local-gov,304960,Assoc-acdm,12,Never-married,Adm-clerical,Not-in-family,White,Female,0,1980,40,United-States,<=50K
60,Private,240842,HS-grad,9,Married-civ-spouse,Machine-op-inspct,Husband,Black,Male,0,0,40,United-States,<=50K
35,Private,340428,Assoc-acdm,12,Never-married,Adm-clerical,Not-in-family,White,Female,0,0,35,United-States,<=50K
32,Private,185820,Bachelors,13,Never-married,Prof-specialty,Not-in-family,Black,Female,0,0,40,United-States,<=50K
51,Private,163665,HS-grad,9,Married-civ-spouse,Protective-serv,Husband,White,Male,0,0,40,United-States,>50K
49,Private,114967,Bachelors,13,Divorced,Exec-managerial,Unmarried,Black,Female,0,0,40,United-States,<=50K
50,Private,129673,Bachelors,13,Divorced,Exec-managerial,Not-in-family,White,Female,0,0,50,United-States,>50K
22,Private,145477,HS-grad,9,Never-married,Handlers-cleaners,Own-child,Amer-Indian-Eskimo,Male,0,0,40,United-States,<=50K
28,Private,142764,HS-grad,9,Never-married,Machine-op-inspct,Not-in-family,White,Male,0,0,48,United-States,<=50K
25,Private,130773,Some-college,10,Divorced,Other-service,Not-in-family,White,Male,0,0,30,United-States,<=50K
39,Private,245090,Bachelors,13,Married-civ-spouse,Prof-specialty,Husband,White,Male,0,0,50,United-States,>50K
41,Private,279472,7th-8th,4,Married-civ-spouse,Farming-fishing,Husband,White,Male,0,0,36,United-States,<=50K
28,Private,71467,Bachelors,13,Married-civ-spouse,Sales,Husband,White,Male,0,0,45,United-States,>50K
31,Private,259351,7th-8th,4,Married-civ-spouse,Machine-op-inspct,Husband,White,Male,0,0,40,United-States,<=50K
22,Private,285580,Bachelors,13,Never-married,Exec-managerial,Own-child,White,Male,0,0,45,United-States,<=50K
23,Private,376416,Bachelors,13,Never-married,Adm-clerical,Not-in-family,White,Male,0,0,40,United-States,<=50K
51,Private,142760,Doctorate,16,Divorced,Craft-repair,Not-in-family,White,Female,4787,0,60,United-States,>50K
27,Private,213225,Bachelors,13,Married-civ-spouse,Prof-specialty,Wife,White,Female,7298,0,45,England,>50K
22,Local-gov,38948,Some-college,10,Never-married,Prof-specialty,Own-child,White,Female,594,0,25,United-States,<=50K
31,Private,259351,7th-8th,4,Married-civ-spouse,Machine-op-inspct,Husband,White,Male,0,0,40,United-States,<=50K
29,Private,178551,HS-grad,9,Married-civ-spouse,Transport-moving,Husband,White,Male,0,0,40,United-States,<=50K
56,Private,182460,Bachelors,13,Divorced,Exec-managerial,Not-in-family,White,Male,0,0,40,United-States,<=50K
42,Private,245873,HS-grad,9,Married-civ-spouse,Sales,Husband,White,Male,0,0,50,United-States,<=50K
39,Federal-gov,362787,HS-grad,9,Married-civ-spouse,Adm-clerical,Husband,Black,Male,7688,0,52,United-States,>50K
31,Private,111567,Bachelors,13,Married-civ-spouse,Exec-managerial,Husband,White,Male,0,0,70,United-States,>50K
60,Private,241013,HS-grad,9,Married-civ-spouse,Machine-op-inspct,Husband,Black,Male,0,0,40,United-States,<=50K
41,Private,106679,Masters,14,Never-married,Exec-managerial,Not-in-family,White,Male,2580,0,50,United-States,>50K
21,Private,170195,Assoc-acdm,12,Never-married,Handlers-cleaners,Own-child,White,Male,0,0,15,United-States,<=50K
34,Private,175759,Bachelors,13,Married-civ-spouse,Exec-managerial,Husband,White,Male,3325,0,55,United-States,>50K
39,Private,150042,Some-college,10,Married-civ-spouse,Craft-repair,Husband,White,Male,0,0,55,United-States,>50K
48,Private,233891,HS-grad,9,Married-civ-spouse,Exec-managerial,Husband,White,Male,0,0,50,United-States,<=50K
