age,workclass,fnlwgt,education,education-num,marital-status,occupation,relationship,race,sex,capital-gain,capital-loss,hours-per-week,native-country,income
32,Private,87310,Masters,14,Married-civ-spouse,Sales,Husband,White,Male,0,0,60,United-States,>50K
35,Private,207875,HS-grad,9,Married-civ-spouse,Transport-moving,Husband,White,Male,0,0,60,United-States,<=50K
29,Private,272625,HS-grad,9,Married-civ-spouse,Adm-clerical,Husband,White,Male,0,0,30,Mexico,<=50K
39,Self-emp-not-inc,33895,Bachelors,13,Married-civ-spouse,Exec-managerial,Husband,White,Male,0,0,50,United-States,<=50K
49,Private,147236,Assoc-voc,11,Married-civ-spouse,Machine-op-inspct,Wife,White,Female,0,0,40,Peru,<=50K
50,Private,133963,HS-grad,9,Divorced,Adm-clerical,Unmarried,White,Female,0,0,35,United-States,<=50K
45,Private,193285,HS-grad,9,Married-civ-spouse,Machine-op-inspct,Husband,White,Male,0,0,45,United-States,>50K
53,Private,34845,9th,5,Married-civ-spouse,Machine-op-inspct,Husband,Black,Male,0,0,40,United-States,<=50K
49,Local-gov,328119,Some-college,10,Married-civ-spouse,Protective-serv,Husband,White,Male,0,0,44,United-States,>50K
32,Private,234901,Assoc-voc,11,Divorced,Prof-specialty,Not-in-family,White,Male,0,0,40,United-States,<=50K
33,Private,254202,HS-grad,9,Married-civ-spouse,Machine-op-inspct,Husband,White,Male,0,0,48,United-States,<=50K
17,Private,377017,11th,7,Never-married,Handlers-cleaners,Own-child,White,Male,0,0,30,United-States,<=50K
19,Private,376540,HS-grad,9,Never-married,Adm-clerical,Not-in-family,White,Female,0,0,30,United-States,<=50K
48,Private,85374,HS-grad,9,Married-civ-spouse,Craft-repair,Husband,White,Male,0,0,40,United-States,<=50K
66,?,107112,7th-8th,4,Never-married,?,Other-relative,Black,Male,0,0,30,United-States,<=50K
46,Federal-gov,55272,Some-college,10,Divorced,Machine-op-inspct,Unmarried,White,Male,0,0,40,United-States,<=50K
33,Private,186427,Assoc-voc,11,Married-civ-spouse,Sales,Husband,White,Male,0,0,40,United-States,<=50K
46,Federal-gov,55237,Some-college,10,Divorced,Machine-op-inspct,Unmarried,White,Male,0,0,40,United-States,<=50K
47,Private,276709,10th,6,Married-civ-spouse,Craft-repair,Husband,White,Male,0,0,35,United-States,<=50K
49,State-gov,207066,HS-grad,9,Married-civ-spouse,Handlers-cleaners,Husband,White,Male,0,0,40,United-States,>50K
36,Private,189674,Some-college,10,Separated,Other-service,Other-relative,Black,Female,0,0,40,United-States,<=50K
38,Private,215990,HS-grad,9,Married-civ-spouse,Machine-op-inspct,Husband,Black,Male,0,1740,40,Haiti,<=50K
66,Self-emp-not-inc,34292,HS-grad,9,Married-civ-spouse,Transport-moving,Husband,White,Male,0,0,50,United-States,>50K
26,Private,272625,Bachelors,13,Married-civ-spouse,Sales,Husband,White,Male,0,0,55,United-States,<=50K
24,?,327825,Bachelors,13,Divorced,?,Not-in-family,White,Female,0,0,40,United-States,<=50K
29,Private,229236,Some-college,10,Married-civ-spouse,Exec-managerial,Husband,White,Male,0,1887,50,United-States,>50K
28,State-gov,209900,HS-grad,9,Married-civ-spouse,Protective-serv,Husband,White,Male,0,0,40,United-States,<=50K
54,Private,31115,HS-grad,9,Married-civ-spouse,Other-service,Husband,White,Male,0,0,50,United-States,<=50K
42,Private,183611,HS-grad,9,Divorced,Craft-repair,Not-in-family,White,Male,0,0,43,United-States,>50K
31,Private,120277,Bachelors,13,Never-married,Exec-managerial,Not-in-family,White,Female,0,0,40,United-States,<=50K
50,Private,109277,9th,5,Married-civ-spouse,Machine-op-inspct,Husband,White,Male,0,0,48,United-States,<=50K
46,Private,98735,Bachelors,13,Separated,Prof-specialty,Unmarried,White,Female,0,0,50,United-States,<=50K
35,Private,126569,HS-grad,9,Divorced,Craft-repair,Own-child,White,Male,0,0,20,United-States,<=50K
27,Private,114967,Bachelors,13,Never-married,Sales,Own-child,White,Male,0,0,40,United-States,<=50K
43,Self-emp-not-inc,160261,Some-college,10,Never-married,Sales,Not-in-family,White,Male,0,0,65,United-States,<=50K
44,Private,180599,HS-grad,9,Never-married,Craft-repair,Own-child,White,Male,0,0,40,United-States,>50K
31,Private,85341,HS-grad,9,Never-married,Other-service,Not-in-family,White,Male,0,0,42,United-States,<=50K
53,Local-gov,20676,HS-grad,9,Married-civ-spouse,Exec-managerial,Husband,Amer-Indian-Eskimo,Male,0,0,48,United-States,<=50K
41,Private,224474,9th,5,Married-civ-spouse,Exec-managerial,Husband,Amer-Indian-Eskimo,Male,0,0,84,United-States,<=50K
49,Local-gov,330132,Some-college,10,Married-civ-spouse,Protective-serv,Husband,White,Male,0,0,44,United-States,>50K
33,Private,339442,HS-grad,9,Married-civ-spouse,Craft-repair,Husband,White,Male,0,0,40,United-States,<=50K
32,Self-emp-inc,204387,Some-college,10,Married-civ-spouse,Sales,Husband,White,Male,0,0,99,United-States,>50K
29,Private,273803,HS-grad,9,Married-civ-spouse,Adm-clerical,Husband,White,Male,0,0,30,Mexico,<=50K
20,Private,410034,Some-college,10,Never-married,Prof-specialty,Not-in-family,White,Female,0,0,40,United-States,<=50K
44,Local-gov,60735,Bachelors,13,Divorced,Prof-specialty,Own-child,White,Female,0,0,60,United-States,<=50K
35,Local-gov,116960,Masters,14,Married-civ-spouse,Prof-specialty,Husband,White,Male,0,1887,40,United-States,>50K
54,Self-emp-inc,195918,Assoc-voc,11,Married-civ-spouse,Craft-repair,Husband,White,Male,0,0,40,United-States,<=50K
38,Private,228686,HS-grad,9,Married-civ-spouse,Transport-moving,Husband,Other,Male,0,0,40,Puerto-Rico,<=50K
40,Private,103614,10th,6,Divorced,Craft-repair,Own-child,White,Male,0,0,40,United-States,<=50K
51,Private,242391,Bachelors,13,Married-civ-spouse,Craft-repair,Husband,White,Male,0,0,40,United-States,>50K
40,Private,199381,Bachelors,13,Married-civ-spouse,Adm-clerical,Husband,White,Male,0,0,40,United-States,>50K
79,Private,187560,HS-grad,9,Married-civ-spouse,Prof-specialty,Husband,White,Male,0,0,7,United-States,<=50K
34,State-gov,240175,HS-grad,9,Divorced,Transport-moving,Unmarried,White,Female,0,0,40,United-States,<=50K
30,Private,166517,HS-grad,9,Never-married,Sales,Unmarried,White,Female,0,0,35,Mexico,<=50K
40,Self-emp-inc,64885,Masters,14,Married-civ-spouse,Sales,Husband,White,Male,0,0,70,United-States,>50K
52,Private,29658,HS-grad,9,Married-civ-spouse,Adm-clerical,Husband,White,Male,0,0,40,United-States,<=50K
33,Private,186824,Assoc-voc,11,Married-civ-spouse,Sales,Husband,White,Male,0,0,40,United-States,<=50K
28,Local-gov,305160,Assoc-acdm,12,Never-married,Adm-clerical,Not-in-family,White,Female,0,1980,40,United-States,<=50K
41,Self-emp-not-inc,325353,Assoc-voc,11,Married-civ-spouse,Farming-fishing,Husband,White,Male,0,0,45,United-States,<=50K
30,Self-emp-not-inc,87561,Some-college,10,Never-married,Adm-clerical,Not-in-family,White,Female,0,0,60,United-States,<=50K
53,Private,346736,Some-college,10,Married-civ-spouse,Exec-managerial,Wife,White,Female,0,0,40,United-States,>50K
19,Private,220426,Some-college,10,Never-married,Farming-fishing,Own-child,White,Male,0,0,50,United-States,<=50K
27,Private,214068,Bachelors,13,Married-civ-spouse,Prof-specialty,Wife,White,Female,7298,0,45,England,>50K
28,Local-gov,205730,Assoc-acdm,12,Married-civ-spouse,Protective-serv,Husband,White,Male,0,0,45,United-States,>50K
37,Private,224541,HS-grad,9,Never-married,Craft-repair,Unmarried,White,Male,0,0,40,United-States,<=50K
35,Self-emp-not-inc,280169,HS-grad,9,Married-civ-spouse,Craft-repair,Husband,White,Male,0,0,40,United-States,<=50K
33,Local-gov,120461,Bachelors,13,Divorced,Protective-serv,Unmarried,White,Female,0,0,60,Germany,<=50K
38,Private,117779,HS-grad,9,Married-civ-spouse,Machine-op-inspct,Husband,White,Male,0,0,65,United-States,>50K
61,Private,85572,HS-grad,9,Widowed,Adm-clerical,Not-in-family,White,Female,0,0,40,United-States,<=50K
54,Private,82566,Assoc-acdm,12,Married-civ-spouse,Sales,Husband,White,Male,0,0,45,United-States,<=50K
23,Local-gov,248990,Some-college,10,Never-married,Other-service,Not-in-family,Black,Male,0,0,30,United-States,<=50K
28,Private,191177,Assoc-voc,11,Divorced,Prof-specialty,Unmarried,White,Female,0,1726,40,United-States,<=50K
39,Private,192939,Bachelors,13,Separated,Sales,Not-in-family,White,Male,0,0,50,United-States,<=50K
45,Self-emp-not-inc,285885,HS-grad,9,Married-civ-spouse,Exec-managerial,Husband,Asian-Pac-Islander,Male,0,0,40,China,<=50K
46,Private,360032,Assoc-acdm,12,Divorced,Sales,Not-in-family,White,Female,0,0,25,Germany,<=50K
37,Self-emp-not-inc,59313,HS-grad,9,Divorced,Farming-fishing,Unmarried,White,Male,0,0,56,United-States,<=50K
37,Private,189674,Assoc-acdm,12,Divorced,Adm-clerical,Not-in-family,White,Female,0,1504,40,United-States,<=50K
36,Private,157466,HS-grad,9,Married-civ-spouse,Craft-repair,Husband,Other,Male,0,0,40,United-States,>50K
29,Private,189240,HS-grad,9,Divorced,Farming-fishing,Not-in-family,White,Male,0,0,40,United-States,<=50K
27,Private,187693,HS-grad,9,Never-married,Handlers-cleaners,Own-child,White,Male,0,0,40,United-States,<=50K
28,Private,207066,Bachelors,13,Married-civ-spouse,Sales,Husband,White,Male,7298,0,42,United-States,>50K
22,Private,218124,Bachelors,13,Never-married,Adm-clerical,Own-child,White,Male,0,0,40,United-States,<=50K
37,Federal-gov,214542,Some-college,10,Divorced,Adm-clerical,Unmarried,Black,Female,0,0,40,United-States,<=50K
32,Private,159908,HS-grad,9,Never-married,Handlers-cleaners,Own-child,White,Male,0,0,50,United-States,<=50K
68,Self-emp-not-inc,191858,Some-college,10,Widowed,Adm-clerical,Not-in-family,White,Male,0,0,40,United-States,<=50K
28,Private,153546,11th,7,Divorced,Other-service,Unmarried,White,Female,0,0,40,United-States,<=50K
49,Private,176810,Bachelors,13,Married-civ-spouse,Exec-managerial,Husband,White,Male,0,0,50,United-States,>50K
69,?,322799,Some-college,10,Never-married,?,Not-in-family,White,Male,1848,0,1,United-States,<=50K
66,?,182342,7th-8th,4,Married-civ-spouse,?,Husband,White,Male,0,0,30,United-States,<=50K
26,Private,243743,Bachelors,13,Never-married,Other-service,Not-in-family,White,Female,0,0,38,United-States,<=50K
46,Private,87250,Bachelors,13,Separated,Tech-support,Unmarried,White,Female,0,0,40,United-States,<=50K
70,State-gov,345339,Bachelors,13,Never-married,Exec-managerial,Not-in-family,White,Male,0,0,40,United-States,<=50K
62,?,83439,7th-8th,4,Married-civ-spouse,?,Husband,White,Male,0,0,40,United-States,<=50K
29,Private,187870,HS-grad,9,Divorced,Farming-fishing,Not-in-family,White,Male,0,0,40,United-States,<=50K
81,?,89391,Prof-school,15,Married-civ-spouse,?,Husband,White,Male,0,0,24,United-States,>50K
62,Private,416829,11th,7,Separated,Other-service,Not-in-family,Black,Female,0,0,21,United-States,<=50K
21,Private,214896,11th,7,Never-married,Handlers-cleaners,Own-child,White,Male,0,0,40,United-States,<=50K
34,Private,299383,Bachelors,13,Married-civ-spouse,Sales,Husband,White,Male,0,0,50,United-States,>50K
35,Private,102976,HS-grad,9,Divorced,Exec-managerial,Not-in-family,White,Male,0,0,50,United-States,<=50K
34,Local-gov,108247,Some-college,10,Married-civ-spouse,Exec-managerial,Husband,White,Male,0,0,45,United-States,>50K
41,Private,125491,Some-college,10,Divorced,Craft-repair,Not-in-family,White,Male,0,0,40,United-States,>50K
26,Private,297188,Prof-school,15,Never-married,Prof-specialty,Not-in-family,White,Male,0,0,40,United-States,>50K
40,Private,110713,Prof-school,15,Married-civ-spouse,Adm-clerical,Other-relative,Asian-Pac-Islander,Female,0,0,40,Philippines,<=50K
37,Federal-gov,214896,Some-college,10,Divorced,Adm-clerical,Unmarried,Black,Female,0,0,40,United-States,<=50K
51,Private,142717,Doctorate,16,Divorced,Craft-repair,Not-in-family,White,Female,4787,0,60,United-States,>50K
34,Self-emp-not-inc,293176,Some-college,10,Married-civ-spouse,Craft-repair,Husband,White,Male,0,0,55,United-States,>50K
19,?,180599,10th,6,Never-married,?,Unmarried,White,Female,0,0,35,United-States,<=50K
56,Private,102106,HS-grad,9,Married-civ-spouse,Handlers-cleaners,Husband,White,Male,0,0,40,United-States,<=50K
41,Private,106159,HS-grad,9,Never-married,Machine-op-inspct,Own-child,White,Male,14084,0,48,United-States,>50K
21,Private,367984,11th,7,Never-married,Tech-support,Own-child,White,Female,0,0,35,United-States,<=50K
42,Private,340880,Doctorate,16,Never-married,Prof-specialty,Not-in-family,White,Male,0,0,50,United-States,<=50K
47,Private,276709,10th,6,Married-civ-spouse,Craft-repair,Husband,White,Male,0,0,35,United-States,<=50K
19,?,194095,Some-college,10,Never-married,?,Own-child,White,Male,0,0,40,United-States,<=50K
38,Private,269015,Assoc-voc,11,Married-civ-spouse,Transport-moving,Husband,White,Male,0,0,70,United-States,<=50K
50,Local-gov,363130,Some-college,10,Widowed,Adm-clerical,Unmarried,White,Female,0,0,40,United-States,<=50K
37,Private,189674,Assoc-acdm,12,Divorced,Adm-clerical,Not-in-family,White,Female,0,1504,40,United-States,<=50K
82,?,52636,Some-college,10,Widowed,?,Not-in-family,Amer-Indian-Eskimo,Male,0,0,3,United-States,<=50K
54,Private,88570,HS-grad,9,Divorced,Other-service,Unmarried,White,Male,0,0,32,United-States,<=50K
21,Private,126569,Some-college,10,Never-married,Other-service,Own-child,White,Female,0,0,40,United-States,<=50K
20,Private,174806,Some-college,10,Never-married,Prof-specialty,Own-child,White,Male,0,0,15,United-States,<=50K
47,State-gov,55272,Some-college,10,Married-civ-spouse,Craft-repair,Husband,White,Male,0,0,40,United-States,>50K
46,Private,75256,HS-grad,9,Married-civ-spouse,Priv-house-serv,Wife,White,Female,0,0,40,United-States,<=50K
22,Private,398067,5th-6th,3,Married-civ-spouse,Machine-op-inspct,Other-relative,White,Female,0,0,40,Mexico,<=50K
18,Self-emp-not-inc,130714,HS-grad,9,Never-married,Farming-fishing,Own-child,White,Male,0,0,40,United-States,<=50K
53,Private,346736,Some-college,10,Married-civ-spouse,Exec-managerial,Wife,White,Female,0,0,40,United-States,>50K
19,Private,240468,Some-college,10,Married-spouse-absent,Sales,Own-child,White,Female,0,1602,40,United-States,<=50K
32,Self-emp-inc,204729,Some-college,10,Married-civ-spouse,Sales,Husband,White,Male,0,0,99,United-States,>50K
58,Self-emp-not-inc,143731,HS-grad,9,Married-civ-spouse,Sales,Husband,White,Male,0,0,72,United-States,>50K
60,Private,205730,HS-grad,9,Separated,Other-service,Not-in-family,White,Female,0,0,25,United-States,<=50K
36,Private,172918,9th,5,Married-civ-spouse,Handlers-cleaners,Husband,White,Male,0,0,40,United-States,<=50K
23,Private,122609,Some-college,10,Never-married,Adm-clerical,Own-child,White,Female,0,0,20,United-States,<=50K
24,State-gov,39236,Masters,14,Never-married,Prof-specialty,Not-in-family,Black,Female,0,0,40,United-States,<=50K
36,Private,189674,Some-college,10,Separated,Other-service,Other-relative,Black,Female,0,0,40,United-States,<=50K
46,Private,456062,Doctorate,16,Married-civ-spouse,Prof-specialty,Husband,White,Male,0,2415,55,United-States,>50K
43,Local-gov,85440,Masters,14,Married-civ-spouse,Prof-specialty,Husband,White,Male,0,0,45,United-States,>50K
20,Private,104164,HS-grad,9,Never-married,Handlers-cleaners,Own-child,White,Male,0,0,40,United-States,<=50K
30,Private,169104,Assoc-acdm,12,Never-married,Other-service,Other-relative,Asian-Pac-Islander,Male,0,0,40,Vietnam,<=50K
26,Private,47039,7th-8th,4,Never-married,Craft-repair,Not-in-family,White,Male,0,0,40,Mexico,<=50K
45,Federal-gov,109598,HS-grad,9,Never-married,Other-service,Not-in-family,Black,Female,0,0,40,United-States,<=50K
31,Private,258509,Assoc-voc,11,Never-married,Adm-clerical,Unmarried,Black,Female,0,0,40,United-States,<=50K
27,Private,114967,Bachelors,13,Never-married,Sales,Own-child,White,Male,0,0,40,United-States,<=50K
39,Private,358682,Assoc-acdm,12,Married-civ-spouse,Machine-op-inspct,Husband,White,Male,0,0,40,United-States,<=50K
30,State-gov,45737,Some-college,10,Never-married,Adm-clerical,Not-in-family,White,Female,0,0,40,United-States,<=50K
38,Private,110981,Assoc-acdm,12,Married-civ-spouse,Craft-repair,Husband,White,Male,0,0,50,United-States,>50K
33,?,190174,HS-grad,9,Never-married,?,Unmarried,Black,Female,0,0,20,United-States,<=50K
21,Private,237920,HS-grad,9,Married-civ-spouse,Adm-clerical,Husband,White,Male,0,0,40,United-States,<=50K
51,Local-gov,205418,Masters,14,Married-civ-spouse,Prof-specialty,Wife,White,Female,0,0,32,United-States,>50K
31,Private,148429,12th,8,Married-civ-spouse,Craft-repair,Husband,White,Male,0,0,43,United-States,<=50K
27,Private,202662,Bachelors,13,Never-married,Prof-specialty,Own-child,Black,Male,0,0,40,United-States,<=50K
34,Private,29974,Bachelors,13,Married-civ-spouse,Sales,Husband,White,Male,0,0,50,United-States,>50K
22,?,290856,Some-college,10,Never-married,?,Not-in-family,Black,Female,0,0,25,United-States,<=50K
41,Private,280167,Masters,14,Married-civ-spouse,Exec-managerial,Husband,White,Male,14344,0,70,United-States,>50K
42,Private,337606,Some-college,10,Divorced,Adm-clerical,Not-in-family,Black,Female,0,0,40,United-States,<=50K
61,Private,87032,HS-grad,9,Widowed,Adm-clerical,Not-in-family,White,Female,0,0,40,United-States,<=50K
26,Private,205428,Some-college,10,Married-civ-spouse,Sales,Husband,White,Male,0,0,45,United-States,<=50K
35,Private,102976,HS-grad,9,Divorced,Exec-managerial,Not-in-family,White,Male,0,0,50,United-States,<=50K
42,Private,183319,HS-grad,9,Divorced,Craft-repair,Not-in-family,White,Male,0,0,43,United-States,>50K
28,Private,315291,Some-college,10,Never-married,Machine-op-inspct,Not-in-family,White,Male,0,0,42,United-States,<=50K
55,Private,84774,HS-grad,9,Married-civ-spouse,Priv-house-serv,Wife,White,Female,0,0,30,United-States,<=50K
37,Federal-gov,214542,Some-college,10,Divorced,Adm-clerical,Unmarried,Black,Female,0,0,40,United-States,<=50K
34,Private,175759,Bachelors,13,Married-civ-spouse,Exec-managerial,Husband,White,Male,3137,0,55,United-States,>50K
50,Private,174640,Bachelors,13,Married-civ-spouse,Craft-repair,Husband,White,Male,0,1887,40,United-States,>50K
62,?,83439,7th-8th,4,Married-civ-spouse,?,Husband,White,Male,0,0,40,United-States,<=50K
40,Private,198668,Prof-school,15,Married-civ-spouse,Prof-specialty,Wife,White,Female,15024,0,30,United-States,>50K
71,State-gov,210574,HS-grad,9,Married-civ-spouse,Protective-serv,Husband,White,Male,0,0,28,United-States,<=50K
50,State-gov,247298,HS-grad,9,Married-civ-spouse,Handlers-cleaners,Husband,White,Male,0,0,40,United-States,<=50K
36,Private,49657,Bachelors,13,Married-civ-spouse,Prof-specialty,Husband,White,Male,0,0,50,United-States,>50K
37,Private,224566,HS-grad,9,Never-married,Craft-repair,Unmarried,White,Male,0,0,40,United-States,<=50K
17,Private,95909,11th,7,Never-married,Handlers-cleaners,Own-child,White,Male,0,0,12,United-States,<=50K
29,Private,299324,HS-grad,9,Married-civ-spouse,Craft-repair,Husband,White,Male,0,0,40,United-States,<=50K
23,Local-gov,248249,Some-college,10,Never-married,Other-service,Not-in-family,Black,Male,0,0,30,United-States,<=50K
19,Private,119529,Some-college,10,Never-married,Other-service,Own-child,White,Female,0,0,15,United-States,<=50K
43,Private,290856,Bachelors,13,Married-civ-spouse,Sales,Husband,White,Male,0,0,40,United-States,>50K
37,Self-emp-not-inc,42044,Some-college,10,Married-civ-spouse,Farming-fishing,Husband,White,Male,0,0,84,United-States,<=50K
28,Private,113555,HS-grad,9,Never-married,Adm-clerical,Not-in-family,White,Male,0,0,40,United-States,<=50K
32,Private,79870,Some-college,10,Married-civ-spouse,Exec-managerial,Own-child,White,Female,2597,0,40,Japan,<=50K
31,Private,317625,Assoc-voc,11,Married-civ-spouse,Craft-repair,Husband,White,Male,4386,0,40,Mexico,>50K
58,Self-emp-not-inc,132704,Masters,14,Married-civ-spouse,Exec-managerial,Husband,White,Male,0,0,50,United-States,<=50K
26,State-gov,29320,HS-grad,9,Married-civ-spouse,Protective-serv,Husband,White,Male,0,0,38,United-States,<=50K
59,Private,164473,HS-grad,9,Married-civ-spouse,Prof-specialty,Husband,Black,Male,0,0,60,United-States,<=50K
45,Federal-gov,170721,HS-grad,9,Divorced,Tech-support,Not-in-family,White,Female,4865,0,40,United-States,<=50K
45,Self-emp-not-inc,285885,HS-grad,9,Married-civ-spouse,Exec-managerial,Husband,Asian-Pac-Islander,Male,0,0,40,China,<=50K
24,Private,273803,HS-grad,9,Never-married,Handlers-cleaners,Not-in-family,White,Female,0,0,36,United-States,<=50K
31,Private,36943,Some-college,10,Married-civ-spouse,Exec-managerial,Husband,Black,Male,0,0,40,United-States,>50K
36,Private,175643,HS-grad,9,Married-civ-spouse,Craft-repair,Husband,White,Male,0,0,35,United-States,<=50K
35,Local-gov,116960,Masters,14,Married-civ-spouse,Prof-specialty,Husband,White,Male,0,1887,40,United-States,>50K
26,Private,272618,Bachelors,13,Married-civ-spouse,Sales,Husband,White,Male,0,0,55,United-States,<=50K
18,Private,141332,11th,7,Never-married,Sales,Own-child,Black,Male,0,0,8,United-States,<=50K
49,State-gov,207513,HS-grad,9,Married-civ-spouse,Handlers-cleaners,Husband,White,Male,0,0,40,United-States,>50K
35,Private,115792,Bachelors,13,Married-civ-spouse,Prof-specialty,Husband,White,Male,0,0,55,United-States,<=50K
69,?,63526,Some-college,10,Widowed,?,Not-in-family,White,Female,0,0,20,United-States,<=50K
42,Self-emp-not-inc,29441,Prof-school,15,Divorced,Prof-specialty,Unmarried,White,Male,0,0,60,United-States,>50K
40,Self-emp-not-inc,76487,Bachelors,13,Never-married,Prof-specialty,Not-in-family,White,Male,0,0,50,United-States,<=50K
35,Private,187052,Assoc-voc,11,Married-civ-spouse,Exec-managerial,Wife,White,Female,0,0,42,United-States,>50K
62,Local-gov,136787,HS-grad,9,Divorced,Transport-moving,Other-relative,White,Male,0,0,40,United-States,<=50K
51,Private,261561,HS-grad,9,Married-civ-spouse,Other-service,Husband,White,Male,0,0,40,Cuba,>50K
42,Federal-gov,178416,Masters,14,Married-civ-spouse,Adm-clerical,Wife,White,Female,0,1902,40,United-States,>50K
43,Private,166527,Some-college,10,Divorced,Adm-clerical,Not-in-family,White,Male,0,0,48,United-States,<=50K
18,Private,423024,HS-grad,9,Never-married,Other-service,Not-in-family,White,Male,0,0,20,United-States,<=50K
29,Federal-gov,196116,Bachelors,13,Never-married,Prof-specialty,Not-in-family,Black,Male,0,0,40,United-States,<=50K
45,Private,177211,HS-grad,9,Never-married,Other-service,Not-in-family,White,Female,0,0,40,El-Salvador,<=50K
45,Local-gov,234504,HS-grad,9,Divorced,Adm-clerical,Unmarried,White,Female,0,0,35,United-States,<=50K
41,Local-gov,184117,Masters,14,Married-civ-spouse,Prof-specialty,Husband,White,Male,0,0,38,United-States,>50K
59,Private,194095,HS-grad,9,Married-civ-spouse,Farming-fishing,Husband,White,Male,0,0,48,United-States,<=50K
44,Private,285575,Some-college,10,Married-civ-spouse,Transport-moving,Husband,Black,Male,0,0,40,United-States,<=50K
42,Private,85440,HS-grad,9,Married-civ-spouse,Handlers-cleaners,Wife,White,Female,3137,0,32,United-States,<=50K
24,Private,271312,Some-college,10,Never-married,Sales,Not-in-family,White,Female,0,0,25,United-States,<=50K
23,Private,166517,Some-college,10,Never-married,Exec-managerial,Own-child,Other,Female,0,0,40,United-States,<=50K
37,Private,21798,HS-grad,9,Married-civ-spouse,Craft-repair,Husband,White,Male,0,0,45,United-States,>50K
47,State-gov,55272,Some-college,10,Married-civ-spouse,Craft-repair,Husband,White,Male,0,0,40,United-States,>50K
53,Private,347446,Some-college,10,Married-civ-spouse,Exec-managerial,Wife,White,Female,0,0,40,United-States,>50K
23,Private,421837,Bachelors,13,Never-married,Exec-managerial,Not-in-family,White,Female,0,0,45,United-States,<=50K
35,Private,215419,Some-college,10,Divorced,Adm-clerical,Not-in-family,White,Female,0,0,45,United-States,<=50K
28,Private,55614,Some-college,10,Never-married,Craft-repair,Not-in-family,Black,Male,0,0,40,United-States,<=50K
28,Self-emp-not-inc,180928,HS-grad,9,Never-married,Exec-managerial,Own-child,White,Male,0,0,40,United-States,<=50K
23,Private,126569,Some-college,10,Never-married,Other-service,Not-in-family,Asian-Pac-Islander,Female,0,0,35,Vietnam,<=50K
25,Private,188401,7th-8th,4,Never-married,Machine-op-inspct,Other-relative,White,Female,0,0,40,Dominican-Republic,<=50K
37,Private,530099,Prof-school,15,Never-married,Prof-specialty,Not-in-family,Asian-Pac-Islander,Female,0,0,55,United-States,>50K
50,Private,155594,Assoc-acdm,12,Married-civ-spouse,Machine-op-inspct,Husband,White,Male,0,0,50,United-States,>50K
40,State-gov,51415,Assoc-acdm,12,Divorced,Adm-clerical,Unmarried,White,Female,0,0,40,United-States,<=50K
53,Private,347446,9th,5,Married-civ-spouse,Machine-op-inspct,Husband,Black,Male,0,0,40,United-States,<=50K
66,Self-emp-not-inc,34218,HS-grad,9,Married-civ-spouse,Transport-moving,Husband,White,Male,0,0,50,United-States,>50K
41,Self-emp-not-inc,327825,Assoc-voc,11,Married-civ-spouse,Farming-fishing,Husband,White,Male,0,0,45,United-States,<=50K
35,Private,145231,HS-grad,9,Married-civ-spouse,Prof-specialty,Wife,White,Female,3942,0,35,United-States,<=50K
47,Private,104068,HS-grad,9,Divorced,Prof-specialty,Unmarried,Amer-Indian-Eskimo,Female,0,0,40,United-States,<=50K
29,Private,211129,Bachelors,13,Married-civ-spouse,Sales,Husband,White,Male,0,0,40,United-States,<=50K
35,Private,214542,HS-grad,9,Divorced,Adm-clerical,Not-in-family,White,Female,0,0,45,United-States,<=50K
56,Private,136277,1st-4th,2,Married-civ-spouse,Craft-repair,Husband,White,Male,0,0,40,United-States,<=50K
57,Private,47907,HS-grad,9,Married-civ-spouse,Transport-moving,Husband,White,Male,0,0,40,United-States,<=50K
40,Private,393962,Assoc-voc,11,Never-married,Prof-specialty,Not-in-family,White,Female,0,0,50,United-States,<=50K
58,?,210444,HS-grad,9,Divorced,?,Unmarried,White,Male,0,0,40,United-States,<=50K
54,Self-emp-not-inc,200818,Bachelors,13,Married-civ-spouse,Sales,Husband,White,Male,0,0,50,United-States,>50K
27,Private,204082,Some-college,10,Never-married,Adm-clerical,Not-in-family,Black,Female,0,0,40,United-States,<=50K
48,Private,113211,Bachelors,13,Married-civ-spouse,Craft-repair,Husband,White,Male,99999,0,40,United-States,>50K
20,Private,410034,Some-college,10,Never-married,Prof-specialty,Not-in-family,White,Female,0,0,40,United-States,<=50K
50,Self-emp-inc,154405,Masters,14,Married-civ-spouse,Prof-specialty,Husband,White,Male,7298,0,50,United-States,>50K
28,State-gov,210498,HS-grad,9,Married-civ-spouse,Protective-serv,Husband,White,Male,0,0,40,United-States,<=50K
27,Private,114967,Bachelors,13,Never-married,Sales,Own-child,White,Male,0,0,40,United-States,<=50K
54,Private,290856,10th,6,Divorced,Prof-specialty,Unmarried,White,Male,14344,0,68,United-States,>50K
55,Local-gov,110279,Bachelors,13,Married-civ-spouse,Prof-specialty,Wife,White,Female,0,0,60,United-States,<=50K
18,Self-emp-not-inc,40293,HS-grad,9,Never-married,Farming-fishing,Other-relative,White,Male,0,0,40,United-States,<=50K
45,Private,72618,Assoc-voc,11,Divorced,Exec-managerial,Not-in-family,White,Male,0,0,60,United-States,<=50K
42,Private,204729,Assoc-voc,11,Separated,Sales,Unmarried,Black,Female,0,0,25,United-States,<=50K
51,Private,336891,HS-grad,9,Married-civ-spouse,Craft-repair,Husband,White,Male,0,1902,40,United-States,>50K
36,Local-gov,174655,Assoc-voc,11,Never-married,Protective-serv,Not-in-family,Black,Female,0,0,60,United-States,>50K
65,Without-pay,27016,7th-8th,4,Widowed,Farming-fishing,Unmarried,White,Female,0,0,50,United-States,<=50K
23,Private,421837,Bachelors,13,Never-married,Exec-managerial,Not-in-family,White,Female,0,0,45,United-States,<=50K
48,Self-emp-inc,214542,Some-college,10,Married-civ-spouse,Exec-managerial,Husband,White,Male,0,0,55,United-States,>50K
35,Private,187870,HS-grad,9,Never-married,Machine-op-inspct,Own-child,White,Male,0,0,40,United-States,<=50K
28,Federal-gov,366533,Some-college,10,Never-married,Adm-clerical,Not-in-family,White,Female,0,0,40,United-States,<=50K
53,Private,108836,9th,5,Married-civ-spouse,Transport-moving,Husband,White,Male,0,0,40,United-States,<=50K
47,Local-gov,128401,Doctorate,16,Never-married,Prof-specialty,Unmarried,White,Female,0,0,40,United-States,<=50K
47,Private,95661,Some-college,10,Widowed,Exec-managerial,Not-in-family,White,Female,0,0,45,Germany,<=50K
28,Private,211531,HS-grad,9,Married-civ-spouse,Machine-op-inspct,Husband,White,Male,2580,0,40,United-States,<=50K
42,Federal-gov,342414,Bachelors,13,Married-civ-spouse,Exec-managerial,Husband,White,Male,7298,0,50,United-States,>50K
36,State-gov,243240,HS-grad,9,Divorced,Adm-clerical,Own-child,Black,Female,0,0,40,United-States,<=50K
41,Private,210574,Some-college,10,Married-spouse-absent,Sales,Unmarried,Black,Female,0,0,40,United-States,<=50K
30,Private,175759,HS-grad,9,Married-civ-spouse,Craft-repair,Husband,White,Male,0,0,42,United-States,>50K
21,Private,226027,Some-college,10,Never-married,Other-service,Other-relative,White,Female,0,0,30,United-States,<=50K
22,Private,496025,Some-college,10,Married-civ-spouse,Machine-op-inspct,Husband,White,Male,0,0,40,Mexico,<=50K
49,Local-gov,330132,Some-college,10,Married-civ-spouse,Protective-serv,Husband,White,Male,0,0,44,United-States,>50K
48,Private,199763,HS-grad,9,Married-civ-spouse,Prof-specialty,Wife,White,Female,0,0,8,United-States,<=50K
20,Self-emp-inc,83141,HS-grad,9,Never-married,Craft-repair,Own-child,White,Male,0,0,40,United-States,<=50K
53,Private,67716,Some-college,10,Married-civ-spouse,Exec-managerial,Husband,White,Male,0,0,55,United-States,<=50K
39,Private,134252,Masters,14,Married-civ-spouse,Prof-specialty,Wife,White,Female,0,1977,24,United-States,>50K
53,Private,141332,HS-grad,9,Married-civ-spouse,Transport-moving,Husband,White,Male,0,0,40,United-States,>50K
51,Self-emp-inc,230095,Assoc-voc,11,Never-married,Adm-clerical,Own-child,White,Female,0,0,40,United-States,<=50K
33,Local-gov,107417,Masters,14,Married-civ-spouse,Prof-specialty,Husband,White,Male,0,0,40,United-States,>50K
45,Local-gov,234885,HS-grad,9,Divorced,Adm-clerical,Unmarried,White,Female,0,0,35,United-States,<=50K
38,Private,469697,Bachelors,13,Married-civ-spouse,Other-service,Husband,White,Male,0,0,35,Mexico,<=50K
39,Self-emp-not-inc,339442,Bachelors,13,Married-civ-spouse,Exec-managerial,Husband,White,Male,0,0,50,United-States,<=50K
50,Private,133025,HS-grad,9,Divorced,Adm-clerical,Unmarried,White,Female,0,0,35,United-States,<=50K
64,Local-gov,116620,Masters,14,Married-civ-spouse,Prof-specialty,Husband,White,Male,0,0,25,United-States,<=50K
42,Self-emp-not-inc,200471,Prof-school,15,Never-married,Prof-specialty,Not-in-family,White,Male,0,0,38,United-States,<=50K
60,Private,119938,Some-college,10,Married-civ-spouse,Machine-op-inspct,Husband,White,Male,3103,0,40,United-States,>50K
56,Private,399087,HS-grad,9,Widowed,Adm-clerical,Not-in-family,White,Female,0,0,40,United-States,<=50K
29,Local-gov,169628,Some-college,10,Never-married,Protective-serv,Own-child,White,Male,0,0,48,United-States,<=50K
22,Private,170721,11th,7,Never-married,Craft-repair,Not-in-family,Amer-Indian-Eskimo,Male,0,0,40,United-States,<=50K
32,Private,281356,Assoc-voc,11,Divorced,Sales,Unmarried,White,Female,0,1380,40,United-States,<=50K
26,Private,134888,Bachelors,13,Never-married,Tech-support,Own-child,White,Female,0,0,35,United-States,<=50K
24,Self-emp-not-inc,171637,Assoc-acdm,12,Never-married,Craft-repair,Own-child,White,Male,0,0,40,United-States,<=50K
28,State-gov,52636,Masters,14,Married-civ-spouse,Exec-managerial,Husband,White,Male,0,0,40,United-States,<=50K
39,Self-emp-not-inc,33895,Bachelors,13,Married-civ-spouse,Exec-managerial,Husband,White,Male,0,0,50,United-States,<=50K
54,Private,85374,HS-grad,9,Married-civ-spouse,Transport-moving,Husband,White,Male,0,0,40,United-States,>50K
45,Federal-gov,170915,HS-grad,9,Divorced,Tech-support,Not-in-family,White,Female,4865,0,40,United-States,<=50K
45,Private,214068,Doctorate,16,Married-civ-spouse,Prof-specialty,Husband,White,Male,0,0,50,United-States,>50K
32,Self-emp-not-inc,183125,Masters,14,Never-married,Prof-specialty,Not-in-family,White,Male,0,0,40,United-States,<=50K
68,Self-emp-inc,119529,Bachelors,13,Married-civ-spouse,Exec-managerial,Husband,White,Male,0,0,40,United-States,>50K
50,Private,337606,HS-grad,9,Married-civ-spouse,Machine-op-inspct,Husband,White,Male,0,1485,40,United-States,<=50K
24,Private,282069,1st-4th,2,Never-married,Farming-fishing,Not-in-family,Other,Male,0,0,66,Mexico,<=50K
20,Private,277533,Some-college,10,Never-married,Adm-clerical,Own-child,White,Male,0,0,25,Nicaragua,<=50K
75,Self-emp-not-inc,106873,11th,7,Widowed,Sales,Not-in-family,White,Male,0,0,40,United-States,<=50K
46,Private,281356,Bachelors,13,Divorced,Transport-moving,Not-in-family,White,Male,0,0,40,United-States,<=50K
50,Private,175109,Bachelors,13,Married-civ-spouse,Craft-repair,Husband,White,Male,0,1887,40,United-States,>50K
41,Private,84817,Assoc-voc,11,Divorced,Prof-specialty,Unmarried,White,Female,3887,0,40,United-States,<=50K
71,Private,244688,7th-8th,4,Married-civ-spouse,Transport-moving,Husband,White,Male,6514,0,40,United-States,>50K
36,Private,118909,Assoc-acdm,12,Never-married,Adm-clerical,Unmarried,Black,Female,0,0,40,Jamaica,<=50K
37,Private,448337,Assoc-acdm,12,Divorced,Exec-managerial,Not-in-family,White,Female,0,0,40,United-States,<=50K
20,Private,180195,Some-college,10,Never-married,Sales,Own-child,White,Male,0,0,20,United-States,<=50K
30,Local-gov,38268,HS-grad,9,Separated,Other-service,Unmarried,White,Male,0,0,40,United-States,>50K
22,Private,40293,5th-6th,3,Married-civ-spouse,Machine-op-inspct,Other-relative,White,Female,0,0,40,Mexico,<=50K
21,Private,248990,HS-grad,9,Never-married,Adm-clerical,Own-child,White,Male,0,0,40,United-States,<=50K
39,Private,192337,Bachelors,13,Separated,Sales,Not-in-family,White,Male,0,0,50,United-States,<=50K
34,Private,145704,HS-grad,9,Married-civ-spouse,Adm-clerical,Wife,White,Female,4064,0,35,United-States,<=50K
25,Local-gov,305160,Bachelors,13,Divorced,Prof-specialty,Unmarried,White,Female,0,0,40,United-States,<=50K
45,Federal-gov,170984,HS-grad,9,Divorced,Tech-support,Not-in-family,White,Female,4865,0,40,United-States,<=50K
59,?,366533,Bachelors,13,Married-civ-spouse,?,Husband,White,Male,0,0,40,United-States,<=50K
55,Private,54878,Bachelors,13,Married-civ-spouse,Sales,Husband,White,Male,0,0,15,United-States,>50K
35,State-gov,28738,Bachelors,13,Never-married,Adm-clerical,Not-in-family,White,Female,4101,0,40,United-States,<=50K
42,Private,183319,Masters,14,Married-civ-spouse,Prof-specialty,Wife,White,Female,0,0,45,United-States,>50K
41,Local-gov,263970,Some-college,10,Divorced,Exec-managerial,Not-in-family,White,Female,0,0,40,United-States,<=50K
52,State-gov,189728,HS-grad,9,Separated,Other-service,Not-in-family,White,Female,0,0,35,United-States,<=50K
35,Private,102976,HS-grad,9,Divorced,Exec-managerial,Not-in-family,White,Male,0,0,50,United-States,<=50K
49,State-gov,175643,Some-college,10,Married-civ-spouse,Prof-specialty,Husband,White,Male,0,0,50,United-States,>50K
40,Private,122041,Assoc-acdm,12,Married-civ-spouse,Sales,Husband,White,Male,0,0,40,United-States,>50K
41,Private,99665,9th,5,Married-civ-spouse,Tech-support,Wife,White,Female,0,0,80,United-States,<=50K
49,Private,79870,Prof-school,15,Married-civ-spouse,Prof-specialty,Husband,White,Male,0,0,60,United-States,>50K
37,Private,152909,Assoc-voc,11,Married-civ-spouse,Adm-clerical,Husband,White,Male,7688,0,40,United-States,>50K
53,Private,250034,Bachelors,13,Married-civ-spouse,Exec-managerial,Husband,Black,Male,0,0,50,United-States,>50K
43,Private,216867,Bachelors,13,Divorced,Adm-clerical,Unmarried,White,Female,0,0,40,Germany,<=50K
36,Local-gov,41356,Bachelors,13,Married-civ-spouse,Prof-specialty,Husband,White,Male,0,1887,40,United-States,>50K
31,Private,221095,Prof-school,15,Divorced,Tech-support,Not-in-family,White,Female,0,0,35,United-States,<=50K
40,Private,190747,Some-college,10,Divorced,Exec-managerial,Other-relative,Black,Female,0,0,55,United-States,<=50K
28,Private,175643,9th,5,Divorced,Prof-specialty,Not-in-family,Black,Female,0,0,40,United-States,<=50K
21,Private,277533,Some-college,10,Never-married,Sales,Other-relative,White,Female,0,0,40,United-States,<=50K
69,Self-emp-not-inc,149943,HS-grad,9,Married-civ-spouse,Farming-fishing,Husband,White,Male,0,0,40,United-States,<=50K
22,Private,258509,HS-grad,9,Never-married,Transport-moving,Own-child,Black,Male,0,0,24,United-States,<=50K
24,Private,263970,Bachelors,13,Never-married,Prof-specialty,Not-in-family,White,Female,0,0,40,United-States,<=50K
37,Private,53232,Prof-school,15,Never-married,Prof-specialty,Not-in-family,Asian-Pac-Islander,Female,0,0,55,United-States,>50K
55,Private,92215,HS-grad,9,Divorced,Adm-clerical,Not-in-family,White,Female,0,0,40,United-States,<=50K
51,Private,143058,Doctorate,16,Divorced,Craft-repair,Not-in-family,White,Female,4787,0,60,United-States,>50K
52,Private,104501,Some-college,10,Married-civ-spouse,Prof-specialty,Husband,White,Male,0,0,40,Germany,>50K
36,Private,234504,Some-college,10,Married-civ-spouse,Prof-specialty,Husband,White,Male,0,0,40,United-States,<=50K
40,Private,122206,Assoc-acdm,12,Married-civ-spouse,Sales,Husband,White,Male,0,0,40,United-States,>50K
23,Private,125461,Some-college,10,Never-married,Other-service,Not-in-family,Asian-Pac-Islander,Female,0,0,35,Vietnam,<=50K
32,Private,182189,HS-grad,9,Never-married,Craft-repair,Own-child,White,Male,0,0,40,United-States,<=50K
42,Self-emp-not-inc,200496,Prof-school,15,Never-married,Prof-specialty,Not-in-family,White,Male,0,0,38,United-States,<=50K
41,State-gov,100800,Masters,14,Divorced,Prof-specialty,Not-in-family,White,Male,0,0,35,United-States,<=50K
20,Private,179991,Some-college,10,Never-married,Sales,Own-child,White,Male,0,0,20,United-States,<=50K
68,Self-emp-not-inc,191517,Some-college,10,Widowed,Adm-clerical,Not-in-family,White,Male,0,0,40,United-States,<=50K
36,Private,496526,Bachelors,13,Married-civ-spouse,Prof-specialty,Husband,White,Male,0,0,50,United-States,>50K
54,Private,85374,HS-grad,9,Married-civ-spouse,Transport-moving,Husband,White,Male,0,0,40,United-States,>50K
45,Self-emp-not-inc,285885,HS-grad,9,Married-civ-spouse,Exec-managerial,Husband,Asian-Pac-Islander,Male,0,0,40,China,<=50K
36,Private,48121,HS-grad,9,Divorced,Machine-op-inspct,Unmarried,White,Male,0,0,40,United-States,<=50K
43,Private,137126,Some-college,10,Married-civ-spouse,Exec-managerial,Husband,White,Male,0,0,40,United-States,>50K
22,?,288992,Some-college,10,Never-married,?,Not-in-family,White,Male,0,0,15,United-States,<=50K
42,Self-emp-not-inc,126754,Bachelors,13,Divorced,Exec-managerial,Not-in-family,Other,Male,0,0,30,Iran,<=50K
57,Self-emp-not-inc,258121,Bachelors,13,Married-civ-spouse,Exec-managerial,Husband,White,Male,0,0,50,United-States,<=50K
29,Private,353263,HS-grad,9,Married-civ-spouse,Sales,Husband,White,Male,0,0,60,United-States,<=50K
61,Private,58115,Bachelors,13,Divorced,Adm-clerical,Not-in-family,White,Female,0,0,35,United-States,<=50K
54,Private,287988,10th,6,Divorced,Prof-specialty,Unmarried,White,Male,14344,0,68,United-States,>50K
26,Private,484024,10th,6,Never-married,Adm-clerical,Not-in-family,White,Female,2907,0,40,United-States,<=50K
27,Private,213226,Bachelors,13,Married-civ-spouse,Prof-specialty,Wife,White,Female,7298,0,45,England,>50K
41,Private,106159,HS-grad,9,Never-married,Machine-op-inspct,Own-child,White,Male,14344,0,48,United-States,>50K
90,Self-emp-not-inc,83601,Prof-school,15,Widowed,Prof-specialty,Not-in-family,White,Male,1086,0,60,United-States,<=50K
43,Private,136986,Some-college,10,Married-civ-spouse,Exec-managerial,Husband,White,Male,0,0,40,United-States,>50K
60,Self-emp-not-inc,205418,HS-grad,9,Never-married,Exec-managerial,Not-in-family,Black,Male,0,2559,50,United-States,>50K
45,Private,176810,HS-grad,9,Never-married,Other-service,Not-in-family,White,Female,0,0,40,El-Salvador,<=50K
24,State-gov,216010,Bachelors,13,Never-married,Tech-support,Not-in-family,White,Female,0,0,40,United-States,<=50K
37,Private,152744,Assoc-voc,11,Married-civ-spouse,Adm-clerical,Husband,White,Male,7688,0,40,United-States,>50K
44,Private,173704,Bachelors,13,Married-civ-spouse,Exec-managerial,Husband,White,Male,0,0,40,United-States,>50K
23,Private,216842,HS-grad,9,Never-married,Transport-moving,Own-child,White,Male,0,0,40,United-States,<=50K
65,Self-emp-not-inc,118605,11th,7,Married-civ-spouse,Exec-managerial,Husband,White,Male,9386,0,59,?,>50K
27,Private,236769,Bachelors,13,Never-married,Other-service,Not-in-family,White,Female,0,0,30,United-States,<=50K
47,Private,185397,10th,6,Married-civ-spouse,Machine-op-inspct,Husband,White,Male,0,0,40,United-States,>50K
54,Private,258121,HS-grad,9,Married-civ-spouse,Exec-managerial,Husband,White,Male,0,0,45,United-States,<=50K
50,Private,174592,Bachelors,13,Married-civ-spouse,Craft-repair,Husband,White,Male,0,1887,40,United-States,>50K
52,Self-emp-not-inc,448337,Some-college,10,Married-civ-spouse,Sales,Husband,White,Male,0,0,55,United-States,>50K
36,Self-emp-not-inc,206599,Bachelors,13,Never-married,Craft-repair,Own-child,White,Male,0,0,40,United-States,<=50K
24,Private,431513,HS-grad,9,Divorced,Machine-op-inspct,Not-in-family,White,Male,0,0,40,United-States,<=50K
45,Local-gov,372728,HS-grad,9,Married-civ-spouse,Transport-moving,Wife,White,Female,5178,0,40,United-States,>50K
22,State-gov,138513,Bachelors,13,Never-married,Prof-specialty,Not-in-family,White,Male,0,0,15,United-States,<=50K
31,Private,264722,HS-grad,9,Never-married,Adm-clerical,Not-in-family,White,Female,0,0,40,Germany,<=50K
17,Private,121874,11th,7,Never-married,Craft-repair,Own-child,White,Male,0,0,20,United-States,<=50K
41,Private,44728,7th-8th,4,Married-civ-spouse,Craft-repair,Husband,White,Male,0,0,40,?,<=50K
27,Private,167558,HS-grad,9,Never-married,Exec-managerial,Own-child,White,Male,0,0,40,United-States,<=50K
18,Self-emp-inc,37778,12th,8,Never-married,Farming-fishing,Own-child,White,Male,0,0,10,United-States,<=50K
28,Private,175232,Bachelors,13,Never-married,Adm-clerical,Not-in-family,White,Female,0,0,30,?,<=50K
34,Self-emp-inc,157184,HS-grad,9,Married-civ-spouse,Adm-clerical,Husband,White,Male,0,0,45,United-States,<=50K
19,Private,198068,7th-8th,4,Never-married,Other-service,Not-in-family,White,Female,0,0,40,United-States,<=50K
24,Private,433330,HS-grad,9,Divorced,Machine-op-inspct,Not-in-family,White,Male,0,0,40,United-States,<=50K
54,Private,216145,Masters,14,Married-civ-spouse,Exec-managerial,Husband,White,Male,0,1887,44,United-States,>50K
36,Private,172962,9th,5,Married-civ-spouse,Handlers-cleaners,Husband,White,Male,0,0,40,United-States,<=50K
30,Private,167558,HS-grad,9,Never-married,Sales,Unmarried,White,Female,0,0,35,Mexico,<=50K
42,Private,169853,Some-college,10,Married-civ-spouse,Prof-specialty,Husband,White,Male,0,0,45,United-States,<=50K
19,Private,240468,Some-college,10,Married-spouse-absent,Sales,Own-child,White,Female,0,1602,40,United-States,<=50K
38,Private,228860,HS-grad,9,Married-civ-spouse,Transport-moving,Husband,Other,Male,0,0,40,Puerto-Rico,<=50K
36,Private,172129,9th,5,Married-civ-spouse,Handlers-cleaners,Husband,White,Male,0,0,40,United-States,<=50K
39,Private,191807,5th-6th,3,Married-civ-spouse,Machine-op-inspct,Husband,White,Male,0,0,40,United-States,<=50K
31,Private,29658,Masters,14,Never-married,Prof-specialty,Not-in-family,White,Female,0,0,60,United-States,<=50K
45,Private,101656,10th,6,Never-married,Machine-op-inspct,Not-in-family,Asian-Pac-Islander,Male,0,0,40,Vietnam,<=50K
58,Private,132704,Bachelors,13,Divorced,Adm-clerical,Not-in-family,White,Male,3325,0,40,United-States,<=50K
33,Private,182926,HS-grad,9,Never-married,Sales,Not-in-family,White,Female,0,0,45,United-States,<=50K
23,Private,448337,Bachelors,13,Never-married,Exec-managerial,Not-in-family,White,Female,0,0,50,United-States,<=50K
29,Local-gov,151141,Masters,14,Never-married,Prof-specialty,Other-relative,Asian-Pac-Islander,Female,1506,0,40,United-States,<=50K
33,Private,118786,Bachelors,13,Never-married,Sales,Not-in-family,White,Male,0,1590,40,United-States,<=50K
32,Private,177211,HS-grad,9,Never-married,Craft-repair,Own-child,White,Male,0,0,40,United-States,<=50K
21,Private,277533,Some-college,10,Never-married,Sales,Other-relative,White,Female,0,0,40,United-States,<=50K
56,Private,399087,HS-grad,9,Widowed,Adm-clerical,Not-in-family,White,Female,0,0,40,United-States,<=50K
46,Private,187870,HS-grad,9,Divorced,Adm-clerical,Not-in-family,White,Female,0,0,40,United-States,<=50K
41,Private,125461,Some-college,10,Divorced,Craft-repair,Not-in-family,White,Male,0,0,40,United-States,>50K
48,Federal-gov,50567,Some-college,10,Married-spouse-absent,Exec-managerial,Not-in-family,White,Female,0,0,40,United-States,<=50K
19,Private,165918,Some-college,10,Never-married,Sales,Own-child,White,Female,0,0,20,United-States,<=50K
31,Private,37546,Bachelors,13,Never-married,Prof-specialty,Not-in-family,White,Female,0,0,40,United-States,<=50K
26,Private,195327,HS-grad,9,Never-married,Sales,Own-child,White,Male,0,0,40,United-States,<=50K
56,Private,75785,HS-grad,9,Married-civ-spouse,Exec-managerial,Husband,White,Male,0,0,40,United-States,>50K
38,State-gov,91670,Some-college,10,Divorced,Prof-specialty,Own-child,Asian-Pac-Islander,Female,0,0,40,United-States,<=50K
66,?,107112,7th-8th,4,Never-married,?,Other-relative,Black,Male,0,0,30,United-States,<=50K
38,Private,269015,HS-grad,9,Married-civ-spouse,Farming-fishing,Husband,White,Male,0,0,43,United-States,<=50K
33,Private,216145,HS-grad,9,Married-civ-spouse,Sales,Husband,White,Male,0,0,20,United-States,<=50K
57,Local-gov,342414,HS-grad,9,Divorced,Protective-serv,Not-in-family,White,Female,0,0,40,United-States,<=50K
23,Private,335997,Bachelors,13,Never-married,Prof-specialty,Not-in-family,White,Male,0,0,30,United-States,<=50K
55,Private,163921,HS-grad,9,Separated,Other-service,Not-in-family,White,Female,0,0,16,United-States,<=50K
55,Private,353881,7th-8th,4,Married-civ-spouse,Transport-moving,Husband,White,Male,0,0,50,United-States,<=50K
41,Private,240175,5th-6th,3,Married-civ-spouse,Farming-fishing,Husband,White,Male,0,0,40,Mexico,<=50K
23,Private,179681,Assoc-voc,11,Never-married,Adm-clerical,Own-child,White,Female,0,0,40,United-States,<=50K
24,Self-emp-not-inc,171928,Assoc-acdm,12,Never-married,Craft-repair,Own-child,White,Male,0,0,40,United-States,<=50K
67,?,274200,7th-8th,4,Married-civ-spouse,?,Husband,White,Male,0,0,40,United-States,<=50K
52,Private,29441,HS-grad,9,Married-civ-spouse,Adm-clerical,Husband,White,Male,0,0,40,United-States,<=50K
54,Private,88019,HS-grad,9,Divorced,Other-service,Unmarried,White,Male,0,0,32,United-States,<=50K
22,Private,162358,10th,6,Never-married,Sales,Own-child,White,Male,0,0,15,United-States,<=50K
52,State-gov,189834,HS-grad,9,Separated,Other-service,Not-in-family,White,Female,0,0,35,United-States,<=50K
63,Private,102412,HS-grad,9,Divorced,Sales,Not-in-family,White,Female,0,0,40,United-States,<=50K
37,Self-emp-not-inc,352882,HS-grad,9,Divorced,Exec-managerial,Not-in-family,Asian-Pac-Islander,Female,0,0,70,South,>50K
45,Federal-gov,109598,HS-grad,9,Never-married,Other-service,Not-in-family,Black,Female,0,0,40,United-States,<=50K
30,Private,113129,Some-college,10,Never-married,Other-service,Not-in-family,White,Male,0,0,24,United-States,<=50K
30,Private,144182,HS-grad,9,Never-married,Craft-repair,Not-in-family,White,Male,0,0,45,United-States,<=50K
20,Private,180039,Some-college,10,Never-married,Sales,Own-child,White,Male,0,0,20,United-States,<=50K
27,Private,204373,Some-college,10,Never-married,Adm-clerical,Not-in-family,Black,Female,0,0,40,United-States,<=50K
37,Private,44780,Assoc-acdm,12,Divorced,Exec-managerial,Not-in-family,White,Female,0,0,40,United-States,<=50K
43,Private,111483,Bachelors,13,Married-civ-spouse,Prof-specialty,Husband,White,Male,0,0,50,United-States,>50K
47,Private,140136,HS-grad,9,Married-civ-spouse,Exec-managerial,Husband,White,Male,0,0,40,United-States,>50K
37,Private,189528,Assoc-acdm,12,Divorced,Adm-clerical,Not-in-family,White,Female,0,1504,40,United-States,<=50K
37,Private,108366,Bachelors,13,Never-married,Transport-moving,Not-in-family,White,Male,0,0,46,United-States,<=50K
35,Private,215419,Some-college,10,Divorced,Adm-clerical,Not-in-family,White,Female,0,0,45,United-States,<=50K
37,Private,194630,HS-grad,9,Divorced,Craft-repair,Not-in-family,White,Male,0,0,50,United-States,<=50K
35,State-gov,28738,Bachelors,13,Never-married,Adm-clerical,Not-in-family,White,Female,4101,0,40,United-States,<=50K
42,Private,245317,HS-grad,9,Married-civ-spouse,Sales,Husband,White,Male,0,0,50,United-States,<=50K
49,State-gov,207513,HS-grad,9,Married-civ-spouse,Handlers-cleaners,Husband,White,Male,0,0,40,United-States,>50K
45,Federal-gov,126614,Masters,14,Married-civ-spouse,Prof-specialty,Husband,White,Male,0,0,45,United-States,>50K
20,Private,398067,Some-college,10,Never-married,Farming-fishing,Not-in-family,White,Female,0,0,40,United-States,<=50K
66,?,182460,7th-8th,4,Married-civ-spouse,?,Husband,White,Male,0,0,30,United-States,<=50K
37,Private,189528,Assoc-acdm,12,Divorced,Adm-clerical,Not-in-family,White,Female,0,1504,40,United-States,<=50K
25,Private,246974,Bachelors,13,Never-married,Sales,Not-in-family,White,Male,3325,0,48,United-States,<=50K
62,Private,171242,Some-college,10,Married-civ-spouse,Craft-repair,Husband,White,Male,0,0,45,United-States,<=50K
54,Private,82906,Assoc-acdm,12,Married-civ-spouse,Sales,Husband,White,Male,0,0,45,United-States,<=50K
31,Private,181200,HS-grad,9,Divorced,Adm-clerical,Unmarried,White,Female,0,0,35,United-States,<=50K
29,Private,244395,11th,7,Never-married,Other-service,Unmarried,Black,Female,0,0,40,United-States,<=50K
42,Private,201466,Bachelors,13,Married-civ-spouse,Exec-managerial,Husband,White,Male,0,0,45,United-States,>50K
58,Private,136986,Bachelors,13,Married-civ-spouse,Adm-clerical,Husband,Asian-Pac-Islander,Male,0,0,40,Philippines,<=50K
45,Federal-gov,126613,Masters,14,Married-civ-spouse,Prof-specialty,Husband,White,Male,0,0,45,United-States,>50K
33,Local-gov,172571,Bachelors,13,Married-civ-spouse,Adm-clerical,Husband,White,Male,0,1848,45,United-States,>50K
43,Local-gov,255621,Bachelors,13,Married-civ-spouse,Prof-specialty,Husband,White,Male,0,0,55,United-States,>50K
45,Private,24273,Bachelors,13,Married-civ-spouse,Exec-managerial,Husband,White,Male,0,0,60,United-States,>50K
47,Local-gov,128401,Doctorate,16,Never-married,Prof-specialty,Unmarried,White,Female,0,0,40,United-States,<=50K
36,State-gov,242391,HS-grad,9,Divorced,Adm-clerical,Own-child,Black,Female,0,0,40,United-States,<=50K
82,?,52537,Some-college,10,Widowed,?,Not-in-family,Amer-Indian-Eskimo,Male,0,0,3,United-States,<=50K
42,Self-emp-not-inc,200790,Prof-school,15,Never-married,Prof-specialty,Not-in-family,White,Male,0,0,38,United-States,<=50K
35,Private,187119,Assoc-voc,11,Married-civ-spouse,Exec-managerial,Wife,White,Female,0,0,42,United-States,>50K
43,Private,285885,Bachelors,13,Married-civ-spouse,Prof-specialty,Husband,White,Male,0,0,40,United-States,<=50K
40,Private,198668,Prof-school,15,Married-civ-spouse,Prof-specialty,Wife,White,Female,15024,0,30,United-States,>50K
27,Private,82242,Bachelors,13,Never-married,Exec-managerial,Other-relative,White,Male,0,0,45,Germany,<=50K
50,?,87263,HS-grad,9,Married-civ-spouse,?,Husband,White,Male,0,0,55,United-States,>50K
36,Private,310655,HS-grad,9,Married-civ-spouse,Machine-op-inspct,Husband,Black,Male,0,0,40,Haiti,<=50K
39,Private,191503,5th-6th,3,Married-civ-spouse,Machine-op-inspct,Husband,White,Male,0,0,40,United-States,<=50K
48,Private,175856,HS-grad,9,Married-civ-spouse,Other-service,Husband,White,Male,0,0,40,United-States,<=50K
42,Federal-gov,159442,Assoc-acdm,12,Divorced,Prof-specialty,Unmarried,Asian-Pac-Islander,Female,0,0,40,Philippines,>50K
50,Private,267989,HS-grad,9,Married-civ-spouse,Transport-moving,Husband,White,Male,7298,0,40,United-States,>50K
35,Private,342414,Some-college,10,Married-civ-spouse,Machine-op-inspct,Husband,White,Male,0,0,40,United-States,<=50K
82,Self-emp-not-inc,181912,HS-grad,9,Divorced,Exec-managerial,Not-in-family,White,Male,0,0,12,United-States,<=50K
50,Private,194690,HS-grad,9,Married-civ-spouse,Sales,Husband,White,Male,0,0,60,United-States,>50K
28,Federal-gov,364685,Some-college,10,Never-married,Adm-clerical,Not-in-family,White,Female,0,0,40,United-States,<=50K
37,Private,108836,Bachelors,13,Never-married,Transport-moving,Not-in-family,White,Male,0,0,46,United-States,<=50K
62,?,83439,7th-8th,4,Married-civ-spouse,?,Husband,White,Male,0,0,40,United-States,<=50K
49,State-gov,175232,Some-college,10,Married-civ-spouse,Prof-specialty,Husband,White,Male,0,0,50,United-States,>50K
37,Self-emp-not-inc,35305,HS-grad,9,Divorced,Exec-managerial,Not-in-family,Asian-Pac-Islander,Female,0,0,70,South,>50K
59,Private,194580,HS-grad,9,Married-civ-spouse,Farming-fishing,Husband,White,Male,0,0,48,United-States,<=50K
29,Private,36943,Some-college,10,Married-civ-spouse,Craft-repair,Husband,White,Male,0,0,40,United-States,<=50K
22,Private,259351,HS-grad,9,Never-married,Transport-moving,Own-child,Black,Male,0,0,24,United-States,<=50K
33,Private,250314,HS-grad,9,Married-civ-spouse,Machine-op-inspct,Husband,White,Male,0,0,48,United-States,<=50K
33,Federal-gov,138111,HS-grad,9,Never-married,Other-service,Not-in-family,White,Male,0,0,32,United-States,<=50K
32,Private,198668,Some-college,10,Divorced,Exec-managerial,Not-in-family,White,Female,0,0,38,United-States,<=50K
34,Private,354558,Bachelors,13,Married-civ-spouse,Sales,Husband,White,Male,0,0,40,United-States,<=50K
40,Self-emp-not-inc,76487,Bachelors,13,Never-married,Prof-specialty,Not-in-family,White,Male,0,0,50,United-States,<=50K
24,Self-emp-not-inc,171637,Assoc-acdm,12,Never-married,Craft-repair,Own-child,White,Male,0,0,40,United-States,<=50K
49,Self-emp-not-inc,339482,Masters,14,Married-civ-spouse,Exec-managerial,Husband,White,Male,5178,0,40,United-States,>50K
33,Private,34845,5th-6th,3,Married-spouse-absent,Transport-moving,Unmarried,Other,Male,0,0,20,El-Salvador,<=50K
33,Private,135312,Bachelors,13,Never-married,Prof-specialty,Not-in-family,White,Male,0,0,40,United-States,>50K
30,Private,175710,HS-grad,9,Married-civ-spouse,Craft-repair,Husband,White,Male,0,0,42,United-States,>50K
39,Private,358682,Assoc-acdm,12,Married-civ-spouse,Machine-op-inspct,Husband,White,Male,0,0,40,United-States,<=50K
56,Private,40293,HS-grad,9,Widowed,Adm-clerical,Not-in-family,White,Female,0,0,40,United-States,<=50K
34,Private,209609,10th,6,Never-married,Farming-fishing,Not-in-family,White,Male,0,0,40,United-States,<=50K
21,Self-emp-not-inc,317625,Some-college,10,Never-married,Other-service,Own-child,White,Male,0,0,30,United-States,<=50K
25,Private,235442,Bachelors,13,Never-married,Exec-managerial,Own-child,White,Female,0,0,40,United-States,<=50K
28,Private,56630,Some-college,10,Never-married,Craft-repair,Not-in-family,Black,Male,0,0,40,United-States,<=50K
63,Private,255621,Assoc-voc,11,Divorced,Other-service,Not-in-family,White,Female,0,0,20,United-States,<=50K
50,?,87263,HS-grad,9,Married-civ-spouse,?,Husband,White,Male,0,0,55,United-States,>50K
59,Self-emp-not-inc,191243,10th,6,Married-civ-spouse,Exec-managerial,Husband,White,Male,0,0,36,United-States,<=50K
50,Private,155594,Assoc-acdm,12,Married-civ-spouse,Machine-op-inspct,Husband,White,Male,0,0,50,United-States,>50K
31,Private,376540,Bachelors,13,Never-married,Prof-specialty,Not-in-family,White,Female,0,0,40,United-States,<=50K
66,Local-gov,222289,Some-college,10,Divorced,Other-service,Other-relative,White,Female,7896,0,40,?,>50K
51,Private,163687,Bachelors,13,Married-civ-spouse,Transport-moving,Husband,White,Male,0,0,56,United-States,>50K
37,Private,108366,Bachelors,13,Never-married,Transport-moving,Not-in-family,White,Male,0,0,46,United-States,<=50K
51,Private,162358,Bachelors,13,Married-civ-spouse,Transport-moving,Husband,White,Male,0,0,56,United-States,>50K
40,Private,213019,HS-grad,9,Divorced,Sales,Unmarried,White,Female,0,0,30,United-States,<=50K
43,Self-emp-not-inc,160029,Some-college,10,Never-married,Sales,Not-in-family,White,Male,0,0,65,United-States,<=50K
45,Local-gov,374450,HS-grad,9,Married-civ-spouse,Transport-moving,Wife,White,Female,5178,0,40,United-States,>50K
49,Self-emp-not-inc,173411,HS-grad,9,Divorced,Sales,Not-in-family,White,Male,0,0,40,United-States,<=50K
47,State-gov,55272,Some-college,10,Married-civ-spouse,Craft-repair,Husband,White,Male,0,0,40,United-States,>50K
30,Private,174592,Some-college,10,Never-married,Craft-repair,Own-child,White,Male,0,0,40,United-States,<=50K
37,Private,21798,HS-grad,9,Married-civ-spouse,Craft-repair,Husband,White,Male,0,0,45,United-States,>50K
48,Local-gov,69739,Masters,14,Married-civ-spouse,Prof-specialty,Husband,White,Male,7688,0,50,United-States,>50K
25,Private,34292,HS-grad,9,Married-civ-spouse,Other-service,Husband,White,Male,0,0,50,Mexico,<=50K
19,?,476558,Some-college,10,Never-married,?,Own-child,White,Female,0,0,40,United-States,<=50K
37,Private,21798,HS-grad,9,Married-civ-spouse,Craft-repair,Husband,White,Male,0,0,45,United-States,>50K
23,Private,335997,Bachelors,13,Never-married,Prof-specialty,Not-in-family,White,Male,0,0,30,United-States,<=50K
30,Private,136413,5th-6th,3,Married-civ-spouse,Craft-repair,Husband,White,Male,0,0,40,Mexico,<=50K
26,Self-emp-not-inc,110279,Some-college,10,Separated,Craft-repair,Not-in-family,White,Male,0,0,30,United-States,<=50K
61,Private,87032,HS-grad,9,Widowed,Adm-clerical,Not-in-family,White,Female,0,0,40,United-States,<=50K
26,Private,216145,HS-grad,9,Separated,Exec-managerial,Own-child,White,Female,0,0,40,United-States,<=50K
55,Private,355320,7th-8th,4,Married-civ-spouse,Transport-moving,Husband,White,Male,0,0,50,United-States,<=50K
33,Private,159589,7th-8th,4,Married-civ-spouse,Adm-clerical,Husband,White,Male,0,0,45,United-States,<=50K
35,Private,190027,Some-college,10,Never-married,Exec-managerial,Not-in-family,White,Female,0,0,40,United-States,<=50K
29,Private,228860,Some-college,10,Married-civ-spouse,Exec-managerial,Husband,White,Male,0,1887,50,United-States,>50K
46,State-gov,102628,Masters,14,Widowed,Protective-serv,Unmarried,White,Male,0,0,40,United-States,<=50K
42,Federal-gov,340880,Bachelors,13,Married-civ-spouse,Exec-managerial,Husband,White,Male,7298,0,50,United-States,>50K
18,?,91670,Some-college,10,Never-married,?,Own-child,Asian-Pac-Islander,Female,0,0,40,United-States,<=50K
31,Private,98639,HS-grad,9,Never-married,Craft-repair,Unmarried,White,Male,0,0,40,United-States,<=50K
50,State-gov,247806,HS-grad,9,Married-civ-spouse,Handlers-cleaners,Husband,White,Male,0,0,40,United-States,<=50K
73,Private,187581,Some-college,10,Married-civ-spouse,Protective-serv,Husband,White,Male,0,0,40,United-States,<=50K
55,?,226500,Assoc-acdm,12,Married-spouse-absent,?,Not-in-family,White,Female,0,0,5,United-States,<=50K
41,Private,85109,Assoc-voc,11,Divorced,Prof-specialty,Unmarried,White,Female,3908,0,40,United-States,<=50K
29,Private,187693,HS-grad,9,Divorced,Farming-fishing,Not-in-family,White,Male,0,0,40,United-States,<=50K
27,Private,204816,HS-grad,9,Never-married,Adm-clerical,Not-in-family,White,Female,0,0,40,United-States,<=50K
65,Private,472604,HS-grad,9,Widowed,Adm-clerical,Not-in-family,White,Female,0,0,22,United-States,<=50K
46,Private,118681,HS-grad,9,Married-civ-spouse,Craft-repair,Husband,White,Male,7298,0,40,United-States,>50K
41,Private,132704,HS-grad,9,Divorced,Sales,Unmarried,Black,Female,0,0,38,United-States,<=50K
38,Private,228860,HS-grad,9,Married-civ-spouse,Transport-moving,Husband,Other,Male,0,0,40,Puerto-Rico,<=50K
35,?,374716,9th,5,Married-civ-spouse,?,Wife,White,Female,0,0,35,United-States,<=50K
48,Private,85341,HS-grad,9,Married-civ-spouse,Craft-repair,Husband,White,Male,0,0,40,United-States,<=50K
35,Private,209609,HS-grad,9,Married-civ-spouse,Transport-moving,Husband,White,Male,0,0,60,United-States,<=50K
35,Local-gov,72338,HS-grad,9,Divorced,Farming-fishing,Own-child,Asian-Pac-Islander,Male,0,0,56,United-States,<=50K
44,Private,321865,HS-grad,9,Separated,Machine-op-inspct,Own-child,Black,Male,0,0,40,United-States,<=50K
19,?,307837,Some-college,10,Never-married,?,Own-child,White,Male,0,0,40,United-States,<=50K
47,Private,146497,Some-college,10,Separated,Adm-clerical,Unmarried,White,Female,0,0,16,Germany,<=50K
44,Private,158926,HS-grad,9,Divorced,Sales,Own-child,White,Male,0,0,38,United-States,<=50K
54,Self-emp-inc,166416,Prof-school,15,Married-civ-spouse,Prof-specialty,Husband,White,Male,99999,0,60,United-States,>50K
35,Private,230054,7th-8th,4,Married-civ-spouse,Machine-op-inspct,Husband,White,Male,0,0,40,Mexico,<=50K
55,Private,84774,HS-grad,9,Married-civ-spouse,Priv-house-serv,Wife,White,Female,0,0,30,United-States,<=50K
64,Local-gov,115792,Masters,14,Married-civ-spouse,Prof-specialty,Husband,White,Male,0,0,25,United-States,<=50K
37,Private,175759,Bachelors,13,Married-civ-spouse,Tech-support,Husband,White,Male,0,0,40,United-States,>50K
66,Self-emp-inc,198068,Bachelors,13,Married-civ-spouse,Exec-managerial,Husband,White,Male,0,0,40,United-States,>50K
59,Self-emp-not-inc,114760,Some-college,10,Married-civ-spouse,Craft-repair,Husband,White,Male,0,0,20,United-States,>50K
71,Self-emp-not-inc,321865,HS-grad,9,Married-civ-spouse,Farming-fishing,Husband,Amer-Indian-Eskimo,Male,0,0,35,United-States,<=50K
41,Private,352812,Some-college,10,Married-civ-spouse,Exec-managerial,Wife,White,Female,0,1902,40,United-States,>50K
34,Private,29974,Bachelors,13,Married-civ-spouse,Sales,Husband,White,Male,0,0,50,United-States,>50K
38,Private,27037,HS-grad,9,Married-civ-spouse,Farming-fishing,Husband,White,Male,0,0,43,United-States,<=50K
55,Private,84774,HS-grad,9,Married-civ-spouse,Priv-house-serv,Wife,White,Female,0,0,30,United-States,<=50K
46,Federal-gov,55237,Some-college,10,Divorced,Machine-op-inspct,Unmarried,White,Male,0,0,40,United-States,<=50K
69,Self-emp-inc,106395,HS-grad,9,Married-civ-spouse,Other-service,Husband,White,Male,0,0,40,United-States,>50K
38,Private,228686,HS-grad,9,Married-civ-spouse,Transport-moving,Husband,Other,Male,0,0,40,Puerto-Rico,<=50K
35,Private,89508,HS-grad,9,Married-civ-spouse,Transport-moving,Husband,White,Male,0,0,50,United-States,>50K
37,Private,105803,HS-grad,9,Married-civ-spouse,Handlers-cleaners,Husband,White,Male,0,0,40,United-States,<=50K
51,Private,163687,Bachelors,13,Married-civ-spouse,Transport-moving,Husband,White,Male,0,0,56,United-States,>50K
41,Local-gov,52498,Some-college,10,Divorced,Adm-clerical,Unmarried,White,Female,0,0,40,United-States,<=50K
47,Private,205903,HS-grad,9,Married-civ-spouse,Craft-repair,Husband,White,Male,0,0,56,United-States,>50K
46,Private,188293,HS-grad,9,Divorced,Adm-clerical,Not-in-family,White,Female,0,0,40,United-States,<=50K
44,Private,144778,Some-college,10,Separated,Exec-managerial,Not-in-family,White,Male,0,0,45,United-States,>50K
34,Local-gov,145175,Preschool,1,Never-married,Adm-clerical,Own-child,Black,Female,0,0,25,United-States,<=50K
33,Private,34037,HS-grad,9,Married-civ-spouse,Craft-repair,Husband,White,Male,0,0,40,United-States,<=50K
62,Private,360032,10th,6,Divorced,Sales,Not-in-family,White,Female,0,0,35,United-States,<=50K
38,Private,226443,HS-grad,9,Married-civ-spouse,Craft-repair,Husband,White,Male,0,0,40,United-States,<=50K
52,Private,112873,Some-college,10,Widowed,Sales,Not-in-family,White,Female,0,0,40,United-States,<=50K
68,Self-emp-not-inc,191517,Some-college,10,Widowed,Adm-clerical,Not-in-family,White,Male,0,0,40,United-States,<=50K
42,Federal-gov,341643,Bachelors,13,Married-civ-spouse,Exec-managerial,Husband,White,Male,7298,0,50,United-States,>50K
25,Private,208358,7th-8th,4,Married-civ-spouse,Handlers-cleaners,Husband,White,Male,0,0,40,Mexico,<=50K
52,Federal-gov,29020,Bachelors,13,Married-civ-spouse,Prof-specialty,Husband,White,Male,0,0,40,United-States,>50K
36,Private,189528,Some-college,10,Separated,Other-service,Other-relative,Black,Female,0,0,40,United-States,<=50K
18,Private,141332,11th,7,Never-married,Sales,Own-child,Black,Male,0,0,8,United-States,<=50K
23,Private,166517,HS-grad,9,Married-civ-spouse,Adm-clerical,Husband,White,Male,0,0,40,United-States,<=50K
42,Private,183200,Masters,14,Married-civ-spouse,Prof-specialty,Wife,White,Female,0,0,45,United-States,>50K
42,Private,183241,Masters,14,Married-civ-spouse,Prof-specialty,Wife,White,Female,0,0,45,United-States,>50K
80,Self-emp-not-inc,200960,HS-grad,9,Married-civ-spouse,Other-service,Husband,White,Male,0,0,30,United-States,<=50K
40,Private,187052,Bachelors,13,Married-civ-spouse,Prof-specialty,Husband,White,Male,0,0,40,United-States,<=50K
54,Self-emp-inc,166459,Prof-school,15,Married-civ-spouse,Prof-specialty,Husband,White,Male,99999,0,60,United-States,>50K
30,Private,113129,Some-college,10,Never-married,Other-service,Not-in-family,White,Male,0,0,24,United-States,<=50K
24,Private,117779,Bachelors,13,Never-married,Exec-managerial,Own-child,White,Female,0,0,40,United-States,<=50K
34,Private,145231,HS-grad,9,Married-civ-spouse,Adm-clerical,Wife,White,Female,4064,0,35,United-States,<=50K
26,Private,299324,Prof-school,15,Never-married,Prof-specialty,Not-in-family,White,Male,0,0,40,United-States,>50K
17,Private,164938,11th,7,Never-married,Handlers-cleaners,Own-child,White,Male,0,0,20,Peru,<=50K
60,Self-emp-not-inc,88570,Assoc-voc,11,Married-civ-spouse,Transport-moving,Wife,White,Female,0,0,15,Germany,>50K
53,Private,137618,Bachelors,13,Divorced,Exec-managerial,Unmarried,Asian-Pac-Islander,Male,0,0,50,United-States,<=50K
22,Private,228686,Some-college,10,Never-married,Protective-serv,Own-child,White,Male,0,0,40,United-States,<=50K
27,Private,199698,Some-college,10,Never-married,Adm-clerical,Own-child,White,Female,0,0,40,Mexico,<=50K
40,Private,199698,Bachelors,13,Separated,Sales,Not-in-family,White,Male,0,0,40,United-States,<=50K
34,Private,135312,Masters,14,Married-civ-spouse,Prof-specialty,Husband,White,Male,7688,0,55,United-States,>50K
59,Private,52636,Some-college,10,Married-civ-spouse,Craft-repair,Husband,White,Male,0,1887,55,United-States,>50K
82,?,29488,7th-8th,4,Widowed,?,Not-in-family,White,Male,0,0,5,United-States,<=50K
34,Private,112847,Bachelors,13,Never-married,Exec-managerial,Other-relative,White,Male,0,0,40,United-States,<=50K
56,Private,157614,Bachelors,13,Married-civ-spouse,Exec-managerial,Husband,White,Male,0,1902,55,United-States,>50K
25,Self-emp-not-inc,113948,Assoc-voc,11,Married-civ-spouse,Other-service,Wife,White,Female,0,0,45,United-States,<=50K
35,Private,169995,Some-college,10,Married-civ-spouse,Tech-support,Husband,White,Male,0,0,40,United-States,>50K
32,Private,235124,Assoc-voc,11,Divorced,Prof-specialty,Not-in-family,White,Male,0,0,40,United-States,<=50K
30,State-gov,45796,Some-college,10,Never-married,Adm-clerical,Not-in-family,White,Female,0,0,40,United-States,<=50K
53,Local-gov,204373,HS-grad,9,Married-civ-spouse,Exec-managerial,Husband,White,Male,0,0,60,United-States,<=50K
51,State-gov,94174,Some-college,10,Divorced,Adm-clerical,Unmarried,White,Female,0,0,35,United-States,<=50K
31,Private,277533,HS-grad,9,Never-married,Craft-repair,Unmarried,White,Male,0,0,40,United-States,<=50K
42,Private,335067,Some-college,10,Divorced,Adm-clerical,Not-in-family,Black,Female,0,0,40,United-States,<=50K
35,Private,187089,Some-college,10,Divorced,Exec-managerial,Not-in-family,White,Female,0,0,70,United-States,<=50K
18,Self-emp-inc,377017,12th,8,Never-married,Farming-fishing,Own-child,White,Male,0,0,10,United-States,<=50K
54,Private,258121,HS-grad,9,Married-civ-spouse,Exec-managerial,Husband,White,Male,0,0,45,United-States,<=50K
56,Private,102106,HS-grad,9,Married-civ-spouse,Handlers-cleaners,Husband,White,Male,0,0,40,United-States,<=50K
25,Private,67716,10th,6,Never-married,Machine-op-inspct,Own-child,White,Male,0,0,40,United-States,<=50K
54,Self-emp-inc,166517,Prof-school,15,Married-civ-spouse,Prof-specialty,Husband,White,Male,99999,0,60,United-States,>50K
42,Private,204387,Assoc-voc,11,Separated,Sales,Unmarried,Black,Female,0,0,25,United-States,<=50K
66,Self-emp-not-inc,340880,HS-grad,9,Married-civ-spouse,Transport-moving,Husband,White,Male,0,0,50,United-States,>50K
51,State-gov,94174,Some-college,10,Divorced,Adm-clerical,Unmarried,White,Female,0,0,35,United-States,<=50K
24,Private,261062,Bachelors,13,Never-married,Prof-specialty,Not-in-family,White,Female,0,0,40,United-States,<=50K
37,Self-emp-not-inc,183470,HS-grad,9,Married-civ-spouse,Prof-specialty,Husband,White,Male,3137,0,30,United-States,<=50K
45,Private,185397,Assoc-acdm,12,Divorced,Craft-repair,Not-in-family,White,Male,0,0,40,United-States,<=50K
42,Private,183319,HS-grad,9,Divorced,Craft-repair,Not-in-family,White,Male,0,0,43,United-States,>50K
18,Self-emp-not-inc,399087,HS-grad,9,Never-married,Farming-fishing,Other-relative,White,Male,0,0,40,United-States,<=50K
36,State-gov,77146,Masters,14,Never-married,Prof-specialty,Not-in-family,White,Male,0,0,40,United-States,<=50K
17,Private,121874,11th,7,Never-married,Craft-repair,Own-child,White,Male,0,0,20,United-States,<=50K
24,Private,117789,Bachelors,13,Never-married,Exec-managerial,Own-child,White,Female,0,0,40,United-States,<=50K
37,Private,290856,HS-grad,9,Divorced,Machine-op-inspct,Not-in-family,White,Male,0,0,40,United-States,<=50K
51,Self-emp-inc,228860,Assoc-voc,11,Never-married,Adm-clerical,Own-child,White,Female,0,0,40,United-States,<=50K
48,Private,152953,7th-8th,4,Married-civ-spouse,Craft-repair,Husband,White,Male,0,0,32,Dominican-Republic,<=50K
66,Local-gov,261677,Masters,14,Widowed,Prof-specialty,Not-in-family,White,Female,0,0,40,United-States,<=50K
41,Local-gov,65038,Some-college,10,Married-civ-spouse,Transport-moving,Wife,White,Female,0,0,25,United-States,<=50K
34,Private,301251,Bachelors,13,Married-civ-spouse,Sales,Husband,White,Male,0,0,50,United-States,>50K
67,Private,221336,HS-grad,9,Divorced,Adm-clerical,Not-in-family,White,Female,0,0,15,United-States,<=50K
26,State-gov,29441,HS-grad,9,Married-civ-spouse,Protective-serv,Husband,White,Male,0,0,38,United-States,<=50K
54,Private,85423,HS-grad,9,Married-civ-spouse,Transport-moving,Husband,White,Male,0,0,40,United-States,>50K
62,?,83413,7th-8th,4,Married-civ-spouse,?,Husband,White,Male,0,0,40,United-States,<=50K
57,Private,48121,HS-grad,9,Married-civ-spouse,Transport-moving,Husband,White,Male,0,0,40,United-States,<=50K
25,Private,207120,7th-8th,4,Married-civ-spouse,Handlers-cleaners,Husband,White,Male,0,0,40,Mexico,<=50K
61,Local-gov,150025,HS-grad,9,Widowed,Adm-clerical,Not-in-family,White,Female,0,0,40,United-States,<=50K
80,Self-emp-not-inc,200818,HS-grad,9,Married-civ-spouse,Other-service,Husband,White,Male,0,0,30,United-States,<=50K
24,Private,117802,Bachelors,13,Never-married,Exec-managerial,Own-child,White,Female,0,0,40,United-States,<=50K
40,Private,143058,HS-grad,9,Married-civ-spouse,Machine-op-inspct,Husband,White,Male,0,0,40,United-States,<=50K
53,Local-gov,207120,HS-grad,9,Married-civ-spouse,Exec-managerial,Husband,Amer-Indian-Eskimo,Male,0,0,48,United-States,<=50K
17,Private,217647,11th,7,Never-married,Sales,Own-child,White,Female,0,0,20,United-States,<=50K
19,Private,220426,Some-college,10,Never-married,Farming-fishing,Own-child,White,Male,0,0,50,United-States,<=50K
40,Private,39477,Assoc-voc,11,Never-married,Prof-specialty,Not-in-family,White,Female,0,0,50,United-States,<=50K
21,Private,304960,Some-college,10,Never-married,Exec-managerial,Not-in-family,White,Female,0,0,38,United-States,<=50K
34,Self-emp-not-inc,290856,Some-college,10,Married-civ-spouse,Craft-repair,Husband,White,Male,0,0,55,United-States,>50K
20,Private,39477,Some-college,10,Never-married,Farming-fishing,Not-in-family,White,Female,0,0,40,United-States,<=50K
30,Private,113176,Some-college,10,Never-married,Other-service,Not-in-family,White,Male,0,0,24,United-States,<=50K
31,Private,180985,HS-grad,9,Divorced,Adm-clerical,Unmarried,White,Female,0,0,35,United-States,<=50K
36,Private,157184,HS-grad,9,Married-civ-spouse,Craft-repair,Husband,Other,Male,0,0,40,United-States,>50K
48,Private,85341,HS-grad,9,Married-civ-spouse,Craft-repair,Husband,White,Male,0,0,40,United-States,<=50K
34,Private,209900,10th,6,Never-married,Farming-fishing,Not-in-family,White,Male,0,0,40,United-States,<=50K
42,Private,204470,Assoc-voc,11,Separated,Sales,Unmarried,Black,Female,0,0,25,United-States,<=50K
32,Private,216010,Some-college,10,Never-married,Craft-repair,Not-in-family,White,Male,4650,0,45,United-States,<=50K
47,Private,314659,Some-college,10,Divorced,Machine-op-inspct,Not-in-family,Black,Male,0,0,40,United-States,<=50K
62,?,83439,7th-8th,4,Married-civ-spouse,?,Husband,White,Male,0,0,40,United-States,<=50K
28,Private,48121,Bachelors,13,Never-married,Adm-clerical,Not-in-family,White,Female,0,0,40,United-States,<=50K
42,Private,340755,Doctorate,16,Never-married,Prof-specialty,Not-in-family,White,Male,0,0,50,United-States,<=50K
48,Federal-gov,94342,Bachelors,13,Divorced,Exec-managerial,Not-in-family,White,Male,0,0,45,United-States,<=50K
60,Private,240842,HS-grad,9,Married-civ-spouse,Machine-op-inspct,Husband,Black,Male,0,0,40,United-States,<=50K
44,Private,184466,Masters,14,Married-civ-spouse,Prof-specialty,Husband,White,Male,0,0,40,United-States,<=50K
51,Self-emp-not-inc,173411,Bachelors,13,Married-civ-spouse,Sales,Husband,White,Male,0,0,8,United-States,<=50K
43,Private,216145,Bachelors,13,Divorced,Adm-clerical,Unmarried,White,Female,0,0,40,Germany,<=50K
63,Private,102412,HS-grad,9,Divorced,Sales,Not-in-family,White,Female,0,0,40,United-States,<=50K
35,Private,115792,Bachelors,13,Married-civ-spouse,Prof-specialty,Husband,White,Male,0,0,55,United-States,<=50K
34,Private,134367,Masters,14,Married-civ-spouse,Prof-specialty,Husband,White,Male,7688,0,55,United-States,>50K
69,?,628797,Some-college,10,Widowed,?,Not-in-family,White,Female,0,0,20,United-States,<=50K
39,Private,224566,Assoc-voc,11,Married-civ-spouse,Adm-clerical,Husband,White,Male,0,0,40,Cuba,<=50K
22,?,287372,Some-college,10,Never-married,?,Not-in-family,White,Male,0,0,15,United-States,<=50K
53,Local-gov,204397,HS-grad,9,Married-civ-spouse,Exec-managerial,Husband,White,Male,0,0,60,United-States,<=50K
56,Private,75619,HS-grad,9,Married-civ-spouse,Exec-managerial,Husband,White,Male,0,0,40,United-States,>50K
51,Private,163921,Bachelors,13,Married-civ-spouse,Transport-moving,Husband,White,Male,0,0,56,United-States,>50K
44,Self-emp-not-inc,235124,HS-grad,9,Married-civ-spouse,Sales,Wife,White,Female,0,0,40,United-States,>50K
25,Private,37088,Bachelors,13,Never-married,Other-service,Not-in-family,Black,Female,0,0,24,Jamaica,<=50K
42,Federal-gov,34218,Bachelors,13,Married-civ-spouse,Exec-managerial,Husband,White,Male,7298,0,50,United-States,>50K
19,Private,119529,Some-college,10,Never-married,Other-service,Own-child,White,Female,0,0,15,United-States,<=50K
29,Local-gov,152909,Masters,14,Never-married,Prof-specialty,Other-relative,Asian-Pac-Islander,Female,1506,0,40,United-States,<=50K
62,State-gov,263970,Bachelors,13,Divorced,Prof-specialty,Not-in-family,White,Male,0,0,40,United-States,<=50K
35,Local-gov,116825,Masters,14,Married-civ-spouse,Prof-specialty,Husband,White,Male,0,1887,40,United-States,>50K
46,State-gov,102628,Masters,14,Widowed,Protective-serv,Unmarried,White,Male,0,0,40,United-States,<=50K
45,Private,213226,Doctorate,2,Married-civ-spouse,Prof-specialty,Husband,White,Male,0,0,50,United-States,>50K
54,Private,216385,Masters,14,Married-civ-spouse,Exec-managerial,Husband,White,Male,0,1887,44,United-States,>50K
44,Private,184466,Masters,14,Married-civ-spouse,Prof-specialty,Husband,White,Male,0,0,40,United-States,<=50K
36,Private,48718,HS-grad,9,Divorced,Machine-op-inspct,Unmarried,White,Male,0,0,40,United-States,<=50K
34,State-gov,240810,HS-grad,9,Divorced,Transport-moving,Unmarried,White,Female,0,0,40,United-States,<=50K
50,Private,174655,Some-college,10,Married-civ-spouse,Sales,Husband,White,Male,0,0,45,United-States,>50K
17,Private,125461,10th,6,Never-married,Sales,Own-child,White,Female,0,0,22,United-States,<=50K
25,Private,37088,Assoc-acdm,12,Divorced,Other-service,Not-in-family,White,Female,0,0,32,United-States,<=50K
33,Federal-gov,138111,HS-grad,9,Never-married,Other-service,Not-in-family,White,Male,0,0,32,United-States,<=50K
26,Private,194740,HS-grad,9,Never-married,Sales,Own-child,White,Male,0,0,40,United-States,<=50K
24,Private,117789,Bachelors,13,Never-married,Exec-managerial,Own-child,White,Female,0,0,40,United-States,<=50K
63,Private,255621,Assoc-voc,11,Divorced,Other-service,Not-in-family,White,Female,0,0,20,United-States,<=50K
37,Private,175109,Masters,14,Divorced,Exec-managerial,Unmarried,White,Male,0,0,60,United-States,>50K
20,Private,219835,Some-college,10,Never-married,Sales,Own-child,White,Male,0,0,30,?,<=50K
31,Private,210574,HS-grad,9,Married-civ-spouse,Transport-moving,Husband,White,Male,0,0,65,United-States,<=50K
40,Self-emp-not-inc,76317,Bachelors,13,Never-married,Prof-specialty,Not-in-family,White,Male,0,0,50,United-States,<=50K
71,Private,244688,7th-8th,4,Married-civ-spouse,Transport-moving,Husband,White,Male,6514,0,40,United-States,>50K
23,Private,134367,Assoc-voc,11,Never-married,Adm-clerical,Unmarried,White,Female,0,0,40,United-States,<=50K
59,Private,194580,HS-grad,9,Married-civ-spouse,Farming-fishing,Husband,White,Male,0,0,48,United-States,<=50K
31,Private,363130,Some-college,10,Married-civ-spouse,Exec-managerial,Husband,Black,Male,0,0,40,United-States,>50K
33,Private,149507,HS-grad,9,Married-civ-spouse,Sales,Husband,White,Male,0,0,40,United-States,>50K
28,Private,50163,HS-grad,9,Never-married,Adm-clerical,Not-in-family,White,Female,0,0,40,United-States,<=50K
47,Self-emp-not-inc,117310,HS-grad,9,Never-married,Other-service,Not-in-family,White,Female,0,1876,48,United-States,<=50K
41,Private,289669,HS-grad,9,Widowed,Machine-op-inspct,Not-in-family,White,Female,0,0,40,United-States,<=50K
48,Local-gov,67716,Masters,14,Married-civ-spouse,Prof-specialty,Husband,White,Male,7688,0,50,United-States,>50K
35,Private,101073,Some-college,10,Married-civ-spouse,Transport-moving,Husband,White,Male,0,0,45,United-States,>50K
35,Private,215047,Some-college,10,Divorced,Adm-clerical,Not-in-family,White,Female,0,0,45,United-States,<=50K
45,Local-gov,233891,HS-grad,9,Divorced,Adm-clerical,Unmarried,White,Female,0,0,35,United-States,<=50K
77,Self-emp-not-inc,138714,Some-college,10,Married-civ-spouse,Sales,Husband,White,Male,0,0,40,United-States,<=50K
18,Self-emp-not-inc,403911,HS-grad,9,Never-married,Farming-fishing,Other-relative,White,Male,0,0,40,United-States,<=50K
38,Private,93140,HS-grad,9,Separated,Machine-op-inspct,Unmarried,Black,Female,0,0,28,United-States,<=50K
58,Self-emp-not-inc,144182,HS-grad,9,Married-civ-spouse,Sales,Husband,White,Male,0,0,72,United-States,>50K
34,Private,159442,HS-grad,9,Never-married,Prof-specialty,Not-in-family,White,Female,0,0,30,United-States,<=50K
26,Self-emp-not-inc,331861,Bachelors,13,Never-married,Sales,Not-in-family,White,Male,0,0,60,United-States,>50K
45,Private,213225,Doctorate,16,Married-civ-spouse,Prof-specialty,Husband,White,Male,0,0,50,United-States,>50K
59,Private,450580,Some-college,10,Married-civ-spouse,Prof-specialty,Husband,White,Male,0,0,36,United-States,>50K
23,Private,46746,Bachelors,13,Never-married,Exec-managerial,Not-in-family,White,Female,0,0,50,United-States,<=50K
55,Private,530099,Bachelors,13,Married-civ-spouse,Sales,Husband,White,Male,0,0,15,United-States,>50K
37,Self-emp-not-inc,150993,11th,7,Married-civ-spouse,Transport-moving,Husband,White,Male,0,0,45,United-States,<=50K
29,Private,372728,Some-college,10,Married-civ-spouse,Craft-repair,Husband,White,Male,0,0,40,United-States,<=50K
32,Private,159442,HS-grad,9,Never-married,Handlers-cleaners,Own-child,White,Male,0,0,50,United-States,<=50K
34,Private,118474,Assoc-acdm,12,Married-civ-spouse,Prof-specialty,Husband,White,Male,0,0,55,United-States,<=50K
19,Private,198668,7th-8th,4,Never-married,Other-service,Not-in-family,White,Female,0,0,40,United-States,<=50K
69,Self-emp-inc,265201,Assoc-acdm,12,Married-civ-spouse,Sales,Husband,White,Male,0,0,40,United-States,>50K
42,Private,328239,Some-college,10,Never-married,Other-service,Not-in-family,White,Male,0,0,40,United-States,<=50K
24,?,32616,Bachelors,13,Divorced,?,Not-in-family,White,Female,0,0,40,United-States,<=50K
56,Private,140136,Some-college,10,Married-civ-spouse,Transport-moving,Husband,Black,Male,0,0,35,United-States,>50K
25,Private,188507,7th-8th,4,Never-married,Machine-op-inspct,Other-relative,White,Female,0,0,40,Dominican-Republic,<=50K
27,Private,258509,5th-6th,3,Never-married,Transport-moving,Not-in-family,White,Male,0,0,40,Mexico,<=50K
36,Private,279129,Assoc-acdm,12,Never-married,Tech-support,Unmarried,White,Female,0,0,45,United-States,<=50K
50,Private,174806,Some-college,10,Married-civ-spouse,Sales,Husband,White,Male,0,0,45,United-States,>50K
43,Private,290856,Bachelors,13,Married-civ-spouse,Sales,Husband,White,Male,0,0,40,United-States,>50K
21,?,105312,HS-grad,9,Never-married,?,Not-in-family,White,Female,0,0,20,United-States,<=50K
34,Private,318865,HS-grad,9,Never-married,Other-service,Not-in-family,White,Female,0,0,28,United-States,<=50K
42,State-gov,199763,Bachelors,13,Divorced,Prof-specialty,Unmarried,White,Female,0,0,40,United-States,<=50K
43,Private,166517,Some-college,10,Divorced,Adm-clerical,Not-in-family,White,Male,0,0,48,United-States,<=50K
41,Private,438696,7th-8th,4,Married-civ-spouse,Craft-repair,Husband,White,Male,0,0,40,?,<=50K
34,Private,29974,Bachelors,13,Married-civ-spouse,Sales,Husband,White,Male,0,0,50,United-States,>50K
53,Private,121441,Some-college,10,Married-civ-spouse,Sales,Husband,White,Male,0,0,55,United-States,<=50K
57,Private,123147,HS-grad,9,Married-civ-spouse,Adm-clerical,Wife,White,Female,0,0,45,United-States,<=50K
28,Private,113555,HS-grad,9,Never-married,Adm-clerical,Not-in-family,White,Male,0,0,40,United-States,<=50K
28,State-gov,52537,Masters,14,Married-civ-spouse,Exec-managerial,Husband,White,Male,0,0,40,United-States,<=50K
25,Self-emp-not-inc,113948,Assoc-voc,11,Married-civ-spouse,Other-service,Wife,White,Female,0,0,45,United-States,<=50K
69,Self-emp-inc,265201,Assoc-acdm,12,Married-civ-spouse,Sales,Husband,White,Male,0,0,40,United-States,>50K
36,Local-gov,254202,Prof-school,15,Divorced,Prof-specialty,Unmarried,White,Female,0,0,24,Germany,<=50K
62,Private,416829,11th,7,Separated,Other-service,Not-in-family,Black,Female,0,0,21,United-States,<=50K
41,Private,351141,Some-college,10,Married-civ-spouse,Exec-managerial,Wife,White,Female,0,1902,40,United-States,>50K
61,Private,273803,HS-grad,9,Married-civ-spouse,Craft-repair,Husband,White,Male,0,0,40,United-States,<=50K
36,Private,160728,HS-grad,9,Married-civ-spouse,Machine-op-inspct,Husband,White,Male,0,0,60,United-States,<=50K
35,Local-gov,116960,Masters,14,Married-civ-spouse,Prof-specialty,Husband,White,Male,0,1887,40,United-States,>50K
37,Private,106159,HS-grad,9,Married-civ-spouse,Handlers-cleaners,Husband,White,Male,0,0,40,United-States,<=50K
80,Self-emp-not-inc,201310,HS-grad,9,Married-civ-spouse,Other-service,Husband,White,Male,0,0,30,United-States,<=50K
36,Private,221167,HS-grad,9,Divorced,Machine-op-inspct,Not-in-family,White,Male,0,0,40,United-States,<=50K
40,Private,181912,Masters,14,Married-civ-spouse,Exec-managerial,Husband,White,Male,0,0,50,United-States,>50K
34,Private,24185,HS-grad,9,Separated,Craft-repair,Unmarried,White,Male,0,0,80,United-States,<=50K
33,Private,194690,12th,8,Married-civ-spouse,Transport-moving,Husband,White,Male,0,0,40,United-States,<=50K
25,Private,109419,HS-grad,9,Never-married,Adm-clerical,Own-child,White,Female,0,0,40,United-States,<=50K
25,Private,211531,12th,8,Never-married,Other-service,Not-in-family,White,Male,0,0,40,United-States,<=50K
47,Private,247298,HS-grad,9,Never-married,Handlers-cleaners,Not-in-family,White,Male,0,0,45,United-States,<=50K
26,Private,205934,Some-college,10,Married-civ-spouse,Sales,Husband,White,Male,0,0,45,United-States,<=50K
27,Private,198873,Some-college,10,Never-married,Adm-clerical,Own-child,White,Female,0,0,40,Mexico,<=50K
60,Private,241805,HS-grad,9,Married-civ-spouse,Machine-op-inspct,Husband,Black,Male,0,0,40,United-States,<=50K
66,Local-gov,260254,Masters,14,Widowed,Prof-specialty,Not-in-family,White,Female,0,0,40,United-States,<=50K
20,Private,217460,Some-college,10,Never-married,Sales,Own-child,White,Male,0,0,30,?,<=50K
48,Self-emp-inc,214994,Some-college,10,Married-civ-spouse,Exec-managerial,Husband,White,Male,0,0,55,United-States,>50K
32,Private,79190,Some-college,10,Married-civ-spouse,Exec-managerial,Own-child,White,Female,2580,0,40,Japan,<=50K
31,Private,222810,Some-college,10,Never-married,Adm-clerical,Not-in-family,White,Female,0,0,43,United-States,<=50K
18,Private,141388,11th,7,Never-married,Sales,Own-child,Black,Male,0,0,8,United-States,<=50K
27,Private,258509,5th-6th,3,Never-married,Transport-moving,Not-in-family,White,Male,0,0,40,Mexico,<=50K
60,State-gov,270522,HS-grad,9,Married-civ-spouse,Protective-serv,Husband,Amer-Indian-Eskimo,Male,0,0,40,United-States,>50K
32,Private,87310,Masters,14,Married-civ-spouse,Sales,Husband,White,Male,0,0,60,United-States,>50K
65,Private,475775,HS-grad,9,Widowed,Adm-clerical,Not-in-family,White,Female,0,0,22,United-States,<=50K
50,Private,113211,HS-grad,9,Divorced,Adm-clerical,Not-in-family,White,Female,0,0,40,United-States,<=50K
20,Private,179423,Some-college,10,Never-married,Handlers-cleaners,Own-child,White,Female,0,0,8,United-States,<=50K
43,Self-emp-inc,175710,Some-college,10,Married-civ-spouse,Exec-managerial,Husband,White,Male,0,0,40,United-States,<=50K
47,Private,147340,HS-grad,9,Married-civ-spouse,Craft-repair,Husband,White,Male,0,0,40,United-States,>50K
33,Private,34037,HS-grad,9,Married-civ-spouse,Craft-repair,Husband,White,Male,0,0,40,United-States,<=50K
35,Private,101073,Some-college,10,Married-civ-spouse,Transport-moving,Husband,White,Male,0,0,45,United-States,>50K
40,Federal-gov,77660,Some-college,10,Divorced,Adm-clerical,Not-in-family,White,Female,0,0,50,United-States,<=50K
58,Private,142717,Bachelors,13,Divorced,Exec-managerial,Unmarried,White,Female,0,0,35,United-States,<=50K
34,Private,301251,Bachelors,13,Married-civ-spouse,Sales,Husband,White,Male,0,0,50,United-States,>50K
33,Private,168539,HS-grad,9,Married-civ-spouse,Other-service,Husband,Asian-Pac-Islander,Male,0,0,40,China,<=50K
35,Private,187089,Some-college,10,Divorced,Exec-managerial,Not-in-family,White,Female,0,0,70,United-States,<=50K
33,Private,419895,5th-6th,3,Divorced,Handlers-cleaners,Unmarried,White,Male,0,0,40,Mexico,<=50K
46,Private,212091,11th,7,Married-civ-spouse,Craft-repair,Husband,White,Male,0,0,32,United-States,<=50K
37,Self-emp-not-inc,353263,HS-grad,9,Divorced,Exec-managerial,Not-in-family,Asian-Pac-Islander,Female,0,0,70,South,>50K
26,Private,127202,HS-grad,9,Divorced,Machine-op-inspct,Not-in-family,White,Male,0,0,40,United-States,<=50K
30,Private,211531,Some-college,10,Separated,Sales,Unmarried,Black,Female,0,0,16,United-States,<=50K
31,Private,182237,10th,6,Separated,Transport-moving,Unmarried,White,Male,0,0,40,United-States,<=50K
38,Private,117789,HS-grad,9,Married-civ-spouse,Machine-op-inspct,Husband,White,Male,0,0,65,United-States,>50K
61,Private,120939,Prof-school,15,Married-civ-spouse,Transport-moving,Husband,White,Male,0,0,5,United-States,>50K
32,Private,226500,HS-grad,9,Married-civ-spouse,Craft-repair,Husband,White,Male,0,0,40,United-States,>50K
27,Private,220426,HS-grad,9,Never-married,Handlers-cleaners,Other-relative,Black,Male,0,0,48,United-States,<=50K
39,Private,230095,HS-grad,9,Married-civ-spouse,Machine-op-inspct,Husband,White,Male,2907,0,40,United-States,<=50K
34,State-gov,240283,HS-grad,9,Divorced,Transport-moving,Unmarried,White,Female,0,0,40,United-States,<=50K
40,Private,180976,Masters,14,Married-civ-spouse,Exec-managerial,Husband,White,Male,0,0,50,United-States,>50K
30,Private,136413,5th-6th,3,Married-civ-spouse,Craft-repair,Husband,White,Male,0,0,40,Mexico,<=50K
41,Private,351141,Some-college,10,Married-civ-spouse,Exec-managerial,Wife,White,Female,0,1902,40,United-States,>50K
31,Private,106552,HS-grad,9,Never-married,Adm-clerical,Not-in-family,White,Female,0,0,40,United-States,<=50K
33,Private,168539,HS-grad,9,Married-civ-spouse,Other-service,Husband,Asian-Pac-Islander,Male,0,0,40,China,<=50K
49,Self-emp-not-inc,156873,HS-grad,9,Married-civ-spouse,Farming-fishing,Husband,White,Male,0,0,50,United-States,>50K
55,Private,84774,HS-grad,9,Married-civ-spouse,Priv-house-serv,Wife,White,Female,0,0,30,United-States,<=50K
18,Private,210673,HS-grad,9,Never-married,Sales,Own-child,White,Female,0,0,20,United-States,<=50K
58,?,210444,HS-grad,9,Divorced,?,Unmarried,White,Male,0,0,40,United-States,<=50K
53,Private,113995,Bachelors,13,Married-civ-spouse,Exec-managerial,Husband,White,Male,0,0,45,United-States,>50K
19,?,193898,Some-college,10,Never-married,?,Own-child,White,Male,0,0,40,United-States,<=50K
25,Private,367984,Assoc-acdm,12,Divorced,Other-service,Not-in-family,White,Female,0,0,32,United-States,<=50K
31,Private,182378,10th,6,Separated,Transport-moving,Unmarried,White,Male,0,0,40,United-States,<=50K
55,Private,164938,HS-grad,9,Separated,Other-service,Not-in-family,White,Female,0,0,16,United-States,<=50K
71,State-gov,210562,HS-grad,9,Married-civ-spouse,Protective-serv,Husband,White,Male,0,0,28,United-States,<=50K
37,Private,254440,HS-grad,9,Separated,Craft-repair,Not-in-family,White,Male,0,0,50,United-States,<=50K
26,Private,271379,Bachelors,13,Married-civ-spouse,Sales,Husband,White,Male,0,0,55,United-States,<=50K
41,Local-gov,266645,Some-college,10,Divorced,Exec-managerial,Not-in-family,White,Female,0,0,40,United-States,<=50K
30,Private,113129,Some-college,10,Never-married,Other-service,Not-in-family,White,Male,0,0,24,United-States,<=50K
34,Private,30619,Bachelors,13,Married-civ-spouse,Sales,Husband,White,Male,0,0,50,United-States,>50K
39,Federal-gov,73392,Some-college,10,Married-civ-spouse,Exec-managerial,Husband,Asian-Pac-Islander,Male,0,0,40,United-States,>50K
55,Private,84817,HS-grad,9,Married-civ-spouse,Priv-house-serv,Wife,White,Female,0,0,30,United-States,<=50K
65,Private,472604,HS-grad,9,Widowed,Adm-clerical,Not-in-family,White,Female,0,0,22,United-States,<=50K
26,Private,430195,11th,7,Separated,Other-service,Unmarried,Black,Male,0,0,40,United-States,<=50K
38,Private,190997,Assoc-acdm,12,Divorced,Craft-repair,Unmarried,White,Female,0,0,40,United-States,<=50K
52,Self-emp-not-inc,43945,Some-college,10,Married-civ-spouse,Sales,Husband,White,Male,0,0,55,United-States,>50K
46,State-gov,102628,Masters,14,Widowed,Protective-serv,Unmarried,White,Male,0,0,40,United-States,<=50K
35,Private,190387,Some-college,10,Never-married,Exec-managerial,Not-in-family,White,Female,0,0,40,United-States,<=50K
27,Local-gov,190997,HS-grad,9,Never-married,Other-service,Own-child,White,Male,0,0,45,United-States,<=50K
49,Private,272913,HS-grad,9,Married-civ-spouse,Exec-managerial,Husband,White,Male,0,0,72,United-States,<=50K
30,Private,496025,Assoc-voc,11,Married-civ-spouse,Handlers-cleaners,Husband,White,Male,0,0,40,Mexico,<=50K
35,Self-emp-not-inc,190027,Bachelors,13,Married-civ-spouse,Farming-fishing,Husband,White,Male,0,0,45,United-States,<=50K
54,Private,88019,HS-grad,9,Divorced,Other-service,Unmarried,White,Male,0,0,32,United-States,<=50K
38,Private,190747,Assoc-acdm,12,Divorced,Craft-repair,Unmarried,White,Female,0,0,40,United-States,<=50K
18,Private,115433,10th,6,Never-married,Craft-repair,Unmarried,White,Male,0,0,40,United-States,<=50K
21,Private,225065,Some-college,10,Never-married,Other-service,Other-relative,White,Female,0,0,30,United-States,<=50K
38,Private,228686,Bachelors,13,Never-married,Exec-managerial,Not-in-family,Black,Male,13550,0,40,United-States,>50K
37,Private,161092,HS-grad,9,Never-married,Handlers-cleaners,Not-in-family,White,Male,0,0,40,United-States,<=50K
46,Private,118681,HS-grad,9,Married-civ-spouse,Craft-repair,Husband,White,Male,7298,0,40,United-States,>50K
26,Private,194740,HS-grad,9,Never-married,Sales,Own-child,White,Male,0,0,40,United-States,<=50K
24,Private,281356,1st-4th,2,Never-married,Farming-fishing,Not-in-family,Other,Male,0,0,66,Mexico,<=50K
36,Private,280440,Assoc-acdm,12,Never-married,Tech-support,Unmarried,White,Female,0,0,45,United-States,<=50K
37,Private,105312,HS-grad,9,Married-civ-spouse,Handlers-cleaners,Husband,White,Male,0,0,40,United-States,<=50K
37,Private,209109,5th-6th,3,Never-married,Machine-op-inspct,Unmarried,White,Female,0,0,40,Mexico,<=50K
29,Private,58115,Bachelors,13,Married-civ-spouse,Sales,Husband,White,Male,0,0,41,United-States,<=50K
48,State-gov,224541,Some-college,10,Divorced,Exec-managerial,Not-in-family,White,Female,0,0,40,United-States,<=50K
38,Private,27012,Assoc-voc,11,Married-civ-spouse,Transport-moving,Husband,White,Male,0,0,70,United-States,<=50K
25,Private,245317,Bachelors,13,Never-married,Sales,Not-in-family,White,Male,3325,0,48,United-States,<=50K
19,Private,220696,Some-college,10,Never-married,Farming-fishing,Own-child,White,Male,0,0,50,United-States,<=50K
35,Private,101073,Some-college,10,Married-civ-spouse,Transport-moving,Husband,White,Male,0,0,45,United-States,>50K
25,Private,372728,Assoc-acdm,12,Divorced,Other-service,Not-in-family,White,Female,0,0,32,United-States,<=50K
66,?,182378,7th-8th,4,Married-civ-spouse,?,Husband,White,Male,0,0,30,United-States,<=50K
25,Private,120268,HS-grad,9,Never-married,Sales,Own-child,White,Male,0,1741,40,United-States,<=50K
45,Private,243666,Bachelors,13,Married-civ-spouse,Exec-managerial,Husband,White,Male,0,0,60,United-States,>50K
26,Private,348618,5th-6th,3,Never-married,Transport-moving,Not-in-family,White,Male,0,0,40,?,<=50K
30,Private,168138,HS-grad,9,Never-married,Sales,Unmarried,White,Female,0,0,35,Mexico,<=50K
21,Self-emp-not-inc,235442,7th-8th,4,Never-married,Craft-repair,Not-in-family,White,Male,0,0,40,United-States,<=50K
27,Private,82242,Bachelors,13,Never-married,Exec-managerial,Other-relative,White,Male,0,0,45,Germany,<=50K
48,Local-gov,67716,Masters,14,Married-civ-spouse,Prof-specialty,Husband,White,Male,7688,0,50,United-States,>50K
71,?,249957,Some-college,10,Married-civ-spouse,?,Husband,White,Male,3432,0,30,United-States,<=50K
42,Federal-gov,34292,Bachelors,13,Married-civ-spouse,Exec-managerial,Husband,White,Male,7298,0,50,United-States,>50K
50,Private,335997,HS-grad,9,Married-civ-spouse,Machine-op-inspct,Husband,White,Male,0,1485,40,United-States,<=50K
19,?,47907,Some-college,10,Never-married,?,Own-child,White,Female,0,0,40,United-States,<=50K
39,Self-emp-not-inc,364685,Bachelors,13,Married-civ-spouse,Exec-managerial,Husband,White,Male,0,0,50,United-States,<=50K
41,Private,453067,HS-grad,9,Never-married,Machine-op-inspct,Not-in-family,White,Male,2174,0,41,United-States,<=50K
61,Local-gov,149981,HS-grad,9,Widowed,Adm-clerical,Not-in-family,White,Female,0,0,40,United-States,<=50K
60,Federal-gov,63526,Bachelors,13,Married-civ-spouse,Adm-clerical,Husband,Black,Male,0,0,40,United-States,>50K
60,Private,178025,HS-grad,9,Married-civ-spouse,Craft-repair,Husband,White,Male,0,0,35,United-States,<=50K
69,Self-emp-not-inc,150025,HS-grad,9,Married-civ-spouse,Farming-fishing,Husband,White,Male,0,0,40,United-States,<=50K
19,Private,119529,Some-college,10,Never-married,Other-service,Own-child,White,Female,0,0,15,United-States,<=50K
27,Private,201466,Bachelors,13,Never-married,Prof-specialty,Own-child,Black,Male,0,0,40,United-States,<=50K
38,Private,270221,HS-grad,9,Married-civ-spouse,Farming-fishing,Husband,White,Male,0,0,43,United-States,<=50K
80,Private,107991,HS-grad,9,Widowed,Handlers-cleaners,Not-in-family,White,Male,0,0,30,United-States,<=50K
20,Private,39236,Some-college,10,Never-married,Farming-fishing,Not-in-family,White,Female,0,0,40,United-States,<=50K
36,Private,175643,HS-grad,9,Married-civ-spouse,Craft-repair,Husband,White,Male,0,0,35,United-States,<=50K
23,Private,272618,Assoc-voc,11,Never-married,Craft-repair,Own-child,White,Male,0,0,33,United-States,<=50K
19,Private,198068,7th-8th,4,Never-married,Other-service,Not-in-family,White,Female,0,0,40,United-States,<=50K
19,?,307837,Some-college,10,Never-married,?,Own-child,White,Male,0,0,40,United-States,<=50K
20,Private,48718,HS-grad,9,Never-married,Handlers-cleaners,Own-child,White,Male,0,0,40,United-States,<=50K
47,Local-gov,128401,Doctorate,16,Never-married,Prof-specialty,Unmarried,White,Female,0,0,40,United-States,<=50K
36,Self-emp-not-inc,240979,12th,8,Never-married,Craft-repair,Own-child,White,Male,0,0,40,United-States,<=50K
49,State-gov,207066,HS-grad,9,Married-civ-spouse,Handlers-cleaners,Husband,White,Male,0,0,40,United-States,>50K
19,Private,157614,HS-grad,9,Never-married,Other-service,Not-in-family,White,Female,0,1726,40,United-States,<=50K
34,State-gov,252529,Bachelors,13,Never-married,Prof-specialty,Not-in-family,White,Male,0,0,48,United-States,<=50K
19,Private,180052,HS-grad,9,Never-married,Other-service,Own-child,White,Female,0,0,35,United-States,<=50K
57,Private,170583,Bachelors,13,Married-civ-spouse,Protective-serv,Husband,White,Male,0,0,40,United-States,>50K
27,Private,147340,Some-college,10,Never-married,Exec-managerial,Own-child,White,Female,0,0,40,United-States,<=50K
71,Private,244395,7th-8th,4,Married-civ-spouse,Transport-moving,Husband,White,Male,6514,0,40,United-States,>50K
23,Private,30619,Masters,14,Never-married,Other-service,Not-in-family,White,Female,0,0,10,United-States,<=50K
68,Self-emp-not-inc,45156,HS-grad,9,Married-civ-spouse,Farming-fishing,Husband,White,Male,0,0,20,United-States,<=50K
60,Private,177665,HS-grad,9,Married-civ-spouse,Craft-repair,Husband,White,Male,0,0,35,United-States,<=50K
62,?,53481,HS-grad,9,Widowed,?,Not-in-family,White,Female,0,0,25,United-States,<=50K
51,Private,261561,HS-grad,9,Married-civ-spouse,Other-service,Husband,White,Male,0,0,40,Cuba,>50K
58,Self-emp-not-inc,193285,HS-grad,9,Married-civ-spouse,Craft-repair,Husband,White,Male,0,0,20,United-States,<=50K
69,Self-emp-inc,261561,Assoc-acdm,12,Married-civ-spouse,Sales,Husband,White,Male,0,0,40,United-States,>50K
36,Private,334105,Bachelors,13,Married-civ-spouse,Sales,Husband,White,Male,0,1887,35,United-States,>50K
67,Private,221095,HS-grad,9,Divorced,Adm-clerical,Not-in-family,White,Female,0,0,15,United-States,<=50K
41,Federal-gov,274451,Some-college,10,Married-civ-spouse,Exec-managerial,Husband,White,Male,0,0,40,United-States,>50K
35,Private,126540,HS-grad,9,Divorced,Craft-repair,Own-child,White,Male,0,0,20,United-States,<=50K
45,Private,98092,HS-grad,9,Married-civ-spouse,Sales,Husband,White,Male,0,0,60,United-States,<=50K
33,Self-emp-inc,287988,Some-college,10,Married-civ-spouse,Exec-managerial,Husband,White,Male,0,0,50,United-States,>50K
28,Local-gov,205903,Assoc-acdm,12,Married-civ-spouse,Protective-serv,Husband,White,Male,0,0,45,United-States,>50K
50,Private,155862,Assoc-acdm,12,Married-civ-spouse,Machine-op-inspct,Husband,White,Male,0,0,50,United-States,>50K
45,Private,101656,10th,6,Never-married,Machine-op-inspct,Not-in-family,Asian-Pac-Islander,Male,0,0,40,Vietnam,<=50K
26,Self-emp-not-inc,109609,Some-college,10,Separated,Craft-repair,Not-in-family,White,Male,0,0,30,United-States,<=50K
48,Private,175999,HS-grad,9,Married-civ-spouse,Other-service,Husband,White,Male,0,0,40,United-States,<=50K
49,Private,199763,1st-4th,2,Married-civ-spouse,Craft-repair,Husband,White,Male,0,0,40,Portugal,<=50K
30,?,205005,HS-grad,9,Married-civ-spouse,?,Wife,White,Female,0,0,20,United-States,<=50K
27,State-gov,553473,Bachelors,13,Married-civ-spouse,Protective-serv,Wife,Black,Female,0,0,48,United-States,<=50K
36,Private,484024,HS-grad,9,Divorced,Machine-op-inspct,Unmarried,White,Male,0,0,40,United-States,<=50K
53,Private,346754,Some-college,10,Married-civ-spouse,Exec-managerial,Wife,White,Female,0,0,40,United-States,>50K
24,Private,281647,1st-4th,2,Never-married,Farming-fishing,Not-in-family,Other,Male,0,0,66,Mexico,<=50K
47,Private,140136,HS-grad,9,Married-civ-spouse,Exec-managerial,Husband,White,Male,0,0,40,United-States,>50K
54,Private,309778,HS-grad,9,Married-civ-spouse,Other-service,Husband,White,Male,0,0,50,United-States,<=50K
34,Private,214896,Some-college,10,Never-married,Exec-managerial,Not-in-family,White,Male,0,0,45,United-States,<=50K
20,Private,484024,HS-grad,9,Never-married,Handlers-cleaners,Own-child,White,Male,0,0,40,United-States,<=50K
23,Private,433330,Bachelors,13,Never-married,Exec-managerial,Not-in-family,White,Female,0,0,48,United-States,<=50K
25,Private,206139,9th,5,Never-married,Machine-op-inspct,Other-relative,White,Male,0,0,49,Mexico,<=50K
45,Self-emp-not-inc,330132,Bachelors,13,Married-civ-spouse,Sales,Husband,White,Male,0,0,40,United-States,>50K
34,Private,241805,HS-grad,9,Separated,Craft-repair,Unmarried,White,Male,0,0,80,United-States,<=50K
42,Federal-gov,339482,Bachelors,13,Married-civ-spouse,Exec-managerial,Husband,White,Male,7298,0,50,United-States,>50K
41,Local-gov,52037,Some-college,10,Divorced,Adm-clerical,Unmarried,White,Female,0,0,40,United-States,<=50K
42,Federal-gov,342414,Bachelors,13,Married-civ-spouse,Exec-managerial,Husband,White,Male,7298,0,50,United-States,>50K
34,Private,134737,Masters,14,Married-civ-spouse,Prof-specialty,Husband,White,Male,7688,0,55,United-States,>50K
43,Private,269015,HS-grad,9,Married-civ-spouse,Machine-op-inspct,Husband,Black,Male,0,0,40,Germany,>50K
46,Private,149507,Bachelors,13,Divorced,Prof-specialty,Not-in-family,White,Male,0,0,45,England,>50K
55,Private,92215,HS-grad,9,Divorced,Adm-clerical,Not-in-family,White,Female,0,0,40,United-States,<=50K
34,Private,355686,Bachelors,13,Married-civ-spouse,Sales,Husband,White,Male,0,0,40,United-States,<=50K
31,Private,374716,Bachelors,13,Never-married,Prof-specialty,Not-in-family,White,Female,0,0,40,United-States,<=50K
69,?,628797,Some-college,10,Widowed,?,Not-in-family,White,Female,0,0,20,United-States,<=50K
25,Private,206139,9th,5,Never-married,Machine-op-inspct,Other-relative,White,Male,0,0,48,Mexico,<=50K
23,Private,202450,Bachelors,13,Never-married,Prof-specialty,Not-in-family,White,Female,0,0,40,United-States,<=50K
24,Private,278391,HS-grad,9,Never-married,Handlers-cleaners,Not-in-family,White,Female,0,0,36,United-States,<=50K
48,Private,353263,Bachelors,13,Married-civ-spouse,Prof-specialty,Husband,White,Male,0,0,45,Canada,>50K
27,State-gov,553405,Bachelors,13,Married-civ-spouse,Protective-serv,Wife,Black,Female,0,0,48,United-States,<=50K
39,Private,107991,Some-college,10,Married-civ-spouse,Exec-managerial,Husband,White,Male,0,0,45,United-States,>50K
27,Private,204788,HS-grad,9,Never-married,Adm-clerical,Not-in-family,White,Female,0,0,40,United-States,<=50K
42,Private,205246,Assoc-voc,11,Separated,Sales,Unmarried,Black,Female,0,0,25,United-States,<=50K
37,Private,209109,5th-6th,3,Never-married,Machine-op-inspct,Unmarried,White,Female,0,0,40,Mexico,<=50K
53,Self-emp-not-inc,38268,Some-college,10,Married-civ-spouse,Other-service,Husband,White,Male,0,0,60,United-States,<=50K
25,Local-gov,307294,Bachelors,13,Divorced,Prof-specialty,Unmarried,White,Female,0,0,40,United-States,<=50K
56,Private,75785,HS-grad,9,Married-civ-spouse,Exec-managerial,Husband,White,Male,0,0,40,United-States,>50K
55,Private,165505,HS-grad,9,Separated,Other-service,Not-in-family,White,Female,0,0,16,United-States,<=50K
32,Private,72393,HS-grad,9,Married-civ-spouse,Craft-repair,Husband,White,Male,0,0,40,United-States,<=50K
20,Private,209808,Some-college,10,Never-married,Prof-specialty,Own-child,White,Male,0,0,25,United-States,<=50K
33,Local-gov,120508,Bachelors,13,Divorced,Protective-serv,Unmarried,White,Female,0,0,60,Germany,<=50K
25,Private,139701,1st-4th,2,Never-married,Farming-fishing,Not-in-family,White,Male,0,0,40,Mexico,<=50K
46,Self-emp-not-inc,225890,Bachelors,13,Separated,Other-service,Unmarried,White,Female,0,0,45,Nicaragua,<=50K
45,Private,72393,HS-grad,9,Never-married,Sales,Own-child,White,Female,0,0,35,United-States,<=50K
38,Private,110713,Assoc-acdm,12,Married-civ-spouse,Craft-repair,Husband,White,Male,0,0,50,United-States,>50K
51,Private,163687,Bachelors,13,Married-civ-spouse,Transport-moving,Husband,White,Male,0,0,56,United-States,>50K
26,Federal-gov,172047,Assoc-voc,11,Never-married,Craft-repair,Own-child,White,Male,0,0,50,Japan,<=50K
27,Private,188293,HS-grad,9,Never-married,Handlers-cleaners,Own-child,White,Male,0,0,40,United-States,<=50K
44,Private,152744,Assoc-acdm,12,Separated,Exec-managerial,Not-in-family,White,Male,0,0,40,United-States,<=50K
32,Private,178244,HS-grad,9,Never-married,Craft-repair,Own-child,White,Male,0,0,40,United-States,<=50K
53,Self-emp-not-inc,169104,9th,5,Married-civ-spouse,Farming-fishing,Husband,White,Male,0,0,70,United-States,<=50K
30,Private,496025,Assoc-voc,11,Married-civ-spouse,Handlers-cleaners,Husband,White,Male,0,0,40,Mexico,<=50K
38,Private,27012,HS-grad,9,Married-civ-spouse,Farming-fishing,Husband,White,Male,0,0,43,United-States,<=50K
22,Private,200294,Some-college,10,Never-married,Sales,Own-child,White,Male,0,0,15,United-States,<=50K
47,Self-emp-not-inc,94100,Bachelors,13,Never-married,Farming-fishing,Not-in-family,White,Male,0,0,65,United-States,<=50K
19,?,307267,Some-college,10,Never-married,?,Own-child,White,Male,0,0,40,United-States,<=50K
35,Private,144778,HS-grad,9,Married-civ-spouse,Prof-specialty,Wife,White,Female,3942,0,35,United-States,<=50K
27,Private,187802,HS-grad,9,Never-married,Handlers-cleaners,Own-child,White,Male,0,0,40,United-States,<=50K
39,Private,380560,Some-college,10,Married-civ-spouse,Machine-op-inspct,Husband,White,Male,0,0,60,United-States,<=50K
53,Private,108836,9th,5,Married-civ-spouse,Transport-moving,Husband,White,Male,0,0,40,United-States,<=50K
40,Private,200471,Bachelors,13,Separated,Sales,Not-in-family,White,Male,0,0,40,United-States,<=50K
47,Private,146497,Some-college,10,Separated,Adm-clerical,Unmarried,White,Female,0,0,16,Germany,<=50K
48,State-gov,222289,Some-college,10,Divorced,Exec-managerial,Not-in-family,White,Female,0,0,40,United-States,<=50K
29,Private,178074,HS-grad,9,Married-civ-spouse,Machine-op-inspct,Husband,White,Male,0,0,40,United-States,<=50K
26,Private,157184,Assoc-voc,11,Separated,Other-service,Not-in-family,Black,Male,0,0,40,United-States,<=50K
28,Federal-gov,36989,Some-college,10,Never-married,Adm-clerical,Not-in-family,White,Female,0,0,40,United-States,<=50K
46,Private,282069,Bachelors,13,Divorced,Transport-moving,Not-in-family,White,Male,0,0,40,United-States,<=50K
26,Private,216842,Masters,14,Never-married,Prof-specialty,Not-in-family,White,Female,0,0,10,United-States,<=50K
28,Local-gov,304960,Assoc-acdm,12,Never-married,Adm-clerical,Not-in-family,White,Female,0,1980,40,United-States,<=50K
71,Self-emp-not-inc,322789,HS-grad,9,Married-civ-spouse,Farming-fishing,Husband,Amer-Indian-Eskimo,Male,0,0,35,United-States,<=50K
21,Private,202214,Assoc-acdm,12,Never-married,Adm-clerical,Not-in-family,White,Female,0,0,10,United-States,<=50K
34,Local-gov,144182,Preschool,1,Never-married,Adm-clerical,Own-child,Black,Female,0,0,25,United-States,<=50K
33,Private,149943,HS-grad,9,Married-civ-spouse,Sales,Husband,White,Male,0,0,40,United-States,>50K
28,Private,175485,9th,5,Divorced,Prof-specialty,Not-in-family,Black,Female,0,0,40,United-States,<=50K
51,Private,143058,Doctorate,16,Divorced,Craft-repair,Not-in-family,White,Female,4787,0,60,United-States,>50K
27,Private,220748,HS-grad,9,Never-married,Handlers-cleaners,Other-relative,Black,Male,0,0,48,United-States,<=50K
20,Private,104164,HS-grad,9,Never-married,Handlers-cleaners,Own-child,White,Male,0,0,40,United-States,<=50K
38,Private,129573,Some-college,10,Divorced,Sales,Unmarried,White,Male,1506,0,50,United-States,<=50K
45,Private,214542,Doctorate,16,Married-civ-spouse,Prof-specialty,Husband,White,Male,0,0,50,United-States,>50K
43,Local-gov,305160,12th,8,Married-civ-spouse,Transport-moving,Husband,White,Male,0,1579,40,United-States,<=50K
33,Private,217647,Assoc-acdm,12,Married-civ-spouse,Prof-specialty,Husband,White,Male,0,0,40,United-States,>50K
31,Private,148429,12th,8,Married-civ-spouse,Craft-repair,Husband,White,Male,0,0,43,United-States,<=50K
21,Private,214994,11th,7,Never-married,Handlers-cleaners,Own-child,White,Male,0,0,40,United-States,<=50K
36,Self-emp-not-inc,206520,Bachelors,13,Never-married,Craft-repair,Own-child,White,Male,0,0,40,United-States,<=50K
55,Private,410034,9th,5,Divorced,Craft-repair,Unmarried,White,Female,99999,0,37,United-States,>50K
27,Private,213226,Bachelors,13,Married-civ-spouse,Prof-specialty,Wife,White,Female,7298,0,45,England,>50K
28,Private,122609,Some-college,10,Never-married,Tech-support,Not-in-family,White,Female,4865,0,40,United-States,<=50K
25,Private,211518,12th,8,Never-married,Other-service,Not-in-family,White,Male,0,0,40,United-States,<=50K
50,State-gov,24790,HS-grad,9,Married-civ-spouse,Handlers-cleaners,Husband,White,Male,0,0,40,United-States,<=50K
70,State-gov,345339,Bachelors,13,Never-married,Exec-managerial,Not-in-family,White,Male,0,0,40,United-States,<=50K
51,Self-emp-inc,180599,HS-grad,9,Married-civ-spouse,Sales,Husband,White,Male,0,0,50,United-States,<=50K
38,Private,207120,HS-grad,9,Married-civ-spouse,Craft-repair,Husband,White,Male,0,0,40,United-States,>50K
52,Private,104501,12th,8,Married-civ-spouse,Exec-managerial,Husband,White,Male,0,0,60,United-States,>50K
38,Private,226443,HS-grad,9,Married-civ-spouse,Craft-repair,Husband,White,Male,0,0,40,United-States,<=50K
41,Private,106159,HS-grad,9,Never-married,Machine-op-inspct,Own-child,White,Male,14084,0,48,United-States,>50K
44,Private,150993,Assoc-acdm,12,Separated,Exec-managerial,Not-in-family,White,Male,0,0,40,United-States,<=50K
32,Private,55237,Bachelors,13,Married-civ-spouse,Sales,Husband,White,Male,99999,0,50,United-States,>50K
33,Self-emp-inc,287008,Some-college,10,Married-civ-spouse,Exec-managerial,Husband,White,Male,0,0,50,United-States,>50K
49,Private,274200,HS-grad,9,Married-civ-spouse,Exec-managerial,Husband,White,Male,0,0,72,United-States,<=50K
