age,workclass,fnlwgt,education,education-num,marital-status,occupation,relationship,race,sex,capital-gain,capital-loss,hours-per-week,native-country,income
37,Private,226500,Bachelors,13,Married-civ-spouse,Sales,Husband,White,Male,0,0,55,United-States,>50K
39,Private,191807,HS-grad,9,Married-civ-spouse,Transport-moving,Husband,White,Male,0,0,56,United-States,<=50K
27,Private,223811,HS-grad,9,Married-civ-spouse,Craft-repair,Husband,White,Male,0,0,40,United-States,<=50K
59,State-gov,132717,10th,6,Married-civ-spouse,Farming-fishing,Husband,White,Male,0,0,40,United-States,<=50K
67,Self-emp-inc,116517,Bachelors,13,Widowed,Other-service,Unmarried,White,Female,0,0,35,United-States,<=50K
53,Private,239284,HS-grad,9,Divorced,Adm-clerical,Unmarried,White,Female,0,0,40,United-States,<=50K
38,Private,231347,HS-grad,9,Married-civ-spouse,Craft-repair,Husband,White,Male,0,0,45,United-States,>50K
39,Private,139057,Prof-school,15,Married-civ-spouse,Prof-specialty,Husband,Asian-Pac-Islander,Male,0,0,38,India,<=50K
53,Private,353824,Some-college,10,Married-civ-spouse,Craft-repair,Husband,White,Male,0,0,47,United-States,>50K
26,Self-emp-not-inc,253899,Bachelors,13,Divorced,Sales,Not-in-family,White,Male,0,0,40,United-States,<=50K
36,Private,67243,HS-grad,9,Married-civ-spouse,Sales,Husband,White,Male,0,0,50,United-States,<=50K
17,Private,166809,11th,7,Never-married,Handlers-cleaners,Own-child,White,Male,0,0,20,Peru,<=50K
18,Private,59287,HS-grad,9,Never-married,Priv-house-serv,Other-relative,White,Female,0,0,10,United-States,<=50K
39,Private,309778,HS-grad,9,Married-civ-spouse,Craft-repair,Husband,White,Male,0,0,40,United-States,<=50K
47,Local-gov,330080,11th,7,Married-spouse-absent,Craft-repair,Not-in-family,Black,Male,0,0,40,United-States,<=50K
46,Federal-gov,553473,Some-college,10,Divorced,Machine-op-inspct,Unmarried,White,Male,0,0,40,United-States,<=50K
34,Private,118474,Assoc-acdm,12,Married-civ-spouse,Prof-specialty,Husband,White,Male,0,0,55,United-States,<=50K
46,Federal-gov,55237,Some-college,10,Divorced,Machine-op-inspct,Unmarried,White,Male,0,0,40,United-States,<=50K
31,Private,261207,7th-8th,4,Married-civ-spouse,Machine-op-inspct,Husband,White,Male,0,0,40,United-States,<=50K
33,Private,149726,HS-grad,9,Married-civ-spouse,Sales,Husband,White,Male,0,0,40,United-States,>50K
31,Private,150553,Assoc-acdm,12,Never-married,Tech-support,Not-in-family,Asian-Pac-Islander,Female,0,0,40,United-States,<=50K
26,Local-gov,72998,HS-grad,9,Never-married,Handlers-cleaners,Own-child,Amer-Indian-Eskimo,Male,0,0,30,United-States,<=50K
38,State-gov,104280,Doctorate,16,Married-civ-spouse,Prof-specialty,Husband,White,Male,0,0,55,United-States,>50K
29,Private,212064,Bachelors,13,Married-civ-spouse,Sales,Husband,White,Male,0,0,40,United-States,<=50K
17,?,45381,11th,7,Never-married,?,Own-child,White,Female,0,0,8,United-States,<=50K
29,Private,229148,Some-college,10,Married-civ-spouse,Exec-managerial,Husband,White,Male,0,1887,50,United-States,>50K
37,Self-emp-not-inc,352080,HS-grad,9,Married-civ-spouse,Other-service,Husband,White,Male,0,0,42,United-States,<=50K
51,Private,194243,HS-grad,9,Married-civ-spouse,Protective-serv,Husband,White,Male,0,0,40,United-States,<=50K
35,Self-emp-not-inc,115792,HS-grad,9,Divorced,Sales,Not-in-family,White,Male,0,0,50,United-States,>50K
63,Local-gov,109849,Bachelors,13,Never-married,Prof-specialty,Not-in-family,Black,Female,0,0,21,United-States,<=50K
44,Local-gov,100479,Assoc-acdm,12,Married-civ-spouse,Prof-specialty,Husband,White,Male,0,0,48,United-States,<=50K
44,Private,231826,Assoc-acdm,12,Widowed,Adm-clerical,Unmarried,White,Female,0,0,40,United-States,<=50K
36,Private,179468,HS-grad,9,Divorced,Craft-repair,Not-in-family,White,Male,0,0,40,United-States,<=50K
22,Private,192010,Assoc-voc,11,Never-married,Sales,Own-child,White,Male,0,0,45,United-States,<=50K
46,Private,174370,Some-college,10,Separated,Sales,Not-in-family,White,Male,0,0,55,United-States,<=50K
35,Self-emp-not-inc,115618,HS-grad,9,Divorced,Sales,Not-in-family,White,Male,0,0,50,United-States,>50K
33,Private,67804,HS-grad,9,Never-married,Handlers-cleaners,Not-in-family,White,Male,0,0,40,United-States,<=50K
38,Private,123031,HS-grad,9,Married-civ-spouse,Adm-clerical,Husband,Asian-Pac-Islander,Male,0,0,48,Trinadad&Tobago,<=50K
29,Self-emp-not-inc,75435,Some-college,10,Married-civ-spouse,Prof-specialty,Husband,Amer-Indian-Eskimo,Male,0,0,40,United-States,<=50K
33,Private,393480,Some-college,10,Married-civ-spouse,Handlers-cleaners,Husband,White,Male,0,0,50,United-States,>50K
27,Private,224474,HS-grad,9,Married-civ-spouse,Craft-repair,Husband,White,Male,0,0,40,United-States,<=50K
44,Private,144750,Some-college,10,Separated,Exec-managerial,Not-in-family,White,Male,0,0,45,United-States,>50K
65,?,200960,HS-grad,9,Married-civ-spouse,?,Husband,White,Male,0,0,25,United-States,<=50K
19,Private,453067,Some-college,10,Never-married,Adm-clerical,Own-child,White,Female,0,0,8,United-States,<=50K
43,Local-gov,98130,Bachelors,13,Divorced,Prof-specialty,Own-child,White,Female,0,0,39,United-States,<=50K
55,Local-gov,258121,Prof-school,15,Married-civ-spouse,Prof-specialty,Husband,White,Male,0,1902,40,United-States,>50K
59,State-gov,132717,10th,6,Married-civ-spouse,Farming-fishing,Husband,White,Male,0,0,40,United-States,<=50K
34,Private,52037,HS-grad,9,Never-married,Transport-moving,Unmarried,Black,Male,0,0,30,United-States,<=50K
45,Private,184813,Assoc-acdm,12,Divorced,Craft-repair,Not-in-family,White,Male,0,0,40,United-States,<=50K
43,Self-emp-inc,209808,Prof-school,15,Married-civ-spouse,Prof-specialty,Husband,White,Male,0,0,25,United-States,>50K
36,Private,242391,Bachelors,13,Married-civ-spouse,Craft-repair,Husband,White,Male,0,0,50,United-States,>50K
53,Local-gov,204226,HS-grad,9,Married-civ-spouse,Exec-managerial,Husband,White,Male,0,0,60,United-States,<=50K
46,State-gov,145656,Some-college,10,Divorced,Tech-support,Not-in-family,Other,Female,0,0,48,United-States,<=50K
44,Private,191517,HS-grad,9,Never-married,Other-service,Own-child,White,Female,0,0,24,United-States,<=50K
31,Private,250087,Prof-school,15,Married-civ-spouse,Prof-specialty,Husband,White,Male,0,0,50,United-States,>50K
38,Federal-gov,236834,HS-grad,9,Married-civ-spouse,Craft-repair,Husband,White,Male,0,0,40,United-States,<=50K
33,Private,158156,9th,5,Married-civ-spouse,Machine-op-inspct,Husband,White,Male,0,0,50,United-States,<=50K
27,Private,249332,Bachelors,13,Never-married,Sales,Not-in-family,White,Female,0,2258,55,United-States,<=50K
47,Private,275369,Assoc-voc,11,Never-married,Other-service,Not-in-family,White,Female,0,0,55,United-States,<=50K
33,State-gov,85632,Some-college,10,Married-civ-spouse,Adm-clerical,Wife,White,Female,0,0,40,United-States,<=50K
37,Private,199018,Some-college,10,Married-civ-spouse,Other-service,Wife,White,Female,0,0,40,United-States,<=50K
45,State-gov,321709,Some-college,10,Married-spouse-absent,Other-service,Other-relative,Black,Male,0,0,40,Haiti,<=50K
35,Private,99357,Masters,14,Married-civ-spouse,Prof-specialty,Wife,White,Female,15024,0,50,United-States,>50K
31,Private,19302,Bachelors,13,Married-civ-spouse,Prof-specialty,Husband,White,Male,0,0,40,United-States,>50K
39,Private,191517,HS-grad,9,Never-married,Machine-op-inspct,Unmarried,White,Male,0,0,48,United-States,<=50K
37,Self-emp-not-inc,353824,HS-grad,9,Married-civ-spouse,Other-service,Husband,White,Male,0,0,42,United-States,<=50K
38,Private,179241,Assoc-acdm,12,Married-spouse-absent,Adm-clerical,Unmarried,White,Female,0,0,40,United-States,<=50K
41,Private,112115,HS-grad,9,Married-civ-spouse,Craft-repair,Husband,White,Male,0,0,60,United-States,>50K
70,?,149040,HS-grad,9,Widowed,?,Not-in-family,White,Female,2964,0,12,United-States,<=50K
62,Private,245310,9th,5,Married-civ-spouse,Exec-managerial,Husband,White,Male,0,0,40,United-States,<=50K
21,Private,346754,Some-college,10,Never-married,Adm-clerical,Own-child,Asian-Pac-Islander,Male,0,0,20,United-States,<=50K
32,Private,203523,Assoc-acdm,12,Divorced,Prof-specialty,Unmarried,White,Female,0,880,36,United-States,<=50K
30,Private,44780,Doctorate,16,Never-married,Prof-specialty,Not-in-family,White,Male,0,0,60,United-States,<=50K
44,Self-emp-inc,220426,HS-grad,9,Married-civ-spouse,Other-service,Husband,Black,Male,0,0,48,United-States,<=50K
52,Private,257863,Assoc-voc,11,Divorced,Adm-clerical,Not-in-family,White,Female,0,0,40,Germany,<=50K
59,Self-emp-inc,171924,Masters,14,Divorced,Prof-specialty,Unmarried,White,Male,0,0,55,United-States,<=50K
32,Private,204397,Assoc-acdm,12,Divorced,Prof-specialty,Unmarried,White,Female,0,880,36,United-States,<=50K
37,Private,238311,HS-grad,9,Married-civ-spouse,Machine-op-inspct,Husband,Black,Male,0,0,36,United-States,>50K
37,Private,194668,HS-grad,9,Divorced,Craft-repair,Not-in-family,White,Male,0,0,50,United-States,<=50K
27,Local-gov,331861,HS-grad,9,Never-married,Farming-fishing,Own-child,White,Male,0,0,40,United-States,<=50K
39,Private,183845,Assoc-acdm,12,Married-civ-spouse,Craft-repair,Husband,White,Male,7688,0,60,Germany,>50K
22,Private,219941,Bachelors,13,Never-married,Adm-clerical,Own-child,White,Male,0,0,40,United-States,<=50K
42,Private,336891,Some-college,10,Divorced,Adm-clerical,Not-in-family,Black,Female,0,0,40,United-States,<=50K
38,Private,188925,Bachelors,13,Never-married,Exec-managerial,Not-in-family,White,Male,0,1340,40,United-States,<=50K
26,Self-emp-not-inc,109849,Some-college,10,Separated,Craft-repair,Not-in-family,White,Male,0,0,30,United-States,<=50K
40,Private,135056,Assoc-acdm,12,Divorced,Adm-clerical,Unmarried,White,Female,0,0,40,United-States,<=50K
48,Private,119422,Assoc-voc,11,Married-civ-spouse,Other-service,Husband,Asian-Pac-Islander,Male,0,0,56,Philippines,>50K
26,Private,461678,Some-college,10,Never-married,Adm-clerical,Own-child,White,Male,25236,0,40,United-States,<=50K
65,?,37088,7th-8th,4,Married-civ-spouse,?,Husband,White,Male,0,0,20,United-States,<=50K
46,Private,172695,11th,7,Widowed,Other-service,Not-in-family,White,Female,0,0,27,El-Salvador,<=50K
36,Private,280440,Assoc-acdm,12,Never-married,Tech-support,Unmarried,White,Female,0,0,45,United-States,<=50K
65,Private,89681,Masters,14,Never-married,Prof-specialty,Not-in-family,White,Male,0,0,99,United-States,<=50K
62,?,83439,7th-8th,4,Married-civ-spouse,?,Husband,White,Male,0,0,40,United-States,<=50K
36,Private,179241,HS-grad,9,Divorced,Craft-repair,Not-in-family,White,Male,0,0,40,United-States,<=50K
81,?,89391,Prof-school,15,Married-civ-spouse,?,Husband,White,Male,0,0,24,United-States,>50K
22,Private,304710,Bachelors,13,Never-married,Adm-clerical,Not-in-family,Asian-Pac-Islander,Female,0,0,10,Vietnam,<=50K
21,Private,213081,11th,7,Never-married,Handlers-cleaners,Own-child,White,Male,0,0,40,United-States,<=50K
50,Private,92079,Some-college,10,Married-civ-spouse,Tech-support,Husband,White,Male,0,0,45,United-States,>50K
37,Self-emp-not-inc,180928,HS-grad,9,Divorced,Craft-repair,Not-in-family,White,Male,0,0,50,United-States,<=50K
45,Federal-gov,155981,Some-college,10,Married-civ-spouse,Prof-specialty,Husband,White,Male,0,0,40,United-States,>50K
48,Self-emp-not-inc,374969,Some-college,10,Divorced,Sales,Unmarried,White,Male,0,0,65,United-States,>50K
44,Private,145214,Some-college,10,Separated,Exec-managerial,Not-in-family,White,Male,0,0,45,United-States,>50K
25,Private,290560,Assoc-acdm,12,Never-married,Adm-clerical,Not-in-family,Black,Female,0,0,40,United-States,<=50K
42,Private,336891,Some-college,10,Divorced,Adm-clerical,Not-in-family,Black,Female,0,0,40,United-States,<=50K
48,Private,162236,Bachelors,13,Divorced,Exec-managerial,Not-in-family,White,Female,0,0,50,United-States,>50K
53,Private,355686,Some-college,10,Married-civ-spouse,Craft-repair,Husband,White,Male,0,0,47,United-States,>50K
20,Private,175710,12th,8,Never-married,Adm-clerical,Own-child,White,Female,0,0,40,Mexico,<=50K
40,Self-emp-inc,102226,HS-grad,9,Married-civ-spouse,Exec-managerial,Husband,White,Male,0,0,40,United-States,<=50K
41,Private,106159,HS-grad,9,Never-married,Machine-op-inspct,Own-child,White,Male,14344,0,48,United-States,>50K
27,Private,343242,Assoc-voc,11,Never-married,Prof-specialty,Not-in-family,White,Female,0,1876,36,Canada,<=50K
40,Local-gov,99185,Assoc-acdm,12,Married-civ-spouse,Protective-serv,Husband,White,Male,0,0,40,United-States,<=50K
58,Federal-gov,130060,10th,6,Married-civ-spouse,Craft-repair,Husband,White,Male,0,0,40,United-States,<=50K
19,?,194095,Some-college,10,Never-married,?,Own-child,White,Male,0,0,40,United-States,<=50K
37,Private,336891,Some-college,10,Married-civ-spouse,Transport-moving,Husband,White,Male,0,0,50,United-States,<=50K
21,Private,41099,Some-college,10,Never-married,Adm-clerical,Own-child,White,Female,0,0,35,United-States,<=50K
48,Private,135567,Assoc-acdm,12,Divorced,Adm-clerical,Not-in-family,White,Female,0,0,40,United-States,<=50K
21,Private,375049,Some-college,10,Never-married,Adm-clerical,Own-child,White,Male,0,0,30,United-States,<=50K
51,Private,46028,HS-grad,9,Divorced,Prof-specialty,Not-in-family,White,Male,0,0,40,United-States,<=50K
26,Private,169853,Some-college,10,Never-married,Farming-fishing,Not-in-family,White,Female,0,0,38,United-States,<=50K
19,Private,145139,Some-college,10,Never-married,Adm-clerical,Own-child,White,Male,0,0,18,United-States,<=50K
33,Private,392812,Some-college,10,Married-civ-spouse,Handlers-cleaners,Husband,White,Male,0,0,50,United-States,>50K
33,Private,183898,HS-grad,9,Married-civ-spouse,Other-service,Wife,White,Female,0,0,38,El-Salvador,<=50K
25,Private,359985,5th-6th,3,Never-married,Adm-clerical,Not-in-family,White,Female,0,0,33,Mexico,<=50K
18,Self-emp-not-inc,132879,HS-grad,9,Never-married,Farming-fishing,Own-child,White,Male,0,0,40,United-States,<=50K
54,Private,144586,Some-college,10,Married-civ-spouse,Sales,Wife,White,Female,0,0,40,United-States,>50K
27,Private,198388,Some-college,10,Married-spouse-absent,Exec-managerial,Not-in-family,White,Female,0,0,40,United-States,<=50K
50,Private,195543,Some-college,10,Married-civ-spouse,Exec-managerial,Husband,White,Male,0,0,50,United-States,>50K
58,Self-emp-not-inc,143731,HS-grad,9,Married-civ-spouse,Sales,Husband,White,Male,0,0,72,United-States,>50K
43,Local-gov,322799,Some-college,10,Never-married,Exec-managerial,Not-in-family,White,Female,0,0,12,United-States,<=50K
33,Private,158156,9th,5,Married-civ-spouse,Machine-op-inspct,Husband,White,Male,0,0,50,United-States,<=50K
19,Private,119838,Some-college,10,Never-married,Other-service,Own-child,White,Female,0,0,15,United-States,<=50K
24,State-gov,39236,Masters,14,Never-married,Prof-specialty,Not-in-family,Black,Female,0,0,40,United-States,<=50K
23,Private,176486,Some-college,10,Never-married,Other-service,Other-relative,White,Female,0,0,25,United-States,<=50K
51,Private,238367,HS-grad,9,Married-civ-spouse,Handlers-cleaners,Husband,White,Male,0,1902,42,United-States,>50K
52,Local-gov,89705,Masters,14,Married-civ-spouse,Prof-specialty,Husband,White,Male,0,0,40,United-States,>50K
27,Local-gov,191517,HS-grad,9,Never-married,Other-service,Own-child,White,Male,0,0,45,United-States,<=50K
18,Private,140915,11th,7,Never-married,Sales,Own-child,Black,Male,0,0,8,United-States,<=50K
18,Self-emp-not-inc,257200,10th,6,Never-married,Farming-fishing,Own-child,White,Male,0,0,40,United-States,<=50K
45,Federal-gov,109598,HS-grad,9,Never-married,Other-service,Not-in-family,Black,Female,0,0,40,United-States,<=50K
48,Private,238311,Bachelors,13,Separated,Adm-clerical,Unmarried,Asian-Pac-Islander,Female,0,0,40,Philippines,<=50K
22,State-gov,244395,Some-college,10,Married-civ-spouse,Adm-clerical,Wife,White,Female,0,0,20,United-States,<=50K
31,Private,260617,7th-8th,4,Married-civ-spouse,Machine-op-inspct,Husband,White,Male,0,0,40,United-States,<=50K
51,State-gov,42017,Some-college,10,Divorced,Prof-specialty,Not-in-family,White,Female,0,0,40,United-States,<=50K
38,Private,111243,Assoc-acdm,12,Married-civ-spouse,Craft-repair,Husband,White,Male,0,0,50,United-States,>50K
70,?,149366,HS-grad,9,Widowed,?,Not-in-family,White,Female,2964,0,12,United-States,<=50K
27,Private,226032,HS-grad,9,Married-civ-spouse,Craft-repair,Husband,White,Male,0,0,40,United-States,<=50K
42,Local-gov,126327,Bachelors,13,Married-civ-spouse,Prof-specialty,Wife,White,Female,0,0,40,United-States,>50K
20,Private,115813,11th,7,Married-civ-spouse,Handlers-cleaners,Husband,White,Male,0,1573,40,United-States,<=50K
30,Private,263398,9th,5,Never-married,Handlers-cleaners,Unmarried,Black,Male,0,0,40,United-States,<=50K
50,Self-emp-not-inc,57600,Assoc-voc,11,Married-civ-spouse,Sales,Husband,White,Male,0,0,60,United-States,>50K
22,?,165505,Some-college,10,Never-married,?,Own-child,White,Female,0,0,40,Italy,<=50K
44,Private,74680,Some-college,10,Married-civ-spouse,Craft-repair,Husband,White,Male,5178,0,50,United-States,>50K
42,Private,337505,Some-college,10,Divorced,Adm-clerical,Not-in-family,Black,Female,0,0,40,United-States,<=50K
24,Private,85041,HS-grad,9,Separated,Other-service,Unmarried,White,Female,0,0,25,United-States,<=50K
22,Private,218782,Some-college,10,Married-civ-spouse,Sales,Husband,White,Male,0,0,55,United-States,<=50K
63,Private,174826,HS-grad,9,Divorced,Other-service,Not-in-family,White,Female,0,0,40,United-States,<=50K
47,Private,140237,HS-grad,9,Married-civ-spouse,Exec-managerial,Husband,White,Male,0,0,40,United-States,>50K
27,Private,411068,Some-college,10,Never-married,Sales,Not-in-family,White,Male,0,0,50,United-States,<=50K
31,Private,29859,HS-grad,9,Married-civ-spouse,Other-service,Wife,Black,Female,0,0,35,United-States,<=50K
22,?,376277,Some-college,10,Divorced,?,Not-in-family,White,Female,0,0,35,United-States,<=50K
63,Self-emp-not-inc,297188,7th-8th,4,Married-civ-spouse,Farming-fishing,Husband,White,Male,7688,0,60,United-States,>50K
54,Private,215892,Masters,14,Married-civ-spouse,Exec-managerial,Husband,White,Male,0,1887,44,United-States,>50K
62,?,83439,7th-8th,4,Married-civ-spouse,?,Husband,White,Male,0,0,40,United-States,<=50K
46,Private,226027,Bachelors,13,Married-civ-spouse,Sales,Wife,White,Female,0,0,16,United-States,>50K
50,State-gov,24790,HS-grad,9,Married-civ-spouse,Handlers-cleaners,Husband,White,Male,0,0,40,United-States,<=50K
37,Self-emp-not-inc,352812,HS-grad,9,Married-civ-spouse,Other-service,Husband,White,Male,0,0,43,United-States,<=50K
34,Private,97723,Bachelors,13,Married-civ-spouse,Prof-specialty,Husband,White,Male,0,0,40,United-States,>50K
35,Private,82552,HS-grad,9,Never-married,Craft-repair,Unmarried,White,Male,0,0,35,United-States,<=50K
17,Private,79682,10th,6,Never-married,Priv-house-serv,Other-relative,White,Male,0,0,30,United-States,<=50K
24,Private,50385,HS-grad,9,Married-civ-spouse,Farming-fishing,Husband,White,Male,0,0,50,United-States,<=50K
22,State-gov,119529,Some-college,10,Never-married,Other-service,Own-child,White,Male,0,0,10,United-States,<=50K
22,State-gov,244395,Some-college,10,Married-civ-spouse,Adm-clerical,Wife,White,Female,0,0,20,United-States,<=50K
53,State-gov,104501,Doctorate,16,Married-civ-spouse,Prof-specialty,Husband,White,Male,0,0,40,?,>50K
44,Self-emp-inc,226027,Some-college,10,Married-civ-spouse,Exec-managerial,Husband,White,Male,0,0,60,United-States,<=50K
32,Private,177368,HS-grad,9,Never-married,Craft-repair,Own-child,White,Male,0,0,40,United-States,<=50K
32,Private,79870,Some-college,10,Married-civ-spouse,Exec-managerial,Own-child,White,Female,2597,0,40,Japan,<=50K
38,Private,226027,Bachelors,13,Never-married,Exec-managerial,Not-in-family,Black,Male,13550,0,40,United-States,>50K
49,Private,117012,Bachelors,13,Married-civ-spouse,Sales,Husband,White,Male,0,0,60,United-States,<=50K
30,Private,34037,HS-grad,9,Married-civ-spouse,Tech-support,Husband,White,Male,0,0,40,United-States,<=50K
33,State-gov,159715,Bachelors,13,Married-civ-spouse,Exec-managerial,Husband,Asian-Pac-Islander,Male,0,0,40,Philippines,<=50K
35,Private,162236,Assoc-voc,11,Divorced,Adm-clerical,Not-in-family,White,Female,6849,0,40,United-States,<=50K
44,Private,229148,HS-grad,9,Married-civ-spouse,Craft-repair,Husband,Black,Male,0,0,40,?,<=50K
21,Private,87250,HS-grad,9,Married-civ-spouse,Other-service,Other-relative,White,Female,0,0,16,United-States,<=50K
45,Private,154950,Some-college,10,Married-civ-spouse,Adm-clerical,Husband,Black,Male,0,0,40,United-States,>50K
35,Private,144608,HS-grad,9,Married-civ-spouse,Machine-op-inspct,Husband,White,Male,0,0,40,United-States,<=50K
32,Private,175856,Bachelors,13,Married-civ-spouse,Tech-support,Husband,White,Male,0,1902,40,United-States,>50K
47,Local-gov,287190,Masters,14,Married-civ-spouse,Prof-specialty,Husband,White,Male,0,0,40,United-States,<=50K
48,Private,175006,1st-4th,2,Separated,Machine-op-inspct,Other-relative,Black,Male,0,0,48,United-States,<=50K
52,Self-emp-inc,134886,HS-grad,9,Married-civ-spouse,Exec-managerial,Husband,White,Male,0,0,40,United-States,>50K
35,Private,115792,Bachelors,13,Married-civ-spouse,Prof-specialty,Husband,White,Male,0,0,55,United-States,<=50K
65,?,320818,HS-grad,9,Widowed,?,Unmarried,White,Female,2329,0,75,United-States,<=50K
26,Self-emp-not-inc,333651,Bachelors,13,Never-married,Sales,Not-in-family,White,Male,0,0,60,United-States,>50K
30,Private,254211,Assoc-acdm,12,Divorced,Sales,Not-in-family,White,Male,0,0,52,United-States,<=50K
40,Self-emp-inc,141332,Bachelors,13,Married-civ-spouse,Exec-managerial,Wife,White,Female,0,0,55,United-States,>50K
47,Local-gov,165822,Some-college,10,Divorced,Transport-moving,Unmarried,White,Male,0,0,40,United-States,<=50K
51,Private,261207,HS-grad,9,Married-civ-spouse,Other-service,Husband,White,Male,0,0,40,Cuba,>50K
72,Self-emp-not-inc,285580,Prof-school,15,Married-civ-spouse,Prof-specialty,Husband,White,Male,0,2246,28,United-States,>50K
43,Private,280728,Some-college,10,Divorced,Craft-repair,Unmarried,White,Male,0,0,42,United-States,<=50K
18,Private,70021,HS-grad,9,Never-married,Handlers-cleaners,Own-child,White,Male,0,0,12,United-States,<=50K
39,Private,138513,Prof-school,15,Married-civ-spouse,Prof-specialty,Husband,Asian-Pac-Islander,Male,0,0,38,India,<=50K
47,Private,147322,HS-grad,9,Married-civ-spouse,Machine-op-inspct,Wife,White,Female,0,0,40,Columbia,<=50K
45,Local-gov,234537,HS-grad,9,Divorced,Adm-clerical,Unmarried,White,Female,0,0,35,United-States,<=50K
45,Local-gov,192614,Some-college,10,Married-civ-spouse,Protective-serv,Husband,White,Male,0,0,40,United-States,>50K
50,Private,193494,HS-grad,9,Married-civ-spouse,Exec-managerial,Husband,White,Male,0,0,60,United-States,<=50K
37,Private,240255,Some-college,10,Married-civ-spouse,Other-service,Husband,Black,Male,0,0,30,United-States,<=50K
65,?,320425,HS-grad,9,Widowed,?,Unmarried,White,Female,2329,0,75,United-States,<=50K
20,Private,258490,Some-college,10,Never-married,Sales,Not-in-family,White,Female,0,0,35,United-States,<=50K
22,State-gov,24395,Some-college,10,Married-civ-spouse,Adm-clerical,Wife,White,Female,0,0,20,United-States,<=50K
45,Private,267989,Bachelors,13,Married-civ-spouse,Exec-managerial,Husband,White,Male,0,0,50,United-States,>50K
34,Private,209609,Some-college,10,Married-civ-spouse,Adm-clerical,Husband,White,Male,0,0,40,United-States,>50K
40,Federal-gov,77332,Some-college,10,Divorced,Adm-clerical,Not-in-family,White,Female,0,0,50,United-States,<=50K
29,Private,191954,Bachelors,13,Never-married,Prof-specialty,Not-in-family,White,Female,0,0,60,Poland,<=50K
58,Private,32954,Some-college,10,Divorced,Adm-clerical,Not-in-family,White,Female,0,0,40,United-States,<=50K
43,Local-gov,417419,Some-college,10,Separated,Craft-repair,Not-in-family,Black,Male,0,0,40,United-States,<=50K
23,State-gov,186634,Bachelors,13,Never-married,Adm-clerical,Not-in-family,White,Male,0,0,16,United-States,<=50K
25,Local-gov,199698,Bachelors,13,Never-married,Adm-clerical,Other-relative,Black,Female,0,0,40,United-States,<=50K
58,Private,186916,Bachelors,13,Never-married,Prof-specialty,Not-in-family,White,Female,0,0,62,Canada,<=50K
27,State-gov,55237,Bachelors,13,Married-civ-spouse,Protective-serv,Wife,Black,Female,0,0,48,United-States,<=50K
32,Private,183977,Bachelors,13,Married-civ-spouse,Craft-repair,Husband,White,Male,0,0,55,United-States,>50K
38,Private,179241,Assoc-acdm,12,Married-spouse-absent,Adm-clerical,Unmarried,White,Female,0,0,40,United-States,<=50K
49,Private,234195,7th-8th,4,Never-married,Prof-specialty,Other-relative,Black,Male,0,0,45,United-States,<=50K
56,Private,182062,HS-grad,9,Married-civ-spouse,Transport-moving,Husband,White,Male,0,0,48,United-States,>50K
35,Self-emp-not-inc,190747,Bachelors,13,Married-civ-spouse,Farming-fishing,Husband,White,Male,0,0,45,United-States,<=50K
62,Private,82906,Bachelors,13,Married-civ-spouse,Exec-managerial,Wife,White,Female,4064,0,35,England,<=50K
47,Private,104068,HS-grad,9,Divorced,Prof-specialty,Unmarried,Amer-Indian-Eskimo,Female,0,0,40,United-States,<=50K
33,Local-gov,155981,Assoc-voc,11,Married-civ-spouse,Tech-support,Husband,White,Male,0,0,40,United-States,<=50K
36,Private,274809,HS-grad,9,Divorced,Adm-clerical,Unmarried,White,Female,0,0,50,United-States,<=50K
50,Private,109277,9th,5,Married-civ-spouse,Machine-op-inspct,Husband,White,Male,0,0,48,United-States,<=50K
57,Private,48788,HS-grad,9,Married-civ-spouse,Transport-moving,Husband,White,Male,0,0,40,United-States,<=50K
47,Private,275369,Assoc-voc,11,Never-married,Other-service,Not-in-family,White,Female,0,0,55,United-States,<=50K
36,Private,207853,HS-grad,9,Divorced,Craft-repair,Own-child,White,Male,0,0,40,United-States,<=50K
61,Private,121124,Prof-school,15,Married-civ-spouse,Transport-moving,Husband,White,Male,0,0,5,United-States,>50K
34,Local-gov,143046,Preschool,1,Never-married,Adm-clerical,Own-child,Black,Female,0,0,25,United-States,<=50K
42,Private,190387,Bachelors,13,Married-civ-spouse,Prof-specialty,Husband,White,Male,99999,0,40,United-States,>50K
21,Private,279472,Some-college,10,Never-married,Sales,Not-in-family,White,Female,0,0,55,United-States,<=50K
49,Private,187067,Masters,14,Married-civ-spouse,Exec-managerial,Husband,White,Male,15024,0,50,United-States,>50K
35,Self-emp-not-inc,279472,HS-grad,9,Married-civ-spouse,Craft-repair,Husband,White,Male,0,0,40,United-States,<=50K
21,Private,191367,Some-college,10,Never-married,Other-service,Own-child,White,Male,0,0,40,United-States,<=50K
32,Private,186117,Bachelors,13,Married-civ-spouse,Craft-repair,Husband,White,Male,0,0,55,United-States,>50K
29,Private,404062,10th,6,Separated,Sales,Unmarried,White,Female,0,0,40,United-States,<=50K
24,Self-emp-not-inc,240160,HS-grad,9,Never-married,Craft-repair,Not-in-family,White,Male,0,0,35,United-States,<=50K
39,Private,181553,Bachelors,13,Divorced,Exec-managerial,Not-in-family,White,Male,0,0,55,United-States,<=50K
19,Private,247025,12th,8,Married-spouse-absent,Other-service,Own-child,Other,Female,0,0,20,United-States,<=50K
36,Private,403671,Bachelors,13,Married-civ-spouse,Sales,Husband,White,Male,0,1902,40,United-States,>50K
42,Federal-gov,159549,Assoc-acdm,12,Divorced,Prof-specialty,Unmarried,Asian-Pac-Islander,Female,0,0,40,Philippines,>50K
24,State-gov,215892,Bachelors,13,Never-married,Tech-support,Not-in-family,White,Female,0,0,40,United-States,<=50K
28,Self-emp-not-inc,228200,Bachelors,13,Never-married,Sales,Not-in-family,White,Female,0,0,48,United-States,<=50K
38,Private,265434,Masters,14,Married-civ-spouse,Exec-managerial,Husband,White,Male,0,0,60,United-States,>50K
41,Private,227065,HS-grad,9,Never-married,Other-service,Own-child,White,Male,0,0,40,United-States,<=50K
19,Private,300679,Some-college,10,Never-married,Craft-repair,Own-child,White,Female,0,0,40,United-States,<=50K
41,Private,132853,1st-4th,2,Married-civ-spouse,Transport-moving,Husband,White,Male,0,0,40,Mexico,<=50K
37,Local-gov,223811,Assoc-voc,11,Never-married,Other-service,Unmarried,Black,Female,0,0,32,United-States,<=50K
46,Private,108699,Some-college,10,Widowed,Adm-clerical,Not-in-family,White,Female,0,0,60,United-States,<=50K
35,Private,355728,Some-college,10,Married-civ-spouse,Tech-support,Husband,White,Male,2829,0,55,Poland,<=50K
47,Private,168539,HS-grad,9,Married-civ-spouse,Craft-repair,Husband,White,Male,27828,0,40,United-States,<=50K
31,State-gov,268832,HS-grad,9,Never-married,Adm-clerical,Not-in-family,Black,Female,0,0,37,United-States,<=50K
24,Private,273803,Some-college,10,Never-married,Adm-clerical,Own-child,Black,Female,0,0,20,United-States,<=50K
41,Private,112283,HS-grad,9,Married-civ-spouse,Craft-repair,Husband,White,Male,0,0,60,United-States,>50K
18,Private,201680,Some-college,10,Never-married,Machine-op-inspct,Not-in-family,White,Female,0,0,15,United-States,<=50K
26,Private,36039,Some-college,10,Married-civ-spouse,Sales,Husband,White,Male,0,0,50,?,<=50K
50,Private,195298,Some-college,10,Married-civ-spouse,Exec-managerial,Husband,White,Male,0,0,50,United-States,>50K
57,Private,124318,HS-grad,9,Married-civ-spouse,Adm-clerical,Wife,White,Female,0,0,45,United-States,<=50K
20,State-gov,178517,Some-college,10,Never-married,Farming-fishing,Not-in-family,White,Male,0,0,40,United-States,<=50K
68,Private,350181,Some-college,10,Married-civ-spouse,Adm-clerical,Husband,White,Male,0,0,40,United-States,<=50K
25,Self-emp-not-inc,121285,Bachelors,13,Never-married,Sales,Not-in-family,White,Female,0,0,40,United-States,<=50K
56,Private,181553,HS-grad,9,Married-civ-spouse,Transport-moving,Husband,White,Male,0,0,48,United-States,>50K
25,Self-emp-not-inc,121768,Bachelors,13,Never-married,Sales,Not-in-family,White,Female,0,0,40,United-States,<=50K
31,Private,110643,Bachelors,13,Married-civ-spouse,Prof-specialty,Husband,White,Male,0,0,40,United-States,>50K
45,Local-gov,234537,HS-grad,9,Divorced,Adm-clerical,Unmarried,White,Female,0,0,35,United-States,<=50K
61,Private,197042,7th-8th,4,Married-civ-spouse,Machine-op-inspct,Husband,White,Male,0,0,40,United-States,<=50K
39,Self-emp-not-inc,190387,Bachelors,13,Married-civ-spouse,Sales,Husband,White,Male,0,0,60,United-States,<=50K
56,Private,197387,HS-grad,9,Divorced,Adm-clerical,Not-in-family,White,Female,0,0,40,United-States,<=50K
61,Private,197286,7th-8th,4,Married-civ-spouse,Machine-op-inspct,Husband,White,Male,0,0,40,United-States,<=50K
42,Self-emp-not-inc,200471,Prof-school,15,Never-married,Prof-specialty,Not-in-family,White,Male,0,0,38,United-States,<=50K
49,Private,187693,Masters,14,Married-civ-spouse,Exec-managerial,Husband,White,Male,15024,0,50,United-States,>50K
48,Private,129786,HS-grad,9,Widowed,Adm-clerical,Unmarried,White,Female,0,0,40,United-States,<=50K
25,Federal-gov,178244,Some-college,10,Never-married,Exec-managerial,Own-child,White,Male,0,0,9,United-States,<=50K
43,Private,266645,11th,7,Never-married,Other-service,Not-in-family,Black,Male,0,0,40,United-States,<=50K
31,Private,109428,Assoc-acdm,12,Married-civ-spouse,Adm-clerical,Wife,White,Female,0,1740,40,United-States,<=50K
18,Private,106943,11th,7,Never-married,Sales,Own-child,White,Female,0,0,12,United-States,<=50K
43,Private,117363,Masters,14,Never-married,Adm-clerical,Not-in-family,White,Male,0,0,40,United-States,<=50K
26,Private,472604,Some-college,10,Married-civ-spouse,Sales,Husband,White,Male,0,0,40,United-States,<=50K
52,Private,256861,Bachelors,13,Married-civ-spouse,Exec-managerial,Husband,White,Male,0,0,50,United-States,<=50K
51,Private,221955,HS-grad,9,Married-civ-spouse,Machine-op-inspct,Husband,White,Male,0,0,40,United-States,>50K
29,Private,196125,Prof-school,15,Divorced,Prof-specialty,Own-child,White,Female,2174,0,72,United-States,<=50K
37,Private,226894,Bachelors,13,Married-civ-spouse,Sales,Husband,White,Male,0,0,55,United-States,>50K
23,State-gov,186634,Bachelors,13,Never-married,Adm-clerical,Not-in-family,White,Male,0,0,16,United-States,<=50K
31,Self-emp-inc,203039,Bachelors,13,Married-civ-spouse,Exec-managerial,Husband,White,Male,0,0,50,United-States,>50K
33,Private,217235,HS-grad,9,Married-civ-spouse,Sales,Husband,White,Male,0,0,20,United-States,<=50K
20,?,34862,Some-college,10,Never-married,?,Own-child,Amer-Indian-Eskimo,Male,0,0,72,United-States,<=50K
26,Self-emp-not-inc,109609,Some-college,10,Separated,Craft-repair,Not-in-family,White,Male,0,0,30,United-States,<=50K
75,Self-emp-not-inc,106873,11th,7,Widowed,Sales,Not-in-family,White,Male,0,0,40,United-States,<=50K
22,Federal-gov,471452,Bachelors,13,Never-married,Tech-support,Own-child,White,Male,0,0,8,United-States,<=50K
72,Self-emp-not-inc,287008,Prof-school,15,Married-civ-spouse,Prof-specialty,Husband,White,Male,0,2246,28,United-States,>50K
35,Private,162256,Assoc-voc,11,Divorced,Adm-clerical,Not-in-family,White,Female,6849,0,40,United-States,<=50K
66,Private,169804,Bachelors,13,Married-civ-spouse,Sales,Husband,White,Male,20051,0,40,United-States,>50K
36,Private,118909,Assoc-acdm,12,Never-married,Adm-clerical,Unmarried,Black,Female,0,0,40,Jamaica,<=50K
52,Private,257863,Assoc-voc,11,Divorced,Adm-clerical,Not-in-family,White,Female,0,0,40,Germany,<=50K
32,Private,526968,Some-college,10,Never-married,Tech-support,Not-in-family,Black,Male,0,0,38,United-States,<=50K
30,Local-gov,38268,HS-grad,9,Separated,Other-service,Unmarried,White,Male,0,0,40,United-States,>50K
22,Private,399087,5th-6th,3,Married-civ-spouse,Machine-op-inspct,Other-relative,White,Female,0,0,40,Mexico,<=50K
21,Private,221955,HS-grad,9,Never-married,Machine-op-inspct,Unmarried,White,Male,0,0,40,Japan,<=50K
49,Private,116927,Bachelors,13,Married-civ-spouse,Sales,Husband,White,Male,0,0,60,United-States,<=50K
34,Private,212064,HS-grad,9,Separated,Adm-clerical,Unmarried,White,Female,7443,0,35,United-States,<=50K
34,Local-gov,253899,Bachelors,13,Divorced,Prof-specialty,Unmarried,White,Female,0,0,40,United-States,<=50K
50,Private,113185,HS-grad,9,Divorced,Adm-clerical,Not-in-family,White,Female,0,0,40,United-States,<=50K
81,?,89391,Prof-school,15,Married-civ-spouse,?,Husband,White,Male,0,0,24,United-States,>50K
61,State-gov,34965,Masters,14,Married-civ-spouse,Exec-managerial,Husband,White,Male,0,0,40,United-States,>50K
25,Private,263339,Bachelors,13,Never-married,Sales,Not-in-family,White,Female,6849,0,50,United-States,<=50K
54,Private,144608,Some-college,10,Married-civ-spouse,Sales,Wife,White,Female,0,0,40,United-States,>50K
65,Private,180039,Some-college,10,Married-civ-spouse,Exec-managerial,Wife,White,Female,0,0,40,United-States,<=50K
45,Private,194243,Assoc-voc,11,Never-married,Other-service,Unmarried,White,Female,0,0,40,Mexico,<=50K
35,Private,102976,HS-grad,9,Divorced,Exec-managerial,Not-in-family,White,Male,0,0,50,United-States,<=50K
50,Private,175006,Some-college,10,Married-civ-spouse,Sales,Husband,White,Male,0,0,45,United-States,>50K
31,Private,192793,Bachelors,13,Married-civ-spouse,Prof-specialty,Husband,White,Male,0,0,40,United-States,>50K
52,Private,256173,Assoc-voc,11,Divorced,Adm-clerical,Not-in-family,White,Female,0,0,40,Germany,<=50K
50,Private,92079,Some-college,10,Married-civ-spouse,Tech-support,Husband,White,Male,0,0,45,United-States,>50K
34,Private,242460,Bachelors,13,Married-civ-spouse,Exec-managerial,Husband,White,Male,7688,0,40,United-States,>50K
31,Private,363130,Some-college,10,Married-civ-spouse,Exec-managerial,Husband,Black,Male,0,0,40,United-States,>50K
52,Private,257863,Assoc-voc,11,Divorced,Adm-clerical,Not-in-family,White,Female,0,0,40,Germany,<=50K
36,Local-gov,410114,Bachelors,13,Married-civ-spouse,Prof-specialty,Husband,White,Male,0,1887,40,United-States,>50K
41,Private,190776,HS-grad,9,Divorced,Priv-house-serv,Not-in-family,White,Female,0,0,40,Guatemala,<=50K
40,Private,190747,Some-college,10,Divorced,Exec-managerial,Other-relative,Black,Female,0,0,55,United-States,<=50K
31,Private,150993,Assoc-acdm,12,Never-married,Tech-support,Not-in-family,Asian-Pac-Islander,Female,0,0,40,United-States,<=50K
43,Private,218309,Bachelors,13,Divorced,Sales,Not-in-family,White,Female,0,0,50,United-States,<=50K
56,Self-emp-not-inc,155057,HS-grad,9,Married-civ-spouse,Craft-repair,Husband,White,Male,0,0,40,United-States,<=50K
22,Private,259351,HS-grad,9,Never-married,Transport-moving,Own-child,Black,Male,0,0,24,United-States,<=50K
25,Private,36039,5th-6th,3,Never-married,Adm-clerical,Not-in-family,White,Female,0,0,33,Mexico,<=50K
54,Private,50385,Bachelors,13,Divorced,Exec-managerial,Not-in-family,Black,Female,0,0,45,United-States,>50K
35,Private,266860,HS-grad,9,Divorced,Other-service,Not-in-family,White,Female,0,0,45,United-States,<=50K
54,Private,508548,Bachelors,13,Divorced,Exec-managerial,Not-in-family,Black,Female,0,0,45,United-States,>50K
35,Private,132853,Some-college,10,Married-civ-spouse,Tech-support,Husband,White,Male,0,0,40,United-States,>50K
27,Private,266860,Some-college,10,Married-civ-spouse,Machine-op-inspct,Husband,White,Male,0,0,40,United-States,<=50K
40,Private,122215,Assoc-acdm,12,Married-civ-spouse,Sales,Husband,White,Male,0,0,40,United-States,>50K
24,Private,202721,Some-college,10,Never-married,Adm-clerical,Own-child,Black,Female,0,0,40,United-States,<=50K
21,Private,221955,HS-grad,9,Never-married,Machine-op-inspct,Unmarried,White,Male,0,0,40,Mexico,<=50K
46,Self-emp-not-inc,230356,Some-college,10,Separated,Prof-specialty,Not-in-family,White,Male,0,0,20,United-States,<=50K
49,Private,188798,Some-college,10,Divorced,Adm-clerical,Unmarried,White,Female,0,0,40,United-States,<=50K
19,Private,134195,Some-college,10,Never-married,Sales,Own-child,White,Male,0,0,15,United-States,<=50K
43,Local-gov,413760,Some-college,10,Separated,Craft-repair,Not-in-family,Black,Male,0,0,40,United-States,<=50K
39,Private,91711,Masters,14,Married-civ-spouse,Exec-managerial,Husband,White,Male,0,0,40,United-States,>50K
38,Local-gov,146305,HS-grad,9,Never-married,Transport-moving,Not-in-family,White,Male,0,0,40,United-States,<=50K
44,Private,229148,HS-grad,9,Married-civ-spouse,Craft-repair,Husband,Black,Male,0,0,40,?,<=50K
35,Private,36989,HS-grad,9,Divorced,Craft-repair,Unmarried,White,Male,0,0,40,United-States,<=50K
45,Federal-gov,155981,Some-college,10,Married-civ-spouse,Prof-specialty,Husband,White,Male,0,0,40,United-States,>50K
66,?,31428,Some-college,10,Married-civ-spouse,?,Husband,White,Male,0,0,20,United-States,<=50K
39,Private,139086,Prof-school,15,Married-civ-spouse,Prof-specialty,Husband,Asian-Pac-Islander,Male,0,0,38,India,<=50K
55,Private,189528,7th-8th,4,Married-civ-spouse,Craft-repair,Husband,White,Male,0,0,60,United-States,<=50K
32,Private,202822,HS-grad,9,Married-civ-spouse,Other-service,Husband,White,Male,0,0,60,United-States,<=50K
42,Private,56483,Assoc-acdm,12,Divorced,Adm-clerical,Unmarried,White,Female,0,0,40,United-States,<=50K
38,Private,226894,Bachelors,13,Never-married,Exec-managerial,Not-in-family,Black,Male,13550,0,40,United-States,>50K
39,Private,67433,Assoc-voc,11,Never-married,Prof-specialty,Not-in-family,White,Female,4650,0,32,United-States,<=50K
35,Private,99357,Masters,14,Married-civ-spouse,Prof-specialty,Wife,White,Female,15024,0,50,United-States,>50K
41,Private,106159,HS-grad,9,Never-married,Machine-op-inspct,Own-child,White,Male,14344,0,48,United-States,>50K
73,Self-emp-not-inc,161563,HS-grad,9,Widowed,Craft-repair,Not-in-family,White,Male,0,0,24,United-States,<=50K
34,Private,192793,Some-college,10,Married-civ-spouse,Craft-repair,Husband,White,Male,0,0,40,United-States,>50K
37,Private,238360,HS-grad,9,Married-civ-spouse,Machine-op-inspct,Husband,Black,Male,0,0,36,United-States,>50K
26,Private,131224,HS-grad,9,Never-married,Adm-clerical,Own-child,White,Female,0,0,40,United-States,<=50K
28,Self-emp-not-inc,228729,Bachelors,13,Never-married,Sales,Not-in-family,White,Female,0,0,48,United-States,<=50K
44,Private,201723,Bachelors,13,Married-civ-spouse,Exec-managerial,Husband,White,Male,15024,0,45,United-States,>50K
31,Private,110643,Bachelors,13,Married-civ-spouse,Prof-specialty,Husband,White,Male,0,0,40,United-States,>50K
20,Private,235124,HS-grad,9,Never-married,Sales,Unmarried,White,Male,0,0,40,United-States,<=50K
65,Self-emp-not-inc,118605,11th,7,Married-civ-spouse,Exec-managerial,Husband,White,Male,9386,0,59,?,>50K
55,Private,202083,Bachelors,13,Never-married,Exec-managerial,Not-in-family,White,Female,0,0,35,United-States,<=50K
49,Private,168211,Bachelors,13,Divorced,Exec-managerial,Unmarried,White,Female,0,0,40,United-States,>50K
47,Private,285295,HS-grad,9,Married-civ-spouse,Exec-managerial,Husband,White,Male,0,0,40,United-States,<=50K
55,Local-gov,257863,Prof-school,15,Married-civ-spouse,Prof-specialty,Husband,White,Male,0,1902,40,United-States,>50K
67,Self-emp-inc,51789,Some-college,10,Married-civ-spouse,Sales,Husband,White,Male,0,0,40,United-States,<=50K
38,Private,179352,Assoc-acdm,12,Married-spouse-absent,Adm-clerical,Unmarried,White,Female,0,0,40,United-States,<=50K
37,Self-emp-not-inc,181008,HS-grad,9,Divorced,Craft-repair,Not-in-family,White,Male,0,0,50,United-States,<=50K
29,Private,135568,Bachelors,13,Married-civ-spouse,Exec-managerial,Wife,White,Female,15024,0,50,Cuba,>50K
21,Private,133582,5th-6th,3,Never-married,Farming-fishing,Not-in-family,White,Male,2176,0,36,Mexico,<=50K
34,Private,320818,HS-grad,9,Never-married,Other-service,Not-in-family,White,Female,0,0,28,United-States,<=50K
18,Self-emp-not-inc,132986,HS-grad,9,Never-married,Farming-fishing,Own-child,White,Male,0,0,40,United-States,<=50K
28,Private,176486,Bachelors,13,Never-married,Adm-clerical,Not-in-family,White,Female,0,0,30,?,<=50K
27,Private,166809,HS-grad,9,Never-married,Exec-managerial,Own-child,White,Male,0,0,40,United-States,<=50K
23,State-gov,186454,Bachelors,13,Never-married,Adm-clerical,Not-in-family,White,Male,0,0,16,United-States,<=50K
28,Private,175339,Bachelors,13,Never-married,Adm-clerical,Not-in-family,White,Female,0,0,30,?,<=50K
24,Private,40293,HS-grad,9,Married-civ-spouse,Craft-repair,Husband,White,Male,0,0,60,United-States,<=50K
17,Private,271282,11th,7,Never-married,Adm-clerical,Own-child,White,Female,0,0,7,United-States,<=50K
36,Private,179681,HS-grad,9,Divorced,Craft-repair,Not-in-family,White,Male,0,0,40,United-States,<=50K
45,Private,216145,Masters,14,Never-married,Exec-managerial,Not-in-family,White,Female,0,2824,50,United-States,>50K
31,Private,197042,11th,7,Married-civ-spouse,Craft-repair,Husband,White,Male,0,0,40,United-States,<=50K
43,Private,57600,Doctorate,16,Married-spouse-absent,Prof-specialty,Not-in-family,White,Female,0,0,40,?,<=50K
28,Private,206351,Some-college,10,Married-civ-spouse,Sales,Husband,White,Male,0,0,40,United-States,<=50K
32,Private,199698,Some-college,10,Married-civ-spouse,Adm-clerical,Wife,Other,Female,0,1740,40,?,<=50K
66,Private,335997,HS-grad,9,Married-civ-spouse,Other-service,Husband,Black,Male,0,0,4,United-States,<=50K
54,Private,249332,Bachelors,13,Married-civ-spouse,Craft-repair,Husband,Black,Male,0,0,40,United-States,<=50K
50,Private,112967,Bachelors,13,Married-civ-spouse,Sales,Husband,White,Male,0,0,40,United-States,<=50K
54,Private,221532,Prof-school,15,Never-married,Prof-specialty,Other-relative,White,Female,0,0,65,United-States,<=50K
22,?,218782,Some-college,10,Never-married,?,Own-child,Black,Male,0,0,40,United-States,<=50K
49,Private,123713,Bachelors,13,Divorced,Exec-managerial,Not-in-family,White,Male,0,0,45,United-States,<=50K
27,Private,157887,HS-grad,9,Never-married,Other-service,Not-in-family,White,Female,0,0,42,United-States,<=50K
28,Self-emp-not-inc,228200,Bachelors,13,Never-married,Sales,Not-in-family,White,Female,0,0,48,United-States,<=50K
28,Local-gov,135056,Bachelors,13,Never-married,Adm-clerical,Not-in-family,Black,Female,4101,0,60,United-States,<=50K
54,Local-gov,188246,5th-6th,3,Never-married,Machine-op-inspct,Not-in-family,White,Male,0,2001,35,United-States,<=50K
32,Private,177675,HS-grad,9,Never-married,Craft-repair,Own-child,White,Male,0,0,40,United-States,<=50K
21,Private,279472,Some-college,10,Never-married,Sales,Not-in-family,White,Female,0,0,55,United-States,<=50K
61,Local-gov,149981,HS-grad,9,Widowed,Adm-clerical,Not-in-family,White,Female,0,0,40,United-States,<=50K
56,Private,198286,HS-grad,9,Divorced,Adm-clerical,Not-in-family,White,Female,0,0,40,United-States,<=50K
59,Private,453067,Some-college,10,Married-civ-spouse,Prof-specialty,Husband,White,Male,0,0,36,United-States,>50K
38,Private,89559,Some-college,10,Separated,Prof-specialty,Unmarried,White,Female,0,0,40,Germany,<=50K
20,Private,184779,Some-college,10,Never-married,Tech-support,Own-child,White,Female,0,0,20,United-States,<=50K
22,Private,51362,Bachelors,13,Never-married,Sales,Not-in-family,White,Female,0,0,16,United-States,<=50K
20,?,347445,HS-grad,9,Never-married,?,Own-child,White,Male,0,0,32,United-States,<=50K
54,Federal-gov,51048,HS-grad,9,Married-civ-spouse,Prof-specialty,Husband,White,Male,0,0,40,United-States,>50K
31,Private,203181,Some-college,10,Divorced,Adm-clerical,Unmarried,Black,Female,0,0,40,United-States,<=50K
80,?,107882,HS-grad,9,Widowed,?,Not-in-family,White,Male,0,0,24,United-States,<=50K
36,Private,664670,HS-grad,9,Married-civ-spouse,Sales,Husband,White,Male,0,0,50,United-States,<=50K
33,Private,215892,HS-grad,9,Married-civ-spouse,Sales,Husband,White,Male,0,0,20,United-States,<=50K
35,Private,267989,HS-grad,9,Divorced,Other-service,Not-in-family,White,Female,0,0,45,United-States,<=50K
29,Private,309778,Bachelors,13,Never-married,Craft-repair,Not-in-family,White,Male,0,0,40,United-States,<=50K
60,Private,205428,HS-grad,9,Separated,Other-service,Not-in-family,White,Female,0,0,25,United-States,<=50K
41,Private,132853,1st-4th,2,Married-civ-spouse,Transport-moving,Husband,White,Male,0,0,40,Japan,<=50K
36,Private,226027,7th-8th,4,Married-civ-spouse,Handlers-cleaners,Husband,White,Male,0,0,40,El-Salvador,<=50K
23,Private,179352,Assoc-voc,11,Never-married,Adm-clerical,Own-child,White,Female,0,0,40,United-States,<=50K
34,State-gov,253190,Bachelors,13,Never-married,Prof-specialty,Not-in-family,White,Male,0,0,48,United-States,<=50K
66,?,182217,7th-8th,4,Married-civ-spouse,?,Husband,White,Male,0,0,30,United-States,<=50K
35,Self-emp-not-inc,276709,HS-grad,9,Married-civ-spouse,Craft-repair,Husband,White,Male,0,0,40,United-States,<=50K
64,Private,69884,HS-grad,9,Divorced,Craft-repair,Unmarried,White,Male,0,0,20,United-States,<=50K
22,Private,163434,10th,6,Never-married,Sales,Own-child,White,Male,0,0,15,United-States,<=50K
40,Self-emp-inc,29675,HS-grad,9,Never-married,Other-service,Not-in-family,White,Female,0,0,65,United-States,<=50K
56,Private,198388,HS-grad,9,Divorced,Adm-clerical,Not-in-family,White,Female,0,0,40,United-States,<=50K
42,Federal-gov,272792,Assoc-voc,11,Divorced,Adm-clerical,Unmarried,Black,Female,0,0,40,United-States,>50K
45,Federal-gov,109598,HS-grad,9,Never-married,Other-service,Not-in-family,Black,Female,0,0,40,United-States,<=50K
19,Private,134737,Some-college,10,Never-married,Sales,Own-child,White,Male,0,0,15,United-States,<=50K
30,Private,145139,HS-grad,9,Never-married,Craft-repair,Not-in-family,White,Male,0,0,45,United-States,<=50K
29,State-gov,245090,Some-college,10,Never-married,Prof-specialty,Not-in-family,White,Male,0,0,35,United-States,<=50K
42,Private,336880,Some-college,10,Divorced,Adm-clerical,Not-in-family,Black,Female,0,0,40,United-States,<=50K
37,Private,447739,Assoc-acdm,12,Divorced,Exec-managerial,Not-in-family,White,Female,0,0,40,United-States,<=50K
50,Private,171540,Bachelors,13,Married-civ-spouse,Prof-specialty,Husband,White,Male,0,0,43,United-States,>50K
45,Private,195298,HS-grad,9,Married-civ-spouse,Craft-repair,Husband,White,Male,0,0,40,United-States,<=50K
37,Private,189462,Assoc-acdm,12,Divorced,Adm-clerical,Not-in-family,White,Female,0,1504,40,United-States,<=50K
37,Self-emp-not-inc,150993,11th,7,Married-civ-spouse,Transport-moving,Husband,White,Male,0,0,45,United-States,<=50K
36,Private,51789,Some-college,10,Divorced,Adm-clerical,Unmarried,White,Female,0,0,40,United-States,<=50K
36,Self-emp-not-inc,122493,HS-grad,9,Married-civ-spouse,Craft-repair,Husband,White,Male,0,0,47,United-States,<=50K
69,Private,130060,HS-grad,9,Separated,Transport-moving,Unmarried,Black,Female,2387,0,40,United-States,<=50K
54,Private,175485,HS-grad,9,Married-civ-spouse,Sales,Husband,White,Male,0,0,50,United-States,<=50K
51,Private,223020,HS-grad,9,Married-civ-spouse,Machine-op-inspct,Husband,White,Male,0,0,40,United-States,>50K
32,Private,183845,Bachelors,13,Married-civ-spouse,Craft-repair,Husband,White,Male,0,0,55,United-States,>50K
21,Private,413760,Some-college,10,Never-married,Adm-clerical,Own-child,White,Female,0,0,35,United-States,<=50K
65,?,37306,7th-8th,4,Married-civ-spouse,?,Husband,White,Male,0,0,20,United-States,<=50K
49,Private,168138,Bachelors,13,Divorced,Exec-managerial,Unmarried,White,Female,0,0,40,United-States,>50K
26,Private,186427,Bachelors,13,Never-married,Prof-specialty,Not-in-family,Asian-Pac-Islander,Male,4650,0,40,Vietnam,<=50K
68,Private,352080,Some-college,10,Married-civ-spouse,Adm-clerical,Husband,White,Male,0,0,40,United-States,<=50K
72,Private,57101,HS-grad,9,Married-civ-spouse,Sales,Husband,White,Male,0,0,12,United-States,<=50K
41,Private,265434,HS-grad,9,Divorced,Adm-clerical,Unmarried,White,Female,0,0,45,United-States,<=50K
37,Private,340599,11th,7,Separated,Other-service,Unmarried,Black,Female,0,0,40,United-States,<=50K
51,Private,249332,Bachelors,13,Married-civ-spouse,Exec-managerial,Husband,White,Male,0,0,55,United-States,>50K
54,Private,250087,Bachelors,13,Married-civ-spouse,Craft-repair,Husband,Black,Male,0,0,40,United-States,<=50K
41,Local-gov,235124,Prof-school,15,Married-civ-spouse,Prof-specialty,Husband,White,Male,0,0,50,United-States,>50K
38,Private,188588,Bachelors,13,Never-married,Exec-managerial,Not-in-family,White,Male,0,1340,40,United-States,<=50K
24,Private,403671,HS-grad,9,Married-civ-spouse,Craft-repair,Husband,White,Male,0,0,60,United-States,<=50K
51,Private,249352,Bachelors,13,Married-civ-spouse,Exec-managerial,Husband,White,Male,0,0,55,United-States,>50K
49,Local-gov,172837,Bachelors,13,Never-married,Prof-specialty,Not-in-family,White,Female,0,0,50,United-States,<=50K
35,Private,266645,HS-grad,9,Divorced,Other-service,Not-in-family,White,Female,0,0,45,United-States,<=50K
20,?,346766,Some-college,10,Never-married,?,Own-child,Amer-Indian-Eskimo,Male,0,0,72,United-States,<=50K
42,Self-emp-not-inc,200574,Prof-school,15,Never-married,Prof-specialty,Not-in-family,White,Male,0,0,38,United-States,<=50K
42,Local-gov,126319,Bachelors,13,Married-civ-spouse,Prof-specialty,Wife,White,Female,0,0,40,United-States,>50K
62,Private,245090,9th,5,Married-civ-spouse,Exec-managerial,Husband,White,Male,0,0,40,United-States,<=50K
55,Private,145214,Some-college,10,Divorced,Adm-clerical,Unmarried,White,Female,4650,0,20,United-States,<=50K
27,Private,82242,Bachelors,13,Never-married,Exec-managerial,Other-relative,White,Male,0,0,45,Guatemala,<=50K
59,?,376277,HS-grad,9,Married-civ-spouse,?,Husband,White,Male,0,0,41,United-States,>50K
44,Self-emp-inc,219835,HS-grad,9,Married-civ-spouse,Other-service,Husband,Black,Male,0,0,48,United-States,<=50K
33,Private,158156,9th,5,Married-civ-spouse,Machine-op-inspct,Husband,White,Male,0,0,50,United-States,<=50K
40,Private,114157,HS-grad,9,Married-civ-spouse,Machine-op-inspct,Husband,White,Male,0,0,40,United-States,<=50K
42,Federal-gov,159549,Assoc-acdm,12,Divorced,Prof-specialty,Unmarried,Asian-Pac-Islander,Female,0,0,40,Philippines,>50K
42,Private,262778,HS-grad,9,Married-civ-spouse,Craft-repair,Husband,White,Male,5178,0,40,United-States,>50K
66,?,31428,Some-college,10,Married-civ-spouse,?,Husband,White,Male,0,0,20,United-States,<=50K
37,Self-emp-not-inc,181008,HS-grad,9,Divorced,Craft-repair,Not-in-family,White,Male,0,0,50,United-States,<=50K
35,Private,284907,HS-grad,9,Married-civ-spouse,Exec-managerial,Husband,White,Male,0,0,50,United-States,>50K
23,Private,203674,Some-college,10,Never-married,Adm-clerical,Not-in-family,White,Female,0,0,40,United-States,<=50K
58,Private,160029,Assoc-acdm,15,Married-civ-spouse,Transport-moving,Husband,White,Male,0,0,40,United-States,<=50K
62,?,83439,7th-8th,4,Married-civ-spouse,?,Husband,White,Male,0,0,40,United-States,<=50K
44,Self-emp-inc,226032,Some-college,10,Married-civ-spouse,Exec-managerial,Husband,White,Male,0,0,60,United-States,<=50K
47,Private,104068,HS-grad,9,Divorced,Prof-specialty,Unmarried,Amer-Indian-Eskimo,Female,0,0,40,United-States,<=50K
63,Private,162184,HS-grad,9,Married-civ-spouse,Craft-repair,Husband,White,Male,0,0,48,United-States,<=50K
29,Private,367240,Some-college,10,Married-civ-spouse,Craft-repair,Husband,White,Male,0,0,40,United-States,<=50K
22,Private,260617,HS-grad,9,Never-married,Transport-moving,Own-child,Black,Male,0,0,24,United-States,<=50K
35,Private,140752,HS-grad,9,Married-civ-spouse,Handlers-cleaners,Husband,White,Male,0,0,40,United-States,<=50K
33,Federal-gov,137814,HS-grad,9,Never-married,Other-service,Not-in-family,White,Male,0,0,32,United-States,<=50K
33,Private,112584,Some-college,10,Divorced,Sales,Not-in-family,White,Female,0,0,25,United-States,<=50K
43,Private,285580,Bachelors,13,Married-civ-spouse,Prof-specialty,Husband,White,Male,0,0,40,United-States,<=50K
20,Private,637080,Some-college,10,Never-married,Sales,Not-in-family,White,Male,0,0,25,United-States,<=50K
24,Self-emp-not-inc,171540,Assoc-acdm,12,Never-married,Craft-repair,Own-child,White,Male,0,0,40,United-States,<=50K
33,Private,250630,HS-grad,13,Never-married,Farming-fishing,Husband,White,Female,4787,0,40,United-States,>50K
49,Private,234195,7th-8th,4,Never-married,Prof-specialty,Other-relative,Black,Male,0,0,45,United-States,<=50K
45,Self-emp-inc,121124,Prof-school,15,Never-married,Craft-repair,Not-in-family,White,Male,0,0,50,United-States,>50K
51,Private,334277,HS-grad,9,Married-civ-spouse,Craft-repair,Husband,White,Male,0,1902,40,United-States,>50K
34,Private,355728,Bachelors,13,Married-civ-spouse,Sales,Husband,White,Male,0,0,40,United-States,<=50K
77,Private,183898,HS-grad,9,Widowed,Craft-repair,Unmarried,White,Female,0,0,5,United-States,<=50K
34,State-gov,251603,Bachelors,13,Never-married,Prof-specialty,Not-in-family,White,Male,0,0,48,United-States,<=50K
21,Self-emp-not-inc,315728,Some-college,10,Never-married,Other-service,Own-child,White,Male,0,0,30,United-States,<=50K
27,Private,363130,9th,5,Never-married,Priv-house-serv,Unmarried,White,Female,0,0,24,Mexico,<=50K
43,Local-gov,42017,Some-college,10,Separated,Craft-repair,Not-in-family,Black,Male,0,0,40,United-States,<=50K
48,Private,162256,Bachelors,13,Divorced,Exec-managerial,Not-in-family,White,Female,0,0,50,United-States,>50K
59,?,375049,HS-grad,9,Married-civ-spouse,?,Husband,White,Male,0,0,41,United-States,>50K
59,Self-emp-not-inc,191776,10th,6,Married-civ-spouse,Exec-managerial,Husband,White,Male,0,0,36,United-States,<=50K
46,Private,182414,Doctorate,16,Married-civ-spouse,Prof-specialty,Husband,White,Male,0,0,55,United-States,>50K
50,Private,464484,Bachelors,13,Married-spouse-absent,Sales,Not-in-family,White,Female,0,0,20,Germany,<=50K
38,Private,89559,Some-college,10,Separated,Prof-specialty,Unmarried,White,Female,0,0,40,Germany,<=50K
40,Self-emp-inc,140790,Bachelors,13,Married-civ-spouse,Tech-support,Husband,Other,Male,0,0,40,France,>50K
24,Private,70562,Some-college,10,Never-married,Transport-moving,Own-child,White,Male,0,0,40,United-States,<=50K
26,Private,94477,Some-college,10,Married-civ-spouse,Transport-moving,Husband,White,Male,7298,0,55,United-States,>50K
40,Private,213019,HS-grad,9,Divorced,Sales,Unmarried,White,Female,0,0,30,United-States,<=50K
43,Self-emp-not-inc,160029,Some-college,10,Never-married,Sales,Not-in-family,White,Male,0,0,65,United-States,<=50K
50,Private,131298,HS-grad,9,Divorced,Exec-managerial,Unmarried,White,Female,0,0,40,United-States,>50K
51,Private,45599,HS-grad,9,Divorced,Prof-specialty,Not-in-family,White,Male,0,0,40,United-States,<=50K
53,Private,35459,Some-college,10,Married-civ-spouse,Craft-repair,Husband,White,Male,0,0,47,United-States,>50K
37,Local-gov,152744,Some-college,10,Never-married,Craft-repair,Not-in-family,White,Male,0,0,40,United-States,<=50K
38,Private,231826,HS-grad,9,Married-civ-spouse,Craft-repair,Husband,White,Male,0,0,45,United-States,>50K
50,Private,41099,Prof-school,15,Married-civ-spouse,Exec-managerial,Husband,White,Male,15024,0,50,United-States,>50K
37,Self-emp-not-inc,352080,HS-grad,9,Married-civ-spouse,Other-service,Husband,White,Male,0,0,42,United-States,<=50K
22,?,163921,Some-college,10,Never-married,?,Own-child,White,Female,0,0,40,Italy,<=50K
37,Private,219941,HS-grad,9,Married-civ-spouse,Craft-repair,Husband,White,Male,0,0,45,United-States,>50K
18,Private,51838,Some-college,10,Never-married,Other-service,Own-child,White,Male,0,0,8,United-States,<=50K
42,Private,201729,Assoc-voc,11,Married-civ-spouse,Prof-specialty,Husband,White,Male,0,0,40,Canada,<=50K
45,Private,105381,Some-college,10,Divorced,Machine-op-inspct,Not-in-family,White,Female,0,0,40,United-States,<=50K
24,Private,85041,HS-grad,9,Separated,Other-service,Unmarried,White,Female,0,0,25,United-States,<=50K
29,Private,160631,HS-grad,9,Separated,Adm-clerical,Own-child,White,Female,0,0,40,United-States,<=50K
55,Private,35459,7th-8th,4,Married-civ-spouse,Transport-moving,Husband,White,Male,0,0,50,United-States,<=50K
31,Private,149726,12th,8,Married-civ-spouse,Craft-repair,Husband,White,Male,0,0,43,United-States,<=50K
21,Private,278632,Some-college,10,Never-married,Sales,Not-in-family,White,Female,0,0,55,United-States,<=50K
29,Private,229148,Some-college,10,Married-civ-spouse,Exec-managerial,Husband,White,Male,0,1887,50,United-States,>50K
46,State-gov,102628,Masters,14,Widowed,Protective-serv,Unmarried,White,Male,0,0,40,United-States,<=50K
46,Private,57758,Bachelors,13,Married-civ-spouse,Exec-managerial,Husband,White,Male,15024,0,55,United-States,>50K
24,Private,275369,Some-college,10,Never-married,Adm-clerical,Own-child,Black,Female,0,0,20,United-States,<=50K
53,Private,95864,HS-grad,9,Never-married,Adm-clerical,Other-relative,White,Male,0,0,35,United-States,<=50K
31,Private,53776,HS-grad,9,Divorced,Sales,Not-in-family,White,Female,0,0,40,United-States,<=50K
60,Local-gov,134854,Some-college,10,Married-civ-spouse,Protective-serv,Husband,White,Male,0,0,40,United-States,<=50K
41,Private,142764,Masters,14,Never-married,Adm-clerical,Not-in-family,White,Female,0,0,40,United-States,<=50K
29,Private,196125,Prof-school,15,Divorced,Prof-specialty,Own-child,White,Female,2174,0,72,United-States,<=50K
30,Private,176486,HS-grad,9,Divorced,Machine-op-inspct,Not-in-family,White,Male,0,0,40,United-States,<=50K
36,Private,275369,HS-grad,9,Divorced,Adm-clerical,Unmarried,White,Female,0,0,50,United-States,<=50K
73,Private,29520,HS-grad,9,Widowed,Other-service,Other-relative,White,Female,0,0,12,United-States,<=50K
42,Private,263339,HS-grad,9,Married-civ-spouse,Craft-repair,Husband,White,Male,5178,0,40,United-States,>50K
18,Self-emp-inc,119471,HS-grad,9,Never-married,Other-service,Unmarried,Asian-Pac-Islander,Female,0,0,30,India,<=50K
31,Private,209808,HS-grad,9,Married-civ-spouse,Transport-moving,Husband,White,Male,0,0,65,United-States,<=50K
70,Private,121993,HS-grad,9,Married-civ-spouse,Adm-clerical,Wife,White,Female,0,0,5,United-States,<=50K
74,Private,97167,HS-grad,9,Married-civ-spouse,Other-service,Husband,White,Male,0,0,15,United-States,<=50K
35,Private,209808,HS-grad,9,Married-civ-spouse,Transport-moving,Husband,White,Male,0,0,60,United-States,<=50K
51,Private,190023,HS-grad,9,Divorced,Craft-repair,Own-child,Black,Male,0,0,40,United-States,<=50K
44,Private,321709,HS-grad,9,Separated,Machine-op-inspct,Own-child,Black,Male,0,0,40,United-States,<=50K
19,?,346754,Some-college,10,Never-married,?,Own-child,White,Male,0,0,24,United-States,<=50K
20,Private,334105,Some-college,10,Never-married,Other-service,Own-child,White,Female,0,0,10,United-States,<=50K
44,Private,158555,HS-grad,9,Divorced,Sales,Own-child,White,Male,0,0,38,United-States,<=50K
44,Private,119838,Prof-school,15,Married-civ-spouse,Prof-specialty,Husband,White,Male,99999,0,60,United-States,>50K
36,Private,172129,9th,5,Married-civ-spouse,Handlers-cleaners,Husband,White,Male,0,0,40,United-States,<=50K
70,Private,121944,HS-grad,9,Married-civ-spouse,Adm-clerical,Wife,White,Female,0,0,5,United-States,<=50K
44,Private,175262,Bachelors,13,Married-civ-spouse,Craft-repair,Husband,White,Male,0,0,12,United-States,<=50K
42,Private,54611,Some-college,10,Divorced,Farming-fishing,Not-in-family,White,Male,0,0,40,United-States,<=50K
63,Self-emp-not-inc,298995,7th-8th,4,Married-civ-spouse,Farming-fishing,Husband,White,Male,7688,0,60,United-States,>50K
48,Private,351711,Some-college,10,Married-civ-spouse,Craft-repair,Other-relative,Asian-Pac-Islander,Male,0,0,40,Cambodia,>50K
66,Private,335997,HS-grad,9,Married-civ-spouse,Other-service,Husband,Black,Male,0,0,4,United-States,<=50K
41,Private,352080,Some-college,10,Married-civ-spouse,Exec-managerial,Wife,White,Female,0,1902,40,United-States,>50K
37,Private,226500,Bachelors,13,Married-civ-spouse,Sales,Husband,White,Male,0,0,55,United-States,>50K
31,Private,149981,12th,8,Married-civ-spouse,Craft-repair,Husband,White,Male,0,0,43,United-States,<=50K
39,Private,97136,HS-grad,9,Never-married,Machine-op-inspct,Unmarried,Black,Female,0,0,40,United-States,<=50K
46,Federal-gov,55237,Some-college,10,Divorced,Machine-op-inspct,Unmarried,White,Male,0,0,40,United-States,<=50K
47,Private,102583,HS-grad,9,Married-civ-spouse,Sales,Husband,White,Male,0,0,30,United-States,>50K
35,Private,106943,HS-grad,9,Married-civ-spouse,Sales,Husband,White,Male,0,0,60,United-States,<=50K
37,Private,194668,Some-college,10,Married-civ-spouse,Transport-moving,Husband,White,Male,0,0,45,United-States,>50K
38,Private,107477,HS-grad,9,Married-civ-spouse,Craft-repair,Husband,White,Male,0,0,40,United-States,<=50K
51,Private,163687,Bachelors,13,Married-civ-spouse,Transport-moving,Husband,White,Male,0,0,56,United-States,>50K
54,Private,209609,Some-college,10,Divorced,Adm-clerical,Unmarried,White,Female,0,0,40,United-States,<=50K
49,Private,79436,HS-grad,9,Married-civ-spouse,Handlers-cleaners,Husband,White,Male,0,0,48,United-States,<=50K
56,Private,198388,HS-grad,9,Divorced,Adm-clerical,Not-in-family,White,Female,0,0,40,United-States,<=50K
44,Private,144778,Some-college,10,Separated,Exec-managerial,Not-in-family,White,Male,0,0,45,United-States,>50K
43,Local-gov,32533,Some-college,10,Never-married,Exec-managerial,Not-in-family,White,Female,0,0,12,United-States,<=50K
39,Private,30916,HS-grad,9,Married-civ-spouse,Craft-repair,Husband,White,Male,0,0,40,United-States,<=50K
58,Private,285885,9th,5,Divorced,Other-service,Unmarried,White,Female,0,0,40,United-States,<=50K
39,Private,174242,HS-grad,9,Married-civ-spouse,Craft-repair,Husband,White,Male,0,0,40,United-States,<=50K
69,Private,145214,Some-college,10,Widowed,Adm-clerical,Not-in-family,White,Female,0,0,24,United-States,<=50K
43,Self-emp-not-inc,160369,Some-college,10,Never-married,Sales,Not-in-family,White,Male,0,0,65,United-States,<=50K
50,Private,410034,Prof-school,15,Married-civ-spouse,Exec-managerial,Husband,White,Male,15024,0,50,United-States,>50K
33,Local-gov,156873,Assoc-voc,11,Married-civ-spouse,Tech-support,Husband,White,Male,0,0,40,United-States,<=50K
41,Local-gov,235951,Prof-school,15,Married-civ-spouse,Prof-specialty,Husband,White,Male,0,0,50,United-States,>50K
32,Private,279472,Some-college,10,Never-married,Tech-support,Not-in-family,Black,Female,0,0,40,United-States,<=50K
26,Private,186454,Bachelors,13,Never-married,Prof-specialty,Not-in-family,Asian-Pac-Islander,Male,4650,0,40,Vietnam,<=50K
22,Private,112693,HS-grad,9,Married-civ-spouse,Craft-repair,Husband,White,Male,0,0,35,United-States,<=50K
31,Private,188798,Masters,14,Married-civ-spouse,Exec-managerial,Wife,White,Female,0,0,40,United-States,>50K
42,Local-gov,126319,Bachelors,13,Married-civ-spouse,Prof-specialty,Wife,White,Female,0,0,40,United-States,>50K
56,Self-emp-not-inc,155981,HS-grad,9,Married-civ-spouse,Craft-repair,Husband,White,Male,0,0,40,United-States,<=50K
40,Private,187067,Bachelors,13,Married-civ-spouse,Prof-specialty,Husband,White,Male,0,0,40,United-States,<=50K
63,Self-emp-not-inc,297188,7th-8th,4,Married-civ-spouse,Farming-fishing,Husband,White,Male,7688,0,60,United-States,>50K
33,Private,183470,Some-college,10,Never-married,Other-service,Not-in-family,White,Male,0,0,24,United-States,<=50K
47,Private,115792,Assoc-acdm,12,Separated,Adm-clerical,Unmarried,White,Female,0,0,57,United-States,<=50K
21,Private,464484,HS-grad,9,Married-spouse-absent,Adm-clerical,Own-child,White,Female,0,0,40,United-States,<=50K
31,Self-emp-inc,46814,Bachelors,13,Never-married,Prof-specialty,Not-in-family,White,Male,0,0,45,United-States,>50K
17,Private,165484,11th,7,Never-married,Handlers-cleaners,Own-child,White,Male,0,0,20,Peru,<=50K
60,Self-emp-not-inc,88373,Assoc-voc,11,Married-civ-spouse,Transport-moving,Wife,White,Female,0,0,15,Germany,>50K
45,Private,290441,Assoc-acdm,12,Divorced,Adm-clerical,Unmarried,Black,Male,0,0,35,United-States,<=50K
26,Local-gov,284358,Some-college,10,Never-married,Protective-serv,Own-child,White,Male,0,0,40,United-States,<=50K
19,?,194134,Some-college,10,Never-married,?,Own-child,White,Male,0,0,40,United-States,<=50K
63,Self-emp-not-inc,229414,Bachelors,13,Never-married,Transport-moving,Not-in-family,White,Male,0,0,40,United-States,<=50K
47,Private,325353,Prof-school,15,Married-civ-spouse,Prof-specialty,Husband,White,Male,1506,0,55,United-States,>50K
29,Private,228729,Some-college,10,Married-civ-spouse,Exec-managerial,Husband,White,Male,0,1887,50,United-States,>50K
80,?,107762,HS-grad,9,Widowed,?,Not-in-family,White,Male,0,0,24,United-States,<=50K
21,Private,113176,Some-college,10,Never-married,Adm-clerical,Own-child,White,Male,0,0,50,United-States,<=50K
64,Private,250087,Bachelors,13,Married-civ-spouse,Protective-serv,Husband,White,Male,0,1902,50,United-States,>50K
30,Private,337908,Assoc-acdm,12,Married-civ-spouse,Adm-clerical,Wife,Black,Female,0,0,20,United-States,<=50K
35,Private,132853,Some-college,10,Married-civ-spouse,Tech-support,Husband,White,Male,0,0,40,United-States,>50K
33,Self-emp-not-inc,183778,Assoc-acdm,12,Divorced,Sales,Not-in-family,White,Male,0,0,40,United-States,<=50K
22,Private,355686,Some-college,10,Never-married,Adm-clerical,Not-in-family,White,Female,0,0,40,United-States,<=50K
50,Private,194134,HS-grad,9,Married-civ-spouse,Exec-managerial,Husband,White,Male,0,0,60,United-States,<=50K
58,Private,32948,Some-college,10,Divorced,Adm-clerical,Not-in-family,White,Female,0,0,40,United-States,<=50K
21,Private,191202,Some-college,10,Never-married,Other-service,Own-child,White,Male,0,0,40,United-States,<=50K
42,Private,33619,Some-college,10,Divorced,Adm-clerical,Not-in-family,Black,Female,0,0,40,United-States,<=50K
47,Private,139145,Some-college,10,Divorced,Adm-clerical,Not-in-family,White,Female,0,0,60,United-States,<=50K
24,Self-emp-inc,197286,Bachelors,13,Never-married,Adm-clerical,Own-child,White,Male,0,0,20,United-States,<=50K
68,Self-emp-not-inc,34037,HS-grad,9,Married-civ-spouse,Farming-fishing,Husband,White,Male,0,0,50,United-States,<=50K
40,Private,114801,HS-grad,9,Married-civ-spouse,Machine-op-inspct,Husband,White,Male,0,0,40,United-States,<=50K
23,Private,258490,10th,6,Never-married,Craft-repair,Not-in-family,White,Male,0,0,40,United-States,<=50K
52,Private,202652,Some-college,10,Married-civ-spouse,Exec-managerial,Husband,White,Male,7688,0,40,United-States,>50K
63,Local-gov,109609,Bachelors,13,Never-married,Prof-specialty,Not-in-family,Black,Female,0,0,21,United-States,<=50K
53,Private,108699,9th,5,Married-civ-spouse,Transport-moving,Husband,White,Male,0,0,40,United-States,<=50K
36,Private,52037,Some-college,10,Divorced,Adm-clerical,Unmarried,White,Female,0,0,40,United-States,<=50K
39,Private,67433,Assoc-voc,11,Never-married,Prof-specialty,Not-in-family,White,Female,4650,0,32,United-States,<=50K
64,Private,158555,HS-grad,9,Married-civ-spouse,Transport-moving,Husband,White,Male,10566,0,40,United-States,<=50K
44,Private,195258,Masters,14,Divorced,Exec-managerial,Not-in-family,White,Male,0,0,50,United-States,<=50K
46,Local-gov,232871,Masters,14,Divorced,Exec-managerial,Not-in-family,White,Male,0,0,50,United-States,>50K
23,Self-emp-not-inc,188888,HS-grad,9,Married-civ-spouse,Handlers-cleaners,Own-child,White,Male,0,0,40,United-States,<=50K
29,State-gov,245372,Some-college,10,Never-married,Prof-specialty,Not-in-family,White,Male,0,0,35,United-States,<=50K
17,Private,102446,12th,8,Never-married,Handlers-cleaners,Own-child,White,Male,0,0,35,United-States,<=50K
45,Private,178416,Assoc-voc,11,Divorced,Handlers-cleaners,Not-in-family,White,Female,0,0,40,United-States,<=50K
31,Private,382583,HS-grad,9,Never-married,Machine-op-inspct,Own-child,Black,Male,0,0,40,United-States,<=50K
44,Private,229335,Assoc-acdm,12,Widowed,Adm-clerical,Unmarried,White,Female,0,0,40,United-States,<=50K
42,Private,202083,Assoc-voc,11,Married-civ-spouse,Prof-specialty,Husband,White,Male,0,0,40,Canada,<=50K
46,Private,88373,Bachelors,13,Separated,Tech-support,Unmarried,White,Female,0,0,40,United-States,<=50K
37,Private,199018,Some-college,10,Married-civ-spouse,Other-service,Wife,White,Female,0,0,40,United-States,<=50K
36,Private,49657,Bachelors,13,Married-civ-spouse,Prof-specialty,Husband,White,Male,0,0,50,United-States,>50K
21,Private,88373,HS-grad,9,Married-civ-spouse,Other-service,Other-relative,White,Female,0,0,16,United-States,<=50K
35,Self-emp-not-inc,279472,HS-grad,9,Married-civ-spouse,Craft-repair,Husband,White,Male,0,0,40,United-States,<=50K
52,Local-gov,89705,Masters,14,Married-civ-spouse,Prof-specialty,Husband,White,Male,0,0,40,United-States,>50K
62,?,82906,7th-8th,4,Married-civ-spouse,?,Husband,White,Male,0,0,40,United-States,<=50K
57,Private,48788,HS-grad,9,Married-civ-spouse,Transport-moving,Husband,White,Male,0,0,40,United-States,<=50K
34,Private,118474,Assoc-acdm,12,Married-civ-spouse,Prof-specialty,Husband,White,Male,0,0,55,United-States,<=50K
61,Local-gov,149726,HS-grad,9,Widowed,Adm-clerical,Not-in-family,White,Female,0,0,40,United-States,<=50K
51,Private,193746,HS-grad,9,Married-civ-spouse,Protective-serv,Husband,White,Male,0,0,40,United-States,<=50K
24,Private,126954,Bachelors,13,Never-married,Sales,Not-in-family,White,Female,0,0,50,United-States,<=50K
36,Self-emp-not-inc,122493,HS-grad,9,Married-civ-spouse,Craft-repair,Husband,White,Male,0,0,47,United-States,<=50K
26,Local-gov,74275,HS-grad,9,Never-married,Handlers-cleaners,Own-child,Amer-Indian-Eskimo,Male,0,0,30,United-States,<=50K
17,Private,159715,11th,7,Never-married,Other-service,Other-relative,White,Female,0,0,22,United-States,<=50K
25,Federal-gov,178025,Some-college,10,Never-married,Exec-managerial,Own-child,White,Male,0,0,9,United-States,<=50K
47,Private,276709,Assoc-voc,11,Never-married,Other-service,Not-in-family,White,Female,0,0,55,United-States,<=50K
18,Private,201520,Some-college,10,Never-married,Machine-op-inspct,Not-in-family,White,Female,0,0,15,United-States,<=50K
34,Private,209547,Some-college,10,Married-civ-spouse,Adm-clerical,Husband,White,Male,0,0,40,United-States,>50K
19,Private,300679,Some-college,10,Never-married,Craft-repair,Own-child,White,Female,0,0,40,United-States,<=50K
30,Self-emp-not-inc,113555,Some-college,10,Never-married,Craft-repair,Own-child,White,Male,0,0,30,United-States,<=50K
31,Private,199698,HS-grad,9,Divorced,Adm-clerical,Not-in-family,White,Female,0,0,40,Germany,<=50K
48,Private,350181,Some-college,10,Married-civ-spouse,Craft-repair,Other-relative,Asian-Pac-Islander,Male,0,0,40,Cambodia,>50K
47,Private,285408,HS-grad,9,Married-civ-spouse,Exec-managerial,Husband,White,Male,0,0,40,United-States,<=50K
23,Private,260617,10th,6,Never-married,Craft-repair,Not-in-family,White,Male,0,0,40,United-States,<=50K
45,Private,77927,Bachelors,13,Widowed,Other-service,Own-child,Asian-Pac-Islander,Female,0,0,40,Philippines,<=50K
26,Private,456062,Some-college,10,Never-married,Adm-clerical,Own-child,White,Male,2653,0,40,United-States,<=50K
21,Private,346754,Some-college,10,Never-married,Adm-clerical,Own-child,Asian-Pac-Islander,Male,0,0,20,United-States,<=50K
77,?,231826,9th,5,Married-civ-spouse,?,Husband,Black,Male,0,0,40,United-States,<=50K
39,Private,231777,Bachelors,13,Never-married,Adm-clerical,Not-in-family,White,Female,0,0,40,United-States,<=50K
42,Private,342709,Doctorate,16,Never-married,Prof-specialty,Not-in-family,White,Male,0,0,50,United-States,<=50K
48,Federal-gov,94342,Bachelors,13,Divorced,Exec-managerial,Not-in-family,White,Male,0,0,45,United-States,<=50K
55,Self-emp-not-inc,78954,HS-grad,9,Married-civ-spouse,Farming-fishing,Husband,Asian-Pac-Islander,Male,0,0,70,United-States,<=50K
40,Private,186328,Bachelors,13,Married-civ-spouse,Prof-specialty,Husband,White,Male,0,0,40,United-States,<=50K
22,Private,218782,Some-college,10,Married-civ-spouse,Sales,Husband,White,Male,0,0,55,United-States,<=50K
43,Private,215990,Bachelors,13,Divorced,Adm-clerical,Unmarried,White,Female,0,0,40,Germany,<=50K
45,Local-gov,191807,Masters,14,Divorced,Prof-specialty,Not-in-family,White,Female,0,0,40,United-States,<=50K
36,Private,160631,HS-grad,9,Married-civ-spouse,Machine-op-inspct,Husband,White,Male,0,0,60,United-States,<=50K
44,Private,201520,Bachelors,13,Married-civ-spouse,Exec-managerial,Husband,White,Male,15024,0,45,United-States,>50K
22,?,165065,Some-college,10,Never-married,?,Own-child,White,Female,0,0,40,Italy,<=50K
36,Private,186191,Assoc-acdm,12,Married-civ-spouse,Craft-repair,Husband,White,Male,0,0,50,United-States,<=50K
20,?,307837,Some-college,10,Never-married,?,Own-child,White,Male,0,0,25,United-States,<=50K
53,Local-gov,204751,HS-grad,9,Married-civ-spouse,Exec-managerial,Husband,White,Male,0,0,60,United-States,<=50K
54,Federal-gov,508548,HS-grad,9,Married-civ-spouse,Prof-specialty,Husband,White,Male,0,0,40,United-States,>50K
51,Private,163921,Bachelors,13,Married-civ-spouse,Transport-moving,Husband,White,Male,0,0,56,United-States,>50K
36,Private,27624,HS-grad,9,Divorced,Adm-clerical,Unmarried,White,Female,0,0,50,United-States,<=50K
45,Private,77927,Bachelors,13,Widowed,Other-service,Own-child,Asian-Pac-Islander,Female,0,0,40,Philippines,<=50K
54,Self-emp-not-inc,200960,Bachelors,13,Married-civ-spouse,Sales,Husband,White,Male,0,0,50,United-States,>50K
20,Private,333651,Some-college,10,Never-married,Other-service,Own-child,White,Female,0,0,10,United-States,<=50K
28,Local-gov,135568,Bachelors,13,Never-married,Adm-clerical,Not-in-family,Black,Female,4101,0,60,United-States,<=50K
45,Private,184813,Assoc-acdm,12,Divorced,Craft-repair,Not-in-family,White,Male,0,0,40,United-States,<=50K
32,Private,175710,Bachelors,13,Married-civ-spouse,Tech-support,Husband,White,Male,0,1902,40,United-States,>50K
75,Self-emp-not-inc,106873,11th,7,Widowed,Sales,Not-in-family,White,Male,0,0,40,United-States,<=50K
38,Private,187693,Prof-school,15,Married-civ-spouse,Prof-specialty,Husband,White,Male,0,2415,90,United-States,>50K
72,Self-emp-not-inc,285885,Prof-school,15,Married-civ-spouse,Prof-specialty,Husband,White,Male,0,2246,28,United-States,>50K
40,Private,200496,Bachelors,13,Separated,Sales,Not-in-family,White,Male,0,0,40,United-States,<=50K
51,Private,456062,HS-grad,9,Divorced,Prof-specialty,Not-in-family,White,Male,0,0,40,United-States,<=50K
36,Private,52037,Some-college,10,Divorced,Adm-clerical,Unmarried,White,Female,0,0,40,United-States,<=50K
40,Private,163434,Some-college,10,Married-civ-spouse,Tech-support,Husband,White,Male,0,0,55,United-States,>50K
17,Private,125236,10th,6,Never-married,Sales,Own-child,White,Female,0,0,22,United-States,<=50K
37,Local-gov,328906,Bachelors,13,Divorced,Prof-specialty,Not-in-family,White,Female,0,0,36,United-States,<=50K
33,Federal-gov,137814,HS-grad,9,Never-married,Other-service,Not-in-family,White,Male,0,0,32,United-States,<=50K
25,Private,261207,HS-grad,9,Never-married,Sales,Own-child,White,Male,0,0,35,United-States,<=50K
31,Private,120939,Bachelors,13,Never-married,Exec-managerial,Not-in-family,White,Female,0,0,40,United-States,<=50K
61,Private,57600,Bachelors,13,Divorced,Adm-clerical,Not-in-family,White,Female,0,0,35,United-States,<=50K
51,Self-emp-inc,543028,Prof-school,15,Divorced,Prof-specialty,Not-in-family,White,Male,27828,0,60,United-States,>50K
18,Local-gov,244395,Some-college,10,Never-married,Other-service,Own-child,White,Male,0,0,15,United-States,<=50K
31,Private,210562,HS-grad,9,Married-civ-spouse,Transport-moving,Husband,White,Male,0,0,65,United-States,<=50K
30,Private,446559,Doctorate,16,Never-married,Prof-specialty,Not-in-family,White,Male,0,0,60,United-States,<=50K
66,Private,169611,Bachelors,13,Married-civ-spouse,Sales,Husband,White,Male,20051,0,40,United-States,>50K
38,Private,180010,Assoc-acdm,12,Married-spouse-absent,Adm-clerical,Unmarried,White,Female,0,0,40,United-States,<=50K
44,Private,45093,HS-grad,9,Married-civ-spouse,Farming-fishing,Husband,White,Male,0,0,70,United-States,<=50K
19,Private,146679,Some-college,10,Never-married,Exec-managerial,Own-child,Black,Male,0,0,30,United-States,<=50K
40,Private,100292,HS-grad,9,Married-civ-spouse,Sales,Husband,White,Male,0,0,52,United-States,>50K
31,Private,79436,HS-grad,9,Never-married,Other-service,Own-child,White,Female,0,0,35,United-States,<=50K
32,Private,199698,Some-college,10,Married-civ-spouse,Adm-clerical,Wife,Other,Female,0,1669,40,?,<=50K
56,Private,398067,HS-grad,9,Widowed,Adm-clerical,Not-in-family,White,Female,0,0,40,United-States,<=50K
44,Private,74680,Some-college,10,Married-civ-spouse,Craft-repair,Husband,White,Male,5178,0,50,United-States,>50K
40,Private,163434,Some-college,10,Married-civ-spouse,Tech-support,Husband,White,Male,0,0,55,United-States,>50K
36,Private,274398,HS-grad,9,Divorced,Adm-clerical,Unmarried,White,Female,0,0,50,United-States,<=50K
45,Local-gov,232894,HS-grad,9,Divorced,Adm-clerical,Unmarried,White,Female,0,0,35,United-States,<=50K
67,Self-emp-inc,51461,Some-college,10,Married-civ-spouse,Sales,Husband,White,Male,0,0,40,United-States,<=50K
18,Self-emp-not-inc,40293,HS-grad,9,Never-married,Farming-fishing,Other-relative,White,Male,0,0,40,United-States,<=50K
31,State-gov,270324,HS-grad,9,Never-married,Adm-clerical,Not-in-family,Black,Female,0,0,37,United-States,<=50K
40,Private,100292,HS-grad,9,Married-civ-spouse,Sales,Husband,White,Male,0,0,52,United-States,>50K
29,Private,196243,HS-grad,9,Never-married,Machine-op-inspct,Not-in-family,White,Female,0,0,40,United-States,<=50K
26,Self-emp-not-inc,331861,Bachelors,13,Never-married,Sales,Not-in-family,White,Male,0,0,60,United-States,>50K
36,Private,495982,Bachelors,13,Married-civ-spouse,Prof-specialty,Husband,White,Male,0,0,50,United-States,>50K
48,Private,34965,Some-college,10,Married-civ-spouse,Craft-repair,Other-relative,Asian-Pac-Islander,Male,0,0,40,Cambodia,>50K
23,Private,204397,Bachelors,13,Never-married,Prof-specialty,Not-in-family,White,Female,0,0,40,United-States,<=50K
39,Private,91666,Masters,14,Married-civ-spouse,Exec-managerial,Husband,White,Male,0,0,40,United-States,>50K
37,Self-emp-not-inc,151053,11th,7,Married-civ-spouse,Transport-moving,Husband,White,Male,0,0,45,United-States,<=50K
29,Private,37088,Some-college,10,Married-civ-spouse,Craft-repair,Husband,White,Male,0,0,40,United-States,<=50K
28,Private,142717,HS-grad,9,Never-married,Machine-op-inspct,Not-in-family,White,Male,0,0,48,United-States,<=50K
33,Private,157614,9th,5,Married-civ-spouse,Machine-op-inspct,Husband,White,Male,0,0,50,United-States,<=50K
29,Private,192010,Bachelors,13,Never-married,Prof-specialty,Not-in-family,White,Female,0,0,60,Poland,<=50K
58,Private,98630,Masters,14,Married-civ-spouse,Prof-specialty,Husband,White,Male,0,0,40,United-States,>50K
37,Local-gov,152030,Some-college,10,Never-married,Craft-repair,Not-in-family,White,Male,0,0,40,United-States,<=50K
38,?,75024,7th-8th,4,Divorced,?,Not-in-family,White,Female,0,0,40,United-States,<=50K
31,Local-gov,241805,Some-college,10,Married-civ-spouse,Protective-serv,Husband,Black,Male,0,1902,50,United-States,>50K
46,Private,251786,1st-4th,2,Separated,Other-service,Not-in-family,White,Female,0,0,40,Mexico,<=50K
18,Private,37514,10th,6,Never-married,Transport-moving,Not-in-family,White,Male,0,0,56,United-States,<=50K
27,Private,179352,Assoc-voc,11,Married-spouse-absent,Tech-support,Own-child,White,Female,0,0,40,United-States,<=50K
43,Private,159715,Some-college,10,Married-civ-spouse,Sales,Husband,White,Male,0,0,50,United-States,>50K
46,Private,276709,Doctorate,16,Married-civ-spouse,Sales,Husband,White,Male,0,0,40,United-States,>50K
33,?,209464,HS-grad,9,Separated,?,Unmarried,White,Female,0,0,20,United-States,<=50K
35,Private,346754,HS-grad,9,Never-married,Handlers-cleaners,Not-in-family,White,Female,0,0,40,United-States,<=50K
17,Private,272372,11th,7,Never-married,Adm-clerical,Own-child,White,Female,0,0,7,United-States,<=50K
25,Private,130760,Some-college,10,Divorced,Other-service,Not-in-family,White,Male,0,0,30,United-States,<=50K
44,Private,228729,HS-grad,9,Married-civ-spouse,Craft-repair,Husband,Black,Male,0,0,40,?,<=50K
34,Private,97723,Bachelors,13,Married-civ-spouse,Prof-specialty,Husband,White,Male,0,0,40,United-States,>50K
43,Private,112967,Some-college,10,Married-civ-spouse,Protective-serv,Husband,White,Male,0,0,40,United-States,<=50K
70,Private,121944,HS-grad,9,Married-civ-spouse,Adm-clerical,Wife,White,Female,0,0,5,United-States,<=50K
32,Private,176969,HS-grad,9,Never-married,Craft-repair,Own-child,White,Male,0,0,40,United-States,<=50K
57,Self-emp-not-inc,84231,Some-college,10,Married-civ-spouse,Other-service,Husband,White,Male,0,0,48,United-States,<=50K
37,Private,199251,Some-college,10,Married-civ-spouse,Other-service,Wife,White,Female,0,0,40,United-States,<=50K
54,Self-emp-not-inc,201520,Bachelors,13,Married-civ-spouse,Sales,Husband,White,Male,0,0,50,United-States,>50K
45,Self-emp-inc,178344,Assoc-voc,11,Divorced,Sales,Unmarried,White,Female,0,0,30,United-States,<=50K
37,Private,340599,11th,7,Separated,Other-service,Unmarried,Black,Female,0,0,40,United-States,<=50K
53,Private,345339,Some-college,10,Married-civ-spouse,Exec-managerial,Wife,White,Female,0,0,40,United-States,>50K
61,Private,273803,HS-grad,9,Married-civ-spouse,Craft-repair,Husband,White,Male,0,0,40,United-States,<=50K
36,Private,161007,HS-grad,9,Married-civ-spouse,Machine-op-inspct,Husband,White,Male,0,0,60,United-States,<=50K
55,Local-gov,258121,Prof-school,15,Married-civ-spouse,Prof-specialty,Husband,White,Male,0,1902,40,United-States,>50K
38,Private,107477,HS-grad,9,Married-civ-spouse,Craft-repair,Husband,White,Male,0,0,40,United-States,<=50K
50,State-gov,249332,HS-grad,9,Married-civ-spouse,Handlers-cleaners,Husband,White,Male,0,0,40,United-States,<=50K
42,Private,548580,Some-college,10,Divorced,Farming-fishing,Not-in-family,White,Male,0,0,40,United-States,<=50K
36,Private,242391,Bachelors,13,Married-civ-spouse,Craft-repair,Husband,White,Male,0,0,50,United-States,>50K
39,Private,192337,HS-grad,9,Never-married,Machine-op-inspct,Unmarried,White,Male,0,0,48,United-States,<=50K
90,Self-emp-not-inc,155057,Bachelors,13,Married-civ-spouse,Prof-specialty,Husband,White,Male,10566,0,50,United-States,<=50K
26,Private,132704,HS-grad,9,Never-married,Adm-clerical,Own-child,White,Female,0,0,40,United-States,<=50K
28,Private,337908,Bachelors,13,Never-married,Sales,Not-in-family,White,Male,0,0,45,United-States,<=50K
39,Private,191776,HS-grad,9,Never-married,Machine-op-inspct,Unmarried,White,Male,0,0,48,United-States,<=50K
22,Private,219941,Some-college,10,Married-civ-spouse,Sales,Husband,White,Male,0,0,55,United-States,<=50K
23,Private,203488,Some-college,10,Never-married,Adm-clerical,Not-in-family,White,Female,0,0,40,United-States,<=50K
39,Private,97136,HS-grad,9,Never-married,Machine-op-inspct,Unmarried,Black,Female,0,0,40,United-States,<=50K
53,Private,194134,11th,7,Widowed,Other-service,Own-child,White,Female,0,0,47,United-States,<=50K
20,Private,218124,Some-college,10,Never-married,Sales,Own-child,White,Male,0,0,30,?,<=50K
43,Self-emp-inc,31478,Some-college,10,Married-civ-spouse,Exec-managerial,Husband,White,Male,0,0,92,United-States,>50K
32,Private,79870,Some-college,10,Married-civ-spouse,Exec-managerial,Own-child,White,Female,25236,0,40,Japan,<=50K
22,Private,355728,Some-college,10,Never-married,Adm-clerical,Not-in-family,White,Female,0,0,40,United-States,<=50K
23,Private,219941,10th,6,Never-married,Handlers-cleaners,Other-relative,Other,Male,0,0,40,United-States,<=50K
63,Self-emp-not-inc,232220,Bachelors,13,Never-married,Transport-moving,Not-in-family,White,Male,0,0,40,United-States,<=50K
37,Private,238360,HS-grad,9,Married-civ-spouse,Machine-op-inspct,Husband,Black,Male,0,0,36,United-States,>50K
39,Private,91711,Masters,14,Married-civ-spouse,Exec-managerial,Husband,White,Male,0,0,40,United-States,>50K
73,Private,29675,HS-grad,9,Widowed,Other-service,Other-relative,White,Female,0,0,12,United-States,<=50K
48,Private,116927,HS-grad,9,Divorced,Adm-clerical,Unmarried,White,Female,0,0,45,United-States,<=50K
21,Private,279912,Some-college,10,Never-married,Sales,Not-in-family,White,Female,0,0,55,United-States,<=50K
44,Self-emp-inc,226032,Some-college,10,Married-civ-spouse,Exec-managerial,Husband,White,Male,0,0,60,United-States,<=50K
47,Private,140782,HS-grad,9,Married-civ-spouse,Exec-managerial,Husband,White,Male,0,0,40,United-States,>50K
38,Private,423605,HS-grad,9,Married-civ-spouse,Craft-repair,Husband,White,Male,0,0,40,El-Salvador,<=50K
37,Private,194630,Some-college,10,Married-civ-spouse,Transport-moving,Husband,White,Male,0,0,45,United-States,>50K
40,Federal-gov,77332,Some-college,10,Divorced,Adm-clerical,Not-in-family,White,Female,0,0,50,United-States,<=50K
54,Private,103580,Assoc-acdm,12,Divorced,Exec-managerial,Unmarried,White,Female,0,0,55,United-States,>50K
36,Private,49657,Bachelors,13,Married-civ-spouse,Prof-specialty,Husband,White,Male,0,0,50,United-States,>50K
45,Self-emp-not-inc,304710,10th,6,Married-civ-spouse,Craft-repair,Husband,Black,Male,0,0,40,Haiti,<=50K
47,Private,139145,Some-college,10,Divorced,Adm-clerical,Not-in-family,White,Female,0,0,60,United-States,<=50K
26,Private,247025,Assoc-voc,11,Divorced,Craft-repair,Own-child,White,Male,0,0,40,United-States,<=50K
57,Self-emp-not-inc,273803,Bachelors,13,Married-civ-spouse,Sales,Husband,White,Male,0,0,10,United-States,<=50K
54,Private,508548,Bachelors,13,Divorced,Exec-managerial,Not-in-family,Black,Female,0,0,45,United-States,>50K
19,Private,186328,HS-grad,9,Never-married,Machine-op-inspct,Not-in-family,White,Male,0,0,40,United-States,<=50K
20,Private,367240,Some-college,10,Never-married,Other-service,Own-child,White,Female,0,0,20,United-States,<=50K
18,Private,375049,10th,6,Never-married,Transport-moving,Not-in-family,White,Male,0,0,56,United-States,<=50K
24,Private,201554,HS-grad,9,Never-married,Adm-clerical,Unmarried,White,Male,0,0,60,United-States,<=50K
61,Private,120939,Prof-school,15,Married-civ-spouse,Transport-moving,Husband,White,Male,0,0,5,United-States,>50K
43,Private,194668,HS-grad,9,Married-civ-spouse,Adm-clerical,Husband,White,Male,0,0,40,United-States,>50K
39,Private,39236,HS-grad,9,Separated,Handlers-cleaners,Not-in-family,Black,Male,0,0,40,United-States,<=50K
74,Private,203674,HS-grad,9,Married-civ-spouse,Handlers-cleaners,Husband,White,Male,2653,0,12,United-States,<=50K
41,Private,190997,HS-grad,9,Divorced,Priv-house-serv,Not-in-family,White,Female,0,0,40,Guatemala,<=50K
49,Private,187098,Masters,14,Married-civ-spouse,Exec-managerial,Husband,White,Male,15024,0,50,United-States,>50K
21,Private,238367,5th-6th,3,Married-civ-spouse,Other-service,Husband,White,Male,0,0,40,Mexico,<=50K
41,Private,352080,Some-college,10,Married-civ-spouse,Exec-managerial,Wife,White,Female,0,1902,40,United-States,>50K
29,Private,161141,HS-grad,9,Separated,Adm-clerical,Own-child,White,Female,0,0,40,United-States,<=50K
44,Private,228729,HS-grad,9,Married-civ-spouse,Craft-repair,Husband,Black,Male,0,0,40,?,<=50K
52,Self-emp-inc,134854,HS-grad,9,Married-civ-spouse,Exec-managerial,Husband,White,Male,0,0,40,United-States,>50K
56,Private,199018,HS-grad,9,Divorced,Adm-clerical,Not-in-family,White,Female,0,0,40,United-States,<=50K
18,Private,301814,HS-grad,9,Never-married,Sales,Not-in-family,White,Female,0,0,20,United-States,<=50K
37,Private,194630,HS-grad,9,Divorced,Craft-repair,Not-in-family,White,Male,0,0,50,United-States,<=50K
54,Private,186117,Bachelors,13,Married-civ-spouse,Craft-repair,Husband,White,Male,0,0,45,United-States,>50K
22,?,219835,Some-college,10,Never-married,?,Own-child,Black,Male,0,0,40,United-States,<=50K
31,Private,221157,Prof-school,15,Divorced,Tech-support,Not-in-family,White,Female,0,0,35,United-States,<=50K
31,Private,182451,10th,6,Separated,Transport-moving,Unmarried,White,Male,0,0,40,United-States,<=50K
73,Private,29675,HS-grad,9,Widowed,Other-service,Other-relative,White,Female,0,0,12,United-States,<=50K
71,State-gov,100063,HS-grad,9,Married-civ-spouse,Craft-repair,Husband,Black,Male,0,0,40,United-States,<=50K
37,Private,255004,HS-grad,9,Separated,Craft-repair,Not-in-family,White,Male,0,0,50,United-States,<=50K
29,Private,210574,Bachelors,13,Married-civ-spouse,Sales,Husband,White,Male,0,0,40,United-States,<=50K
36,Private,51789,Some-college,10,Divorced,Adm-clerical,Unmarried,White,Female,0,0,40,United-States,<=50K
22,Private,200192,Some-college,10,Never-married,Sales,Own-child,White,Male,0,0,15,United-States,<=50K
36,Private,50385,Bachelors,13,Married-civ-spouse,Prof-specialty,Husband,White,Male,0,0,50,United-States,>50K
35,?,196125,Some-college,10,Married-civ-spouse,?,Husband,Asian-Pac-Islander,Male,0,0,40,Philippines,>50K
33,Private,183977,HS-grad,9,Married-civ-spouse,Other-service,Wife,White,Female,0,0,38,El-Salvador,<=50K
65,Private,472604,HS-grad,9,Widowed,Adm-clerical,Not-in-family,White,Female,0,0,22,United-States,<=50K
19,Private,146679,Some-college,10,Never-married,Exec-managerial,Own-child,Black,Male,0,0,30,United-States,<=50K
40,Private,135525,Assoc-acdm,12,Divorced,Adm-clerical,Unmarried,White,Female,0,0,40,United-States,<=50K
50,Private,92079,Some-college,10,Married-civ-spouse,Tech-support,Husband,White,Male,0,0,45,United-States,>50K
75,Self-emp-not-inc,106873,11th,7,Widowed,Sales,Not-in-family,White,Male,0,0,40,United-States,<=50K
39,Private,189462,Some-college,10,Never-married,Adm-clerical,Not-in-family,White,Female,0,0,40,United-States,<=50K
24,Private,201520,HS-grad,9,Never-married,Adm-clerical,Unmarried,White,Male,0,0,60,United-States,<=50K
44,Private,44780,HS-grad,9,Married-civ-spouse,Farming-fishing,Husband,White,Male,0,0,70,United-States,<=50K
42,Private,202721,Assoc-voc,11,Married-civ-spouse,Prof-specialty,Husband,White,Male,0,0,40,Canada,<=50K
39,Self-emp-not-inc,190023,Bachelors,13,Married-civ-spouse,Sales,Husband,White,Male,0,0,60,United-States,<=50K
31,Private,53776,HS-grad,9,Divorced,Sales,Not-in-family,White,Female,0,0,40,United-States,<=50K
40,Private,135056,Assoc-acdm,12,Divorced,Adm-clerical,Unmarried,White,Female,0,0,40,United-States,<=50K
17,?,256173,10th,6,Never-married,?,Own-child,White,Female,0,0,15,United-States,<=50K
20,Private,212064,Some-college,10,Never-married,Other-service,Own-child,White,Female,0,0,16,United-States,<=50K
38,Private,227890,Bachelors,13,Never-married,Exec-managerial,Not-in-family,Black,Male,13550,0,40,United-States,>50K
30,Private,145139,HS-grad,9,Never-married,Craft-repair,Not-in-family,White,Male,0,0,45,United-States,<=50K
42,Private,262778,HS-grad,9,Married-civ-spouse,Craft-repair,Husband,White,Male,5178,0,40,United-States,>50K
22,Private,265434,Some-college,10,Never-married,Tech-support,Not-in-family,White,Male,0,0,50,United-States,<=50K
54,Private,24790,Bachelors,13,Married-civ-spouse,Craft-repair,Husband,Black,Male,0,0,40,United-States,<=50K
36,Private,280167,Assoc-acdm,12,Never-married,Tech-support,Unmarried,White,Female,0,0,45,United-States,<=50K
31,Private,112967,HS-grad,9,Married-civ-spouse,Sales,Husband,White,Male,0,0,40,United-States,<=50K
27,Private,363053,9th,5,Never-married,Priv-house-serv,Unmarried,White,Female,0,0,24,Mexico,<=50K
27,Private,266860,Some-college,10,Married-civ-spouse,Machine-op-inspct,Husband,White,Male,0,0,40,United-States,<=50K
47,Private,139466,Some-college,10,Divorced,Adm-clerical,Not-in-family,White,Female,0,0,60,United-States,<=50K
37,Self-emp-not-inc,151053,11th,7,Married-civ-spouse,Transport-moving,Husband,White,Male,0,0,45,United-States,<=50K
24,Self-emp-not-inc,171924,Assoc-acdm,12,Never-married,Craft-repair,Own-child,White,Male,0,0,40,United-States,<=50K
18,Private,51838,Some-college,10,Never-married,Other-service,Own-child,White,Male,0,0,8,United-States,<=50K
37,Private,194501,Some-college,10,Married-civ-spouse,Transport-moving,Husband,White,Male,0,0,45,United-States,>50K
25,Private,194630,Bachelors,13,Divorced,Prof-specialty,Not-in-family,White,Female,0,0,44,United-States,<=50K
73,Local-gov,232871,7th-8th,4,Married-civ-spouse,Protective-serv,Husband,White,Male,2228,0,10,United-States,<=50K
21,Private,222504,HS-grad,9,Never-married,Machine-op-inspct,Unmarried,White,Male,0,0,40,Mexico,<=50K
32,Private,184655,Bachelors,13,Married-civ-spouse,Craft-repair,Husband,White,Male,0,0,55,United-States,>50K
52,Private,200960,Bachelors,13,Divorced,Exec-managerial,Not-in-family,White,Male,0,0,40,?,<=50K
26,Private,215892,HS-grad,9,Never-married,Other-service,Unmarried,White,Female,0,0,20,United-States,<=50K
36,Self-emp-not-inc,206351,Bachelors,13,Never-married,Craft-repair,Own-child,White,Male,0,0,40,United-States,<=50K
27,Private,82242,Bachelors,13,Never-married,Exec-managerial,Other-relative,White,Male,0,0,45,Germany,<=50K
40,Self-emp-inc,140790,Bachelors,13,Married-civ-spouse,Tech-support,Husband,Other,Male,0,0,40,France,>50K
42,Private,200960,Some-college,10,Married-civ-spouse,Craft-repair,Husband,White,Male,0,0,50,United-States,<=50K
51,Self-emp-inc,54440,Prof-school,15,Divorced,Prof-specialty,Not-in-family,White,Male,27828,0,60,United-States,>50K
36,Private,664670,HS-grad,9,Married-civ-spouse,Sales,Husband,White,Male,0,0,50,United-States,<=50K
20,Private,185397,Some-college,10,Never-married,Tech-support,Own-child,White,Female,0,0,20,United-States,<=50K
26,Private,161141,Assoc-voc,11,Married-civ-spouse,Handlers-cleaners,Husband,White,Male,0,0,80,United-States,<=50K
37,Self-emp-not-inc,183778,HS-grad,9,Married-civ-spouse,Prof-specialty,Husband,White,Male,3137,0,30,United-States,<=50K
77,Private,183778,HS-grad,9,Widowed,Craft-repair,Unmarried,White,Female,0,0,5,United-States,<=50K
60,Federal-gov,63526,Bachelors,13,Married-civ-spouse,Adm-clerical,Husband,Black,Male,0,0,40,United-States,>50K
45,Private,196689,HS-grad,9,Married-civ-spouse,Craft-repair,Husband,White,Male,0,0,40,United-States,<=50K
56,Self-emp-not-inc,156015,HS-grad,9,Married-civ-spouse,Craft-repair,Husband,White,Male,0,0,40,United-States,<=50K
19,Private,119529,Some-college,10,Never-married,Other-service,Own-child,White,Female,0,0,15,United-States,<=50K
21,Private,67433,9th,5,Never-married,Machine-op-inspct,Own-child,Black,Male,0,0,20,United-States,<=50K
31,Private,196689,11th,7,Married-civ-spouse,Craft-repair,Husband,White,Male,0,0,40,United-States,<=50K
29,Private,72998,HS-grad,9,Never-married,Handlers-cleaners,Own-child,Asian-Pac-Islander,Male,0,0,26,United-States,<=50K
23,Private,37514,Some-college,10,Never-married,Other-service,Unmarried,White,Female,0,0,25,United-States,<=50K
22,Private,112693,HS-grad,9,Married-civ-spouse,Craft-repair,Husband,White,Male,0,0,35,United-States,<=50K
22,Private,220783,Bachelors,13,Never-married,Adm-clerical,Own-child,White,Male,0,0,40,United-States,<=50K
25,Self-emp-not-inc,121124,Bachelors,13,Never-married,Sales,Not-in-family,White,Female,0,0,40,United-States,<=50K
20,?,32948,Some-college,10,Never-married,?,Own-child,White,Male,0,0,24,United-States,<=50K
18,Self-emp-not-inc,403671,HS-grad,9,Never-married,Farming-fishing,Other-relative,White,Male,0,0,40,United-States,<=50K
34,Private,280440,Bachelors,13,Married-spouse-absent,Adm-clerical,Not-in-family,White,Female,0,0,25,United-States,<=50K
57,Private,176969,11th,7,Married-civ-spouse,Handlers-cleaners,Husband,White,Male,0,0,40,United-States,<=50K
35,Self-emp-not-inc,278632,HS-grad,9,Married-civ-spouse,Craft-repair,Husband,White,Male,0,0,40,United-States,<=50K
37,Private,188798,Assoc-acdm,12,Divorced,Adm-clerical,Not-in-family,White,Female,0,1573,40,United-States,<=50K
22,Private,263398,Some-college,10,Never-married,Tech-support,Not-in-family,White,Male,0,0,50,United-States,<=50K
26,Private,24395,Bachelors,13,Never-married,Other-service,Not-in-family,White,Female,0,0,38,United-States,<=50K
53,State-gov,104501,Doctorate,16,Married-civ-spouse,Prof-specialty,Husband,White,Male,0,0,40,?,>50K
26,Private,170456,Some-college,10,Never-married,Farming-fishing,Not-in-family,White,Female,0,0,38,United-States,<=50K
40,Private,121768,Assoc-acdm,12,Married-civ-spouse,Sales,Husband,White,Male,7688,0,50,United-States,>50K
34,Private,28053,Bachelors,13,Married-spouse-absent,Adm-clerical,Not-in-family,White,Female,0,0,25,United-States,<=50K
18,Private,303090,HS-grad,9,Never-married,Sales,Not-in-family,White,Female,0,0,20,United-States,<=50K
49,Private,157569,HS-grad,9,Married-civ-spouse,Craft-repair,Husband,White,Male,0,0,40,United-States,<=50K
29,Private,77009,HS-grad,9,Never-married,Other-service,Not-in-family,White,Female,0,0,32,United-States,<=50K
27,Private,217647,HS-grad,9,Married-civ-spouse,Machine-op-inspct,Husband,White,Male,0,0,40,Mexico,<=50K
39,Private,174201,HS-grad,9,Married-civ-spouse,Craft-repair,Husband,White,Male,0,0,40,United-States,<=50K
43,Private,290441,Bachelors,13,Married-civ-spouse,Sales,Husband,White,Male,0,0,40,United-States,>50K
32,Private,176486,Bachelors,13,Married-civ-spouse,Tech-support,Husband,White,Male,0,1902,40,United-States,>50K
56,Private,198286,HS-grad,9,Divorced,Adm-clerical,Not-in-family,White,Female,0,0,40,United-States,<=50K
45,Federal-gov,155981,Some-college,10,Married-civ-spouse,Prof-specialty,Husband,White,Male,0,0,40,United-States,>50K
38,Private,107303,HS-grad,9,Married-civ-spouse,Craft-repair,Husband,White,Male,0,0,40,United-States,<=50K
53,Private,273803,HS-grad,9,Divorced,Adm-clerical,Not-in-family,White,Female,0,0,40,United-States,<=50K
43,Self-emp-inc,314739,Some-college,10,Married-civ-spouse,Exec-managerial,Husband,White,Male,0,0,92,United-States,>50K
42,Private,240255,Assoc-voc,11,Married-civ-spouse,Prof-specialty,Husband,Black,Male,0,0,40,United-States,>50K
34,Private,195576,Bachelors,13,Married-civ-spouse,Exec-managerial,Husband,White,Male,0,0,50,United-States,>50K
45,Private,101656,10th,6,Never-married,Machine-op-inspct,Not-in-family,Asian-Pac-Islander,Male,0,0,40,Vietnam,<=50K
22,State-gov,119838,Some-college,10,Never-married,Other-service,Own-child,White,Male,0,0,10,United-States,<=50K
53,Private,192793,HS-grad,9,Married-civ-spouse,Sales,Husband,White,Male,0,0,40,United-States,<=50K
36,Private,186191,Assoc-acdm,12,Married-civ-spouse,Craft-repair,Husband,White,Male,0,0,50,United-States,<=50K
34,?,181008,HS-grad,9,Divorced,?,Not-in-family,White,Female,0,0,40,United-States,<=50K
27,State-gov,553473,Bachelors,13,Married-civ-spouse,Protective-serv,Wife,Black,Female,0,0,48,United-States,<=50K
39,State-gov,126327,HS-grad,9,Divorced,Prof-specialty,Not-in-family,White,Male,0,0,40,United-States,<=50K
53,Private,346754,Some-college,10,Married-civ-spouse,Exec-managerial,Wife,White,Female,0,0,40,United-States,>50K
18,Private,141332,11th,7,Never-married,Sales,Own-child,Black,Male,0,0,8,United-States,<=50K
43,Self-emp-inc,209547,Prof-school,15,Married-civ-spouse,Prof-specialty,Husband,White,Male,0,0,25,United-States,>50K
54,Private,175262,HS-grad,9,Married-civ-spouse,Sales,Husband,White,Male,0,0,50,United-States,<=50K
21,Private,56483,Some-college,10,Never-married,Adm-clerical,Own-child,White,Male,0,0,40,United-States,<=50K
24,Private,30916,HS-grad,9,Never-married,Handlers-cleaners,Own-child,White,Male,0,0,30,United-States,<=50K
32,Private,257863,Bachelors,13,Never-married,Adm-clerical,Not-in-family,White,Female,0,0,50,United-States,<=50K
18,Private,283217,5th-6th,3,Never-married,Handlers-cleaners,Other-relative,White,Male,0,0,30,Honduras,<=50K
43,Self-emp-inc,209432,Prof-school,15,Married-civ-spouse,Prof-specialty,Husband,White,Male,0,0,25,United-States,>50K
30,Private,203674,HS-grad,9,Never-married,Craft-repair,Own-child,White,Male,0,0,50,United-States,<=50K
61,Local-gov,143731,Masters,14,Married-civ-spouse,Exec-managerial,Husband,White,Male,7298,0,60,United-States,>50K
40,Private,182062,Some-college,10,Married-civ-spouse,Other-service,Wife,White,Female,0,0,40,Scotland,<=50K
61,Local-gov,144750,Masters,14,Married-civ-spouse,Exec-managerial,Husband,White,Male,7298,0,60,United-States,>50K
58,Private,176969,HS-grad,9,Married-civ-spouse,Craft-repair,Husband,White,Male,3137,0,16,United-States,<=50K
37,Private,238311,HS-grad,9,Married-civ-spouse,Machine-op-inspct,Husband,Black,Male,0,0,36,United-States,>50K
49,Local-gov,106554,Bachelors,13,Divorced,Prof-specialty,Unmarried,White,Female,0,0,40,United-States,>50K
31,Private,200352,HS-grad,9,Divorced,Adm-clerical,Not-in-family,White,Female,0,0,40,Germany,<=50K
28,Private,51415,Masters,14,Married-civ-spouse,Prof-specialty,Husband,White,Male,0,0,60,United-States,<=50K
21,Private,27624,Some-college,10,Never-married,Sales,Other-relative,White,Female,0,0,40,United-States,<=50K
65,?,318865,HS-grad,9,Widowed,?,Unmarried,White,Female,2354,0,75,United-States,<=50K
22,State-gov,138111,Bachelors,13,Never-married,Prof-specialty,Not-in-family,White,Male,0,0,15,United-States,<=50K
19,Private,139145,Some-college,10,Never-married,Sales,Own-child,White,Female,0,0,25,United-States,<=50K
22,Private,129786,HS-grad,9,Never-married,Adm-clerical,Not-in-family,White,Female,0,0,10,United-States,<=50K
31,Private,192614,Bachelors,13,Married-civ-spouse,Prof-specialty,Husband,White,Male,0,0,40,United-States,>50K
27,State-gov,55237,Bachelors,13,Married-civ-spouse,Protective-serv,Wife,Black,Female,0,0,48,United-States,<=50K
47,Private,164177,Some-college,10,Married-civ-spouse,Craft-repair,Husband,White,Male,0,0,43,United-States,>50K
30,Private,147430,HS-grad,9,Married-spouse-absent,Adm-clerical,Not-in-family,White,Female,0,0,40,United-States,<=50K
29,Private,245372,11th,7,Never-married,Other-service,Unmarried,Black,Female,0,0,40,United-States,<=50K
37,Private,70562,1st-4th,2,Never-married,Other-service,Unmarried,White,Female,0,0,48,El-Salvador,<=50K
53,Self-emp-not-inc,38268,Some-college,10,Married-civ-spouse,Other-service,Husband,White,Male,0,0,60,United-States,<=50K
51,State-gov,42017,Some-college,10,Divorced,Prof-specialty,Not-in-family,White,Female,0,0,40,United-States,<=50K
51,Private,61270,HS-grad,9,Married-civ-spouse,Handlers-cleaners,Husband,White,Male,0,0,40,United-States,>50K
27,Private,159549,HS-grad,9,Never-married,Other-service,Not-in-family,White,Female,0,0,42,United-States,<=50K
49,Private,79190,HS-grad,9,Married-civ-spouse,Handlers-cleaners,Husband,White,Male,0,0,48,United-States,<=50K
18,Private,54342,Some-college,10,Never-married,Other-service,Own-child,White,Male,0,0,20,United-States,<=50K
25,Private,194290,Bachelors,13,Divorced,Prof-specialty,Not-in-family,White,Female,0,0,44,United-States,<=50K
27,Private,422933,Bachelors,13,Never-married,Craft-repair,Not-in-family,White,Male,0,0,50,United-States,<=50K
39,Private,67804,Assoc-voc,11,Never-married,Prof-specialty,Not-in-family,White,Female,4650,0,32,United-States,<=50K
29,Private,77332,HS-grad,9,Never-married,Other-service,Not-in-family,White,Female,0,0,32,United-States,<=50K
38,Private,110713,Assoc-acdm,12,Married-civ-spouse,Craft-repair,Husband,White,Male,0,0,50,United-States,>50K
51,Private,163921,Bachelors,13,Married-civ-spouse,Transport-moving,Husband,White,Male,0,0,56,United-States,>50K
32,Private,236543,12th,8,Married-civ-spouse,Craft-repair,Other-relative,White,Male,0,0,40,Mexico,<=50K
23,Self-emp-not-inc,188925,HS-grad,9,Married-civ-spouse,Handlers-cleaners,Own-child,White,Male,0,0,40,United-States,<=50K
37,State-gov,471768,Bachelors,13,Never-married,Prof-specialty,Not-in-family,White,Male,0,0,38,United-States,<=50K
20,Private,36039,9th,5,Never-married,Machine-op-inspct,Unmarried,White,Female,0,0,40,United-States,<=50K
31,Self-emp-not-inc,234901,Some-college,10,Married-civ-spouse,Craft-repair,Husband,White,Male,0,0,60,United-States,<=50K
21,Private,241805,5th-6th,3,Married-civ-spouse,Other-service,Husband,White,Male,0,0,40,Mexico,<=50K
47,Private,284907,HS-grad,9,Married-civ-spouse,Exec-managerial,Husband,White,Male,0,0,40,United-States,<=50K
22,Private,199832,Some-college,10,Never-married,Sales,Own-child,White,Male,0,0,15,United-States,<=50K
47,Self-emp-not-inc,94100,Bachelors,13,Never-married,Farming-fishing,Not-in-family,White,Male,0,0,65,United-States,<=50K
19,?,306309,Some-college,10,Never-married,?,Own-child,White,Male,0,0,40,United-States,<=50K
41,Private,263339,HS-grad,9,Divorced,Adm-clerical,Unmarried,White,Female,0,0,45,United-States,<=50K
27,Private,166809,HS-grad,9,Never-married,Exec-managerial,Own-child,White,Male,0,0,40,United-States,<=50K
32,Private,52537,Some-college,10,Never-married,Tech-support,Not-in-family,Black,Male,0,0,38,United-States,<=50K
41,Private,132853,1st-4th,2,Married-civ-spouse,Transport-moving,Husband,White,Male,0,0,40,Mexico,<=50K
40,Private,200352,Bachelors,13,Separated,Sales,Not-in-family,White,Male,0,0,40,United-States,<=50K
23,Private,176904,Some-college,10,Never-married,Other-service,Other-relative,White,Female,0,0,25,United-States,<=50K
37,Private,198362,Some-college,10,Married-civ-spouse,Other-service,Wife,White,Female,0,0,40,United-States,<=50K
29,Private,178025,HS-grad,9,Married-civ-spouse,Machine-op-inspct,Husband,White,Male,0,0,40,United-States,<=50K
47,Local-gov,330080,11th,7,Married-spouse-absent,Craft-repair,Not-in-family,Black,Male,0,0,40,United-States,<=50K
21,Private,417419,Some-college,10,Never-married,Adm-clerical,Own-child,White,Female,0,0,35,United-States,<=50K
58,Private,221157,Bachelors,13,Divorced,Transport-moving,Not-in-family,White,Male,0,0,45,United-States,<=50K
23,Private,129777,Bachelors,13,Never-married,Prof-specialty,Not-in-family,White,Female,0,0,20,United-States,<=50K
27,Private,34273,Assoc-voc,11,Never-married,Prof-specialty,Not-in-family,White,Female,0,1876,36,Canada,<=50K
66,Private,33619,HS-grad,9,Married-civ-spouse,Other-service,Husband,Black,Male,0,0,4,United-States,<=50K
25,Private,359985,5th-6th,3,Never-married,Adm-clerical,Not-in-family,White,Female,0,0,33,Mexico,<=50K
63,Local-gov,109849,Bachelors,13,Never-married,Prof-specialty,Not-in-family,Black,Female,0,0,21,United-States,<=50K
33,Private,149988,HS-grad,9,Married-civ-spouse,Sales,Husband,White,Male,0,0,40,United-States,>50K
46,Private,273803,Bachelors,13,Divorced,Craft-repair,Not-in-family,Black,Female,0,0,40,United-States,<=50K
49,Local-gov,106554,Bachelors,13,Divorced,Prof-specialty,Unmarried,White,Female,0,0,40,United-States,>50K
29,Private,227943,HS-grad,9,Never-married,Protective-serv,Other-relative,Black,Male,0,0,40,United-States,<=50K
28,Private,142764,HS-grad,9,Never-married,Machine-op-inspct,Not-in-family,White,Male,0,0,48,United-States,<=50K
48,Private,188925,Some-college,10,Divorced,Handlers-cleaners,Own-child,White,Male,2176,0,40,United-States,<=50K
45,Local-gov,37306,Bachelors,13,Married-civ-spouse,Prof-specialty,Husband,White,Male,0,0,45,United-States,>50K
23,Private,255004,Assoc-acdm,12,Married-civ-spouse,Handlers-cleaners,Husband,White,Male,0,0,25,United-States,<=50K
38,Private,59202,Bachelors,13,Married-civ-spouse,Adm-clerical,Husband,White,Male,0,0,45,United-States,>50K
45,?,260617,Masters,14,Married-civ-spouse,?,Husband,White,Male,0,0,40,United-States,<=50K
22,Private,285408,Bachelors,13,Never-married,Exec-managerial,Own-child,White,Male,0,0,45,United-States,<=50K
36,Self-emp-not-inc,206520,Bachelors,13,Never-married,Craft-repair,Own-child,White,Male,0,0,40,United-States,<=50K
49,Local-gov,106554,Bachelors,13,Divorced,Prof-specialty,Unmarried,White,Female,0,0,40,United-States,>50K
29,Local-gov,152744,Masters,14,Never-married,Prof-specialty,Other-relative,Asian-Pac-Islander,Female,1506,0,40,United-States,<=50K
22,Local-gov,38771,Some-college,10,Never-married,Prof-specialty,Own-child,White,Female,594,0,25,United-States,<=50K
40,Private,200496,Bachelors,13,Separated,Sales,Not-in-family,White,Male,0,0,40,United-States,<=50K
20,Private,229414,HS-grad,9,Never-married,Machine-op-inspct,Own-child,White,Female,0,0,30,United-States,<=50K
36,Self-emp-not-inc,206600,Bachelors,13,Never-married,Craft-repair,Own-child,White,Male,0,0,40,United-States,<=50K
49,Private,116927,Bachelors,13,Married-civ-spouse,Sales,Husband,White,Male,0,0,60,United-States,<=50K
50,Private,217235,HS-grad,9,Married-civ-spouse,Craft-repair,Husband,White,Male,0,0,40,United-States,>50K
28,Private,181553,Bachelors,13,Married-civ-spouse,Exec-managerial,Husband,White,Male,0,0,50,England,>50K
47,Private,285295,HS-grad,9,Married-civ-spouse,Exec-managerial,Husband,White,Male,0,0,40,United-States,<=50K
41,Private,106159,HS-grad,9,Never-married,Machine-op-inspct,Own-child,White,Male,14344,0,48,United-States,>50K
69,Self-emp-inc,182378,Bachelors,13,Separated,Exec-managerial,Not-in-family,White,Male,0,0,40,United-States,<=50K
46,Private,57600,Bachelors,13,Married-civ-spouse,Exec-managerial,Husband,White,Male,1506,0,55,United-States,>50K
34,Private,192793,Some-college,10,Married-civ-spouse,Craft-repair,Husband,White,Male,0,0,40,United-States,>50K
44,Private,45093,HS-grad,9,Married-civ-spouse,Farming-fishing,Husband,White,Male,0,0,70,United-States,<=50K
