age,workclass,fnlwgt,education,education-num,marital-status,occupation,relationship,race,sex,capital-gain,capital-loss,hours-per-week,native-country,income
30,Local-gov,154227,Bachelors,13,Married-civ-spouse,Protective-serv,Husband,White,Male,0,0,72,United-States,>50K
37,Private,387663,HS-grad,9,Married-civ-spouse,Transport-moving,Husband,White,Male,0,0,50,United-States,<=50K
29,Private,272411,HS-grad,9,Married-civ-spouse,Adm-clerical,Husband,White,Male,0,0,30,Laos,<=50K
52,Private,94448,Assoc-voc,11,Married-civ-spouse,Prof-specialty,Husband,White,Male,0,0,40,United-States,<=50K
67,Self-emp-inc,116517,Bachelors,13,Widowed,Other-service,Unmarried,White,Female,0,0,35,United-States,<=50K
31,Private,181372,HS-grad,9,Divorced,Adm-clerical,Unmarried,White,Female,0,0,35,United-States,<=50K
37,Private,219941,Masters,14,Married-civ-spouse,Exec-managerial,Husband,White,Male,0,0,55,El-Salvador,>50K
39,Private,138705,Prof-school,15,Married-civ-spouse,Prof-specialty,Husband,Asian-Pac-Islander,Male,0,0,37,India,<=50K
49,Private,282313,Some-college,10,Married-civ-spouse,Exec-managerial,Husband,White,Male,0,0,45,United-States,>50K
33,Private,154205,Assoc-voc,11,Divorced,Sales,Not-in-family,White,Male,0,0,40,United-States,<=50K
39,Private,246981,Bachelors,13,Married-civ-spouse,Prof-specialty,Husband,White,Male,0,0,50,United-States,>50K
17,Private,376416,11th,7,Never-married,Handlers-cleaners,Own-child,White,Male,0,0,30,United-States,<=50K
19,Private,376540,HS-grad,9,Never-married,Adm-clerical,Not-in-family,White,Female,0,0,30,United-States,<=50K
52,Private,94391,HS-grad,9,Married-civ-spouse,Adm-clerical,Husband,White,Male,0,0,40,United-States,<=50K
23,?,169628,Assoc-acdm,12,Never-married,?,Own-child,Asian-Pac-Islander,Male,0,0,16,Philippines,<=50K
28,Private,110164,Some-college,10,Divorced,Other-service,Other-relative,Black,Male,0,0,24,United-States,<=50K
25,Self-emp-not-inc,121124,Bachelors,13,Never-married,Sales,Not-in-family,White,Female,0,0,40,United-States,<=50K
43,Private,282069,Some-college,10,Divorced,Craft-repair,Unmarried,White,Male,0,0,42,United-States,<=50K
52,Private,94448,Assoc-voc,11,Married-civ-spouse,Prof-specialty,Husband,White,Male,0,0,40,United-States,<=50K
43,Private,172401,HS-grad,9,Married-civ-spouse,Sales,Husband,White,Male,0,0,40,United-States,>50K
24,Private,247547,Some-college,10,Never-married,Sales,Other-relative,Black,Female,0,0,40,United-States,<=50K
38,Private,216145,HS-grad,9,Married-civ-spouse,Machine-op-inspct,Husband,Black,Male,0,1740,40,Haiti,<=50K
37,State-gov,374716,Prof-school,15,Married-civ-spouse,Prof-specialty,Husband,White,Male,0,0,60,United-States,>50K
29,Private,58115,Bachelors,13,Married-civ-spouse,Sales,Husband,White,Male,0,0,40,United-States,<=50K
17,Private,233275,11th,7,Never-married,Adm-clerical,Own-child,White,Female,0,0,12,United-States,<=50K
29,Private,229259,Some-college,10,Married-civ-spouse,Exec-managerial,Husband,White,Male,0,1887,50,United-States,>50K
29,Self-emp-not-inc,39236,HS-grad,9,Married-civ-spouse,Farming-fishing,Husband,White,Male,0,0,40,United-States,<=50K
42,Private,246440,HS-grad,9,Married-civ-spouse,Sales,Husband,White,Male,0,0,50,United-States,<=50K
47,Private,118938,HS-grad,9,Divorced,Craft-repair,Not-in-family,White,Male,0,0,40,United-States,>50K
38,Private,179462,Assoc-acdm,12,Married-spouse-absent,Adm-clerical,Unmarried,White,Female,0,0,40,United-States,<=50K
52,Private,104501,12th,8,Married-civ-spouse,Exec-managerial,Husband,White,Male,0,0,60,United-States,>50K
77,Self-emp-not-inc,164574,Preschool,1,Widowed,Exec-managerial,Not-in-family,White,Female,0,0,60,United-States,<=50K
28,Private,110164,Some-college,10,Divorced,Other-service,Other-relative,Black,Male,0,0,24,United-States,<=50K
33,Private,135312,Bachelors,13,Never-married,Prof-specialty,Not-in-family,White,Male,0,0,40,United-States,>50K
48,Private,245317,Some-college,10,Widowed,Adm-clerical,Not-in-family,White,Female,0,0,50,United-States,<=50K
52,Private,113522,HS-grad,9,Never-married,Machine-op-inspct,Not-in-family,White,Male,0,0,45,United-States,>50K
26,Private,380390,HS-grad,9,Never-married,Handlers-cleaners,Own-child,White,Male,0,0,52,United-States,<=50K
38,Private,123031,HS-grad,9,Married-civ-spouse,Adm-clerical,Husband,Asian-Pac-Islander,Male,0,0,48,Trinadad&Tobago,<=50K
37,Private,241832,Some-college,10,Married-civ-spouse,Other-service,Husband,Black,Male,0,0,30,United-States,<=50K
49,Private,285004,Some-college,10,Married-civ-spouse,Exec-managerial,Husband,White,Male,0,0,45,United-States,>50K
47,Private,199307,HS-grad,9,Married-civ-spouse,Craft-repair,Husband,White,Male,0,0,40,United-States,<=50K
33,Private,202956,Some-college,10,Married-civ-spouse,Exec-managerial,Husband,White,Male,0,0,56,United-States,>50K
29,Private,274200,HS-grad,9,Married-civ-spouse,Adm-clerical,Husband,White,Male,0,0,30,Mexico,<=50K
25,Private,19302,Some-college,10,Never-married,Prof-specialty,Unmarried,White,Female,0,0,60,United-States,<=50K
37,Private,449257,Assoc-acdm,12,Divorced,Exec-managerial,Not-in-family,White,Female,0,0,40,United-States,<=50K
51,Local-gov,146325,Doctorate,16,Married-civ-spouse,Prof-specialty,Husband,White,Male,0,1887,40,United-States,>50K
59,Self-emp-not-inc,165867,Bachelors,13,Married-civ-spouse,Exec-managerial,Husband,White,Male,0,0,25,United-States,<=50K
27,Private,280567,HS-grad,9,Married-civ-spouse,Transport-moving,Husband,Black,Male,0,0,40,United-States,<=50K
40,Private,103614,10th,6,Divorced,Craft-repair,Own-child,White,Male,0,0,40,United-States,<=50K
45,Private,267034,Bachelors,13,Married-civ-spouse,Exec-managerial,Husband,White,Male,0,0,50,United-States,>50K
32,Private,184046,Bachelors,13,Married-civ-spouse,Craft-repair,Husband,White,Male,0,0,55,United-States,>50K
53,Local-gov,204397,HS-grad,9,Married-civ-spouse,Exec-managerial,Husband,White,Male,0,0,60,United-States,<=50K
34,State-gov,240283,HS-grad,9,Divorced,Transport-moving,Unmarried,White,Female,0,0,40,United-States,<=50K
44,Private,79870,HS-grad,9,Never-married,Sales,Not-in-family,Asian-Pac-Islander,Female,0,0,40,United-States,<=50K
31,Private,250087,Prof-school,15,Married-civ-spouse,Prof-specialty,Husband,White,Male,0,0,50,United-States,>50K
71,Private,78277,HS-grad,9,Married-civ-spouse,Craft-repair,Husband,White,Male,0,0,15,United-States,<=50K
50,Private,170070,7th-8th,4,Married-civ-spouse,Machine-op-inspct,Husband,White,Male,0,0,40,United-States,<=50K
19,Private,158242,HS-grad,9,Never-married,Other-service,Not-in-family,White,Female,0,1719,40,United-States,<=50K
27,State-gov,68393,Bachelors,13,Never-married,Adm-clerical,Not-in-family,White,Female,0,0,40,United-States,<=50K
57,Self-emp-not-inc,221336,Some-college,10,Married-civ-spouse,Exec-managerial,Wife,White,Female,0,0,60,United-States,<=50K
51,Private,351416,Some-college,10,Divorced,Prof-specialty,Unmarried,White,Female,0,0,40,United-States,<=50K
21,Private,61777,Some-college,10,Never-married,Craft-repair,Not-in-family,White,Male,0,0,70,United-States,<=50K
25,Private,472604,Some-college,10,Never-married,Prof-specialty,Not-in-family,White,Male,8614,0,40,United-States,>50K
33,Private,169628,Bachelors,13,Married-civ-spouse,Exec-managerial,Husband,White,Male,0,0,50,United-States,>50K
44,Private,152883,HS-grad,9,Never-married,Other-service,Unmarried,White,Male,0,0,40,United-States,<=50K
29,Self-emp-not-inc,40142,HS-grad,9,Married-civ-spouse,Farming-fishing,Husband,White,Male,0,0,40,United-States,<=50K
51,Local-gov,250087,9th,5,Married-civ-spouse,Other-service,Wife,White,Female,0,0,38,Puerto-Rico,<=50K
32,Private,150312,HS-grad,9,Married-civ-spouse,Handlers-cleaners,Husband,White,Male,0,0,40,United-States,>50K
61,Local-gov,149981,HS-grad,9,Widowed,Adm-clerical,Not-in-family,White,Female,0,0,40,United-States,<=50K
54,Private,98436,Masters,14,Married-civ-spouse,Other-service,Husband,White,Male,0,0,40,United-States,<=50K
28,Private,55720,Some-college,10,Never-married,Craft-repair,Not-in-family,Black,Male,0,0,40,United-States,<=50K
45,Private,114774,Masters,14,Divorced,Prof-specialty,Not-in-family,White,Female,0,2258,55,United-States,<=50K
41,Private,167651,Bachelors,13,Never-married,Adm-clerical,Not-in-family,White,Male,0,0,52,United-States,<=50K
44,Private,228729,HS-grad,9,Married-civ-spouse,Craft-repair,Husband,Black,Male,0,0,40,?,<=50K
44,Local-gov,290560,Assoc-voc,11,Divorced,Protective-serv,Own-child,White,Female,0,0,40,Cuba,<=50K
43,Private,382272,Masters,14,Divorced,Exec-managerial,Unmarried,White,Male,0,0,50,United-States,<=50K
43,Local-gov,118729,Bachelors,13,Divorced,Prof-specialty,Unmarried,White,Female,0,625,40,United-States,<=50K
39,Self-emp-not-inc,306707,HS-grad,9,Married-civ-spouse,Exec-managerial,Husband,White,Male,0,0,40,United-States,>50K
29,Private,188576,HS-grad,9,Divorced,Farming-fishing,Not-in-family,White,Male,0,0,40,United-States,<=50K
27,Local-gov,331650,HS-grad,9,Never-married,Farming-fishing,Own-child,White,Male,0,0,40,United-States,<=50K
38,Private,296478,Assoc-voc,11,Married-civ-spouse,Craft-repair,Husband,White,Male,7298,0,40,United-States,>50K
23,Private,37546,Bachelors,13,Never-married,Adm-clerical,Not-in-family,White,Male,0,0,40,United-States,<=50K
40,Private,20109,Some-college,10,Divorced,Handlers-cleaners,Not-in-family,Amer-Indian-Eskimo,Female,0,0,84,United-States,<=50K
38,Private,189265,Bachelors,13,Never-married,Exec-managerial,Not-in-family,White,Male,0,1340,40,United-States,<=50K
18,Private,136413,Some-college,10,Never-married,Adm-clerical,Own-child,White,Male,0,0,40,United-States,<=50K
27,Private,246440,11th,7,Divorced,Machine-op-inspct,Unmarried,White,Female,0,0,40,United-States,<=50K
63,Self-emp-not-inc,147140,7th-8th,4,Married-civ-spouse,Farming-fishing,Husband,White,Male,0,0,60,United-States,>50K
37,Private,19752,Some-college,10,Widowed,Other-service,Not-in-family,White,Female,2176,0,40,?,<=50K
65,Private,386672,Assoc-voc,11,Married-civ-spouse,Adm-clerical,Husband,White,Male,0,0,15,United-States,<=50K
77,Self-emp-not-inc,184011,Bachelors,13,Widowed,Prof-specialty,Not-in-family,White,Female,0,0,20,United-States,<=50K
27,Private,179462,Assoc-voc,11,Married-spouse-absent,Tech-support,Own-child,White,Female,0,0,40,United-States,<=50K
42,Self-emp-not-inc,177937,Bachelors,13,Married-spouse-absent,Exec-managerial,Not-in-family,White,Male,0,0,45,Poland,<=50K
21,?,189924,Assoc-acdm,12,Never-married,?,Not-in-family,White,Male,0,0,55,United-States,<=50K
37,Private,194134,HS-grad,9,Divorced,Craft-repair,Not-in-family,White,Male,0,0,50,United-States,<=50K
81,?,89391,Prof-school,15,Married-civ-spouse,?,Husband,White,Male,0,0,24,United-States,>50K
52,Private,153751,9th,5,Separated,Other-service,Not-in-family,Black,Female,0,0,30,United-States,<=50K
18,Local-gov,158948,7th-8th,4,Never-married,Farming-fishing,Own-child,White,Male,0,0,40,United-States,<=50K
30,Private,490332,Some-college,10,Married-civ-spouse,Transport-moving,Husband,White,Male,0,0,80,United-States,>50K
35,Private,107882,HS-grad,9,Divorced,Craft-repair,Not-in-family,White,Male,0,0,40,United-States,<=50K
43,Private,137304,Some-college,10,Married-civ-spouse,Exec-managerial,Husband,White,Male,0,0,40,United-States,>50K
48,Private,149531,Some-college,10,Divorced,Machine-op-inspct,Not-in-family,White,Male,0,0,40,United-States,>50K
34,Private,134886,Bachelors,13,Never-married,Sales,Own-child,White,Male,0,0,40,United-States,>50K
60,Private,195543,HS-grad,9,Separated,Adm-clerical,Unmarried,Black,Female,0,0,20,United-States,<=50K
46,Private,272913,Bachelors,13,Divorced,Craft-repair,Not-in-family,Black,Female,0,0,40,United-States,<=50K
38,Self-emp-not-inc,423616,HS-grad,9,Married-civ-spouse,Sales,Wife,White,Female,0,0,24,United-States,>50K
49,Private,283613,Some-college,10,Married-civ-spouse,Exec-managerial,Husband,White,Male,0,0,45,United-States,>50K
19,?,179681,10th,6,Never-married,?,Unmarried,White,Female,0,0,35,United-States,<=50K
38,Private,129853,HS-grad,9,Married-civ-spouse,Craft-repair,Husband,White,Male,0,0,41,United-States,<=50K
34,Private,160369,HS-grad,9,Never-married,Tech-support,Own-child,Asian-Pac-Islander,Male,14084,0,35,China,>50K
31,Private,376416,Bachelors,13,Never-married,Prof-specialty,Not-in-family,White,Female,0,0,40,United-States,<=50K
18,Private,48597,11th,7,Never-married,Sales,Not-in-family,White,Male,0,0,30,United-States,<=50K
65,Private,387116,Assoc-voc,11,Married-civ-spouse,Adm-clerical,Husband,White,Male,0,0,15,United-States,<=50K
19,?,194095,Some-college,10,Never-married,?,Own-child,White,Male,0,0,40,United-States,<=50K
37,Self-emp-not-inc,151267,11th,7,Married-civ-spouse,Transport-moving,Husband,White,Male,0,0,45,United-States,<=50K
21,Private,73679,Some-college,10,Never-married,Exec-managerial,Own-child,White,Female,0,0,40,United-States,<=50K
63,Private,255621,Assoc-voc,11,Divorced,Other-service,Not-in-family,White,Female,0,0,20,United-States,<=50K
28,Private,160968,Some-college,10,Never-married,Craft-repair,Unmarried,White,Male,0,0,48,United-States,<=50K
40,Private,241153,HS-grad,9,Divorced,Craft-repair,Not-in-family,White,Male,0,0,50,United-States,<=50K
22,Private,189674,Some-college,10,Never-married,Other-service,Not-in-family,White,Female,0,0,50,United-States,<=50K
20,Private,178416,Some-college,10,Never-married,Other-service,Own-child,White,Male,0,0,30,United-States,<=50K
33,Self-emp-inc,287372,Some-college,10,Married-civ-spouse,Exec-managerial,Husband,White,Male,0,0,50,United-States,>50K
55,Private,84774,HS-grad,9,Married-civ-spouse,Priv-house-serv,Wife,White,Female,0,0,30,United-States,<=50K
28,Private,236769,9th,5,Never-married,Priv-house-serv,Not-in-family,White,Female,0,0,35,Mexico,<=50K
18,Self-emp-not-inc,132053,HS-grad,9,Never-married,Farming-fishing,Own-child,White,Male,0,0,40,United-States,<=50K
54,Private,143849,Some-college,10,Married-civ-spouse,Sales,Wife,White,Female,0,0,40,United-States,>50K
49,Local-gov,22419,Some-college,10,Divorced,Adm-clerical,Not-in-family,White,Female,0,0,44,United-States,<=50K
43,Self-emp-inc,241013,Some-college,10,Married-civ-spouse,Exec-managerial,Husband,White,Male,0,0,70,United-States,>50K
36,Private,151835,HS-grad,9,Married-civ-spouse,Other-service,Husband,White,Male,0,0,60,United-States,>50K
27,Private,197816,Some-college,10,Married-spouse-absent,Exec-managerial,Not-in-family,White,Female,0,0,40,United-States,<=50K
36,Private,186916,Assoc-acdm,12,Married-civ-spouse,Craft-repair,Husband,White,Male,0,0,50,United-States,<=50K
19,Private,119721,Some-college,10,Never-married,Other-service,Own-child,White,Female,0,0,15,United-States,<=50K
35,Private,54611,12th,8,Never-married,Sales,Not-in-family,Black,Female,0,0,40,United-States,<=50K
21,Private,224541,Some-college,10,Never-married,Other-service,Other-relative,White,Female,0,0,30,United-States,<=50K
49,Private,350853,HS-grad,9,Married-civ-spouse,Craft-repair,Husband,White,Male,0,1887,40,United-States,>50K
54,Private,387663,Masters,14,Married-civ-spouse,Prof-specialty,Husband,White,Male,0,0,45,United-States,>50K
26,Private,122220,HS-grad,9,Never-married,Craft-repair,Other-relative,White,Male,0,0,40,United-States,<=50K
30,Private,169104,Assoc-acdm,12,Never-married,Other-service,Other-relative,Asian-Pac-Islander,Male,0,0,40,Vietnam,<=50K
17,Private,795830,10th,6,Never-married,Priv-house-serv,Other-relative,White,Male,0,0,30,United-States,<=50K
62,Private,109997,HS-grad,9,Widowed,Craft-repair,Unmarried,Black,Female,0,0,40,United-States,<=50K
39,Federal-gov,254933,Bachelors,13,Divorced,Tech-support,Unmarried,Black,Female,0,625,40,United-States,<=50K
22,State-gov,138513,Bachelors,13,Never-married,Prof-specialty,Not-in-family,White,Male,0,0,15,United-States,<=50K
37,Local-gov,74194,Assoc-voc,11,Married-civ-spouse,Exec-managerial,Husband,White,Male,0,0,45,United-States,<=50K
30,State-gov,61989,Some-college,10,Never-married,Prof-specialty,Not-in-family,White,Female,0,0,5,United-States,<=50K
35,Private,136787,Bachelors,13,Married-civ-spouse,Craft-repair,Husband,White,Male,0,0,50,United-States,>50K
53,Private,153489,HS-grad,9,Widowed,Adm-clerical,Not-in-family,Black,Female,0,0,40,United-States,<=50K
29,Private,27624,HS-grad,9,Married-civ-spouse,Adm-clerical,Husband,White,Male,0,0,30,Laos,<=50K
30,Private,181372,Bachelors,13,Married-civ-spouse,Prof-specialty,Wife,White,Female,0,0,40,United-States,>50K
38,Private,188798,Bachelors,13,Never-married,Exec-managerial,Not-in-family,White,Male,0,1340,40,United-States,<=50K
46,Self-emp-not-inc,247547,Bachelors,13,Never-married,Prof-specialty,Not-in-family,Black,Male,0,0,23,United-States,<=50K
45,Self-emp-inc,84324,Assoc-acdm,12,Married-civ-spouse,Prof-specialty,Husband,White,Male,0,0,50,United-States,>50K
18,?,172047,Some-college,10,Never-married,?,Own-child,Black,Female,0,0,24,United-States,<=50K
44,Private,74680,Some-college,10,Married-civ-spouse,Craft-repair,Husband,White,Male,5178,0,50,United-States,>50K
31,Private,387116,Some-college,10,Never-married,Adm-clerical,Not-in-family,Black,Female,0,0,36,Jamaica,<=50K
31,Private,79190,HS-grad,9,Never-married,Other-service,Own-child,White,Female,0,0,35,United-States,<=50K
30,Private,151835,Some-college,10,Married-civ-spouse,Craft-repair,Husband,White,Male,0,0,58,United-States,<=50K
27,Private,109997,HS-grad,9,Divorced,Other-service,Not-in-family,White,Female,0,0,40,United-States,<=50K
46,Private,138069,Some-college,10,Married-civ-spouse,Craft-repair,Husband,White,Male,0,0,40,United-States,>50K
27,Private,41356,Some-college,10,Never-married,Sales,Not-in-family,White,Male,0,0,50,United-States,<=50K
52,Local-gov,137618,HS-grad,9,Married-civ-spouse,Other-service,Wife,Black,Female,0,0,20,United-States,<=50K
49,?,114648,12th,8,Divorced,?,Other-relative,Black,Male,0,0,40,United-States,<=50K
60,Self-emp-inc,105339,Bachelors,13,Married-civ-spouse,Exec-managerial,Husband,White,Male,7298,0,60,United-States,>50K
55,Private,110622,Bachelors,13,Married-civ-spouse,Exec-managerial,Husband,White,Male,0,1887,40,United-States,>50K
49,?,114648,12th,8,Divorced,?,Other-relative,Black,Male,0,0,40,United-States,<=50K
42,Local-gov,175325,Bachelors,13,Never-married,Adm-clerical,Not-in-family,White,Female,99999,0,40,United-States,>50K
71,State-gov,210673,HS-grad,9,Married-civ-spouse,Protective-serv,Husband,White,Male,0,0,28,United-States,<=50K
50,State-gov,246981,HS-grad,9,Married-civ-spouse,Handlers-cleaners,Husband,White,Male,0,0,40,United-States,<=50K
49,Private,62546,Bachelors,13,Married-civ-spouse,Exec-managerial,Husband,White,Male,0,0,40,United-States,>50K
30,Private,204494,HS-grad,9,Never-married,Craft-repair,Own-child,White,Male,0,0,50,United-States,<=50K
17,Self-emp-not-inc,36989,11th,7,Never-married,Farming-fishing,Own-child,White,Male,0,0,10,United-States,<=50K
29,Private,148294,HS-grad,9,Married-civ-spouse,Farming-fishing,Husband,White,Male,0,0,60,United-States,<=50K
28,Private,424340,Some-college,10,Never-married,Adm-clerical,Own-child,Black,Male,0,0,40,United-States,<=50K
26,Private,192660,Some-college,10,Married-civ-spouse,Exec-managerial,Wife,White,Female,0,0,25,United-States,<=50K
38,State-gov,104280,Doctorate,16,Married-civ-spouse,Prof-specialty,Husband,White,Male,0,0,55,United-States,>50K
29,Private,348144,Some-college,10,Married-civ-spouse,Handlers-cleaners,Husband,White,Male,0,0,60,United-States,<=50K
30,Private,175325,HS-grad,9,Married-civ-spouse,Craft-repair,Husband,White,Male,0,0,42,United-States,>50K
32,Private,79870,Some-college,10,Married-civ-spouse,Exec-managerial,Own-child,White,Female,2597,0,40,Japan,<=50K
38,Private,295896,Assoc-voc,11,Married-civ-spouse,Craft-repair,Husband,White,Male,7298,0,40,United-States,>50K
49,Private,116927,Bachelors,13,Married-civ-spouse,Sales,Husband,White,Male,0,0,60,United-States,<=50K
29,Private,187802,HS-grad,9,Divorced,Farming-fishing,Not-in-family,White,Male,0,0,40,United-States,<=50K
48,Private,174826,1st-4th,2,Separated,Machine-op-inspct,Other-relative,Black,Male,0,0,48,United-States,<=50K
25,Private,371886,HS-grad,9,Divorced,Adm-clerical,Not-in-family,White,Female,0,0,40,United-States,<=50K
37,Private,191814,1st-4th,2,Married-civ-spouse,Craft-repair,Husband,Asian-Pac-Islander,Male,0,0,40,Cambodia,<=50K
21,Private,88050,HS-grad,9,Married-civ-spouse,Other-service,Other-relative,White,Female,0,0,16,United-States,<=50K
40,Private,354075,Some-college,10,Married-civ-spouse,Craft-repair,Husband,Black,Male,0,0,40,United-States,>50K
36,Private,161141,HS-grad,9,Married-civ-spouse,Machine-op-inspct,Husband,White,Male,0,0,40,United-States,<=50K
55,Private,110748,Bachelors,13,Married-civ-spouse,Exec-managerial,Husband,White,Male,0,1887,40,United-States,>50K
29,Local-gov,94064,Masters,14,Married-civ-spouse,Prof-specialty,Husband,White,Male,0,0,50,United-States,<=50K
48,Private,175262,1st-4th,2,Separated,Machine-op-inspct,Other-relative,Black,Male,0,0,48,United-States,<=50K
51,Private,223020,HS-grad,9,Married-civ-spouse,Machine-op-inspct,Husband,White,Male,0,0,40,United-States,>50K
40,Private,120277,Bachelors,13,Married-civ-spouse,Sales,Husband,White,Male,0,0,45,United-States,<=50K
50,Local-gov,367240,Some-college,10,Widowed,Adm-clerical,Unmarried,White,Female,0,0,40,United-States,<=50K
42,Self-emp-not-inc,295621,Prof-school,15,Divorced,Prof-specialty,Unmarried,White,Male,0,0,60,United-States,>50K
47,Self-emp-not-inc,94100,Bachelors,13,Never-married,Farming-fishing,Not-in-family,White,Male,0,0,65,United-States,<=50K
40,Self-emp-inc,141332,Bachelors,13,Married-civ-spouse,Exec-managerial,Wife,White,Female,0,0,55,United-States,>50K
62,Local-gov,136610,HS-grad,9,Divorced,Transport-moving,Other-relative,White,Male,0,0,40,United-States,<=50K
77,Self-emp-inc,299347,HS-grad,9,Married-civ-spouse,Other-service,Husband,White,Male,0,0,35,United-States,>50K
37,Self-emp-not-inc,156953,Prof-school,15,Never-married,Prof-specialty,Own-child,White,Male,0,1564,55,United-States,>50K
43,Private,282069,Some-college,10,Divorced,Craft-repair,Unmarried,White,Male,0,0,42,United-States,<=50K
25,Private,261519,HS-grad,9,Never-married,Sales,Own-child,White,Male,0,0,35,United-States,<=50K
55,Private,201928,Bachelors,13,Married-civ-spouse,Other-service,Other-relative,Asian-Pac-Islander,Male,0,0,35,Philippines,<=50K
41,Private,185798,HS-grad,9,Separated,Adm-clerical,Unmarried,White,Female,0,0,40,United-States,<=50K
34,?,182062,HS-grad,9,Divorced,?,Not-in-family,White,Female,0,0,40,United-States,<=50K
49,Local-gov,186212,Masters,14,Married-civ-spouse,Protective-serv,Husband,White,Male,0,0,40,United-States,>50K
45,Private,243743,Bachelors,13,Married-civ-spouse,Exec-managerial,Husband,White,Male,0,0,60,United-States,>50K
44,Private,285367,Some-college,10,Married-civ-spouse,Transport-moving,Husband,Black,Male,0,0,40,United-States,<=50K
70,?,149337,HS-grad,9,Widowed,?,Not-in-family,White,Female,2964,0,12,United-States,<=50K
24,Private,27073,Some-college,10,Never-married,Sales,Not-in-family,White,Female,0,0,25,United-States,<=50K
34,State-gov,200496,Some-college,10,Married-spouse-absent,Adm-clerical,Unmarried,Asian-Pac-Islander,Female,0,0,38,Philippines,<=50K
51,Local-gov,169104,Bachelors,13,Married-civ-spouse,Exec-managerial,Husband,White,Male,0,0,50,United-States,>50K
33,Self-emp-inc,286750,Some-college,10,Married-civ-spouse,Exec-managerial,Husband,White,Male,0,0,50,United-States,>50K
40,Federal-gov,77332,Some-college,10,Divorced,Adm-clerical,Not-in-family,White,Female,0,0,50,United-States,<=50K
33,Private,351810,Bachelors,13,Never-married,Prof-specialty,Not-in-family,White,Female,0,0,45,Mexico,<=50K
42,Private,66118,Some-college,10,Divorced,Machine-op-inspct,Not-in-family,White,Female,0,0,40,United-States,<=50K
28,Private,55720,Some-college,10,Never-married,Craft-repair,Not-in-family,Black,Male,0,0,40,United-States,<=50K
24,Self-emp-not-inc,240160,HS-grad,9,Never-married,Craft-repair,Not-in-family,White,Male,0,0,35,United-States,<=50K
23,Private,54611,Bachelors,13,Never-married,Adm-clerical,Unmarried,Black,Female,0,0,40,United-States,<=50K
33,Private,351416,Bachelors,13,Never-married,Prof-specialty,Not-in-family,White,Female,0,0,45,Mexico,<=50K
18,Private,152102,11th,7,Married-civ-spouse,Sales,Wife,Other,Female,0,0,20,United-States,<=50K
40,Private,221172,Assoc-acdm,12,Married-civ-spouse,Exec-managerial,Husband,White,Male,0,0,50,United-States,>50K
74,Private,260617,10th,6,Divorced,Other-service,Not-in-family,White,Female,0,0,1,United-States,<=50K
23,Private,285004,Bachelors,13,Never-married,Sales,Not-in-family,Asian-Pac-Islander,Male,0,0,50,Taiwan,<=50K
56,Private,181974,HS-grad,9,Married-civ-spouse,Transport-moving,Husband,White,Male,0,0,48,United-States,>50K
41,Self-emp-not-inc,328906,Assoc-voc,11,Married-civ-spouse,Farming-fishing,Husband,White,Male,0,0,45,United-States,<=50K
62,Private,82540,Bachelors,13,Married-civ-spouse,Exec-managerial,Wife,White,Female,4064,0,35,England,<=50K
47,Private,104068,HS-grad,9,Divorced,Prof-specialty,Unmarried,Amer-Indian-Eskimo,Female,0,0,40,United-States,<=50K
25,Private,192995,Bachelors,13,Married-civ-spouse,Tech-support,Husband,White,Male,0,0,35,United-States,<=50K
35,Private,34037,HS-grad,9,Divorced,Craft-repair,Unmarried,White,Female,0,0,48,United-States,<=50K
56,Private,136413,1st-4th,2,Married-civ-spouse,Craft-repair,Husband,White,Male,0,0,40,United-States,<=50K
37,Private,39236,HS-grad,9,Married-civ-spouse,Transport-moving,Husband,White,Male,0,0,50,United-States,<=50K
47,Private,274200,Assoc-voc,11,Never-married,Other-service,Not-in-family,White,Female,0,0,55,United-States,<=50K
29,Private,188401,HS-grad,9,Divorced,Farming-fishing,Not-in-family,White,Male,0,0,40,United-States,<=50K
56,Private,161662,Bachelors,13,Married-civ-spouse,Exec-managerial,Husband,White,Male,0,0,42,United-States,>50K
36,Private,189382,Some-college,10,Separated,Other-service,Other-relative,Black,Female,0,0,40,United-States,<=50K
60,Self-emp-inc,105339,Bachelors,13,Married-civ-spouse,Exec-managerial,Husband,White,Male,7298,0,60,United-States,>50K
22,Private,189924,Some-college,10,Never-married,Other-service,Not-in-family,White,Female,0,0,50,United-States,<=50K
49,Private,186916,Masters,14,Married-civ-spouse,Exec-managerial,Husband,White,Male,15024,0,50,United-States,>50K
28,State-gov,175642,HS-grad,9,Married-civ-spouse,Protective-serv,Husband,White,Male,0,0,40,United-States,<=50K
40,Private,193787,Assoc-acdm,12,Separated,Machine-op-inspct,Not-in-family,White,Male,0,0,40,Outlying-US(Guam-USVI-etc),<=50K
33,Private,171114,Bachelors,13,Married-civ-spouse,Exec-managerial,Husband,White,Male,0,0,50,United-States,>50K
22,Private,187370,10th,6,Separated,Other-service,Unmarried,White,Female,0,0,40,United-States,<=50K
34,State-gov,290403,HS-grad,9,Never-married,Other-service,Own-child,Black,Male,0,0,42,United-States,<=50K
45,Private,72618,Assoc-voc,11,Divorced,Exec-managerial,Not-in-family,White,Male,0,0,60,United-States,<=50K
37,Private,340599,11th,7,Separated,Other-service,Unmarried,Black,Female,0,0,40,United-States,<=50K
49,Private,35626,HS-grad,9,Married-civ-spouse,Craft-repair,Husband,White,Male,0,1887,40,United-States,>50K
32,Private,179352,Assoc-acdm,12,Never-married,Sales,Not-in-family,Black,Female,0,0,46,Trinadad&Tobago,<=50K
24,State-gov,215797,Bachelors,13,Never-married,Tech-support,Not-in-family,White,Female,0,0,40,United-States,<=50K
24,Private,262196,Bachelors,13,Never-married,Prof-specialty,Not-in-family,White,Female,0,0,40,United-States,<=50K
42,Self-emp-inc,271795,Masters,14,Married-civ-spouse,Farming-fishing,Husband,White,Male,0,0,60,United-States,>50K
59,Private,168113,HS-grad,9,Never-married,Adm-clerical,Unmarried,White,Male,0,0,40,United-States,<=50K
23,Federal-gov,41031,Some-college,10,Never-married,Sales,Not-in-family,White,Female,0,0,35,United-States,<=50K
30,State-gov,526164,11th,7,Married-civ-spouse,Transport-moving,Husband,White,Male,0,0,40,United-States,<=50K
47,Local-gov,128401,Doctorate,16,Never-married,Prof-specialty,Unmarried,White,Female,0,0,40,United-States,<=50K
37,Private,203079,Bachelors,13,Widowed,Exec-managerial,Not-in-family,White,Female,0,0,55,United-States,<=50K
48,Self-emp-not-inc,306678,Some-college,10,Married-civ-spouse,Prof-specialty,Husband,White,Male,5013,0,45,United-States,<=50K
61,Local-gov,144995,Masters,14,Married-civ-spouse,Exec-managerial,Husband,White,Male,7298,0,60,United-States,>50K
41,Private,130408,HS-grad,9,Divorced,Sales,Unmarried,Black,Female,0,0,38,United-States,<=50K
31,Private,382272,Some-college,10,Never-married,Adm-clerical,Not-in-family,Black,Female,0,0,36,Jamaica,<=50K
30,Private,175325,HS-grad,9,Married-civ-spouse,Craft-repair,Husband,White,Male,0,0,42,United-States,>50K
24,Private,271379,Some-college,10,Never-married,Sales,Not-in-family,White,Female,0,0,25,United-States,<=50K
63,Private,88653,Some-college,10,Married-civ-spouse,Prof-specialty,Husband,White,Male,0,0,40,?,<=50K
39,Private,150499,Some-college,10,Married-civ-spouse,Craft-repair,Husband,White,Male,0,0,55,United-States,>50K
57,Private,124318,HS-grad,9,Married-civ-spouse,Adm-clerical,Wife,White,Female,0,0,45,United-States,<=50K
23,Self-emp-inc,301251,Some-college,10,Never-married,Exec-managerial,Own-child,White,Male,0,0,40,United-States,<=50K
43,Self-emp-inc,318647,Some-college,10,Married-civ-spouse,Machine-op-inspct,Husband,White,Male,0,0,50,United-States,<=50K
45,Private,114760,Masters,14,Divorced,Prof-specialty,Not-in-family,White,Female,0,2258,55,United-States,<=50K
56,Private,181934,HS-grad,9,Married-civ-spouse,Transport-moving,Husband,White,Male,0,0,48,United-States,>50K
27,State-gov,68552,Bachelors,13,Never-married,Adm-clerical,Not-in-family,White,Female,0,0,40,United-States,<=50K
34,Private,106761,Bachelors,13,Married-civ-spouse,Sales,Husband,White,Male,0,0,45,United-States,>50K
48,Private,197050,HS-grad,9,Divorced,Adm-clerical,Not-in-family,White,Female,0,0,30,United-States,<=50K
48,Local-gov,280567,Bachelors,13,Married-civ-spouse,Prof-specialty,Husband,White,Male,0,0,40,United-States,<=50K
26,Self-emp-inc,189924,Bachelors,13,Married-civ-spouse,Sales,Husband,White,Male,0,0,80,United-States,>50K
56,Private,196243,HS-grad,9,Divorced,Adm-clerical,Not-in-family,White,Female,0,0,40,United-States,<=50K
64,Local-gov,116620,Masters,14,Married-civ-spouse,Prof-specialty,Husband,White,Male,0,0,25,United-States,<=50K
27,Self-emp-not-inc,215990,Bachelors,13,Never-married,Craft-repair,Own-child,White,Male,0,0,35,United-States,<=50K
60,Federal-gov,119838,Some-college,10,Married-civ-spouse,Adm-clerical,Husband,White,Male,7298,0,40,United-States,>50K
67,Private,193051,HS-grad,9,Widowed,Adm-clerical,Unmarried,White,Female,6723,0,40,United-States,<=50K
25,Private,193898,Some-college,10,Never-married,Prof-specialty,Unmarried,White,Female,0,0,60,United-States,<=50K
22,Private,170866,11th,7,Never-married,Craft-repair,Not-in-family,Amer-Indian-Eskimo,Male,0,0,40,United-States,<=50K
21,Private,57408,Some-college,10,Never-married,Sales,Own-child,White,Female,0,0,35,United-States,<=50K
22,Private,126822,10th,6,Never-married,Sales,Own-child,White,Female,0,0,30,United-States,<=50K
41,Private,167005,Bachelors,13,Never-married,Adm-clerical,Not-in-family,White,Male,0,0,52,United-States,<=50K
29,Local-gov,94064,Masters,14,Married-civ-spouse,Prof-specialty,Husband,White,Male,0,0,50,United-States,<=50K
36,Private,186067,Assoc-acdm,12,Married-civ-spouse,Craft-repair,Husband,White,Male,0,0,50,United-States,<=50K
56,Private,181912,HS-grad,9,Married-civ-spouse,Transport-moving,Husband,White,Male,0,0,48,United-States,>50K
40,Private,213019,HS-grad,9,Divorced,Sales,Unmarried,White,Female,0,0,30,United-States,<=50K
37,Private,226215,Bachelors,13,Married-civ-spouse,Sales,Husband,White,Male,0,0,55,United-States,>50K
33,State-gov,305474,Masters,14,Never-married,Prof-specialty,Not-in-family,White,Male,0,0,50,United-States,<=50K
33,Private,169628,Bachelors,13,Married-civ-spouse,Exec-managerial,Husband,White,Male,0,0,50,United-States,>50K
28,Private,150057,HS-grad,9,Married-civ-spouse,Other-service,Husband,White,Male,0,0,40,Puerto-Rico,<=50K
22,?,220230,Some-college,10,Never-married,?,Own-child,Black,Male,0,0,40,United-States,<=50K
23,Self-emp-inc,301251,Some-college,10,Never-married,Exec-managerial,Own-child,White,Male,0,0,40,United-States,<=50K
40,Private,193787,Assoc-acdm,12,Separated,Machine-op-inspct,Not-in-family,White,Male,0,0,40,Outlying-US(Guam-USVI-etc),<=50K
40,Private,283613,9th,5,Divorced,Transport-moving,Not-in-family,White,Male,0,0,30,United-States,<=50K
62,Self-emp-not-inc,216149,Masters,14,Married-civ-spouse,Exec-managerial,Husband,White,Male,0,1977,50,United-States,>50K
55,Private,145105,Some-college,10,Divorced,Adm-clerical,Unmarried,White,Female,4650,0,20,United-States,<=50K
71,Private,244566,7th-8th,4,Married-civ-spouse,Transport-moving,Husband,White,Male,6514,0,40,United-States,>50K
31,Private,192660,Assoc-voc,11,Never-married,Adm-clerical,Unmarried,Black,Female,0,0,30,United-States,<=50K
37,Private,449257,Assoc-acdm,12,Divorced,Exec-managerial,Not-in-family,White,Female,0,0,40,United-States,<=50K
30,Private,243986,Some-college,10,Never-married,Prof-specialty,Not-in-family,Black,Male,0,0,45,United-States,<=50K
42,Private,258490,HS-grad,9,Never-married,Sales,Not-in-family,White,Male,0,0,60,United-States,>50K
28,Private,236834,9th,5,Never-married,Priv-house-serv,Not-in-family,White,Female,0,0,35,Mexico,<=50K
26,Private,380390,HS-grad,9,Never-married,Handlers-cleaners,Own-child,White,Male,0,0,52,United-States,<=50K
49,Private,116927,Bachelors,13,Married-civ-spouse,Sales,Husband,White,Male,0,0,60,United-States,<=50K
61,Private,150025,HS-grad,9,Married-civ-spouse,Adm-clerical,Wife,White,Female,2414,0,5,United-States,<=50K
46,Private,351416,9th,5,Divorced,Other-service,Unmarried,White,Female,0,0,40,United-States,<=50K
58,Private,228043,HS-grad,9,Separated,Other-service,Not-in-family,White,Female,2907,0,43,United-States,<=50K
81,?,89391,Prof-school,15,Married-civ-spouse,?,Husband,White,Male,0,0,24,United-States,>50K
39,State-gov,99156,Doctorate,16,Married-civ-spouse,Prof-specialty,Husband,White,Male,0,0,50,United-States,>50K
67,Private,19302,HS-grad,9,Widowed,Adm-clerical,Unmarried,White,Female,6723,0,40,United-States,<=50K
54,Private,144723,Some-college,10,Married-civ-spouse,Sales,Wife,White,Female,0,0,40,United-States,>50K
51,Private,35032,Some-college,10,Divorced,Prof-specialty,Unmarried,White,Female,0,0,40,United-States,<=50K
36,Self-emp-not-inc,188972,Doctorate,16,Separated,Prof-specialty,Unmarried,White,Female,0,0,10,Canada,<=50K
26,Private,122206,HS-grad,9,Never-married,Craft-repair,Other-relative,White,Male,0,0,40,United-States,<=50K
59,Self-emp-not-inc,114774,Some-college,10,Married-civ-spouse,Craft-repair,Husband,White,Male,0,0,20,United-States,>50K
30,Private,141545,Bachelors,13,Married-civ-spouse,Prof-specialty,Husband,White,Male,0,0,40,United-States,>50K
45,Private,97176,11th,7,Divorced,Adm-clerical,Unmarried,White,Female,0,0,16,United-States,<=50K
58,Private,98630,Masters,14,Married-civ-spouse,Prof-specialty,Husband,White,Male,0,0,40,United-States,>50K
60,Self-emp-inc,105339,Bachelors,13,Married-civ-spouse,Exec-managerial,Husband,White,Male,7298,0,60,United-States,>50K
35,Private,320451,Masters,14,Married-civ-spouse,Exec-managerial,Husband,Asian-Pac-Islander,Male,0,0,65,Hong,>50K
37,Self-emp-inc,116620,Masters,14,Divorced,Exec-managerial,Not-in-family,White,Female,0,0,70,United-States,<=50K
36,Local-gov,41031,Bachelors,13,Married-civ-spouse,Prof-specialty,Husband,White,Male,0,1887,40,United-States,>50K
37,Self-emp-inc,116554,Masters,14,Divorced,Exec-managerial,Not-in-family,White,Female,0,0,70,United-States,<=50K
42,Private,336969,Some-college,10,Divorced,Adm-clerical,Not-in-family,Black,Female,0,0,40,United-States,<=50K
39,Private,213019,Bachelors,13,Divorced,Prof-specialty,Unmarried,Black,Female,0,0,40,United-States,<=50K
51,Private,351810,Some-college,10,Divorced,Prof-specialty,Unmarried,White,Female,0,0,40,United-States,<=50K
56,Private,161155,Bachelors,13,Married-civ-spouse,Exec-managerial,Husband,White,Male,0,0,42,United-States,>50K
45,Private,241350,HS-grad,9,Never-married,Transport-moving,Not-in-family,White,Male,0,0,40,United-States,<=50K
28,Private,236977,9th,5,Never-married,Priv-house-serv,Not-in-family,White,Female,0,0,35,Outlying-US(Guam-USVI-etc),<=50K
37,Private,315291,Bachelors,13,Never-married,Adm-clerical,Other-relative,Black,Female,0,0,40,United-States,<=50K
63,Private,174655,HS-grad,9,Divorced,Other-service,Not-in-family,White,Female,0,0,40,United-States,<=50K
58,Federal-gov,73266,11th,7,Divorced,Craft-repair,Not-in-family,Black,Female,14084,0,40,United-States,>50K
52,Private,104501,Some-college,10,Married-civ-spouse,Prof-specialty,Husband,White,Male,0,0,40,Germany,>50K
36,Private,290403,Some-college,10,Married-civ-spouse,Exec-managerial,Husband,White,Male,0,0,45,United-States,<=50K
40,Private,122215,Assoc-acdm,12,Married-civ-spouse,Sales,Husband,White,Male,0,0,40,United-States,>50K
63,Private,114424,Some-college,10,Separated,Machine-op-inspct,Other-relative,Black,Female,0,0,37,United-States,<=50K
21,Private,201179,HS-grad,9,Never-married,Adm-clerical,Own-child,White,Male,0,0,40,United-States,<=50K
41,Self-emp-not-inc,226922,Some-college,10,Separated,Craft-repair,Not-in-family,White,Male,0,0,40,United-States,<=50K
42,Private,106698,Some-college,10,Divorced,Other-service,Unmarried,White,Female,0,0,32,United-States,<=50K
22,Private,199596,Some-college,10,Never-married,Sales,Own-child,White,Male,0,0,15,United-States,<=50K
56,Federal-gov,156842,Some-college,10,Separated,Other-service,Not-in-family,Black,Male,0,0,40,United-States,<=50K
32,Federal-gov,83413,Bachelors,13,Married-civ-spouse,Adm-clerical,Husband,White,Male,0,0,35,United-States,>50K
54,Private,285367,HS-grad,9,Married-civ-spouse,Transport-moving,Husband,White,Male,0,0,40,United-States,>50K
44,Private,228860,HS-grad,9,Married-civ-spouse,Craft-repair,Husband,Black,Male,0,0,40,?,<=50K
62,Private,113080,7th-8th,4,Divorced,Craft-repair,Own-child,White,Male,0,0,40,United-States,<=50K
43,Private,137126,Some-college,10,Married-civ-spouse,Exec-managerial,Husband,White,Male,0,0,40,United-States,>50K
59,?,369084,Bachelors,13,Married-civ-spouse,?,Husband,White,Male,0,0,40,United-States,<=50K
30,Private,213750,Some-college,10,Married-civ-spouse,Tech-support,Husband,Black,Male,0,0,14,United-States,<=50K
46,Self-emp-inc,214627,Doctorate,16,Married-civ-spouse,Prof-specialty,Husband,White,Male,0,0,60,United-States,>50K
29,Private,354075,HS-grad,9,Married-civ-spouse,Sales,Husband,White,Male,0,0,60,United-States,<=50K
61,Private,57600,Bachelors,13,Divorced,Adm-clerical,Not-in-family,White,Female,0,0,35,United-States,<=50K
67,Private,212840,Masters,14,Married-spouse-absent,Exec-managerial,Not-in-family,White,Male,0,0,55,United-States,>50K
47,Private,274200,Assoc-voc,11,Never-married,Other-service,Not-in-family,White,Female,0,0,55,United-States,<=50K
42,Local-gov,175642,Bachelors,13,Never-married,Adm-clerical,Not-in-family,White,Female,99999,0,40,United-States,>50K
57,Private,132986,Masters,14,Separated,Prof-specialty,Not-in-family,White,Male,10520,0,32,United-States,>50K
67,Self-emp-not-inc,152102,HS-grad,9,Widowed,Farming-fishing,Not-in-family,White,Male,0,0,65,United-States,<=50K
43,Private,136787,Some-college,10,Married-civ-spouse,Exec-managerial,Husband,White,Male,0,0,40,United-States,>50K
49,State-gov,208326,HS-grad,9,Married-civ-spouse,Handlers-cleaners,Husband,White,Male,0,0,40,United-States,>50K
29,Private,111895,HS-grad,9,Divorced,Craft-repair,Not-in-family,White,Female,0,0,50,United-States,<=50K
32,Private,179462,Assoc-acdm,12,Never-married,Sales,Not-in-family,Black,Female,0,0,46,Trinadad&Tobago,<=50K
55,Private,116878,Doctorate,16,Married-civ-spouse,Prof-specialty,Husband,White,Male,15024,0,30,United-States,>50K
43,Private,111895,Bachelors,13,Married-civ-spouse,Prof-specialty,Husband,White,Male,0,0,50,United-States,>50K
28,Private,269786,HS-grad,9,Never-married,Transport-moving,Unmarried,White,Male,0,0,50,United-States,<=50K
66,Self-emp-inc,198286,Bachelors,13,Married-civ-spouse,Exec-managerial,Husband,White,Male,10605,0,40,United-States,>50K
27,Private,236977,Bachelors,13,Never-married,Other-service,Not-in-family,White,Female,0,0,30,United-States,<=50K
31,Self-emp-not-inc,408427,10th,6,Married-civ-spouse,Farming-fishing,Husband,White,Male,0,0,55,Portugal,>50K
55,Self-emp-not-inc,272792,HS-grad,9,Married-civ-spouse,Other-service,Husband,White,Male,0,0,40,United-States,<=50K
51,Local-gov,146244,Doctorate,16,Married-civ-spouse,Prof-specialty,Husband,White,Male,0,1887,40,United-States,>50K
73,Private,187538,Some-college,10,Married-civ-spouse,Protective-serv,Husband,White,Male,0,0,40,United-States,<=50K
38,Private,179462,Assoc-acdm,12,Married-spouse-absent,Adm-clerical,Unmarried,White,Female,0,0,40,United-States,<=50K
37,Private,353263,HS-grad,9,Divorced,Craft-repair,Not-in-family,White,Male,0,1669,55,United-States,<=50K
47,Private,101825,HS-grad,9,Married-civ-spouse,Adm-clerical,Wife,White,Female,0,0,40,United-States,>50K
26,Private,285580,Assoc-voc,11,Never-married,Adm-clerical,Own-child,White,Male,4416,0,28,United-States,<=50K
19,Private,375657,HS-grad,9,Never-married,Adm-clerical,Not-in-family,White,Female,0,0,30,United-States,<=50K
18,Private,118729,11th,7,Never-married,Sales,Own-child,White,Male,0,0,18,United-States,<=50K
24,Private,209464,Bachelors,13,Never-married,Adm-clerical,Own-child,White,Female,0,0,40,United-States,<=50K
26,Private,122206,HS-grad,9,Never-married,Craft-repair,Other-relative,White,Male,0,0,40,United-States,<=50K
22,State-gov,138111,Bachelors,13,Never-married,Prof-specialty,Not-in-family,White,Male,0,0,15,United-States,<=50K
43,Private,57298,Doctorate,16,Married-spouse-absent,Prof-specialty,Not-in-family,White,Female,0,0,40,?,<=50K
33,Private,301251,HS-grad,9,Married-civ-spouse,Craft-repair,Husband,White,Male,0,0,60,United-States,>50K
31,Private,258589,Assoc-voc,11,Never-married,Adm-clerical,Unmarried,Black,Female,0,0,40,United-States,<=50K
29,Private,188576,HS-grad,9,Divorced,Farming-fishing,Not-in-family,White,Male,0,0,40,United-States,<=50K
42,Private,187538,Masters,14,Married-civ-spouse,Exec-managerial,Husband,White,Male,0,2415,55,United-States,>50K
37,Private,216385,11th,7,Married-civ-spouse,Craft-repair,Husband,White,Male,0,0,45,United-States,<=50K
50,Private,46401,Bachelors,13,Married-spouse-absent,Sales,Not-in-family,White,Female,0,0,20,Germany,<=50K
28,Private,205428,Some-college,10,Married-civ-spouse,Sales,Husband,White,Male,0,0,40,United-States,<=50K
20,Private,258589,Some-college,10,Never-married,Sales,Not-in-family,White,Female,0,0,35,United-States,<=50K
27,Private,280440,HS-grad,9,Married-civ-spouse,Transport-moving,Husband,Black,Male,0,0,40,United-States,<=50K
65,Private,385183,Assoc-voc,11,Married-civ-spouse,Adm-clerical,Husband,White,Male,0,0,15,United-States,<=50K
56,Private,136787,1st-4th,2,Married-civ-spouse,Craft-repair,Husband,White,Male,0,0,40,United-States,<=50K
34,Local-gov,158156,Bachelors,13,Never-married,Exec-managerial,Not-in-family,White,Female,0,0,43,United-States,<=50K
66,?,107112,7th-8th,4,Never-married,?,Other-relative,Black,Male,0,0,30,United-States,<=50K
27,Private,193898,Bachelors,13,Divorced,Exec-managerial,Not-in-family,White,Male,0,0,52,United-States,<=50K
32,Private,205428,HS-grad,9,Never-married,Other-service,Not-in-family,Black,Female,0,0,40,United-States,<=50K
23,Private,45834,Bachelors,13,Never-married,Exec-managerial,Not-in-family,White,Female,0,0,50,United-States,<=50K
40,Private,136610,Bachelors,13,Never-married,Adm-clerical,Unmarried,Black,Female,0,0,65,United-States,<=50K
54,Local-gov,188401,5th-6th,3,Never-married,Machine-op-inspct,Not-in-family,White,Male,0,2001,35,United-States,<=50K
21,Private,20109,HS-grad,9,Never-married,Adm-clerical,Own-child,White,Male,0,0,40,United-States,<=50K
25,Private,193787,Some-college,10,Never-married,Prof-specialty,Unmarried,White,Female,0,0,60,United-States,<=50K
36,Private,953588,11th,7,Widowed,Adm-clerical,Unmarried,White,Female,0,0,40,United-States,<=50K
25,Private,371886,HS-grad,9,Divorced,Adm-clerical,Not-in-family,White,Female,0,0,40,United-States,<=50K
55,Private,32533,Some-college,10,Divorced,Sales,Not-in-family,White,Male,0,0,65,United-States,>50K
48,Federal-gov,50567,Some-college,10,Married-spouse-absent,Exec-managerial,Not-in-family,White,Female,0,0,40,United-States,<=50K
19,Private,165867,Some-college,10,Never-married,Sales,Own-child,White,Female,0,0,20,United-States,<=50K
66,Local-gov,261207,Masters,14,Widowed,Prof-specialty,Not-in-family,White,Female,0,0,40,United-States,<=50K
20,Private,214627,HS-grad,9,Never-married,Machine-op-inspct,Own-child,White,Male,0,0,40,United-States,<=50K
51,Private,222646,HS-grad,9,Married-civ-spouse,Machine-op-inspct,Husband,White,Male,0,0,40,United-States,>50K
27,Private,254907,Some-college,10,Divorced,Adm-clerical,Unmarried,Black,Female,0,0,36,United-States,<=50K
66,?,107231,7th-8th,4,Never-married,?,Other-relative,Black,Male,0,0,30,United-States,<=50K
33,Local-gov,39890,HS-grad,9,Married-civ-spouse,Protective-serv,Husband,White,Male,0,0,56,United-States,<=50K
45,Private,184198,HS-grad,9,Married-civ-spouse,Machine-op-inspct,Husband,White,Male,0,0,40,United-States,<=50K
56,Private,197286,HS-grad,9,Divorced,Adm-clerical,Not-in-family,White,Female,0,0,40,United-States,<=50K
32,Private,46691,Bachelors,13,Never-married,Adm-clerical,Not-in-family,White,Female,0,0,40,United-States,<=50K
63,Private,114011,HS-grad,9,Separated,Craft-repair,Not-in-family,White,Female,0,0,20,United-States,<=50K
37,Private,278632,9th,5,Married-civ-spouse,Transport-moving,Husband,White,Male,0,0,40,United-States,<=50K
41,Private,116517,Bachelors,13,Married-civ-spouse,Handlers-cleaners,Husband,White,Male,0,0,40,Germany,<=50K
38,Private,179352,Assoc-acdm,12,Married-spouse-absent,Adm-clerical,Unmarried,White,Female,0,0,40,United-States,<=50K
32,Self-emp-not-inc,182926,Masters,14,Never-married,Prof-specialty,Not-in-family,White,Male,0,0,40,United-States,<=50K
50,Private,169823,7th-8th,4,Married-civ-spouse,Machine-op-inspct,Husband,White,Male,0,0,40,United-States,<=50K
52,Private,94391,HS-grad,9,Married-civ-spouse,Adm-clerical,Husband,White,Male,0,0,40,United-States,<=50K
39,Private,190483,HS-grad,9,Divorced,Craft-repair,Own-child,White,Male,2174,0,40,United-States,<=50K
51,Private,120508,10th,6,Never-married,Farming-fishing,Own-child,White,Male,0,0,40,United-States,<=50K
29,Private,196243,HS-grad,9,Never-married,Machine-op-inspct,Not-in-family,White,Female,0,0,40,United-States,<=50K
50,Private,113163,HS-grad,9,Divorced,Adm-clerical,Not-in-family,White,Female,0,0,40,United-States,<=50K
63,Local-gov,214275,HS-grad,9,Divorced,Other-service,Unmarried,Black,Female,0,0,55,United-States,<=50K
45,Federal-gov,109598,HS-grad,9,Never-married,Other-service,Not-in-family,Black,Female,0,0,40,United-States,<=50K
30,Private,113163,Some-college,10,Never-married,Other-service,Not-in-family,White,Male,0,0,24,United-States,<=50K
37,Private,161141,HS-grad,9,Never-married,Handlers-cleaners,Not-in-family,White,Male,0,0,40,United-States,<=50K
43,State-gov,187792,Some-college,10,Separated,Craft-repair,Not-in-family,White,Male,0,0,37,United-States,<=50K
31,Private,385183,Some-college,10,Never-married,Adm-clerical,Not-in-family,Black,Female,0,0,36,Jamaica,<=50K
61,Private,57408,Bachelors,13,Divorced,Adm-clerical,Not-in-family,White,Female,0,0,35,United-States,<=50K
41,Private,132704,Bachelors,13,Married-civ-spouse,Sales,Husband,White,Male,0,0,50,United-States,>50K
50,Private,215419,HS-grad,9,Married-civ-spouse,Craft-repair,Husband,White,Male,0,0,40,United-States,>50K
45,Private,114774,Masters,14,Divorced,Prof-specialty,Not-in-family,White,Female,0,2258,55,United-States,<=50K
35,Self-emp-inc,140854,HS-grad,9,Never-married,Transport-moving,Not-in-family,White,Male,0,0,60,United-States,<=50K
47,Private,59174,Some-college,10,Divorced,Adm-clerical,Unmarried,White,Female,0,0,42,United-States,<=50K
44,Private,195258,Masters,14,Divorced,Exec-managerial,Not-in-family,White,Male,0,0,50,United-States,<=50K
58,Private,226922,HS-grad,9,Separated,Other-service,Not-in-family,White,Female,2907,0,43,United-States,<=50K
33,Local-gov,40142,HS-grad,9,Married-civ-spouse,Protective-serv,Husband,White,Male,0,0,56,United-States,<=50K
39,Self-emp-not-inc,30687,HS-grad,9,Married-civ-spouse,Exec-managerial,Husband,White,Male,0,0,40,United-States,>50K
44,Private,118059,Doctorate,16,Married-civ-spouse,Prof-specialty,Husband,White,Male,0,0,55,United-States,>50K
21,Private,74194,Some-college,10,Never-married,Exec-managerial,Own-child,White,Female,0,0,40,United-States,<=50K
59,?,368700,Bachelors,13,Married-civ-spouse,?,Husband,White,Male,0,0,40,United-States,<=50K
43,Local-gov,118605,Bachelors,13,Divorced,Prof-specialty,Unmarried,White,Female,0,625,40,United-States,<=50K
31,Local-gov,265097,Bachelors,13,Never-married,Protective-serv,Not-in-family,White,Male,4650,0,40,United-States,<=50K
62,Private,171095,Some-college,10,Married-civ-spouse,Craft-repair,Husband,White,Male,0,0,45,United-States,<=50K
65,Self-emp-not-inc,226500,Bachelors,13,Married-civ-spouse,Sales,Husband,White,Male,0,0,15,United-States,<=50K
35,Private,34037,HS-grad,9,Divorced,Craft-repair,Unmarried,White,Female,0,0,48,United-States,<=50K
47,Self-emp-not-inc,85982,Masters,14,Never-married,Prof-specialty,Not-in-family,Amer-Indian-Eskimo,Female,0,0,60,United-States,<=50K
41,Self-emp-not-inc,33474,Bachelors,13,Married-civ-spouse,Exec-managerial,Husband,White,Male,0,0,55,United-States,>50K
34,Private,192302,Assoc-voc,11,Married-civ-spouse,Craft-repair,Husband,White,Male,0,0,48,United-States,<=50K
49,Local-gov,185798,Masters,14,Married-civ-spouse,Protective-serv,Husband,White,Male,0,0,40,United-States,>50K
38,Private,188576,Bachelors,13,Never-married,Exec-managerial,Not-in-family,White,Male,0,1340,40,United-States,<=50K
37,Private,218309,Masters,14,Married-civ-spouse,Exec-managerial,Husband,White,Male,0,0,55,El-Salvador,>50K
45,Private,266792,Bachelors,13,Married-civ-spouse,Exec-managerial,Husband,White,Male,0,0,50,United-States,>50K
47,Local-gov,128401,Doctorate,16,Never-married,Prof-specialty,Unmarried,White,Female,0,0,40,United-States,<=50K
25,Private,370119,HS-grad,9,Divorced,Adm-clerical,Not-in-family,White,Female,0,0,40,United-States,<=50K
20,?,336891,Some-college,10,Never-married,?,Own-child,Black,Male,0,0,30,United-States,<=50K
67,Self-emp-inc,116554,Bachelors,13,Widowed,Other-service,Unmarried,White,Female,0,0,35,United-States,<=50K
47,Local-gov,170984,Assoc-acdm,12,Married-civ-spouse,Adm-clerical,Wife,White,Female,0,0,35,United-States,>50K
60,Private,315291,Bachelors,13,Married-civ-spouse,Exec-managerial,Husband,White,Male,0,0,45,United-States,>50K
55,Private,145214,Some-college,10,Divorced,Adm-clerical,Unmarried,White,Female,4650,0,20,United-States,<=50K
42,Self-emp-not-inc,177937,Bachelors,13,Married-spouse-absent,Exec-managerial,Not-in-family,White,Male,0,0,45,Portugal,<=50K
37,Federal-gov,327406,HS-grad,9,Married-civ-spouse,Adm-clerical,Husband,White,Male,0,0,40,England,>50K
44,Self-emp-inc,219701,HS-grad,9,Married-civ-spouse,Other-service,Husband,Black,Male,0,0,48,United-States,<=50K
54,Local-gov,188588,5th-6th,3,Never-married,Machine-op-inspct,Not-in-family,White,Male,0,2001,35,United-States,<=50K
41,Private,119529,HS-grad,9,Married-civ-spouse,Tech-support,Husband,White,Male,0,0,40,United-States,<=50K
58,Federal-gov,72998,11th,7,Divorced,Craft-repair,Not-in-family,Black,Female,14084,0,40,United-States,>50K
71,Private,244566,7th-8th,4,Married-civ-spouse,Transport-moving,Husband,White,Male,6514,0,40,United-States,>50K
28,Private,317083,Some-college,10,Never-married,Machine-op-inspct,Not-in-family,White,Male,0,0,42,United-States,<=50K
35,Private,108140,HS-grad,9,Divorced,Craft-repair,Not-in-family,White,Male,0,0,40,United-States,<=50K
30,Private,203488,HS-grad,9,Married-civ-spouse,Protective-serv,Husband,White,Male,0,0,60,United-States,>50K
27,Private,198183,Some-college,10,Married-spouse-absent,Exec-managerial,Not-in-family,White,Female,0,0,40,United-States,<=50K
37,Self-emp-not-inc,151504,11th,7,Married-civ-spouse,Transport-moving,Husband,White,Male,0,0,45,United-States,<=50K
59,?,368700,Bachelors,13,Married-civ-spouse,?,Husband,White,Male,0,0,40,United-States,<=50K
43,Private,137126,Some-college,10,Married-civ-spouse,Exec-managerial,Husband,White,Male,0,0,40,United-States,>50K
63,Local-gov,214627,HS-grad,9,Divorced,Other-service,Unmarried,Black,Female,0,0,55,United-States,<=50K
49,Private,274200,HS-grad,9,Married-civ-spouse,Exec-managerial,Husband,White,Male,0,0,72,United-States,<=50K
23,Private,210714,Some-college,10,Married-civ-spouse,Craft-repair,Husband,White,Male,0,0,40,United-States,<=50K
18,Private,141545,11th,7,Never-married,Sales,Own-child,Black,Male,0,0,8,United-States,<=50K
36,Private,160968,HS-grad,9,Married-civ-spouse,Machine-op-inspct,Husband,White,Male,0,0,40,United-States,<=50K
33,Federal-gov,137917,HS-grad,9,Never-married,Other-service,Not-in-family,White,Male,0,0,32,United-States,<=50K
32,Private,198286,Some-college,10,Divorced,Exec-managerial,Not-in-family,White,Female,0,0,38,United-States,<=50K
28,Private,250087,Bachelors,13,Married-civ-spouse,Prof-specialty,Husband,White,Male,0,0,50,United-States,<=50K
48,Self-emp-inc,85109,Some-college,10,Never-married,Craft-repair,Not-in-family,White,Male,0,0,45,United-States,<=50K
24,Self-emp-not-inc,171928,Assoc-acdm,12,Never-married,Craft-repair,Own-child,White,Male,0,0,40,United-States,<=50K
46,Private,36989,Prof-school,15,Married-civ-spouse,Prof-specialty,Husband,White,Male,99999,0,60,United-States,>50K
35,Private,287658,Assoc-acdm,12,Never-married,Transport-moving,Not-in-family,Black,Male,0,0,30,Jamaica,<=50K
44,Private,185660,Assoc-voc,11,Separated,Craft-repair,Other-relative,White,Male,0,0,48,United-States,>50K
32,Private,150993,HS-grad,9,Married-civ-spouse,Handlers-cleaners,Husband,White,Male,0,0,40,United-States,>50K
52,Private,94448,Assoc-voc,11,Married-civ-spouse,Prof-specialty,Husband,White,Male,0,0,40,United-States,<=50K
74,Private,181008,Bachelors,13,Widowed,Other-service,Not-in-family,White,Female,0,0,8,United-States,<=50K
34,State-gov,251905,Bachelors,13,Never-married,Prof-specialty,Not-in-family,White,Male,0,0,48,United-States,<=50K
20,Private,322547,Some-college,10,Never-married,Machine-op-inspct,Not-in-family,White,Female,0,0,40,United-States,<=50K
29,Private,178207,9th,5,Never-married,Priv-house-serv,Unmarried,White,Female,0,0,24,El-Salvador,<=50K
22,Local-gov,212840,Some-college,10,Never-married,Adm-clerical,Own-child,Black,Female,0,0,40,United-States,<=50K
46,Private,272913,Bachelors,13,Divorced,Craft-repair,Not-in-family,Black,Female,0,0,40,United-States,<=50K
42,Federal-gov,34218,Bachelors,13,Married-civ-spouse,Exec-managerial,Husband,White,Male,7298,0,50,United-States,>50K
48,Private,439608,10th,6,Married-civ-spouse,Craft-repair,Husband,White,Male,0,0,65,United-States,>50K
39,Private,211440,Bachelors,13,Married-civ-spouse,Sales,Husband,White,Male,0,0,50,United-States,>50K
50,Private,464484,Bachelors,13,Married-spouse-absent,Sales,Not-in-family,White,Female,0,0,20,Germany,<=50K
62,Private,134252,Some-college,10,Divorced,Prof-specialty,Not-in-family,White,Female,4650,0,40,United-States,<=50K
37,Private,279129,9th,5,Married-civ-spouse,Transport-moving,Husband,White,Male,0,0,40,United-States,<=50K
23,Private,198183,5th-6th,3,Married-civ-spouse,Transport-moving,Other-relative,White,Male,0,0,40,Mexico,<=50K
26,Private,94477,Some-college,10,Married-civ-spouse,Transport-moving,Husband,White,Male,7298,0,55,United-States,>50K
40,Private,213002,HS-grad,9,Divorced,Sales,Unmarried,White,Female,0,0,30,United-States,<=50K
54,Private,208326,Some-college,10,Divorced,Adm-clerical,Unmarried,White,Female,0,0,40,United-States,<=50K
38,Self-emp-not-inc,423616,HS-grad,9,Married-civ-spouse,Sales,Wife,White,Female,0,0,24,United-States,>50K
49,Self-emp-not-inc,172962,HS-grad,9,Divorced,Sales,Not-in-family,White,Male,0,0,40,United-States,<=50K
45,Private,187635,Some-college,10,Married-civ-spouse,Craft-repair,Husband,White,Male,0,0,40,United-States,>50K
28,Private,161251,Some-college,10,Never-married,Craft-repair,Unmarried,White,Male,0,0,48,United-States,<=50K
50,Private,215990,HS-grad,9,Married-civ-spouse,Craft-repair,Husband,White,Male,0,0,40,United-States,>50K
29,Federal-gov,244688,Bachelors,13,Married-civ-spouse,Exec-managerial,Husband,White,Male,7688,0,40,United-States,>50K
29,Self-emp-not-inc,38948,HS-grad,9,Married-civ-spouse,Farming-fishing,Husband,White,Male,0,0,40,United-States,<=50K
22,?,164922,Some-college,10,Never-married,?,Own-child,White,Female,0,0,40,Italy,<=50K
30,Private,175878,HS-grad,9,Married-civ-spouse,Craft-repair,Husband,White,Male,0,0,42,United-States,>50K
22,Private,369084,Some-college,10,Never-married,Craft-repair,Own-child,White,Male,0,0,40,United-States,<=50K
41,Private,116372,Bachelors,13,Married-civ-spouse,Handlers-cleaners,Husband,White,Male,0,0,40,Germany,<=50K
42,Private,106698,Some-college,10,Divorced,Other-service,Unmarried,White,Female,0,0,32,United-States,<=50K
35,Private,247025,HS-grad,9,Separated,Prof-specialty,Other-relative,Black,Female,0,0,40,United-States,<=50K
29,Private,160968,HS-grad,9,Separated,Adm-clerical,Own-child,White,Female,0,0,40,United-States,<=50K
25,Private,257175,11th,7,Married-civ-spouse,Transport-moving,Husband,White,Male,0,0,40,United-States,<=50K
34,Private,192256,Assoc-voc,11,Married-civ-spouse,Craft-repair,Husband,White,Male,0,0,48,United-States,<=50K
25,Private,193459,Some-college,10,Never-married,Prof-specialty,Unmarried,White,Female,0,0,60,United-States,<=50K
28,Private,300915,Bachelors,13,Married-civ-spouse,Prof-specialty,Husband,White,Male,0,1902,43,United-States,>50K
23,Private,130760,Bachelors,13,Never-married,Exec-managerial,Unmarried,White,Male,0,0,40,United-States,<=50K
42,Federal-gov,340917,Bachelors,13,Married-civ-spouse,Exec-managerial,Husband,White,Male,7298,0,50,United-States,>50K
31,Private,387540,Some-college,10,Never-married,Adm-clerical,Not-in-family,Black,Female,0,0,36,Jamaica,<=50K
53,Private,95864,HS-grad,9,Never-married,Adm-clerical,Other-relative,White,Male,0,0,35,United-States,<=50K
54,Self-emp-not-inc,57101,HS-grad,9,Married-civ-spouse,Craft-repair,Husband,White,Male,0,0,35,United-States,<=50K
49,Local-gov,22428,Some-college,10,Divorced,Adm-clerical,Not-in-family,White,Female,0,0,44,United-States,<=50K
39,Private,229335,Bachelors,13,Never-married,Adm-clerical,Not-in-family,White,Female,0,0,40,United-States,<=50K
62,Private,83413,Bachelors,13,Married-civ-spouse,Exec-managerial,Wife,White,Female,4064,0,35,England,<=50K
25,Private,150025,HS-grad,9,Never-married,Machine-op-inspct,Not-in-family,White,Male,0,0,40,United-States,<=50K
36,Private,51838,Some-college,10,Divorced,Adm-clerical,Unmarried,White,Female,0,0,40,United-States,<=50K
73,Private,267034,HS-grad,9,Widowed,Sales,Other-relative,White,Female,0,0,15,United-States,<=50K
34,Self-emp-not-inc,449257,Bachelors,13,Married-civ-spouse,Exec-managerial,Husband,White,Male,15024,0,35,United-States,>50K
21,Private,285854,HS-grad,9,Never-married,Handlers-cleaners,Not-in-family,Black,Female,0,0,40,United-States,<=50K
27,Private,282069,HS-grad,9,Married-civ-spouse,Transport-moving,Husband,Black,Male,0,0,40,United-States,<=50K
35,?,37546,9th,5,Married-civ-spouse,?,Wife,White,Female,0,0,35,United-States,<=50K
52,Private,94391,HS-grad,9,Married-civ-spouse,Adm-clerical,Husband,White,Male,0,0,40,United-States,<=50K
27,Self-emp-inc,37778,HS-grad,9,Never-married,Sales,Not-in-family,White,Male,0,0,50,United-States,<=50K
34,Self-emp-inc,513977,HS-grad,9,Divorced,Craft-repair,Not-in-family,Black,Male,0,0,50,United-States,<=50K
22,Private,178207,HS-grad,9,Never-married,Machine-op-inspct,Own-child,Black,Male,0,0,40,United-States,<=50K
20,?,174655,Some-college,10,Never-married,?,Own-child,White,Male,0,0,20,United-States,<=50K
31,Private,387116,Some-college,10,Never-married,Adm-clerical,Not-in-family,Black,Female,0,0,36,Jamaica,<=50K
40,Private,214275,HS-grad,9,Divorced,Sales,Unmarried,White,Female,0,0,30,United-States,<=50K
46,Private,36943,Prof-school,15,Married-civ-spouse,Prof-specialty,Husband,White,Male,99999,0,60,United-States,>50K
34,Private,191921,Assoc-voc,11,Married-civ-spouse,Craft-repair,Husband,White,Male,0,0,48,United-States,<=50K
52,Private,164473,HS-grad,9,Married-civ-spouse,Other-service,Wife,White,Female,0,0,38,United-States,<=50K
64,Local-gov,116620,Masters,14,Married-civ-spouse,Prof-specialty,Husband,White,Male,0,0,25,United-States,<=50K
34,Private,97723,Bachelors,13,Married-civ-spouse,Prof-specialty,Husband,White,Male,0,0,40,United-States,>50K
62,Private,244473,Doctorate,16,Married-civ-spouse,Prof-specialty,Husband,White,Male,15024,0,50,United-States,>50K
59,Self-emp-not-inc,114648,Some-college,10,Married-civ-spouse,Craft-repair,Husband,White,Male,0,0,20,United-States,>50K
37,Private,191243,1st-4th,2,Married-civ-spouse,Craft-repair,Husband,Asian-Pac-Islander,Male,0,0,40,Cambodia,<=50K
27,Private,254211,Some-college,10,Divorced,Adm-clerical,Unmarried,Black,Female,0,0,36,United-States,<=50K
26,Self-emp-inc,189502,Bachelors,13,Married-civ-spouse,Sales,Husband,White,Male,0,0,80,United-States,>50K
37,Private,216497,11th,7,Married-civ-spouse,Craft-repair,Husband,White,Male,0,0,45,United-States,<=50K
44,Private,81853,HS-grad,9,Never-married,Sales,Not-in-family,Asian-Pac-Islander,Female,0,0,40,United-States,<=50K
43,Private,282313,Some-college,10,Divorced,Craft-repair,Unmarried,White,Male,0,0,42,United-States,<=50K
46,Self-emp-not-inc,102869,HS-grad,9,Married-civ-spouse,Sales,Husband,White,Male,0,0,40,United-States,>50K
29,Private,147340,HS-grad,9,Married-civ-spouse,Farming-fishing,Husband,White,Male,0,0,60,United-States,<=50K
30,Private,49325,Some-college,10,Married-civ-spouse,Transport-moving,Husband,White,Male,0,0,80,United-States,>50K
37,Private,105803,HS-grad,9,Married-civ-spouse,Handlers-cleaners,Husband,White,Male,0,0,40,United-States,<=50K
61,Private,120914,Prof-school,15,Married-civ-spouse,Transport-moving,Husband,White,Male,0,0,5,United-States,>50K
36,Private,52037,Some-college,10,Divorced,Adm-clerical,Unmarried,White,Female,0,0,40,United-States,<=50K
62,Private,244473,Doctorate,16,Married-civ-spouse,Prof-specialty,Husband,White,Male,15024,0,50,United-States,>50K
48,Private,196529,HS-grad,9,Divorced,Adm-clerical,Not-in-family,White,Female,0,0,30,United-States,<=50K
33,Private,170583,Bachelors,13,Married-civ-spouse,Exec-managerial,Husband,White,Male,0,0,50,United-States,>50K
63,Private,114648,Some-college,10,Separated,Machine-op-inspct,Other-relative,Black,Female,0,0,37,United-States,<=50K
29,Self-emp-not-inc,394356,HS-grad,9,Married-civ-spouse,Farming-fishing,Husband,White,Male,0,0,40,United-States,<=50K
44,Local-gov,290403,Assoc-voc,11,Divorced,Protective-serv,Own-child,White,Female,0,0,40,Cuba,<=50K
38,Private,129573,HS-grad,9,Married-civ-spouse,Craft-repair,Husband,White,Male,0,0,41,United-States,<=50K
48,Private,245053,Some-college,10,Widowed,Adm-clerical,Not-in-family,White,Female,0,0,50,United-States,<=50K
46,Self-emp-not-inc,231181,Some-college,10,Separated,Prof-specialty,Not-in-family,White,Male,0,0,20,United-States,<=50K
62,Private,243867,Doctorate,16,Married-civ-spouse,Prof-specialty,Husband,White,Male,15024,0,50,United-States,>50K
41,Private,116391,Bachelors,13,Married-civ-spouse,Handlers-cleaners,Husband,White,Male,0,0,40,Germany,<=50K
41,Local-gov,236648,Prof-school,15,Married-civ-spouse,Prof-specialty,Husband,White,Male,0,0,50,United-States,>50K
36,Private,189462,Some-college,10,Separated,Other-service,Other-relative,Black,Female,0,0,40,United-States,<=50K
25,Private,247025,Bachelors,13,Never-married,Sales,Not-in-family,White,Male,3325,0,48,United-States,<=50K
30,Private,175856,HS-grad,9,Married-civ-spouse,Craft-repair,Husband,White,Male,0,0,42,United-States,>50K
30,Private,181200,Bachelors,13,Married-civ-spouse,Prof-specialty,Wife,White,Female,0,0,40,United-States,>50K
30,Private,181372,Bachelors,13,Married-civ-spouse,Prof-specialty,Wife,White,Female,0,0,40,United-States,>50K
64,Self-emp-not-inc,210797,HS-grad,9,Married-civ-spouse,Craft-repair,Husband,White,Male,0,0,20,United-States,<=50K
61,Private,197387,7th-8th,4,Married-civ-spouse,Machine-op-inspct,Husband,White,Male,0,0,40,United-States,<=50K
46,Private,370119,Prof-school,15,Married-civ-spouse,Prof-specialty,Husband,White,Male,99999,0,60,United-States,>50K
30,Private,113163,Some-college,10,Never-married,Other-service,Not-in-family,White,Male,0,0,24,United-States,<=50K
29,Self-emp-inc,124318,Bachelors,13,Never-married,Sales,Own-child,White,Female,0,0,40,United-States,<=50K
21,Self-emp-not-inc,328906,HS-grad,9,Never-married,Craft-repair,Not-in-family,White,Male,4865,0,35,United-States,<=50K
31,Self-emp-inc,469572,Bachelors,13,Never-married,Prof-specialty,Not-in-family,White,Male,0,0,45,United-States,>50K
17,Self-emp-not-inc,363405,11th,7,Never-married,Farming-fishing,Own-child,White,Male,0,0,10,United-States,<=50K
59,Local-gov,93211,Bachelors,13,Married-civ-spouse,Exec-managerial,Wife,White,Female,0,0,22,United-States,>50K
48,Private,175431,1st-4th,2,Separated,Machine-op-inspct,Other-relative,Black,Male,0,0,48,United-States,<=50K
23,Private,231347,Some-college,10,Never-married,Handlers-cleaners,Own-child,White,Male,0,0,40,United-States,<=50K
28,Private,25216,Some-college,10,Never-married,Adm-clerical,Unmarried,White,Female,0,0,45,Japan,<=50K
35,Private,240554,Assoc-voc,11,Never-married,Tech-support,Not-in-family,White,Male,0,0,40,United-States,<=50K
29,Private,189888,Bachelors,13,Never-married,Prof-specialty,Not-in-family,White,Male,10520,0,50,United-States,>50K
29,Private,228729,Some-college,10,Married-civ-spouse,Exec-managerial,Husband,White,Male,0,1887,50,United-States,>50K
42,Private,328216,Some-college,10,Never-married,Other-service,Not-in-family,White,Male,0,0,40,United-States,<=50K
21,Private,113176,Some-college,10,Never-married,Adm-clerical,Own-child,White,Male,0,0,50,United-States,<=50K
56,Private,157786,Bachelors,13,Married-civ-spouse,Exec-managerial,Husband,White,Male,0,1902,55,United-States,>50K
27,Private,199832,Assoc-voc,11,Married-civ-spouse,Adm-clerical,Wife,Black,Female,0,0,40,United-States,<=50K
46,Private,219941,Some-college,10,Married-civ-spouse,Tech-support,Husband,White,Male,0,0,40,United-States,>50K
33,Self-emp-not-inc,183977,Assoc-acdm,12,Divorced,Sales,Not-in-family,White,Male,0,0,40,United-States,<=50K
30,State-gov,62546,Some-college,10,Never-married,Prof-specialty,Not-in-family,White,Female,0,0,5,United-States,<=50K
53,Local-gov,203488,HS-grad,9,Married-civ-spouse,Exec-managerial,Husband,White,Male,0,0,60,United-States,<=50K
46,Self-emp-not-inc,199307,Some-college,10,Divorced,Exec-managerial,Unmarried,White,Female,0,0,50,United-States,<=50K
36,Self-emp-not-inc,206365,Bachelors,13,Never-married,Craft-repair,Own-child,White,Male,0,0,40,United-States,<=50K
42,Private,33474,Some-college,10,Divorced,Adm-clerical,Not-in-family,Black,Female,0,0,40,United-States,<=50K
54,Private,198388,Some-college,10,Divorced,Craft-repair,Unmarried,White,Female,0,0,48,United-States,<=50K
33,Private,271795,Assoc-acdm,12,Never-married,Adm-clerical,Unmarried,Asian-Pac-Islander,Male,0,0,30,Hong,<=50K
57,Self-emp-not-inc,356067,HS-grad,9,Married-civ-spouse,Farming-fishing,Husband,White,Male,0,0,60,United-States,>50K
29,Private,118230,HS-grad,9,Never-married,Sales,Not-in-family,White,Female,0,0,35,United-States,<=50K
21,Private,135924,12th,8,Never-married,Handlers-cleaners,Own-child,White,Male,0,0,32,United-States,<=50K
54,Self-emp-inc,167375,Prof-school,15,Married-civ-spouse,Prof-specialty,Husband,White,Male,99999,0,60,United-States,>50K
31,Private,191954,Assoc-voc,11,Never-married,Adm-clerical,Unmarried,Black,Female,0,0,30,United-States,<=50K
40,Private,154227,HS-grad,9,Married-civ-spouse,Transport-moving,Husband,White,Male,0,0,60,United-States,>50K
47,Private,597843,Some-college,10,Divorced,Adm-clerical,Unmarried,White,Female,0,0,42,United-States,<=50K
32,Private,464484,Bachelors,13,Never-married,Adm-clerical,Not-in-family,White,Female,0,0,40,United-States,<=50K
37,Private,387663,HS-grad,9,Married-civ-spouse,Transport-moving,Husband,White,Male,0,0,50,United-States,<=50K
45,Private,178452,12th,8,Divorced,Craft-repair,Not-in-family,White,Male,0,0,40,United-States,<=50K
48,Private,149040,Some-college,10,Divorced,Machine-op-inspct,Not-in-family,White,Male,0,0,40,United-States,>50K
42,Private,257765,HS-grad,9,Never-married,Sales,Not-in-family,White,Male,0,0,60,United-States,>50K
43,State-gov,187802,Some-college,10,Separated,Craft-repair,Not-in-family,White,Male,0,0,37,United-States,<=50K
17,Private,160456,11th,7,Never-married,Adm-clerical,Own-child,White,Male,0,0,16,United-States,<=50K
40,Local-gov,165867,Assoc-voc,11,Divorced,Exec-managerial,Unmarried,White,Female,0,0,40,United-States,<=50K
33,Private,186916,HS-grad,9,Married-spouse-absent,Adm-clerical,Not-in-family,Black,Male,0,0,40,United-States,<=50K
63,Self-emp-not-inc,79190,1st-4th,2,Widowed,Other-service,Unmarried,White,Female,0,0,30,El-Salvador,<=50K
42,Private,187720,Masters,14,Married-civ-spouse,Sales,Husband,White,Male,15024,0,50,?,>50K
63,Self-emp-not-inc,79682,1st-4th,2,Widowed,Other-service,Unmarried,White,Female,0,0,30,El-Salvador,<=50K
41,Local-gov,66118,Some-college,10,Married-civ-spouse,Transport-moving,Wife,White,Female,0,0,25,United-States,<=50K
36,Private,49657,Bachelors,13,Married-civ-spouse,Prof-specialty,Husband,White,Male,0,0,50,United-States,>50K
48,Private,196529,HS-grad,9,Divorced,Adm-clerical,Not-in-family,White,Female,0,0,30,United-States,<=50K
25,Self-emp-not-inc,283037,HS-grad,9,Married-civ-spouse,Craft-repair,Husband,White,Male,0,0,40,United-States,<=50K
54,Private,285854,HS-grad,9,Married-civ-spouse,Transport-moving,Husband,White,Male,0,0,40,United-States,>50K
59,?,366425,Bachelors,13,Married-civ-spouse,?,Husband,White,Male,0,0,40,United-States,<=50K
26,Private,98155,HS-grad,9,Married-AF-spouse,Sales,Husband,White,Male,0,0,55,United-States,<=50K
36,Private,132986,1st-4th,2,Never-married,Farming-fishing,Not-in-family,White,Male,0,0,40,Mexico,<=50K
61,Local-gov,150025,HS-grad,9,Widowed,Adm-clerical,Not-in-family,White,Female,0,0,40,United-States,<=50K
55,Self-emp-not-inc,27073,HS-grad,9,Married-civ-spouse,Other-service,Husband,White,Male,0,0,40,United-States,<=50K
23,Local-gov,115497,Bachelors,13,Never-married,Prof-specialty,Own-child,White,Female,0,0,60,United-States,<=50K
36,Self-emp-not-inc,122220,HS-grad,9,Married-civ-spouse,Craft-repair,Husband,White,Male,0,0,47,United-States,<=50K
22,Private,170866,11th,7,Never-married,Craft-repair,Not-in-family,Amer-Indian-Eskimo,Male,0,0,40,United-States,<=50K
17,Private,110798,11th,7,Never-married,Sales,Own-child,White,Female,0,0,20,United-States,<=50K
18,Private,135924,Some-college,10,Never-married,Adm-clerical,Own-child,White,Male,0,0,40,United-States,<=50K
23,Private,45961,Bachelors,13,Never-married,Exec-managerial,Not-in-family,White,Female,0,0,50,United-States,<=50K
20,Private,32426,Some-college,10,Never-married,Machine-op-inspct,Not-in-family,White,Female,0,0,40,United-States,<=50K
25,Private,237691,Some-college,10,Married-civ-spouse,Craft-repair,Husband,White,Male,0,0,60,United-States,>50K
36,Private,189502,Some-college,10,Separated,Other-service,Other-relative,Black,Female,0,0,40,United-States,<=50K
30,Private,113129,Some-college,10,Never-married,Other-service,Not-in-family,White,Male,0,0,24,United-States,<=50K
31,Private,122497,HS-grad,9,Divorced,Adm-clerical,Unmarried,White,Female,0,0,40,United-States,<=50K
37,Private,23789,HS-grad,9,Married-civ-spouse,Machine-op-inspct,Husband,Black,Male,0,0,36,United-States,>50K
32,Private,72591,HS-grad,9,Married-civ-spouse,Craft-repair,Husband,White,Male,0,0,40,United-States,<=50K
32,Private,176756,10th,6,Never-married,Craft-repair,Unmarried,White,Male,0,0,40,United-States,<=50K
46,Local-gov,58343,HS-grad,9,Widowed,Prof-specialty,Unmarried,Amer-Indian-Eskimo,Female,0,0,33,United-States,<=50K
32,Private,215797,Some-college,10,Never-married,Craft-repair,Not-in-family,White,Male,4650,0,45,United-States,<=50K
44,Private,69884,Some-college,10,Divorced,Adm-clerical,Not-in-family,Asian-Pac-Islander,Male,0,0,40,Japan,<=50K
62,Private,245053,9th,5,Married-civ-spouse,Exec-managerial,Husband,White,Male,0,0,40,United-States,<=50K
32,Private,46814,Bachelors,13,Never-married,Adm-clerical,Not-in-family,White,Female,0,0,40,United-States,<=50K
42,Private,340797,Doctorate,16,Never-married,Prof-specialty,Not-in-family,White,Male,0,0,50,United-States,<=50K
59,Private,69884,Prof-school,15,Married-spouse-absent,Prof-specialty,Unmarried,White,Male,0,0,50,United-States,<=50K
60,Private,240554,HS-grad,9,Married-civ-spouse,Machine-op-inspct,Husband,Black,Male,0,0,40,United-States,<=50K
46,Private,150025,Assoc-acdm,12,Married-civ-spouse,Craft-repair,Husband,White,Male,0,0,40,United-States,<=50K
26,Private,204536,Some-college,10,Married-civ-spouse,Sales,Husband,White,Male,0,0,45,United-States,<=50K
43,Private,216178,Bachelors,13,Divorced,Adm-clerical,Unmarried,White,Female,0,0,40,Germany,<=50K
37,Self-emp-inc,116554,Masters,14,Divorced,Exec-managerial,Not-in-family,White,Female,0,0,70,United-States,<=50K
30,Local-gov,181091,Bachelors,13,Married-civ-spouse,Protective-serv,Husband,White,Male,0,0,40,United-States,<=50K
36,Private,184046,Prof-school,15,Never-married,Exec-managerial,Not-in-family,White,Male,27828,0,50,United-States,>50K
18,?,171807,Some-college,10,Never-married,?,Own-child,Black,Female,0,0,24,United-States,<=50K
41,Private,170411,Bachelors,13,Married-civ-spouse,Exec-managerial,Husband,White,Male,0,0,50,United-States,>50K
20,?,174043,Some-college,10,Never-married,?,Own-child,White,Male,0,0,20,United-States,<=50K
53,Local-gov,204397,HS-grad,9,Married-civ-spouse,Exec-managerial,Husband,White,Male,0,0,60,United-States,<=50K
50,Private,65408,HS-grad,9,Married-civ-spouse,Craft-repair,Husband,White,Male,0,0,50,United-States,>50K
30,Private,49325,Some-college,10,Married-civ-spouse,Transport-moving,Husband,White,Male,0,0,80,United-States,>50K
38,Self-emp-not-inc,430195,HS-grad,9,Married-civ-spouse,Sales,Wife,White,Female,0,0,24,United-States,>50K
19,Private,36039,12th,8,Never-married,Prof-specialty,Not-in-family,Asian-Pac-Islander,Female,0,0,25,Thailand,<=50K
62,Private,243986,Doctorate,16,Married-civ-spouse,Prof-specialty,Husband,White,Male,15024,0,50,United-States,>50K
19,Private,119529,Some-college,10,Never-married,Other-service,Own-child,White,Female,0,0,15,United-States,<=50K
40,Private,137421,Bachelors,13,Never-married,Adm-clerical,Unmarried,Black,Female,0,0,65,United-States,<=50K
45,Self-emp-not-inc,184011,Bachelors,13,Divorced,Prof-specialty,Not-in-family,White,Male,0,0,45,United-States,<=50K
35,Private,267408,Bachelors,13,Married-civ-spouse,Tech-support,Husband,White,Male,0,1887,40,United-States,>50K
27,Private,128365,Bachelors,13,Never-married,Prof-specialty,Own-child,White,Male,0,0,40,United-States,<=50K
30,Private,203079,HS-grad,9,Married-civ-spouse,Protective-serv,Husband,White,Male,0,0,60,United-States,>50K
62,Self-emp-not-inc,215797,Masters,14,Married-civ-spouse,Exec-managerial,Husband,White,Male,0,1977,50,United-States,>50K
47,Local-gov,287372,Masters,14,Married-civ-spouse,Prof-specialty,Husband,White,Male,0,0,40,United-States,<=50K
38,Private,456062,HS-grad,9,Married-civ-spouse,Craft-repair,Husband,White,Male,0,0,44,United-States,<=50K
50,Self-emp-not-inc,94064,Some-college,10,Divorced,Sales,Not-in-family,White,Female,0,0,40,United-States,<=50K
46,Private,220230,Some-college,10,Married-civ-spouse,Tech-support,Husband,White,Male,0,0,40,United-States,>50K
17,Private,110798,11th,7,Never-married,Sales,Own-child,White,Female,0,0,20,United-States,<=50K
32,Private,198286,Some-college,10,Divorced,Exec-managerial,Not-in-family,White,Female,0,0,38,United-States,<=50K
33,Federal-gov,137814,HS-grad,9,Never-married,Other-service,Not-in-family,White,Male,0,0,32,United-States,<=50K
17,?,261561,10th,6,Never-married,?,Own-child,White,Male,0,0,8,United-States,<=50K
34,Local-gov,158242,Bachelors,13,Never-married,Exec-managerial,Not-in-family,White,Female,0,0,43,United-States,<=50K
74,Private,261207,10th,6,Divorced,Other-service,Not-in-family,White,Female,0,0,1,United-States,<=50K
37,Private,174938,Masters,14,Divorced,Exec-managerial,Unmarried,White,Male,0,0,60,United-States,>50K
20,Private,32528,Some-college,10,Never-married,Sales,Not-in-family,White,Male,0,0,25,United-States,<=50K
42,Private,245317,HS-grad,9,Married-civ-spouse,Sales,Husband,White,Male,0,0,50,United-States,<=50K
42,Private,340260,Doctorate,16,Never-married,Prof-specialty,Not-in-family,White,Male,0,0,50,United-States,<=50K
71,Private,244566,7th-8th,4,Married-civ-spouse,Transport-moving,Husband,White,Male,6514,0,40,United-States,>50K
22,Private,187802,10th,6,Separated,Other-service,Unmarried,White,Female,0,0,40,United-States,<=50K
42,Private,246367,HS-grad,9,Married-civ-spouse,Sales,Husband,White,Male,0,0,50,United-States,<=50K
40,Private,352080,Some-college,10,Married-civ-spouse,Craft-repair,Husband,Black,Male,0,0,40,United-States,>50K
43,Private,111772,Bachelors,13,Married-civ-spouse,Prof-specialty,Husband,White,Male,0,0,50,United-States,>50K
44,Private,199698,HS-grad,9,Separated,Adm-clerical,Unmarried,White,Female,0,0,20,United-States,<=50K
24,State-gov,390867,Masters,14,Never-married,Prof-specialty,Not-in-family,Black,Female,0,0,40,United-States,<=50K
36,Private,953588,11th,7,Widowed,Adm-clerical,Unmarried,White,Female,0,0,40,United-States,<=50K
46,Private,370585,Prof-school,15,Married-civ-spouse,Prof-specialty,Husband,White,Male,99999,0,60,United-States,>50K
50,Private,174043,Some-college,10,Married-civ-spouse,Sales,Husband,White,Male,0,0,45,United-States,>50K
25,Private,371987,HS-grad,9,Divorced,Adm-clerical,Not-in-family,White,Female,0,0,40,United-States,<=50K
31,Local-gov,402089,HS-grad,9,Divorced,Adm-clerical,Unmarried,White,Female,0,0,40,United-States,<=50K
73,Private,187538,Some-college,10,Married-civ-spouse,Protective-serv,Husband,White,Male,0,0,40,United-States,<=50K
21,Private,65038,HS-grad,9,Never-married,Machine-op-inspct,Own-child,White,Male,0,0,40,United-States,<=50K
21,Private,285367,HS-grad,9,Never-married,Handlers-cleaners,Not-in-family,Black,Female,0,0,40,United-States,<=50K
46,Self-emp-not-inc,102869,HS-grad,9,Married-civ-spouse,Sales,Husband,White,Male,0,0,40,United-States,>50K
27,Private,158156,HS-grad,9,Never-married,Other-service,Not-in-family,White,Female,0,0,42,United-States,<=50K
37,Private,98941,Masters,14,Never-married,Exec-managerial,Not-in-family,White,Male,0,0,40,United-States,>50K
36,Private,49657,Bachelors,13,Married-civ-spouse,Prof-specialty,Husband,White,Male,0,0,50,United-States,>50K
49,Private,282313,Some-college,10,Married-civ-spouse,Exec-managerial,Husband,White,Male,0,0,45,United-States,>50K
23,Private,461678,Bachelors,13,Never-married,Exec-managerial,Not-in-family,White,Female,0,0,50,United-States,<=50K
32,Federal-gov,82906,Bachelors,13,Married-civ-spouse,Adm-clerical,Husband,White,Male,0,0,35,United-States,>50K
30,State-gov,54595,11th,7,Married-civ-spouse,Transport-moving,Husband,White,Male,0,0,40,United-States,<=50K
36,Private,290560,Some-college,10,Married-civ-spouse,Exec-managerial,Husband,White,Male,0,0,45,United-States,<=50K
27,Self-emp-inc,376416,HS-grad,9,Never-married,Sales,Not-in-family,White,Male,0,0,50,United-States,<=50K
33,Self-emp-not-inc,191921,Bachelors,13,Married-civ-spouse,Craft-repair,Husband,White,Male,0,0,50,United-States,<=50K
28,Self-emp-not-inc,227890,Bachelors,13,Never-married,Sales,Not-in-family,White,Female,0,0,48,United-States,<=50K
58,Private,98630,Masters,14,Married-civ-spouse,Prof-specialty,Husband,White,Male,0,0,40,United-States,>50K
51,Private,231180,Some-college,10,Never-married,Machine-op-inspct,Not-in-family,White,Male,0,0,21,United-States,<=50K
22,?,165065,Some-college,10,Never-married,?,Own-child,White,Female,0,0,40,Italy,<=50K
44,Private,285854,Some-college,10,Married-civ-spouse,Transport-moving,Husband,Black,Male,0,0,40,United-States,<=50K
46,Private,172571,11th,7,Widowed,Other-service,Not-in-family,White,Female,0,0,27,El-Salvador,<=50K
26,Private,212705,HS-grad,9,Married-civ-spouse,Transport-moving,Husband,White,Male,0,0,52,United-States,>50K
29,Self-emp-inc,124318,Bachelors,13,Never-married,Sales,Own-child,White,Female,0,0,40,United-States,<=50K
21,Private,146244,Some-college,10,Married-civ-spouse,Craft-repair,Husband,White,Male,7298,0,60,United-States,>50K
39,Private,210673,Bachelors,13,Married-civ-spouse,Sales,Husband,White,Male,0,0,50,United-States,>50K
21,?,105312,HS-grad,9,Never-married,?,Not-in-family,White,Female,0,0,20,United-States,<=50K
29,Private,195891,HS-grad,9,Never-married,Machine-op-inspct,Not-in-family,White,Female,0,0,40,United-States,<=50K
17,Private,233275,11th,7,Never-married,Adm-clerical,Own-child,White,Female,0,0,12,United-States,<=50K
25,Private,130773,Some-college,10,Divorced,Other-service,Not-in-family,White,Male,0,0,30,United-States,<=50K
44,Private,228686,HS-grad,9,Married-civ-spouse,Craft-repair,Husband,Black,Male,0,0,40,?,<=50K
34,Private,97723,Bachelors,13,Married-civ-spouse,Prof-specialty,Husband,White,Male,0,0,40,United-States,>50K
30,Private,113129,Some-college,10,Never-married,Other-service,Not-in-family,White,Male,0,0,24,United-States,<=50K
51,Local-gov,250087,9th,5,Married-civ-spouse,Other-service,Wife,White,Female,0,0,38,Puerto-Rico,<=50K
26,Private,122041,HS-grad,9,Never-married,Craft-repair,Other-relative,White,Male,0,0,40,United-States,<=50K
50,Self-emp-not-inc,278632,Masters,14,Married-civ-spouse,Exec-managerial,Husband,White,Male,0,0,20,United-States,<=50K
57,Self-emp-not-inc,22149,Some-college,10,Married-civ-spouse,Exec-managerial,Wife,White,Female,0,0,60,United-States,<=50K
53,Self-emp-not-inc,265097,Assoc-voc,11,Married-civ-spouse,Sales,Husband,White,Male,0,0,50,United-States,>50K
49,Private,136358,Masters,14,Divorced,Sales,Unmarried,Other,Female,0,0,20,Peru,<=50K
62,Private,416829,11th,7,Separated,Other-service,Not-in-family,Black,Female,0,0,21,United-States,<=50K
46,Private,72619,Some-college,10,Married-civ-spouse,Exec-managerial,Wife,White,Female,0,0,40,United-States,>50K
56,Private,33323,HS-grad,9,Married-civ-spouse,Machine-op-inspct,Husband,White,Male,0,0,40,United-States,<=50K
29,Private,148549,HS-grad,9,Married-civ-spouse,Farming-fishing,Husband,White,Male,0,0,60,United-States,<=50K
51,Local-gov,146325,Doctorate,16,Married-civ-spouse,Prof-specialty,Husband,White,Male,0,1887,40,United-States,>50K
36,Self-emp-not-inc,122497,HS-grad,9,Married-civ-spouse,Craft-repair,Husband,White,Male,0,0,47,United-States,<=50K
71,State-gov,210797,HS-grad,9,Married-civ-spouse,Protective-serv,Husband,White,Male,0,0,28,United-States,<=50K
42,Private,553405,Some-college,10,Divorced,Farming-fishing,Not-in-family,White,Male,0,0,40,United-States,<=50K
41,Private,171114,Bachelors,13,Married-civ-spouse,Exec-managerial,Husband,White,Male,0,0,50,United-States,>50K
46,Private,266645,HS-grad,9,Never-married,Handlers-cleaners,Other-relative,White,Male,0,0,5,United-States,<=50K
33,Private,194501,12th,8,Married-civ-spouse,Transport-moving,Husband,White,Male,0,0,40,United-States,<=50K
39,State-gov,113080,HS-grad,9,Married-civ-spouse,Protective-serv,Other-relative,White,Female,0,0,40,United-States,<=50K
28,Private,233275,Bachelors,13,Never-married,Prof-specialty,Not-in-family,White,Male,0,0,45,United-States,<=50K
46,Private,263970,HS-grad,9,Never-married,Handlers-cleaners,Other-relative,White,Male,0,0,5,United-States,<=50K
34,Private,141323,Some-college,10,Married-civ-spouse,Other-service,Husband,White,Male,0,0,62,Laos,<=50K
23,Private,131192,Some-college,10,Never-married,Adm-clerical,Not-in-family,White,Female,0,0,40,United-States,<=50K
37,Private,340599,11th,7,Separated,Other-service,Unmarried,Black,Female,0,0,40,United-States,<=50K
58,Private,469572,7th-8th,4,Widowed,Farming-fishing,Other-relative,White,Female,0,0,45,Guatemala,<=50K
20,Private,176756,Some-college,10,Never-married,Other-service,Own-child,White,Male,0,0,30,United-States,<=50K
43,Self-emp-inc,240554,Some-college,10,Married-civ-spouse,Exec-managerial,Husband,White,Male,0,0,70,United-States,>50K
32,Private,79870,Some-college,10,Married-civ-spouse,Exec-managerial,Own-child,White,Female,2580,0,40,Japan,<=50K
20,Private,32533,Some-college,10,Never-married,Machine-op-inspct,Not-in-family,White,Female,0,0,40,United-States,<=50K
53,Private,251243,Bachelors,13,Married-civ-spouse,Exec-managerial,Husband,Black,Male,0,0,50,United-States,>50K
45,Private,241832,HS-grad,9,Never-married,Transport-moving,Not-in-family,White,Male,0,0,40,United-States,<=50K
37,Private,238311,HS-grad,9,Married-civ-spouse,Machine-op-inspct,Husband,Black,Male,0,0,36,United-States,>50K
31,Private,250238,Prof-school,15,Married-civ-spouse,Prof-specialty,Husband,White,Male,0,0,50,United-States,>50K
54,Private,221336,HS-grad,9,Widowed,Other-service,Unmarried,Asian-Pac-Islander,Female,0,0,40,Philippines,<=50K
29,Private,112320,HS-grad,9,Divorced,Craft-repair,Not-in-family,White,Female,0,0,50,United-States,<=50K
40,Private,183200,Some-college,10,Separated,Other-service,Unmarried,White,Female,0,0,8,United-States,<=50K
36,Private,291578,Some-college,10,Married-civ-spouse,Exec-managerial,Husband,White,Male,0,0,45,United-States,<=50K
30,Private,176536,HS-grad,9,Married-civ-spouse,Craft-repair,Husband,White,Male,0,0,42,United-States,>50K
29,Private,274200,HS-grad,9,Married-civ-spouse,Adm-clerical,Husband,White,Male,0,0,30,Outlying-US(Guam-USVI-etc),<=50K
51,Private,171748,Some-college,10,Married-civ-spouse,Transport-moving,Husband,White,Male,0,0,40,United-States,>50K
40,Federal-gov,77332,Some-college,10,Divorced,Adm-clerical,Not-in-family,White,Female,0,0,50,United-States,<=50K
37,Self-emp-inc,116554,Masters,14,Divorced,Exec-managerial,Not-in-family,White,Female,0,0,70,United-States,<=50K
39,Private,246367,Bachelors,13,Married-civ-spouse,Prof-specialty,Husband,White,Male,0,0,50,United-States,>50K
54,Private,221172,HS-grad,9,Widowed,Other-service,Unmarried,Asian-Pac-Islander,Female,0,0,40,Philippines,<=50K
25,Local-gov,187720,Some-college,10,Divorced,Protective-serv,Not-in-family,White,Female,0,0,40,United-States,<=50K
41,Private,220748,Bachelors,13,Divorced,Other-service,Not-in-family,White,Male,0,0,37,United-States,<=50K
65,Private,382272,Assoc-voc,11,Married-civ-spouse,Adm-clerical,Husband,White,Male,0,0,15,United-States,<=50K
38,Self-emp-not-inc,430195,HS-grad,9,Married-civ-spouse,Sales,Wife,White,Female,0,0,24,United-States,>50K
19,Private,127491,HS-grad,9,Never-married,Other-service,Not-in-family,White,Male,0,0,40,United-States,<=50K
31,Private,386672,Some-college,10,Never-married,Adm-clerical,Not-in-family,Black,Female,0,0,36,Jamaica,<=50K
31,Private,182378,10th,6,Separated,Transport-moving,Unmarried,White,Male,0,0,40,United-States,<=50K
30,Private,202956,HS-grad,9,Married-civ-spouse,Protective-serv,Husband,White,Male,0,0,60,United-States,>50K
61,Private,120939,Prof-school,15,Married-civ-spouse,Transport-moving,Husband,White,Male,0,0,5,United-States,>50K
44,Private,167375,HS-grad,9,Married-civ-spouse,Adm-clerical,Husband,White,Male,0,0,48,United-States,>50K
29,Private,142717,HS-grad,9,Never-married,Handlers-cleaners,Not-in-family,Black,Male,0,0,40,United-States,<=50K
47,Private,168330,HS-grad,9,Married-civ-spouse,Craft-repair,Husband,White,Male,2829,0,40,United-States,<=50K
49,Private,202559,HS-grad,9,Divorced,Sales,Not-in-family,White,Female,0,0,32,United-States,<=50K
37,State-gov,373606,Prof-school,15,Married-civ-spouse,Prof-specialty,Husband,White,Male,0,0,60,United-States,>50K
34,Private,190483,Assoc-voc,11,Married-civ-spouse,Craft-repair,Husband,White,Male,0,0,49,United-States,<=50K
25,Private,469572,Some-college,10,Never-married,Prof-specialty,Not-in-family,White,Male,8614,0,40,United-States,>50K
37,Private,204397,Bachelors,13,Widowed,Exec-managerial,Not-in-family,White,Female,0,0,55,United-States,<=50K
44,Private,228583,HS-grad,9,Married-civ-spouse,Craft-repair,Husband,Black,Male,0,0,40,?,<=50K
52,Private,157145,HS-grad,9,Married-civ-spouse,Handlers-cleaners,Husband,White,Male,0,0,40,United-States,>50K
56,Private,204494,HS-grad,9,Divorced,Adm-clerical,Not-in-family,White,Female,0,0,40,United-States,<=50K
20,Private,163333,HS-grad,9,Never-married,Handlers-cleaners,Own-child,White,Female,0,0,20,United-States,<=50K
45,Private,178623,12th,8,Divorced,Craft-repair,Not-in-family,White,Male,0,0,40,United-States,<=50K
56,Private,161552,Bachelors,13,Married-civ-spouse,Exec-managerial,Husband,White,Male,0,0,42,United-States,>50K
22,?,219701,Some-college,10,Never-married,?,Own-child,Black,Male,0,0,40,United-States,<=50K
25,Private,369084,Assoc-acdm,12,Divorced,Other-service,Not-in-family,White,Female,0,0,32,United-States,<=50K
31,Private,182926,10th,6,Separated,Transport-moving,Unmarried,White,Male,0,0,40,United-States,<=50K
77,Private,154205,HS-grad,9,Widowed,Adm-clerical,Not-in-family,White,Female,0,0,10,United-States,<=50K
64,Self-emp-not-inc,210797,HS-grad,9,Married-civ-spouse,Craft-repair,Husband,White,Male,0,0,20,United-States,<=50K
27,Private,114865,HS-grad,9,Separated,Craft-repair,Not-in-family,White,Male,0,0,45,United-States,<=50K
24,State-gov,38948,Masters,14,Never-married,Prof-specialty,Not-in-family,Black,Female,0,0,40,United-States,<=50K
42,Private,65408,Some-college,10,Divorced,Machine-op-inspct,Not-in-family,White,Female,0,0,40,United-States,<=50K
56,Federal-gov,156873,Some-college,10,Separated,Other-service,Not-in-family,Black,Male,0,0,40,United-States,<=50K
39,Private,213002,Bachelors,13,Married-civ-spouse,Sales,Husband,White,Male,0,0,50,United-States,>50K
35,?,197286,Some-college,10,Married-civ-spouse,?,Husband,Asian-Pac-Islander,Male,0,0,40,Philippines,>50K
55,Private,85109,HS-grad,9,Married-civ-spouse,Priv-house-serv,Wife,White,Female,0,0,30,United-States,<=50K
77,Self-emp-not-inc,183977,Bachelors,13,Widowed,Prof-specialty,Not-in-family,White,Female,0,0,20,United-States,<=50K
18,Private,141323,11th,7,Never-married,Sales,Own-child,Black,Male,0,0,8,United-States,<=50K
31,Private,122041,Assoc-acdm,12,Divorced,Adm-clerical,Unmarried,White,Female,0,0,35,Poland,<=50K
29,Private,49325,Some-college,10,Married-civ-spouse,Transport-moving,Husband,White,Male,0,0,45,United-States,>50K
31,Private,43607,Bachelors,13,Widowed,Adm-clerical,Unmarried,White,Male,0,0,60,United-States,<=50K
77,Self-emp-not-inc,161552,Masters,1,Widowed,Exec-managerial,Not-in-family,White,Female,0,0,60,United-States,<=50K
26,Private,380674,HS-grad,9,Never-married,Handlers-cleaners,Own-child,White,Male,0,0,52,United-States,<=50K
49,Private,272411,HS-grad,9,Married-civ-spouse,Exec-managerial,Husband,White,Male,0,0,72,United-States,<=50K
30,Private,490332,Assoc-voc,11,Married-civ-spouse,Handlers-cleaners,Husband,White,Male,0,0,40,Mexico,<=50K
53,Self-emp-not-inc,168539,9th,5,Married-civ-spouse,Farming-fishing,Husband,White,Male,0,0,70,United-States,<=50K
57,Local-gov,343447,HS-grad,9,Divorced,Protective-serv,Not-in-family,White,Female,0,0,40,United-States,<=50K
49,Private,114797,Bachelors,13,Divorced,Exec-managerial,Unmarried,Black,Female,0,0,40,United-States,<=50K
22,Private,187538,10th,6,Separated,Other-service,Unmarried,White,Female,0,0,40,United-States,<=50K
21,Private,224541,Some-college,10,Never-married,Other-service,Other-relative,White,Female,0,0,30,United-States,<=50K
53,Private,251243,Bachelors,13,Married-civ-spouse,Exec-managerial,Husband,Black,Male,0,0,50,United-States,>50K
56,Private,210797,HS-grad,9,Divorced,Adm-clerical,Not-in-family,White,Female,0,0,40,United-States,<=50K
42,Self-emp-inc,170583,HS-grad,9,Married-civ-spouse,Exec-managerial,Husband,White,Male,5178,0,50,United-States,>50K
20,Private,148429,Some-college,10,Never-married,Other-service,Own-child,White,Male,0,0,40,United-States,<=50K
24,Private,388093,Bachelors,13,Never-married,Exec-managerial,Not-in-family,Black,Male,0,0,40,United-States,<=50K
27,Private,179462,Assoc-voc,11,Married-spouse-absent,Tech-support,Own-child,White,Female,0,0,40,United-States,<=50K
35,Private,106961,HS-grad,9,Married-civ-spouse,Sales,Husband,White,Male,0,0,60,United-States,<=50K
18,Private,151967,11th,7,Married-civ-spouse,Sales,Wife,Other,Female,0,0,20,United-States,<=50K
39,Private,82540,Some-college,10,Married-civ-spouse,Exec-managerial,Husband,White,Male,0,0,60,United-States,<=50K
46,Self-emp-not-inc,199698,Some-college,10,Divorced,Exec-managerial,Unmarried,White,Female,0,0,50,United-States,<=50K
25,Private,257765,11th,7,Married-civ-spouse,Transport-moving,Husband,White,Male,0,0,40,United-States,<=50K
50,State-gov,45834,Bachelors,13,Married-spouse-absent,Prof-specialty,Not-in-family,White,Male,6849,0,40,United-States,<=50K
23,Private,236834,Some-college,10,Never-married,Handlers-cleaners,Own-child,White,Male,0,0,40,United-States,<=50K
29,Private,488720,Some-college,10,Married-civ-spouse,Transport-moving,Husband,White,Male,0,0,45,United-States,>50K
25,Private,370119,Assoc-acdm,12,Divorced,Other-service,Not-in-family,White,Female,0,0,32,United-States,<=50K
52,Private,202956,7th-8th,4,Married-civ-spouse,Craft-repair,Husband,White,Male,0,0,40,United-States,<=50K
27,Private,142030,HS-grad,9,Married-civ-spouse,Transport-moving,Husband,White,Male,0,1902,45,United-States,<=50K
26,Self-emp-inc,189702,Bachelors,13,Married-civ-spouse,Sales,Husband,White,Male,0,0,80,United-States,>50K
26,Private,350853,5th-6th,3,Never-married,Transport-moving,Not-in-family,White,Male,0,0,40,?,<=50K
37,Private,340917,11th,7,Separated,Other-service,Unmarried,Black,Female,0,0,40,United-States,<=50K
29,State-gov,380674,Bachelors,13,Never-married,Craft-repair,Not-in-family,White,Male,0,0,40,United-States,<=50K
27,Private,194690,9th,5,Never-married,Other-service,Own-child,White,Male,0,0,50,Mexico,<=50K
40,Private,202559,Prof-school,15,Married-civ-spouse,Prof-specialty,Husband,White,Male,15024,0,55,United-States,>50K
62,Private,170866,Some-college,10,Married-civ-spouse,Craft-repair,Husband,White,Male,0,0,45,United-States,<=50K
34,Private,174201,Masters,14,Divorced,Exec-managerial,Not-in-family,White,Male,2829,0,60,United-States,>50K
33,Local-gov,394356,HS-grad,9,Married-civ-spouse,Protective-serv,Husband,White,Male,0,0,56,United-States,<=50K
22,?,265706,Some-college,10,Never-married,?,Not-in-family,White,Female,0,0,28,United-States,<=50K
37,Private,37869,Assoc-voc,11,Married-civ-spouse,Sales,Husband,White,Male,0,0,54,United-States,<=50K
21,Self-emp-not-inc,329144,HS-grad,9,Never-married,Craft-repair,Not-in-family,White,Male,4787,0,35,United-States,<=50K
62,Private,110103,HS-grad,9,Widowed,Craft-repair,Unmarried,Black,Female,0,0,40,United-States,<=50K
46,Private,403911,Assoc-voc,11,Married-civ-spouse,Craft-repair,Husband,Black,Male,0,0,40,United-States,>50K
77,Private,154950,HS-grad,9,Widowed,Adm-clerical,Not-in-family,White,Female,0,0,10,United-States,<=50K
56,Self-emp-not-inc,156842,HS-grad,9,Married-civ-spouse,Craft-repair,Husband,White,Male,0,0,40,United-States,<=50K
19,Private,119529,Some-college,10,Never-married,Other-service,Own-child,White,Female,0,0,15,United-States,<=50K
24,Private,387540,Bachelors,13,Never-married,Exec-managerial,Not-in-family,Black,Male,0,0,40,United-States,<=50K
38,Private,453663,HS-grad,9,Married-civ-spouse,Craft-repair,Husband,White,Male,0,0,44,United-States,<=50K
40,Private,331650,HS-grad,9,Separated,Handlers-cleaners,Not-in-family,Black,Male,0,0,30,United-States,<=50K
23,Private,376540,Some-college,10,Never-married,Other-service,Unmarried,White,Female,0,0,25,United-States,<=50K
22,Private,112693,HS-grad,9,Married-civ-spouse,Craft-repair,Husband,White,Male,0,0,35,United-States,<=50K
25,Local-gov,191954,Bachelors,13,Never-married,Craft-repair,Own-child,White,Male,0,0,25,United-States,<=50K
25,Self-emp-not-inc,121124,Bachelors,13,Never-married,Sales,Not-in-family,White,Female,0,0,40,United-States,<=50K
20,?,336969,Some-college,10,Never-married,?,Own-child,Black,Male,0,0,30,United-States,<=50K
20,Private,214627,HS-grad,9,Never-married,Machine-op-inspct,Own-child,White,Male,0,0,40,United-States,<=50K
48,Federal-gov,50567,Some-college,10,Married-spouse-absent,Exec-managerial,Not-in-family,White,Female,0,0,40,United-States,<=50K
51,Private,120914,10th,6,Never-married,Farming-fishing,Own-child,White,Male,0,0,40,United-States,<=50K
49,State-gov,207120,HS-grad,9,Married-civ-spouse,Handlers-cleaners,Husband,White,Male,0,0,40,United-States,>50K
31,Local-gov,40142,HS-grad,9,Divorced,Adm-clerical,Unmarried,White,Female,0,0,40,United-States,<=50K
21,Private,27661,Some-college,10,Never-married,Sales,Other-relative,White,Female,0,0,40,United-States,<=50K
24,Private,261561,Bachelors,13,Never-married,Prof-specialty,Not-in-family,White,Female,0,0,40,United-States,<=50K
44,State-gov,111772,Masters,14,Married-civ-spouse,Prof-specialty,Husband,White,Male,0,0,40,United-States,>50K
33,Self-emp-not-inc,189382,Some-college,10,Never-married,Other-service,Not-in-family,White,Female,0,0,5,United-States,<=50K
71,Private,244087,7th-8th,4,Married-civ-spouse,Transport-moving,Husband,White,Male,6514,0,40,United-States,>50K
23,Private,30687,Masters,14,Never-married,Other-service,Not-in-family,White,Female,0,0,10,United-States,<=50K
21,Private,88373,HS-grad,9,Married-civ-spouse,Other-service,Other-relative,White,Female,0,0,16,United-States,<=50K
43,Private,151504,HS-grad,9,Married-civ-spouse,Craft-repair,Husband,White,Male,0,0,40,United-States,<=50K
33,Private,350853,Bachelors,13,Never-married,Prof-specialty,Not-in-family,White,Female,0,0,45,Mexico,<=50K
51,Private,261207,HS-grad,9,Married-civ-spouse,Other-service,Husband,White,Male,0,0,40,Cuba,>50K
46,Self-emp-not-inc,317083,HS-grad,9,Married-civ-spouse,Craft-repair,Husband,White,Male,0,0,25,United-States,<=50K
54,Private,385183,Masters,14,Married-civ-spouse,Prof-specialty,Husband,White,Male,0,0,45,United-States,>50K
41,Self-emp-not-inc,111772,Assoc-acdm,12,Married-civ-spouse,Craft-repair,Husband,White,Male,0,1887,40,United-States,>50K
48,Private,195946,HS-grad,9,Divorced,Adm-clerical,Not-in-family,White,Female,0,0,30,United-States,<=50K
41,Federal-gov,27624,Some-college,10,Married-civ-spouse,Exec-managerial,Husband,White,Male,0,0,40,United-States,>50K
56,Self-emp-not-inc,156842,HS-grad,9,Married-civ-spouse,Craft-repair,Husband,White,Male,0,0,40,United-States,<=50K
45,Private,98092,HS-grad,9,Married-civ-spouse,Sales,Husband,White,Male,0,0,60,United-States,<=50K
37,Private,218309,Masters,14,Married-civ-spouse,Exec-managerial,Husband,White,Male,0,0,55,El-Salvador,>50K
40,Private,122215,Assoc-acdm,12,Married-civ-spouse,Sales,Husband,White,Male,0,0,40,United-States,>50K
39,Private,245317,Bachelors,13,Married-civ-spouse,Prof-specialty,Husband,White,Male,0,0,50,United-States,>50K
45,Private,101656,10th,6,Never-married,Machine-op-inspct,Not-in-family,Asian-Pac-Islander,Male,0,0,40,Vietnam,<=50K
18,State-gov,306678,Some-college,10,Never-married,Adm-clerical,Own-child,White,Male,0,0,10,United-States,<=50K
52,Private,119099,HS-grad,9,Married-civ-spouse,Machine-op-inspct,Husband,White,Male,0,0,40,United-States,<=50K
33,Private,170411,Bachelors,13,Married-civ-spouse,Exec-managerial,Husband,White,Male,0,0,50,United-States,>50K
34,?,181200,HS-grad,9,Divorced,?,Not-in-family,White,Female,0,0,40,United-States,<=50K
27,State-gov,553473,Bachelors,13,Married-civ-spouse,Protective-serv,Wife,Black,Female,0,0,48,United-States,<=50K
28,State-gov,209464,HS-grad,9,Married-civ-spouse,Protective-serv,Husband,White,Male,0,0,40,United-States,<=50K
54,Local-gov,287831,Some-college,10,Married-civ-spouse,Adm-clerical,Wife,Black,Female,0,0,55,United-States,>50K
41,Private,224474,9th,5,Married-civ-spouse,Exec-managerial,Husband,Amer-Indian-Eskimo,Male,0,0,84,United-States,<=50K
52,Private,156897,HS-grad,9,Married-civ-spouse,Handlers-cleaners,Husband,White,Male,0,0,40,United-States,>50K
41,Private,119272,HS-grad,9,Married-civ-spouse,Tech-support,Husband,White,Male,0,0,40,United-States,<=50K
48,Self-emp-inc,84774,Some-college,10,Never-married,Craft-repair,Not-in-family,White,Male,0,0,45,United-States,<=50K
21,Private,219941,HS-grad,9,Never-married,Other-service,Own-child,White,Male,0,0,35,United-States,<=50K
24,Private,207120,Bachelors,13,Never-married,Adm-clerical,Own-child,White,Female,0,0,40,United-States,<=50K
29,Private,267408,11th,7,Never-married,Craft-repair,Own-child,Black,Male,0,0,40,Haiti,<=50K
52,Self-emp-inc,228729,Prof-school,15,Married-civ-spouse,Prof-specialty,Husband,White,Male,0,0,40,United-States,>50K
26,Private,385183,HS-grad,9,Never-married,Handlers-cleaners,Own-child,White,Male,0,0,52,United-States,<=50K
61,Local-gov,143766,Masters,14,Married-civ-spouse,Exec-managerial,Husband,White,Male,7298,0,60,United-States,>50K
41,Local-gov,52037,Some-college,10,Divorced,Adm-clerical,Unmarried,White,Female,0,0,40,United-States,<=50K
61,Local-gov,144995,Masters,14,Married-civ-spouse,Exec-managerial,Husband,White,Male,7298,0,60,United-States,>50K
55,Private,116878,Doctorate,16,Married-civ-spouse,Prof-specialty,Husband,White,Male,15024,0,30,United-States,>50K
46,Private,403911,HS-grad,9,Married-civ-spouse,Craft-repair,Husband,Black,Male,0,1902,40,United-States,>50K
37,Private,174938,Masters,14,Divorced,Exec-managerial,Unmarried,White,Male,0,0,60,United-States,>50K
31,Private,181912,HS-grad,9,Divorced,Adm-clerical,Unmarried,White,Female,0,0,35,United-States,<=50K
29,Private,57758,Bachelors,13,Married-civ-spouse,Sales,Husband,White,Male,0,0,41,United-States,<=50K
20,Private,41099,Some-college,10,Never-married,Prof-specialty,Not-in-family,White,Female,0,0,40,United-States,<=50K
22,?,263970,Some-college,10,Never-married,?,Not-in-family,White,Female,0,0,28,United-States,<=50K
22,State-gov,137917,Bachelors,13,Never-married,Prof-specialty,Not-in-family,White,Male,0,0,15,United-States,<=50K
21,Private,196107,Some-college,10,Never-married,Other-service,Own-child,White,Female,0,0,35,United-States,<=50K
18,Private,306309,HS-grad,9,Never-married,Other-service,Own-child,White,Female,0,0,20,United-States,<=50K
30,Private,142030,Bachelors,13,Married-civ-spouse,Prof-specialty,Husband,White,Male,0,0,40,United-States,>50K
32,Private,178452,Assoc-acdm,12,Never-married,Sales,Not-in-family,Black,Female,0,0,46,Trinadad&Tobago,<=50K
46,Private,137917,Some-college,10,Married-civ-spouse,Craft-repair,Husband,White,Male,0,0,40,United-States,>50K
24,Private,191243,HS-grad,9,Never-married,Adm-clerical,Own-child,White,Female,0,0,40,United-States,<=50K
30,Private,40142,Assoc-acdm,12,Married-spouse-absent,Sales,Not-in-family,Black,Female,0,0,40,United-States,<=50K
52,Private,222615,12th,8,Separated,Machine-op-inspct,Other-relative,White,Female,0,0,40,Cuba,<=50K
53,Self-emp-not-inc,385183,Some-college,10,Married-civ-spouse,Other-service,Husband,White,Male,0,0,60,United-States,<=50K
48,State-gov,225454,Some-college,10,Divorced,Exec-managerial,Not-in-family,White,Female,0,0,40,United-States,<=50K
46,Private,328239,HS-grad,9,Married-civ-spouse,Craft-repair,Husband,White,Male,0,0,40,United-States,>50K
66,Local-gov,261561,Masters,14,Widowed,Prof-specialty,Not-in-family,White,Female,0,0,40,United-States,<=50K
52,Private,94391,HS-grad,9,Married-civ-spouse,Adm-clerical,Husband,White,Male,0,0,40,United-States,<=50K
20,Private,318865,Some-college,10,Never-married,Sales,Not-in-family,White,Male,0,0,25,United-States,<=50K
33,Local-gov,120508,Bachelors,13,Divorced,Protective-serv,Unmarried,White,Female,0,0,60,Germany,<=50K
23,Private,456062,Bachelors,13,Never-married,Exec-managerial,Not-in-family,White,Female,0,0,50,United-States,<=50K
31,Private,376416,Bachelors,13,Never-married,Prof-specialty,Not-in-family,White,Female,0,0,40,United-States,<=50K
53,Private,239708,HS-grad,9,Divorced,Adm-clerical,Unmarried,White,Female,0,0,40,United-States,<=50K
51,Local-gov,168524,Bachelors,13,Married-civ-spouse,Exec-managerial,Husband,White,Male,0,0,50,United-States,>50K
49,Self-emp-not-inc,225456,Bachelors,13,Married-civ-spouse,Sales,Husband,White,Male,0,0,60,United-States,>50K
26,Federal-gov,172047,Assoc-voc,11,Never-married,Craft-repair,Own-child,White,Male,0,0,50,Japan,<=50K
20,Private,164938,HS-grad,9,Never-married,Craft-repair,Own-child,White,Male,0,0,40,United-States,<=50K
37,State-gov,469572,Bachelors,13,Never-married,Prof-specialty,Not-in-family,White,Male,0,0,38,United-States,<=50K
30,Private,205428,HS-grad,9,Never-married,Craft-repair,Own-child,White,Male,0,0,50,United-States,<=50K
26,Self-emp-inc,189888,Bachelors,13,Married-civ-spouse,Sales,Husband,White,Male,0,0,80,United-States,>50K
30,Private,490332,Assoc-voc,11,Married-civ-spouse,Handlers-cleaners,Husband,White,Male,0,0,40,Mexico,<=50K
38,Private,453663,HS-grad,9,Married-civ-spouse,Craft-repair,Husband,White,Male,0,0,44,United-States,<=50K
22,Private,199698,Some-college,10,Never-married,Sales,Own-child,White,Male,0,0,15,United-States,<=50K
31,Private,44780,Bachelors,13,Widowed,Adm-clerical,Unmarried,White,Male,0,0,60,United-States,<=50K
19,?,193051,Some-college,10,Never-married,?,Own-child,White,Male,0,0,40,United-States,<=50K
61,Private,149726,HS-grad,9,Married-civ-spouse,Adm-clerical,Wife,White,Female,25236,0,5,United-States,<=50K
82,Self-emp-not-inc,181091,HS-grad,9,Divorced,Exec-managerial,Not-in-family,White,Male,0,0,12,United-States,<=50K
30,Private,243842,Some-college,10,Never-married,Prof-specialty,Not-in-family,Black,Male,0,0,45,United-States,<=50K
65,Local-gov,240166,11th,7,Married-civ-spouse,Transport-moving,Husband,White,Male,0,0,35,United-States,<=50K
40,Private,199832,Bachelors,13,Separated,Sales,Not-in-family,White,Male,0,0,40,United-States,<=50K
27,Private,147340,Some-college,10,Never-married,Exec-managerial,Own-child,White,Female,0,0,40,United-States,<=50K
46,Self-emp-not-inc,198183,Some-college,10,Divorced,Exec-managerial,Unmarried,White,Female,0,0,50,United-States,<=50K
36,Private,161141,HS-grad,9,Married-civ-spouse,Machine-op-inspct,Husband,White,Male,0,0,40,United-States,<=50K
43,Private,130408,10th,6,Never-married,Machine-op-inspct,Not-in-family,Black,Male,0,0,40,United-States,<=50K
21,Private,74194,Some-college,10,Never-married,Exec-managerial,Own-child,White,Female,0,0,40,United-States,<=50K
40,Private,283613,9th,5,Divorced,Transport-moving,Not-in-family,White,Male,0,0,30,United-States,<=50K
27,Private,194290,Prof-school,15,Never-married,Prof-specialty,Own-child,White,Female,0,0,40,United-States,<=50K
34,Private,272669,Bachelors,13,Never-married,Adm-clerical,Not-in-family,White,Female,0,0,40,United-States,<=50K
60,Private,241013,HS-grad,9,Married-civ-spouse,Machine-op-inspct,Husband,Black,Male,0,0,40,United-States,<=50K
46,Private,172695,11th,7,Widowed,Other-service,Not-in-family,White,Female,0,0,27,El-Salvador,<=50K
52,Private,153751,9th,5,Separated,Other-service,Not-in-family,Black,Female,0,0,30,United-States,<=50K
33,Private,149943,HS-grad,9,Married-civ-spouse,Sales,Husband,White,Male,0,0,40,United-States,>50K
49,Private,151504,Assoc-voc,11,Divorced,Prof-specialty,Unmarried,Black,Female,0,0,40,United-States,<=50K
51,Private,142717,Doctorate,16,Divorced,Craft-repair,Not-in-family,White,Female,4787,0,60,United-States,>50K
22,Private,170583,11th,7,Never-married,Craft-repair,Not-in-family,Amer-Indian-Eskimo,Male,0,0,40,United-States,<=50K
19,Private,127491,HS-grad,9,Never-married,Other-service,Not-in-family,White,Male,0,0,40,United-States,<=50K
48,Private,188972,Some-college,10,Divorced,Handlers-cleaners,Own-child,White,Male,2176,0,40,United-States,<=50K
33,Private,170721,Bachelors,13,Married-civ-spouse,Exec-managerial,Husband,White,Male,0,0,50,United-States,>50K
28,Local-gov,175325,Assoc-acdm,12,Married-civ-spouse,Protective-serv,Husband,White,Male,0,2002,40,England,<=50K
30,Private,87418,Bachelors,13,Married-civ-spouse,Exec-managerial,Husband,White,Male,0,0,45,United-States,>50K
28,Private,37937,Bachelors,13,Married-civ-spouse,Exec-managerial,Husband,White,Male,0,0,50,United-States,<=50K
22,Private,285367,Bachelors,13,Never-married,Exec-managerial,Own-child,White,Male,0,0,45,United-States,<=50K
27,Self-emp-not-inc,216149,Bachelors,13,Never-married,Craft-repair,Own-child,White,Male,0,0,35,United-States,<=50K
60,Private,125019,Bachelors,13,Divorced,Prof-specialty,Not-in-family,White,Female,8614,0,48,United-States,>50K
58,Federal-gov,72998,11th,7,Divorced,Craft-repair,Not-in-family,Black,Female,14084,0,40,United-States,>50K
22,Local-gov,388093,Some-college,10,Never-married,Prof-specialty,Own-child,White,Female,594,0,25,United-States,<=50K
21,Private,136610,12th,8,Never-married,Handlers-cleaners,Own-child,White,Male,0,0,32,United-States,<=50K
50,State-gov,24790,HS-grad,9,Married-civ-spouse,Handlers-cleaners,Husband,White,Male,0,0,40,United-States,<=50K
61,Private,219701,12th,8,Divorced,Protective-serv,Not-in-family,White,Male,0,0,37,Cuba,<=50K
47,Private,186067,Bachelors,13,Married-civ-spouse,Sales,Husband,White,Male,0,0,60,United-States,<=50K
46,Private,324469,HS-grad,9,Married-civ-spouse,Craft-repair,Husband,White,Male,0,0,40,United-States,>50K
31,Private,103435,Bachelors,13,Married-civ-spouse,Sales,Husband,White,Male,0,0,50,United-States,>50K
60,Private,241153,HS-grad,9,Married-civ-spouse,Machine-op-inspct,Husband,Black,Male,0,0,40,United-States,<=50K
36,Private,184456,Prof-school,15,Never-married,Exec-managerial,Not-in-family,White,Male,2597,0,50,United-States,>50K
34,Local-gov,207120,Bachelors,13,Never-married,Prof-specialty,Other-relative,Black,Male,0,0,15,United-States,<=50K
46,Private,369084,Prof-school,15,Married-civ-spouse,Prof-specialty,Husband,White,Male,99999,0,60,United-States,>50K
39,Private,150025,Some-college,10,Married-civ-spouse,Craft-repair,Husband,White,Male,0,0,55,United-States,>50K
49,Private,27624,HS-grad,9,Married-civ-spouse,Exec-managerial,Husband,White,Male,0,0,72,United-States,<=50K
