age,workclass,fnlwgt,education,education-num,marital-status,occupation,relationship,race,sex,capital-gain,capital-loss,hours-per-week,native-country,income
52,Federal-gov,224105,Bachelors,13,Married-civ-spouse,Protective-serv,Husband,White,Male,0,0,60,United-States,>50K
35,Private,208358,HS-grad,9,Married-civ-spouse,Transport-moving,Husband,White,Male,0,0,60,United-States,<=50K
33,Private,337505,HS-grad,9,Married-civ-spouse,Craft-repair,Husband,White,Male,0,0,40,United-States,<=50K
34,Private,93213,Masters,14,Married-civ-spouse,Other-service,Husband,White,Male,0,0,30,United-States,<=50K
67,Self-emp-inc,116517,Bachelors,13,Widowed,Other-service,Unmarried,White,Female,0,0,35,United-States,<=50K
39,Private,238255,HS-grad,9,Divorced,Adm-clerical,Unmarried,White,Female,0,0,40,United-States,<=50K
48,Private,355728,Bachelors,13,Married-civ-spouse,Prof-specialty,Husband,White,Male,0,0,45,Canada,>50K
40,State-gov,27073,Assoc-voc,11,Married-civ-spouse,Other-service,Husband,Black,Male,0,0,30,United-States,<=50K
41,Private,553473,Some-college,10,Married-spouse-absent,Other-service,Unmarried,White,Male,0,0,40,United-States,<=50K
27,Private,309974,Bachelors,13,Divorced,Prof-specialty,Not-in-family,White,Male,0,0,50,United-States,<=50K
29,Private,355728,HS-grad,9,Married-civ-spouse,Sales,Husband,White,Male,0,0,60,United-States,<=50K
17,Private,280567,9th,5,Never-married,Other-service,Own-child,White,Male,0,0,16,United-States,<=50K
19,Private,393712,HS-grad,9,Never-married,Adm-clerical,Own-child,White,Female,0,0,20,United-States,<=50K
48,Private,85874,HS-grad,9,Married-civ-spouse,Craft-repair,Husband,White,Male,0,0,40,United-States,<=50K
36,?,39100,HS-grad,9,Married-spouse-absent,?,Unmarried,Black,Male,0,0,50,United-States,<=50K
46,Federal-gov,55237,Some-college,10,Divorced,Machine-op-inspct,Unmarried,White,Male,0,0,40,United-States,<=50K
21,Private,214413,11th,7,Never-married,Handlers-cleaners,Own-child,White,Male,0,0,40,United-States,<=50K
46,Federal-gov,55237,Some-college,10,Divorced,Machine-op-inspct,Unmarried,White,Male,0,0,40,United-States,<=50K
52,Private,93127,11th,7,Married-civ-spouse,Other-service,Husband,White,Male,0,0,32,United-States,<=50K
50,Private,155489,HS-grad,9,Married-civ-spouse,Prof-specialty,Husband,White,Male,0,0,40,United-States,>50K
25,State-gov,218309,Bachelors,13,Never-married,Protective-serv,Not-in-family,Black,Female,0,0,40,United-States,<=50K
38,Private,216160,HS-grad,9,Married-civ-spouse,Machine-op-inspct,Husband,Black,Male,0,1740,40,Haiti,<=50K
66,Self-emp-not-inc,343579,HS-grad,9,Married-civ-spouse,Transport-moving,Husband,White,Male,0,0,50,United-States,>50K
34,Private,361497,11th,7,Married-civ-spouse,Transport-moving,Husband,White,Male,0,0,40,United-States,<=50K
17,?,255098,10th,6,Never-married,?,Own-child,White,Female,0,0,15,United-States,<=50K
36,Private,192995,Masters,14,Married-civ-spouse,Prof-specialty,Husband,White,Male,0,1977,60,United-States,>50K
28,State-gov,209214,HS-grad,9,Married-civ-spouse,Protective-serv,Husband,White,Male,0,0,40,United-States,<=50K
51,Private,194134,HS-grad,9,Married-civ-spouse,Protective-serv,Husband,White,Male,0,0,40,United-States,<=50K
50,Private,216160,HS-grad,9,Married-civ-spouse,Craft-repair,Husband,White,Male,0,0,40,United-States,>50K
52,Private,153997,9th,5,Separated,Other-service,Not-in-family,Black,Female,0,0,30,United-States,<=50K
44,Local-gov,100479,Assoc-acdm,12,Married-civ-spouse,Prof-specialty,Husband,White,Male,0,0,48,United-States,<=50K
71,Local-gov,376277,Bachelors,13,Widowed,Prof-specialty,Unmarried,White,Female,0,0,6,United-States,<=50K
30,Self-emp-not-inc,148959,Some-college,10,Divorced,Craft-repair,Not-in-family,White,Male,0,0,35,United-States,<=50K
26,Self-emp-not-inc,331861,Bachelors,13,Never-married,Sales,Not-in-family,White,Male,0,0,60,United-States,>50K
23,Private,327154,Some-college,10,Never-married,Machine-op-inspct,Not-in-family,White,Male,0,0,40,United-States,<=50K
34,Private,134782,Bachelors,13,Never-married,Sales,Own-child,White,Male,0,0,40,United-States,>50K
29,Private,41834,HS-grad,9,Never-married,Machine-op-inspct,Not-in-family,White,Male,0,0,48,United-States,<=50K
53,Local-gov,207140,HS-grad,9,Married-civ-spouse,Exec-managerial,Husband,Amer-Indian-Eskimo,Male,0,0,48,United-States,<=50K
29,Private,231714,Some-college,10,Married-civ-spouse,Adm-clerical,Husband,Black,Male,0,0,50,United-States,<=50K
24,Private,461678,Some-college,10,Married-civ-spouse,Farming-fishing,Husband,White,Male,0,0,50,United-States,>50K
33,Private,337606,HS-grad,9,Married-civ-spouse,Craft-repair,Husband,White,Male,0,0,40,United-States,<=50K
43,Self-emp-inc,312785,Some-college,10,Married-civ-spouse,Exec-managerial,Husband,White,Male,0,0,92,United-States,>50K
46,Private,410034,HS-grad,9,Married-civ-spouse,Exec-managerial,Husband,White,Male,0,0,40,United-States,<=50K
47,Private,30424,Some-college,10,Divorced,Other-service,Own-child,White,Female,0,0,44,United-States,<=50K
46,Private,35330,9th,5,Divorced,Other-service,Unmarried,White,Female,0,0,40,United-States,<=50K
51,Local-gov,145477,Doctorate,16,Married-civ-spouse,Prof-specialty,Husband,White,Male,0,1887,40,United-States,>50K
54,Self-emp-not-inc,164757,Assoc-voc,11,Married-civ-spouse,Craft-repair,Husband,White,Male,0,0,16,United-States,<=50K
49,Private,149040,HS-grad,9,Married-civ-spouse,Transport-moving,Husband,Black,Male,0,0,40,United-States,<=50K
31,Private,105803,Assoc-voc,11,Divorced,Craft-repair,Unmarried,White,Male,0,0,40,United-States,<=50K
38,Private,47907,Bachelors,13,Married-civ-spouse,Other-service,Husband,White,Male,0,0,35,Mexico,<=50K
37,Private,191776,Bachelors,13,Married-civ-spouse,Adm-clerical,Husband,White,Male,0,0,50,United-States,>50K
53,Private,130397,HS-grad,9,Married-civ-spouse,Machine-op-inspct,Husband,White,Male,0,0,48,United-States,<=50K
49,State-gov,154087,HS-grad,9,Divorced,Exec-managerial,Unmarried,White,Female,0,0,44,United-States,<=50K
30,Private,167350,HS-grad,9,Never-married,Sales,Unmarried,White,Female,0,0,35,Mexico,<=50K
39,Private,245053,Bachelors,13,Married-civ-spouse,Prof-specialty,Husband,White,Male,0,0,50,United-States,>50K
71,Private,78277,HS-grad,9,Married-civ-spouse,Craft-repair,Husband,White,Male,0,0,15,United-States,<=50K
40,Private,186884,Bachelors,13,Married-civ-spouse,Prof-specialty,Husband,White,Male,0,0,40,United-States,<=50K
27,Private,24790,Bachelors,13,Never-married,Sales,Not-in-family,White,Female,0,2258,55,United-States,<=50K
40,Private,398019,Assoc-voc,11,Never-married,Prof-specialty,Not-in-family,White,Female,0,0,50,United-States,<=50K
51,Private,245053,Some-college,10,Married-civ-spouse,Adm-clerical,Wife,White,Female,0,0,40,United-States,<=50K
51,Private,245053,Some-college,10,Married-civ-spouse,Adm-clerical,Wife,White,Female,0,0,40,United-States,<=50K
20,Private,244147,Some-college,10,Never-married,Craft-repair,Own-child,White,Male,0,0,40,United-States,<=50K
41,Private,106679,Masters,14,Never-married,Exec-managerial,Not-in-family,White,Male,27828,0,50,United-States,>50K
29,Local-gov,220230,Bachelors,13,Married-civ-spouse,Exec-managerial,Husband,Black,Male,0,0,40,United-States,>50K
34,Private,234537,HS-grad,9,Never-married,Machine-op-inspct,Unmarried,White,Male,0,0,40,United-States,<=50K
37,Self-emp-not-inc,353881,HS-grad,9,Married-civ-spouse,Other-service,Husband,White,Male,0,0,42,United-States,<=50K
33,Local-gov,120277,Bachelors,13,Divorced,Protective-serv,Unmarried,White,Female,0,0,60,Germany,<=50K
37,Private,225707,HS-grad,9,Married-civ-spouse,Craft-repair,Husband,White,Male,0,0,45,United-States,>50K
70,?,148959,HS-grad,9,Widowed,?,Not-in-family,White,Female,2964,0,12,United-States,<=50K
54,Private,82566,Assoc-acdm,12,Married-civ-spouse,Sales,Husband,White,Male,0,0,45,United-States,<=50K
21,Private,347292,Some-college,10,Never-married,Adm-clerical,Own-child,Asian-Pac-Islander,Male,0,0,20,United-States,<=50K
44,Private,30424,Assoc-acdm,12,Divorced,Exec-managerial,Not-in-family,White,Female,0,1980,40,United-States,<=50K
29,Private,185397,Prof-school,15,Never-married,Prof-specialty,Other-relative,White,Male,0,0,50,United-States,<=50K
26,State-gov,295896,HS-grad,9,Married-civ-spouse,Protective-serv,Husband,White,Male,0,0,38,United-States,<=50K
46,Private,353628,9th,5,Divorced,Other-service,Unmarried,White,Female,0,0,40,United-States,<=50K
50,Private,72619,Bachelors,13,Divorced,Sales,Not-in-family,White,Male,0,0,45,United-States,<=50K
44,Private,306183,Assoc-acdm,12,Divorced,Exec-managerial,Not-in-family,White,Female,0,1980,40,United-States,<=50K
38,Local-gov,72338,HS-grad,9,Married-civ-spouse,Protective-serv,Husband,Asian-Pac-Islander,Male,0,0,54,United-States,>50K
29,Private,188798,HS-grad,9,Divorced,Farming-fishing,Not-in-family,White,Male,0,0,40,United-States,<=50K
33,Private,48520,HS-grad,9,Separated,Handlers-cleaners,Not-in-family,White,Male,0,0,40,United-States,<=50K
31,Private,318865,Assoc-voc,11,Married-civ-spouse,Craft-repair,Husband,White,Male,4386,0,40,Mexico,>50K
23,Private,37599,Bachelors,13,Never-married,Adm-clerical,Not-in-family,White,Male,0,0,40,United-States,<=50K
51,Private,27804,Some-college,10,Divorced,Priv-house-serv,Unmarried,Amer-Indian-Eskimo,Female,0,0,35,United-States,<=50K
36,Private,177916,Bachelors,13,Never-married,Other-service,Not-in-family,White,Male,2176,0,20,?,<=50K
20,Private,245372,Some-college,10,Never-married,Craft-repair,Own-child,White,Male,0,0,40,United-States,<=50K
31,Private,181372,HS-grad,9,Divorced,Adm-clerical,Unmarried,White,Female,0,0,35,United-States,<=50K
51,Private,197420,Bachelors,13,Married-civ-spouse,Exec-managerial,Husband,White,Male,0,0,50,United-States,>50K
69,?,321865,Some-college,10,Never-married,?,Not-in-family,White,Male,1831,0,1,United-States,<=50K
38,Private,471452,Bachelors,13,Married-civ-spouse,Other-service,Husband,White,Male,0,0,35,Mexico,<=50K
65,State-gov,29276,7th-8th,4,Widowed,Other-service,Other-relative,White,Female,0,0,24,United-States,<=50K
36,Private,28031,Assoc-acdm,12,Never-married,Tech-support,Unmarried,White,Female,0,0,45,United-States,<=50K
59,Private,108929,Doctorate,16,Never-married,Prof-specialty,Not-in-family,White,Male,0,0,50,United-States,<=50K
58,?,53481,Bachelors,13,Married-civ-spouse,?,Husband,White,Male,0,0,70,United-States,<=50K
33,Private,226215,HS-grad,9,Divorced,Exec-managerial,Not-in-family,White,Male,0,0,60,United-States,<=50K
60,Federal-gov,63526,Bachelors,13,Married-civ-spouse,Adm-clerical,Husband,Black,Male,0,0,40,United-States,>50K
52,Private,153751,9th,5,Separated,Other-service,Not-in-family,Black,Female,0,0,30,United-States,<=50K
18,Local-gov,158420,7th-8th,4,Never-married,Farming-fishing,Own-child,White,Male,0,0,40,United-States,<=50K
36,Private,49325,Bachelors,13,Married-civ-spouse,Prof-specialty,Husband,White,Male,0,0,50,United-States,>50K
31,Self-emp-not-inc,113163,HS-grad,9,Divorced,Craft-repair,Not-in-family,White,Male,0,0,60,United-States,<=50K
34,Local-gov,108247,Some-college,10,Married-civ-spouse,Exec-managerial,Husband,White,Male,0,0,45,United-States,>50K
45,Self-emp-inc,121168,Prof-school,15,Never-married,Craft-repair,Not-in-family,White,Male,0,0,50,United-States,>50K
34,Private,135525,Bachelors,13,Never-married,Sales,Own-child,White,Male,0,0,40,United-States,>50K
25,Private,136787,Bachelors,13,Never-married,Adm-clerical,Own-child,Black,Female,0,0,40,United-States,<=50K
42,Private,337606,Some-college,10,Divorced,Adm-clerical,Not-in-family,Black,Female,0,0,40,United-States,<=50K
48,Private,162236,Bachelors,13,Divorced,Exec-managerial,Not-in-family,White,Female,0,0,50,United-States,>50K
44,Private,61178,Masters,14,Married-civ-spouse,Exec-managerial,Husband,White,Male,0,0,40,United-States,>50K
25,Private,109277,HS-grad,9,Never-married,Adm-clerical,Own-child,White,Female,0,0,40,United-States,<=50K
58,Private,111243,HS-grad,9,Married-civ-spouse,Farming-fishing,Husband,White,Male,0,0,45,United-States,<=50K
35,Private,103407,HS-grad,9,Never-married,Craft-repair,Not-in-family,White,Male,2829,0,44,United-States,>50K
28,Private,310483,12th,8,Never-married,Prof-specialty,Unmarried,White,Female,0,0,40,United-States,<=50K
22,Federal-gov,472604,Bachelors,13,Never-married,Tech-support,Own-child,White,Male,0,0,8,United-States,<=50K
47,Private,27804,10th,6,Married-civ-spouse,Craft-repair,Husband,White,Male,0,0,35,United-States,<=50K
22,Private,219086,Some-college,10,Married-civ-spouse,Sales,Husband,White,Male,0,0,55,United-States,<=50K
55,Private,127892,Some-college,10,Married-civ-spouse,Transport-moving,Husband,White,Male,0,0,60,United-States,<=50K
21,Private,73392,Some-college,10,Never-married,Exec-managerial,Own-child,White,Female,0,0,40,United-States,<=50K
63,Private,255098,Assoc-voc,11,Divorced,Other-service,Not-in-family,White,Female,0,0,20,United-States,<=50K
19,Private,144322,Some-college,10,Never-married,Adm-clerical,Own-child,White,Male,0,0,18,United-States,<=50K
42,Private,332657,HS-grad,9,Divorced,Machine-op-inspct,Not-in-family,White,Male,0,0,40,United-States,<=50K
19,Private,102723,Some-college,10,Never-married,Adm-clerical,Own-child,White,Female,0,0,40,United-States,<=50K
19,Private,134367,Some-college,10,Never-married,Sales,Own-child,White,Male,0,0,15,United-States,<=50K
33,Self-emp-inc,287480,Some-college,10,Married-civ-spouse,Exec-managerial,Husband,White,Male,0,0,50,United-States,>50K
45,Federal-gov,87207,HS-grad,9,Married-civ-spouse,Adm-clerical,Wife,White,Female,0,0,37,United-States,<=50K
23,Private,175710,11th,7,Never-married,Farming-fishing,Other-relative,White,Female,0,0,40,Puerto-Rico,<=50K
20,Private,104164,HS-grad,9,Never-married,Handlers-cleaners,Own-child,White,Male,0,0,40,United-States,<=50K
62,Private,159822,Some-college,10,Married-civ-spouse,Adm-clerical,Wife,White,Female,0,0,38,United-States,>50K
44,Private,225707,Some-college,10,Divorced,Sales,Unmarried,White,Female,0,1092,46,United-States,<=50K
32,Self-emp-inc,205005,Some-college,10,Married-civ-spouse,Sales,Husband,White,Male,0,0,99,United-States,>50K
50,Private,155489,HS-grad,9,Married-civ-spouse,Prof-specialty,Husband,White,Male,0,0,40,United-States,>50K
60,Private,204502,HS-grad,9,Separated,Other-service,Not-in-family,White,Female,0,0,25,United-States,<=50K
36,Private,172186,9th,5,Married-civ-spouse,Handlers-cleaners,Husband,White,Male,0,0,40,United-States,<=50K
19,Private,102723,Some-college,10,Never-married,Adm-clerical,Own-child,White,Female,0,0,40,United-States,<=50K
25,State-gov,218689,Bachelors,13,Never-married,Protective-serv,Not-in-family,Black,Female,0,0,40,United-States,<=50K
23,Private,175837,Some-college,10,Never-married,Other-service,Other-relative,White,Female,0,0,25,United-States,<=50K
46,Private,39952,HS-grad,9,Married-civ-spouse,Craft-repair,Husband,Black,Male,0,1902,40,United-States,>50K
56,Local-gov,277488,Bachelors,13,Married-civ-spouse,Protective-serv,Husband,White,Male,0,0,40,United-States,>50K
35,Private,23438,11th,7,Separated,Other-service,Unmarried,White,Male,0,0,20,United-States,<=50K
34,Private,90415,Assoc-voc,11,Never-married,Tech-support,Not-in-family,Black,Male,0,0,40,United-States,<=50K
17,Private,79190,10th,6,Never-married,Priv-house-serv,Other-relative,White,Male,0,0,30,United-States,<=50K
62,Private,110103,HS-grad,9,Widowed,Craft-repair,Unmarried,Black,Female,0,0,40,United-States,<=50K
48,Private,237920,Bachelors,13,Separated,Adm-clerical,Unmarried,Asian-Pac-Islander,Female,0,0,40,Philippines,<=50K
25,Self-emp-not-inc,113948,Assoc-voc,11,Married-civ-spouse,Other-service,Wife,White,Female,0,0,45,United-States,<=50K
39,Private,33474,11th,7,Married-civ-spouse,Machine-op-inspct,Husband,White,Male,0,0,40,United-States,<=50K
30,State-gov,61989,Some-college,10,Never-married,Prof-specialty,Not-in-family,White,Female,0,0,5,United-States,<=50K
43,State-gov,20676,Bachelors,13,Married-civ-spouse,Adm-clerical,Husband,White,Male,0,0,50,United-States,>50K
33,?,190293,HS-grad,9,Never-married,?,Unmarried,Black,Female,0,0,20,United-States,<=50K
26,Federal-gov,73392,Some-college,10,Married-civ-spouse,Exec-managerial,Husband,White,Male,0,0,32,United-States,<=50K
42,Local-gov,126614,Bachelors,13,Married-civ-spouse,Prof-specialty,Wife,White,Female,0,0,40,United-States,>50K
50,Private,109277,9th,5,Married-civ-spouse,Machine-op-inspct,Husband,White,Male,0,0,48,United-States,<=50K
22,State-gov,181608,Bachelors,13,Never-married,Prof-specialty,Own-child,Black,Male,0,0,20,United-States,<=50K
45,Self-emp-inc,84324,Assoc-acdm,12,Married-civ-spouse,Prof-specialty,Husband,White,Male,0,0,50,United-States,>50K
22,?,165532,Some-college,10,Never-married,?,Own-child,White,Female,0,0,40,Italy,<=50K
47,Self-emp-inc,77660,Some-college,10,Married-civ-spouse,Exec-managerial,Husband,White,Male,15024,0,50,United-States,>50K
42,Private,337606,Some-college,10,Divorced,Adm-clerical,Not-in-family,Black,Female,0,0,40,United-States,<=50K
28,Private,60288,HS-grad,9,Never-married,Adm-clerical,Own-child,White,Female,0,0,40,United-States,<=50K
21,Private,30424,Some-college,10,Married-civ-spouse,Craft-repair,Husband,White,Male,0,0,54,United-States,<=50K
46,Private,121124,HS-grad,9,Divorced,Craft-repair,Not-in-family,White,Female,0,0,40,United-States,<=50K
47,Private,147430,HS-grad,9,Married-civ-spouse,Craft-repair,Husband,White,Male,0,0,40,United-States,>50K
23,Private,328013,Some-college,10,Never-married,Machine-op-inspct,Not-in-family,White,Male,0,0,40,United-States,<=50K
45,Federal-gov,87207,HS-grad,9,Married-civ-spouse,Adm-clerical,Wife,White,Female,0,0,37,United-States,<=50K
48,?,144750,Some-college,10,Divorced,?,Unmarried,Black,Female,0,0,30,United-States,<=50K
39,Self-emp-inc,122742,Assoc-acdm,12,Married-civ-spouse,Exec-managerial,Husband,White,Male,15024,0,55,United-States,>50K
42,Private,186651,Masters,14,Married-civ-spouse,Exec-managerial,Husband,White,Male,0,2415,55,United-States,>50K
77,?,233275,9th,5,Married-civ-spouse,?,Husband,Black,Male,0,0,40,United-States,<=50K
54,Local-gov,284871,Masters,14,Never-married,Prof-specialty,Not-in-family,White,Female,0,0,32,United-States,>50K
71,State-gov,210797,HS-grad,9,Married-civ-spouse,Protective-serv,Husband,White,Male,0,0,28,United-States,<=50K
37,Self-emp-not-inc,35305,HS-grad,9,Married-civ-spouse,Other-service,Husband,White,Male,0,0,43,United-States,<=50K
30,Private,87418,Bachelors,13,Married-civ-spouse,Exec-managerial,Husband,White,Male,0,0,45,United-States,>50K
27,Private,58150,HS-grad,9,Separated,Craft-repair,Own-child,White,Male,0,0,40,United-States,<=50K
17,Private,95909,11th,7,Never-married,Handlers-cleaners,Own-child,White,Male,0,0,12,United-States,<=50K
38,Private,269786,HS-grad,9,Married-civ-spouse,Farming-fishing,Husband,White,Male,0,0,42,United-States,<=50K
21,Private,344891,Some-college,10,Never-married,Adm-clerical,Own-child,Asian-Pac-Islander,Male,0,0,20,United-States,<=50K
65,Private,180280,Some-college,10,Married-civ-spouse,Exec-managerial,Wife,White,Female,0,0,40,United-States,<=50K
48,Private,354558,Bachelors,13,Married-civ-spouse,Prof-specialty,Husband,White,Male,0,0,45,Canada,>50K
31,Self-emp-not-inc,235951,Some-college,10,Married-civ-spouse,Craft-repair,Husband,White,Male,0,0,60,United-States,<=50K
28,Private,113588,HS-grad,9,Never-married,Adm-clerical,Not-in-family,White,Male,0,0,40,United-States,<=50K
20,Private,398019,Some-college,10,Never-married,Farming-fishing,Not-in-family,White,Female,0,0,40,United-States,<=50K
31,Private,316769,Assoc-voc,11,Married-civ-spouse,Craft-repair,Husband,White,Male,4386,0,40,Mexico,>50K
50,Private,109277,9th,5,Married-civ-spouse,Machine-op-inspct,Husband,White,Male,0,0,48,United-States,<=50K
26,State-gov,293726,HS-grad,9,Married-civ-spouse,Protective-serv,Husband,White,Male,0,0,38,United-States,<=50K
43,Private,263970,11th,7,Never-married,Other-service,Not-in-family,Black,Male,0,0,40,United-States,<=50K
39,Private,293176,HS-grad,9,Divorced,Exec-managerial,Unmarried,White,Female,0,0,40,United-States,<=50K
44,Self-emp-inc,220656,HS-grad,9,Married-civ-spouse,Other-service,Husband,Black,Male,0,0,48,United-States,<=50K
20,Private,163212,HS-grad,9,Never-married,Handlers-cleaners,Own-child,White,Female,0,0,20,United-States,<=50K
40,Private,353628,Some-college,10,Married-civ-spouse,Craft-repair,Husband,Black,Male,0,0,40,United-States,>50K
36,Private,175643,HS-grad,9,Married-civ-spouse,Craft-repair,Husband,White,Male,0,0,35,United-States,<=50K
51,Local-gov,146325,Doctorate,16,Married-civ-spouse,Prof-specialty,Husband,White,Male,0,1887,40,United-States,>50K
25,Local-gov,45474,Bachelors,13,Married-civ-spouse,Prof-specialty,Husband,White,Male,0,0,60,United-States,<=50K
41,Private,328013,Masters,14,Never-married,Prof-specialty,Not-in-family,Black,Male,0,0,65,United-States,<=50K
50,Private,155574,HS-grad,9,Married-civ-spouse,Prof-specialty,Husband,White,Male,0,0,40,United-States,>50K
29,Private,127892,Bachelors,13,Married-civ-spouse,Sales,Husband,White,Male,0,0,45,United-States,<=50K
70,?,149210,HS-grad,9,Widowed,?,Not-in-family,White,Female,2964,0,12,United-States,<=50K
44,State-gov,462440,Doctorate,16,Never-married,Prof-specialty,Not-in-family,White,Male,0,0,45,United-States,>50K
45,Private,72351,Assoc-voc,11,Divorced,Exec-managerial,Not-in-family,White,Male,0,0,60,United-States,<=50K
40,Self-emp-inc,141058,Bachelors,13,Married-civ-spouse,Exec-managerial,Wife,White,Female,0,0,55,United-States,>50K
26,Private,166961,HS-grad,9,Never-married,Transport-moving,Own-child,White,Male,0,0,50,United-States,<=50K
50,Private,238255,HS-grad,9,Married-civ-spouse,Sales,Husband,White,Male,0,1887,55,United-States,>50K
69,Private,229051,Bachelors,13,Widowed,Prof-specialty,Not-in-family,White,Male,0,2282,40,United-States,>50K
43,Private,165922,Some-college,10,Divorced,Adm-clerical,Not-in-family,White,Male,0,0,48,United-States,<=50K
18,Private,423024,HS-grad,9,Never-married,Other-service,Not-in-family,White,Male,0,0,20,United-States,<=50K
36,Local-gov,312017,Bachelors,13,Never-married,Prof-specialty,Own-child,Black,Male,0,0,35,United-States,<=50K
55,Private,197600,HS-grad,9,Never-married,Priv-house-serv,Unmarried,White,Female,0,0,40,Mexico,<=50K
46,Local-gov,121441,HS-grad,9,Divorced,Adm-clerical,Unmarried,White,Female,0,0,30,United-States,<=50K
56,Local-gov,275967,Bachelors,13,Married-civ-spouse,Protective-serv,Husband,White,Male,0,0,40,United-States,>50K
48,Private,233786,HS-grad,9,Married-civ-spouse,Exec-managerial,Husband,White,Male,0,0,50,United-States,<=50K
30,Private,117983,Some-college,10,Married-civ-spouse,Transport-moving,Husband,Black,Male,0,0,35,United-States,<=50K
70,?,149040,HS-grad,9,Widowed,?,Not-in-family,White,Female,2964,0,12,United-States,<=50K
20,Private,184529,Some-college,10,Never-married,Tech-support,Own-child,White,Female,0,0,20,United-States,<=50K
23,Private,27073,Some-college,10,Never-married,Adm-clerical,Unmarried,Other,Female,0,0,40,United-States,<=50K
47,Local-gov,173938,Bachelors,13,Married-civ-spouse,Craft-repair,Husband,White,Male,0,0,50,United-States,>50K
44,Self-emp-inc,57233,Some-college,10,Married-civ-spouse,Craft-repair,Husband,White,Male,0,0,40,United-States,>50K
40,Federal-gov,77332,Some-college,10,Divorced,Adm-clerical,Not-in-family,White,Female,0,0,50,United-States,<=50K
26,Private,322547,Bachelors,13,Never-married,Prof-specialty,Not-in-family,White,Female,0,0,45,United-States,<=50K
33,Private,204470,Some-college,10,Divorced,Adm-clerical,Not-in-family,White,Female,0,0,40,United-States,<=50K
43,Local-gov,41432,Some-college,10,Separated,Craft-repair,Not-in-family,Black,Male,0,0,40,United-States,<=50K
32,Private,193285,HS-grad,9,Never-married,Craft-repair,Own-child,White,Male,0,0,40,United-States,<=50K
23,Private,126614,Some-college,10,Never-married,Other-service,Not-in-family,Asian-Pac-Islander,Female,0,0,35,Vietnam,<=50K
23,Private,175643,11th,7,Never-married,Farming-fishing,Other-relative,White,Female,0,0,40,Puerto-Rico,<=50K
32,Private,102986,5th-6th,3,Married-civ-spouse,Machine-op-inspct,Wife,Asian-Pac-Islander,Female,0,0,40,Laos,>50K
40,Private,221172,Assoc-acdm,12,Married-civ-spouse,Exec-managerial,Husband,White,Male,0,0,50,United-States,>50K
38,Private,190406,Assoc-acdm,12,Divorced,Craft-repair,Unmarried,White,Female,0,0,40,United-States,<=50K
41,Private,327406,Masters,14,Never-married,Prof-specialty,Not-in-family,Black,Male,0,0,65,United-States,<=50K
66,Self-emp-not-inc,34218,HS-grad,9,Married-civ-spouse,Transport-moving,Husband,White,Male,0,0,50,United-States,>50K
80,Private,86872,Doctorate,16,Married-civ-spouse,Prof-specialty,Husband,White,Male,0,0,30,United-States,<=50K
34,Private,83800,Some-college,10,Married-civ-spouse,Other-service,Wife,White,Female,0,0,30,United-States,<=50K
47,Private,104068,HS-grad,9,Divorced,Prof-specialty,Unmarried,Amer-Indian-Eskimo,Female,0,0,40,United-States,<=50K
23,Private,251508,Assoc-acdm,12,Married-civ-spouse,Handlers-cleaners,Husband,White,Male,0,0,25,United-States,<=50K
49,State-gov,154493,HS-grad,9,Divorced,Exec-managerial,Unmarried,White,Female,0,0,44,United-States,<=50K
50,Private,109277,9th,5,Married-civ-spouse,Machine-op-inspct,Husband,White,Male,0,0,48,United-States,<=50K
33,Private,93056,HS-grad,9,Married-civ-spouse,Transport-moving,Husband,White,Male,0,0,40,United-States,<=50K
40,Private,393712,Assoc-voc,11,Never-married,Prof-specialty,Not-in-family,White,Female,0,0,50,United-States,<=50K
29,Private,188401,HS-grad,9,Divorced,Farming-fishing,Not-in-family,White,Male,0,0,40,United-States,<=50K
62,Self-emp-inc,354075,Bachelors,13,Married-civ-spouse,Exec-managerial,Husband,White,Male,0,0,50,United-States,>50K
33,Private,110798,Some-college,10,Divorced,Craft-repair,Other-relative,Other,Female,0,0,40,United-States,<=50K
38,Private,192939,Bachelors,13,Married-civ-spouse,Exec-managerial,Husband,White,Male,7688,0,40,United-States,>50K
21,Private,278632,Some-college,10,Never-married,Sales,Not-in-family,White,Female,0,0,55,United-States,<=50K
49,Private,187164,Masters,14,Married-civ-spouse,Exec-managerial,Husband,White,Male,15024,0,50,United-States,>50K
28,State-gov,210574,HS-grad,9,Married-civ-spouse,Protective-serv,Husband,White,Male,0,0,40,United-States,<=50K
30,Private,158704,Bachelors,13,Never-married,Prof-specialty,Not-in-family,White,Male,0,0,50,Iran,<=50K
33,Private,171114,Bachelors,13,Married-civ-spouse,Exec-managerial,Husband,White,Male,0,0,50,United-States,>50K
37,Private,209109,5th-6th,3,Never-married,Machine-op-inspct,Unmarried,White,Female,0,0,40,Mexico,<=50K
26,Self-emp-not-inc,232475,HS-grad,9,Married-civ-spouse,Craft-repair,Husband,White,Male,0,0,40,United-States,<=50K
45,Private,72618,Assoc-voc,11,Divorced,Exec-managerial,Not-in-family,White,Male,0,0,60,United-States,<=50K
31,Private,309778,Bachelors,13,Separated,Sales,Own-child,Black,Female,0,0,40,United-States,<=50K
36,Private,33487,Bachelors,13,Married-civ-spouse,Sales,Husband,White,Male,0,1887,35,United-States,>50K
51,Federal-gov,336880,Some-college,10,Separated,Prof-specialty,Not-in-family,Black,Female,0,0,40,United-States,>50K
65,Without-pay,27012,7th-8th,4,Widowed,Farming-fishing,Unmarried,White,Female,0,0,50,United-States,<=50K
28,Private,60288,HS-grad,9,Never-married,Adm-clerical,Own-child,White,Female,0,0,40,United-States,<=50K
50,Private,144750,Prof-school,15,Married-civ-spouse,Prof-specialty,Husband,White,Male,0,2415,60,United-States,>50K
29,Private,553473,HS-grad,9,Never-married,Farming-fishing,Not-in-family,White,Male,0,0,50,?,<=50K
19,Private,301638,Some-college,10,Never-married,Craft-repair,Own-child,White,Female,0,0,40,United-States,<=50K
53,Private,108836,9th,5,Married-civ-spouse,Transport-moving,Husband,White,Male,0,0,40,United-States,<=50K
44,Private,323798,Bachelors,13,Never-married,Exec-managerial,Not-in-family,White,Female,0,0,5,United-States,<=50K
23,Private,175837,11th,7,Never-married,Farming-fishing,Other-relative,White,Female,0,0,40,Puerto-Rico,<=50K
35,Private,355686,Some-college,10,Married-civ-spouse,Tech-support,Husband,White,Male,2829,0,55,Poland,<=50K
42,Federal-gov,34310,Bachelors,13,Married-civ-spouse,Exec-managerial,Husband,White,Male,7298,0,50,United-States,>50K
49,Self-emp-not-inc,148254,HS-grad,9,Divorced,Farming-fishing,Not-in-family,White,Female,0,0,28,United-States,<=50K
25,Private,227840,Some-college,10,Never-married,Craft-repair,Other-relative,Asian-Pac-Islander,Female,0,0,40,Cambodia,<=50K
32,Private,150548,HS-grad,9,Married-civ-spouse,Handlers-cleaners,Husband,White,Male,0,0,40,United-States,>50K
31,Private,328118,Some-college,10,Never-married,Other-service,Not-in-family,White,Female,0,0,20,United-States,<=50K
50,Local-gov,254211,Some-college,10,Married-civ-spouse,Farming-fishing,Husband,White,Male,0,0,40,Mexico,<=50K
43,Self-emp-inc,314739,Some-college,10,Married-civ-spouse,Exec-managerial,Husband,White,Male,0,0,92,United-States,>50K
57,Private,124318,HS-grad,9,Married-civ-spouse,Adm-clerical,Wife,White,Female,0,0,45,United-States,<=50K
21,Private,249751,HS-grad,9,Never-married,Adm-clerical,Own-child,White,Male,0,0,40,United-States,<=50K
43,Self-emp-not-inc,63526,Some-college,10,Married-civ-spouse,Farming-fishing,Husband,White,Male,0,0,50,United-States,<=50K
27,Private,247547,Bachelors,13,Never-married,Sales,Not-in-family,White,Female,0,2258,55,United-States,<=50K
56,Private,182062,HS-grad,9,Married-civ-spouse,Transport-moving,Husband,White,Male,0,0,48,United-States,>50K
27,State-gov,68393,Bachelors,13,Never-married,Adm-clerical,Not-in-family,White,Female,0,0,40,United-States,<=50K
34,Private,157569,Bachelors,13,Married-civ-spouse,Exec-managerial,Husband,White,Male,0,0,40,United-States,>50K
67,Local-gov,259757,HS-grad,9,Divorced,Other-service,Not-in-family,White,Female,0,0,24,United-States,<=50K
63,Private,280440,9th,5,Married-civ-spouse,Handlers-cleaners,Husband,White,Male,0,0,32,United-States,<=50K
39,Self-emp-not-inc,190293,Bachelors,13,Married-civ-spouse,Sales,Husband,White,Male,0,0,60,United-States,<=50K
56,Private,198145,HS-grad,9,Divorced,Adm-clerical,Not-in-family,White,Female,0,0,40,United-States,<=50K
52,Private,119111,HS-grad,9,Married-civ-spouse,Machine-op-inspct,Husband,White,Male,0,0,40,United-States,<=50K
37,State-gov,466325,Bachelors,13,Never-married,Prof-specialty,Not-in-family,White,Male,0,0,38,United-States,<=50K
51,Private,106728,Bachelors,13,Married-civ-spouse,Exec-managerial,Husband,White,Male,5178,0,60,United-States,>50K
67,Private,193285,HS-grad,9,Widowed,Adm-clerical,Unmarried,White,Female,6723,0,40,United-States,<=50K
34,Federal-gov,112115,Some-college,10,Never-married,Craft-repair,Other-relative,White,Male,0,0,40,United-States,<=50K
25,Private,130408,10th,6,Never-married,Farming-fishing,Unmarried,Amer-Indian-Eskimo,Male,0,0,40,United-States,<=50K
23,Private,143809,Masters,14,Never-married,Prof-specialty,Own-child,White,Female,0,0,36,United-States,<=50K
39,Local-gov,100011,Assoc-acdm,12,Never-married,Tech-support,Not-in-family,White,Female,0,0,38,United-States,<=50K
24,Self-emp-not-inc,171807,Assoc-acdm,12,Never-married,Craft-repair,Own-child,White,Male,0,0,40,United-States,<=50K
31,Private,344200,Some-college,10,Married-civ-spouse,Sales,Husband,White,Male,0,0,40,United-States,<=50K
44,Local-gov,56651,Bachelors,13,Married-civ-spouse,Exec-managerial,Husband,White,Male,0,0,52,United-States,<=50K
56,Private,181912,HS-grad,9,Married-civ-spouse,Transport-moving,Husband,White,Male,0,0,48,United-States,>50K
45,Private,319637,HS-grad,9,Divorced,Other-service,Unmarried,White,Female,0,0,40,United-States,<=50K
35,Private,184806,Bachelors,13,Married-civ-spouse,Prof-specialty,Husband,White,Male,0,0,50,United-States,>50K
36,State-gov,77146,Masters,14,Never-married,Prof-specialty,Not-in-family,White,Male,0,0,40,United-States,<=50K
43,State-gov,205005,Bachelors,13,Married-civ-spouse,Adm-clerical,Husband,White,Male,0,0,50,United-States,>50K
50,Private,337908,HS-grad,9,Married-civ-spouse,Machine-op-inspct,Husband,White,Male,0,1485,40,United-States,<=50K
20,?,34965,Some-college,10,Never-married,?,Own-child,Amer-Indian-Eskimo,Male,0,0,72,United-States,<=50K
31,Self-emp-not-inc,234504,Some-college,10,Married-civ-spouse,Craft-repair,Husband,White,Male,0,0,60,United-States,<=50K
40,Private,193602,Assoc-acdm,12,Separated,Machine-op-inspct,Not-in-family,White,Male,0,0,40,Peru,<=50K
45,Private,34378,Bachelors,13,Never-married,Transport-moving,Not-in-family,White,Male,0,0,30,United-States,<=50K
54,Private,216160,Masters,14,Married-civ-spouse,Exec-managerial,Husband,White,Male,0,1887,44,United-States,>50K
39,Private,67433,Assoc-voc,11,Never-married,Prof-specialty,Not-in-family,White,Female,4650,0,32,United-States,<=50K
55,Private,116878,Doctorate,16,Married-civ-spouse,Prof-specialty,Husband,White,Male,15024,0,30,United-States,>50K
36,Private,118909,Assoc-acdm,12,Never-married,Adm-clerical,Unmarried,Black,Female,0,0,40,Jamaica,<=50K
37,Private,450141,Assoc-acdm,12,Divorced,Exec-managerial,Not-in-family,White,Female,0,0,40,United-States,<=50K
20,Private,637080,Some-college,10,Never-married,Sales,Not-in-family,White,Male,0,0,25,United-States,<=50K
28,Self-emp-not-inc,33363,HS-grad,9,Married-civ-spouse,Farming-fishing,Husband,White,Male,0,0,70,United-States,>50K
29,Private,196791,HS-grad,9,Never-married,Machine-op-inspct,Not-in-family,White,Female,0,0,40,United-States,<=50K
27,Private,376540,HS-grad,9,Never-married,Farming-fishing,Other-relative,White,Male,0,0,40,Laos,<=50K
49,Private,237920,Doctorate,16,Married-civ-spouse,Sales,Husband,White,Male,0,0,60,United-States,<=50K
44,Private,889965,HS-grad,9,Married-civ-spouse,Handlers-cleaners,Wife,White,Female,3137,0,30,United-States,<=50K
44,Local-gov,287372,Assoc-voc,11,Divorced,Protective-serv,Own-child,White,Female,0,0,40,Cuba,<=50K
58,Private,227890,HS-grad,9,Separated,Other-service,Not-in-family,White,Female,2907,0,43,United-States,<=50K
81,?,89391,Prof-school,15,Married-civ-spouse,?,Husband,White,Male,0,0,24,United-States,>50K
58,State-gov,198258,Bachelors,13,Married-civ-spouse,Adm-clerical,Husband,White,Male,0,0,35,United-States,>50K
67,Private,19302,HS-grad,9,Widowed,Adm-clerical,Unmarried,White,Female,6723,0,40,United-States,<=50K
63,Private,361631,Masters,14,Separated,Prof-specialty,Not-in-family,White,Female,0,0,40,United-States,>50K
51,Private,350387,Some-college,10,Divorced,Prof-specialty,Unmarried,White,Female,0,0,40,United-States,<=50K
30,Private,167558,HS-grad,9,Never-married,Sales,Unmarried,White,Female,0,0,35,Mexico,<=50K
52,Private,114062,HS-grad,9,Divorced,Craft-repair,Unmarried,White,Female,0,0,40,United-States,<=50K
49,State-gov,175710,Some-college,10,Married-civ-spouse,Prof-specialty,Husband,White,Male,0,0,50,United-States,>50K
33,Private,168526,Bachelors,13,Married-civ-spouse,Exec-managerial,Husband,White,Male,0,0,50,United-States,>50K
31,Private,262778,HS-grad,9,Never-married,Adm-clerical,Not-in-family,White,Female,0,0,40,Germany,<=50K
44,Private,60288,Masters,14,Married-civ-spouse,Exec-managerial,Husband,White,Male,0,0,40,United-States,>50K
39,Self-emp-inc,122742,Assoc-acdm,12,Married-civ-spouse,Exec-managerial,Husband,White,Male,15024,0,55,United-States,>50K
46,Private,403911,Assoc-voc,11,Married-civ-spouse,Craft-repair,Husband,Black,Male,0,0,40,United-States,>50K
46,Self-emp-inc,112820,Bachelors,13,Divorced,Exec-managerial,Not-in-family,White,Female,0,0,50,United-States,<=50K
36,Local-gov,410632,Bachelors,13,Married-civ-spouse,Prof-specialty,Husband,White,Male,0,1887,40,United-States,>50K
44,Private,303867,Assoc-acdm,12,Divorced,Exec-managerial,Not-in-family,White,Female,0,1980,40,United-States,<=50K
31,Private,202950,Some-college,10,Divorced,Adm-clerical,Unmarried,Black,Female,0,0,40,United-States,<=50K
31,Private,151141,Assoc-acdm,12,Never-married,Tech-support,Not-in-family,Asian-Pac-Islander,Female,0,0,40,United-States,<=50K
47,Private,306538,Some-college,10,Divorced,Other-service,Own-child,White,Female,0,0,44,United-States,<=50K
56,Self-emp-not-inc,155574,HS-grad,9,Married-civ-spouse,Craft-repair,Husband,White,Male,0,0,40,United-States,<=50K
22,Private,258509,HS-grad,9,Never-married,Transport-moving,Own-child,Black,Male,0,0,24,United-States,<=50K
22,Private,39952,5th-6th,3,Married-civ-spouse,Machine-op-inspct,Other-relative,White,Female,0,0,40,Outlying-US(Guam-USVI-etc),<=50K
51,Federal-gov,336880,Some-college,10,Separated,Prof-specialty,Not-in-family,Black,Female,0,0,40,United-States,>50K
63,Private,174395,HS-grad,9,Divorced,Other-service,Not-in-family,White,Female,0,0,40,United-States,<=50K
44,Local-gov,157747,Masters,14,Divorced,Prof-specialty,Not-in-family,White,Female,0,0,50,United-States,>50K
52,Private,104501,Some-college,10,Married-civ-spouse,Prof-specialty,Husband,White,Male,0,0,40,Germany,>50K
30,Private,340755,Some-college,10,Married-civ-spouse,Machine-op-inspct,Husband,White,Male,0,0,40,United-States,<=50K
51,Self-emp-not-inc,159032,Assoc-voc,11,Married-civ-spouse,Tech-support,Husband,White,Male,0,0,38,United-States,>50K
23,Private,124950,Some-college,10,Never-married,Other-service,Not-in-family,Asian-Pac-Islander,Female,0,0,35,Vietnam,<=50K
32,Private,19302,HS-grad,9,Never-married,Craft-repair,Own-child,White,Male,0,0,40,United-States,<=50K
29,State-gov,380674,Bachelors,13,Never-married,Craft-repair,Not-in-family,White,Male,0,0,40,United-States,<=50K
57,Private,102442,Some-college,10,Divorced,Adm-clerical,Unmarried,White,Female,0,0,40,United-States,<=50K
19,Private,133515,HS-grad,9,Never-married,Other-service,Own-child,White,Male,0,0,35,United-States,<=50K
56,Federal-gov,156842,Some-college,10,Separated,Other-service,Not-in-family,Black,Male,0,0,40,United-States,<=50K
30,Private,87418,Bachelors,13,Married-civ-spouse,Exec-managerial,Husband,White,Male,0,0,45,United-States,>50K
23,Private,216497,HS-grad,9,Never-married,Transport-moving,Own-child,White,Male,0,0,40,United-States,<=50K
38,Private,216385,HS-grad,9,Married-civ-spouse,Machine-op-inspct,Husband,Black,Male,0,1740,40,Haiti,<=50K
39,Private,197150,HS-grad,9,Divorced,Craft-repair,Unmarried,White,Male,0,0,50,El-Salvador,<=50K
34,Local-gov,108247,Some-college,10,Married-civ-spouse,Exec-managerial,Husband,White,Male,0,0,45,United-States,>50K
22,?,263970,Some-college,10,Never-married,?,Not-in-family,White,Female,0,0,28,United-States,<=50K
36,Private,210377,Bachelors,13,Married-civ-spouse,Prof-specialty,Husband,White,Male,0,0,38,United-States,<=50K
54,Self-emp-not-inc,36327,7th-8th,4,Married-civ-spouse,Machine-op-inspct,Husband,White,Male,0,0,50,United-States,<=50K
29,Private,35448,HS-grad,9,Married-civ-spouse,Sales,Husband,White,Male,0,0,60,United-States,<=50K
37,Private,44780,Assoc-acdm,12,Divorced,Exec-managerial,Not-in-family,White,Female,0,0,40,United-States,<=50K
32,Private,155232,Bachelors,13,Divorced,Protective-serv,Not-in-family,Black,Male,0,0,60,United-States,>50K
39,Private,67433,Assoc-voc,11,Never-married,Prof-specialty,Not-in-family,White,Female,4650,0,32,United-States,<=50K
37,State-gov,192203,Bachelors,13,Never-married,Adm-clerical,Not-in-family,White,Female,8614,0,40,United-States,>50K
26,Private,166961,HS-grad,9,Never-married,Transport-moving,Own-child,White,Male,0,0,50,United-States,<=50K
67,Self-emp-not-inc,152102,HS-grad,9,Widowed,Farming-fishing,Not-in-family,White,Male,0,0,65,United-States,<=50K
35,Private,184779,Bachelors,13,Married-civ-spouse,Prof-specialty,Husband,White,Male,0,0,50,United-States,>50K
57,Private,169496,HS-grad,9,Married-civ-spouse,Tech-support,Husband,Black,Male,0,1887,40,United-States,>50K
21,Private,130532,HS-grad,9,Married-spouse-absent,Machine-op-inspct,Own-child,White,Female,0,0,40,Dominican-Republic,<=50K
28,Self-emp-not-inc,228921,Bachelors,13,Never-married,Sales,Not-in-family,White,Female,0,0,48,United-States,<=50K
61,Private,159908,7th-8th,4,Married-civ-spouse,Craft-repair,Husband,White,Male,7688,0,40,Poland,>50K
43,Federal-gov,111483,Assoc-voc,11,Married-civ-spouse,Prof-specialty,Husband,White,Male,3137,0,40,United-States,>50K
28,Private,269786,HS-grad,9,Never-married,Transport-moving,Unmarried,White,Male,0,0,50,United-States,<=50K
61,Private,159908,7th-8th,4,Married-civ-spouse,Craft-repair,Husband,White,Male,7688,0,40,Poland,>50K
30,Private,166863,Bachelors,13,Never-married,Prof-specialty,Own-child,White,Female,0,0,37,United-States,<=50K
48,Private,162236,Bachelors,13,Divorced,Exec-managerial,Not-in-family,White,Female,0,0,50,United-States,>50K
41,Private,33474,HS-grad,9,Married-civ-spouse,Craft-repair,Husband,White,Male,0,0,45,United-States,<=50K
51,Local-gov,145477,Doctorate,16,Married-civ-spouse,Prof-specialty,Husband,White,Male,0,1887,40,United-States,>50K
67,Self-emp-inc,53063,Some-college,10,Married-civ-spouse,Sales,Husband,White,Male,0,0,40,United-States,<=50K
23,Private,179681,Assoc-voc,11,Never-married,Adm-clerical,Own-child,White,Female,0,0,40,United-States,<=50K
33,Private,288679,HS-grad,9,Divorced,Craft-repair,Not-in-family,White,Male,0,2258,84,United-States,<=50K
40,Self-emp-inc,140782,Bachelors,13,Married-civ-spouse,Exec-managerial,Wife,White,Female,0,0,55,United-States,>50K
37,State-gov,46814,Bachelors,13,Never-married,Prof-specialty,Not-in-family,White,Male,0,0,38,United-States,<=50K
27,Private,181096,HS-grad,9,Never-married,Adm-clerical,Own-child,White,Female,0,0,35,Italy,<=50K
19,Private,261207,11th,7,Never-married,Other-service,Other-relative,White,Male,0,0,20,United-States,<=50K
39,Private,226215,Assoc-voc,11,Married-civ-spouse,Adm-clerical,Husband,White,Male,0,0,40,Cuba,<=50K
27,Private,167424,HS-grad,9,Never-married,Exec-managerial,Own-child,White,Male,0,0,40,United-States,<=50K
18,Private,78528,11th,7,Never-married,Other-service,Own-child,White,Male,0,0,20,United-States,<=50K
28,Private,175109,Bachelors,13,Never-married,Adm-clerical,Not-in-family,White,Female,0,0,30,?,<=50K
69,?,183735,HS-grad,9,Married-civ-spouse,?,Husband,White,Male,0,0,8,United-States,<=50K
17,Private,110798,11th,7,Never-married,Sales,Own-child,White,Female,0,0,20,United-States,<=50K
42,Private,330080,HS-grad,9,Divorced,Machine-op-inspct,Not-in-family,White,Male,0,0,40,United-States,<=50K
42,Private,187089,Masters,14,Married-civ-spouse,Exec-managerial,Husband,White,Male,0,2415,55,United-States,>50K
37,Private,216149,11th,7,Married-civ-spouse,Craft-repair,Husband,White,Male,0,0,45,United-States,<=50K
30,Private,167558,HS-grad,9,Never-married,Sales,Unmarried,White,Female,0,0,35,Mexico,<=50K
55,Private,127388,Some-college,10,Married-civ-spouse,Transport-moving,Husband,White,Male,0,0,60,United-States,<=50K
44,Private,225707,Some-college,10,Divorced,Sales,Unmarried,White,Female,0,1408,46,United-States,<=50K
49,Private,149040,HS-grad,9,Married-civ-spouse,Transport-moving,Husband,Black,Male,0,0,40,United-States,<=50K
23,Private,253190,Assoc-acdm,12,Married-civ-spouse,Handlers-cleaners,Husband,White,Male,0,0,25,United-States,<=50K
59,Self-emp-not-inc,124950,Bachelors,13,Married-civ-spouse,Farming-fishing,Husband,White,Male,0,0,30,United-States,<=50K
27,Private,132853,HS-grad,9,Never-married,Exec-managerial,Not-in-family,White,Female,0,0,50,United-States,<=50K
77,?,232475,9th,5,Married-civ-spouse,?,Husband,Black,Male,0,0,40,United-States,<=50K
32,Private,106541,5th-6th,3,Married-civ-spouse,Other-service,Other-relative,White,Male,0,0,40,United-States,<=50K
21,Private,185397,HS-grad,9,Never-married,Sales,Own-child,White,Female,0,0,36,United-States,<=50K
27,State-gov,68393,Bachelors,13,Never-married,Adm-clerical,Not-in-family,White,Female,0,0,40,United-States,<=50K
26,Private,210498,Assoc-voc,11,Separated,Adm-clerical,Unmarried,Black,Female,114,0,40,United-States,<=50K
37,Private,121168,HS-grad,9,Divorced,Machine-op-inspct,Unmarried,White,Male,0,1726,50,United-States,<=50K
32,Private,192995,HS-grad,9,Never-married,Craft-repair,Own-child,White,Male,0,0,40,United-States,<=50K
21,Private,280167,Some-college,10,Never-married,Sales,Not-in-family,White,Female,0,0,55,United-States,<=50K
56,Private,398931,HS-grad,9,Widowed,Adm-clerical,Not-in-family,White,Female,0,0,40,United-States,<=50K
47,Private,20676,HS-grad,9,Divorced,Adm-clerical,Not-in-family,White,Female,0,0,38,United-States,<=50K
47,Private,387468,Some-college,10,Married-civ-spouse,Prof-specialty,Husband,White,Male,0,0,40,Scotland,>50K
54,Local-gov,365049,Some-college,10,Never-married,Prof-specialty,Not-in-family,White,Female,0,0,40,Mexico,<=50K
20,Private,184779,Some-college,10,Never-married,Tech-support,Own-child,White,Female,0,0,20,United-States,<=50K
66,Local-gov,260696,Masters,14,Widowed,Prof-specialty,Not-in-family,White,Female,0,0,40,United-States,<=50K
23,Private,35032,HS-grad,9,Never-married,Sales,Not-in-family,White,Male,0,0,40,United-States,<=50K
49,Private,340755,Masters,14,Married-civ-spouse,Sales,Husband,White,Male,0,0,40,United-States,>50K
27,Private,255004,Some-college,10,Divorced,Adm-clerical,Unmarried,Black,Female,0,0,36,United-States,<=50K
69,?,184198,HS-grad,9,Married-civ-spouse,?,Husband,White,Male,0,0,8,United-States,<=50K
39,Private,50197,HS-grad,9,Married-civ-spouse,Prof-specialty,Husband,White,Male,0,0,40,United-States,<=50K
51,Private,193285,HS-grad,9,Married-civ-spouse,Protective-serv,Husband,White,Male,0,0,40,United-States,<=50K
35,Private,267790,HS-grad,9,Divorced,Other-service,Not-in-family,White,Female,0,0,45,United-States,<=50K
28,Private,47907,Bachelors,13,Never-married,Adm-clerical,Not-in-family,White,Female,0,0,40,United-States,<=50K
55,Private,197387,HS-grad,9,Never-married,Priv-house-serv,Unmarried,White,Female,0,0,40,Mexico,<=50K
64,Private,164204,1st-4th,2,Married-civ-spouse,Transport-moving,Husband,White,Male,0,0,53,?,<=50K
37,Private,223892,5th-6th,3,Married-civ-spouse,Machine-op-inspct,Husband,White,Male,0,0,40,El-Salvador,<=50K
24,Private,229051,Assoc-acdm,12,Never-married,Adm-clerical,Own-child,White,Female,0,0,40,United-States,<=50K
24,Self-emp-not-inc,171928,Assoc-acdm,12,Never-married,Craft-repair,Own-child,White,Male,0,0,40,United-States,<=50K
40,Private,186191,Bachelors,13,Married-civ-spouse,Prof-specialty,Husband,White,Male,0,0,40,United-States,<=50K
41,Private,287372,HS-grad,9,Married-civ-spouse,Craft-repair,Husband,White,Male,0,0,40,United-States,<=50K
33,Private,226894,HS-grad,9,Divorced,Exec-managerial,Not-in-family,White,Male,0,0,60,United-States,<=50K
22,Private,163455,10th,6,Never-married,Sales,Own-child,White,Male,0,0,15,United-States,<=50K
33,Private,1184622,HS-grad,9,Never-married,Adm-clerical,Not-in-family,White,Female,0,0,41,United-States,<=50K
52,Private,113974,HS-grad,9,Divorced,Craft-repair,Unmarried,White,Female,0,0,40,United-States,<=50K
45,Local-gov,273803,Masters,14,Married-civ-spouse,Prof-specialty,Wife,Black,Female,0,0,50,United-States,>50K
33,?,190293,HS-grad,9,Never-married,?,Unmarried,Black,Female,0,0,20,United-States,<=50K
22,Private,124487,Some-college,10,Never-married,Sales,Not-in-family,White,Male,0,0,30,United-States,<=50K
30,Private,145139,HS-grad,9,Never-married,Craft-repair,Not-in-family,White,Male,0,0,45,United-States,<=50K
46,Self-emp-not-inc,229328,Some-college,10,Separated,Prof-specialty,Not-in-family,White,Male,0,0,20,United-States,<=50K
42,Private,336880,Some-college,10,Divorced,Adm-clerical,Not-in-family,Black,Female,0,0,40,United-States,<=50K
28,Private,473133,Bachelors,13,Never-married,Adm-clerical,Not-in-family,White,Female,0,0,40,United-States,<=50K
60,Private,238255,Bachelors,13,Married-civ-spouse,Sales,Husband,White,Male,0,0,46,United-States,>50K
46,Private,398931,HS-grad,9,Married-civ-spouse,Exec-managerial,Husband,White,Male,0,0,40,United-States,<=50K
37,Private,189462,Assoc-acdm,12,Divorced,Adm-clerical,Not-in-family,White,Female,0,1504,40,United-States,<=50K
35,Private,111377,HS-grad,9,Separated,Transport-moving,Not-in-family,White,Male,0,0,40,United-States,<=50K
35,Private,215039,Some-college,10,Divorced,Adm-clerical,Not-in-family,White,Female,0,0,45,United-States,<=50K
30,Self-emp-not-inc,149040,Some-college,10,Divorced,Craft-repair,Not-in-family,White,Male,0,0,35,United-States,<=50K
27,Private,29732,Bachelors,13,Never-married,Prof-specialty,Not-in-family,White,Female,4865,0,36,United-States,<=50K
42,Private,169995,HS-grad,9,Married-civ-spouse,Sales,Husband,White,Male,0,0,48,United-States,<=50K
51,Private,61989,HS-grad,9,Married-civ-spouse,Handlers-cleaners,Husband,White,Male,0,0,40,United-States,>50K
46,Private,155232,Masters,14,Married-civ-spouse,Exec-managerial,Husband,White,Male,0,0,50,United-States,>50K
21,Private,74194,Some-college,10,Never-married,Exec-managerial,Own-child,White,Female,0,0,40,United-States,<=50K
70,?,231438,Assoc-voc,11,Never-married,?,Not-in-family,White,Male,0,0,30,United-States,<=50K
37,Private,189462,Assoc-acdm,12,Divorced,Adm-clerical,Not-in-family,White,Female,0,1504,40,United-States,<=50K
26,Private,213921,11th,7,Never-married,Machine-op-inspct,Unmarried,White,Male,6497,0,48,United-States,<=50K
55,Self-emp-not-inc,225623,Some-college,10,Married-civ-spouse,Farming-fishing,Husband,White,Male,0,0,40,United-States,<=50K
72,Private,56651,HS-grad,9,Married-civ-spouse,Sales,Husband,White,Male,0,0,12,United-States,<=50K
35,Private,339956,HS-grad,9,Divorced,Craft-repair,Unmarried,White,Female,0,0,48,United-States,<=50K
47,Self-emp-not-inc,85982,Masters,14,Never-married,Prof-specialty,Not-in-family,Amer-Indian-Eskimo,Female,0,0,60,United-States,<=50K
41,Self-emp-not-inc,33474,Bachelors,13,Married-civ-spouse,Exec-managerial,Husband,White,Male,0,0,55,United-States,>50K
44,Local-gov,284021,Assoc-voc,11,Married-civ-spouse,Farming-fishing,Husband,White,Male,0,0,40,United-States,<=50K
29,Local-gov,219086,Bachelors,13,Married-civ-spouse,Exec-managerial,Husband,Black,Male,0,0,40,United-States,>50K
45,Private,245873,Assoc-voc,11,Married-civ-spouse,Prof-specialty,Husband,White,Male,0,1902,40,United-States,>50K
26,Private,238360,HS-grad,9,Married-civ-spouse,Machine-op-inspct,Husband,White,Male,0,0,60,United-States,<=50K
45,Private,242460,Bachelors,13,Married-civ-spouse,Exec-managerial,Husband,White,Male,0,0,60,United-States,>50K
34,Local-gov,157887,Bachelors,13,Never-married,Exec-managerial,Not-in-family,White,Female,0,0,43,United-States,<=50K
35,Private,265434,HS-grad,9,Divorced,Other-service,Not-in-family,White,Female,0,0,45,United-States,<=50K
20,?,34845,Some-college,10,Never-married,?,Own-child,Amer-Indian-Eskimo,Male,0,0,72,United-States,<=50K
36,Self-emp-not-inc,189265,Doctorate,16,Separated,Prof-specialty,Unmarried,White,Female,0,0,10,Canada,<=50K
42,Local-gov,126319,Bachelors,13,Married-civ-spouse,Prof-specialty,Wife,White,Female,0,0,40,United-States,>50K
49,Private,311907,7th-8th,4,Married-civ-spouse,Craft-repair,Husband,White,Male,0,0,40,United-States,<=50K
51,Private,352056,Some-college,10,Divorced,Prof-specialty,Unmarried,White,Female,0,0,40,United-States,<=50K
36,State-gov,77146,Masters,14,Never-married,Prof-specialty,Not-in-family,White,Male,0,0,40,United-States,<=50K
35,Federal-gov,41834,HS-grad,9,Married-civ-spouse,Craft-repair,Husband,White,Male,0,0,40,United-States,>50K
51,Self-emp-inc,179991,HS-grad,9,Married-civ-spouse,Sales,Husband,White,Male,0,0,50,United-States,<=50K
40,Private,186916,Bachelors,13,Married-civ-spouse,Prof-specialty,Husband,White,Male,0,0,40,United-States,<=50K
42,Self-emp-not-inc,115618,HS-grad,9,Married-civ-spouse,Sales,Husband,White,Male,0,0,40,United-States,<=50K
32,Private,102986,5th-6th,3,Married-civ-spouse,Machine-op-inspct,Wife,Asian-Pac-Islander,Female,0,0,40,Laos,>50K
50,Private,268553,HS-grad,9,Married-civ-spouse,Transport-moving,Husband,White,Male,7298,0,40,United-States,>50K
31,Private,87891,Some-college,10,Married-civ-spouse,Adm-clerical,Husband,White,Male,0,0,40,United-States,<=50K
82,Self-emp-not-inc,181912,HS-grad,9,Divorced,Exec-managerial,Not-in-family,White,Male,0,0,12,United-States,<=50K
28,Self-emp-not-inc,33394,HS-grad,9,Married-civ-spouse,Farming-fishing,Husband,White,Male,0,0,70,United-States,>50K
29,Private,201413,Some-college,10,Never-married,Adm-clerical,Not-in-family,White,Female,0,0,40,United-States,<=50K
45,Private,347292,Bachelors,13,Never-married,Transport-moving,Not-in-family,White,Male,0,0,30,United-States,<=50K
58,?,53481,Bachelors,13,Married-civ-spouse,?,Husband,White,Male,0,0,70,United-States,<=50K
43,Self-emp-inc,240166,Some-college,10,Married-civ-spouse,Exec-managerial,Husband,White,Male,0,0,7,United-States,>50K
47,Private,104068,HS-grad,9,Divorced,Prof-specialty,Unmarried,Amer-Indian-Eskimo,Female,0,0,40,United-States,<=50K
48,Private,234537,HS-grad,9,Married-civ-spouse,Exec-managerial,Husband,White,Male,0,0,50,United-States,<=50K
27,Private,267556,Some-college,10,Married-civ-spouse,Machine-op-inspct,Husband,White,Male,0,0,40,United-States,<=50K
22,Private,258973,HS-grad,9,Never-married,Transport-moving,Own-child,Black,Male,0,0,24,United-States,<=50K
32,Private,154087,HS-grad,9,Married-civ-spouse,Exec-managerial,Husband,White,Male,0,0,40,United-States,<=50K
40,Local-gov,101795,HS-grad,9,Never-married,Protective-serv,Not-in-family,White,Male,0,0,42,United-States,<=50K
32,Private,198258,Some-college,10,Divorced,Exec-managerial,Not-in-family,White,Female,0,0,38,United-States,<=50K
30,Private,75024,Bachelors,13,Married-civ-spouse,Exec-managerial,Husband,White,Male,0,0,55,United-States,<=50K
37,State-gov,473133,Bachelors,13,Never-married,Prof-specialty,Not-in-family,White,Male,0,0,39,United-States,<=50K
23,State-gov,277203,Bachelors,13,Never-married,Adm-clerical,Own-child,White,Male,0,0,40,United-States,<=50K
27,Private,223811,HS-grad,9,Married-civ-spouse,Machine-op-inspct,Husband,White,Male,7298,0,40,United-States,>50K
48,Private,498328,10th,6,Married-civ-spouse,Transport-moving,Husband,Black,Male,0,0,40,United-States,<=50K
69,Private,228921,Bachelors,13,Widowed,Prof-specialty,Not-in-family,White,Male,0,2282,40,United-States,>50K
41,Private,149726,HS-grad,9,Married-civ-spouse,Craft-repair,Husband,White,Male,0,1848,40,United-States,>50K
54,Private,82540,Assoc-acdm,12,Married-civ-spouse,Sales,Husband,White,Male,0,0,45,United-States,<=50K
61,Private,86111,HS-grad,9,Widowed,Adm-clerical,Not-in-family,White,Female,0,0,40,United-States,<=50K
24,Private,142030,10th,6,Never-married,Machine-op-inspct,Not-in-family,White,Male,0,0,45,United-States,<=50K
30,State-gov,61270,Some-college,10,Never-married,Prof-specialty,Not-in-family,White,Female,0,0,5,United-States,<=50K
37,Private,209768,5th-6th,3,Never-married,Machine-op-inspct,Unmarried,White,Female,0,0,40,Mexico,<=50K
23,Private,27187,Some-college,10,Never-married,Adm-clerical,Unmarried,Other,Female,0,0,40,United-States,<=50K
60,Private,174395,Bachelors,13,Divorced,Prof-specialty,Not-in-family,White,Female,0,0,42,United-States,<=50K
50,?,87263,HS-grad,9,Married-civ-spouse,?,Husband,White,Male,0,0,55,United-States,>50K
47,Private,278155,10th,6,Married-civ-spouse,Craft-repair,Husband,White,Male,0,0,35,United-States,<=50K
51,Private,198068,Bachelors,13,Married-civ-spouse,Exec-managerial,Husband,White,Male,0,0,50,United-States,>50K
23,Federal-gov,41834,Bachelors,13,Never-married,Prof-specialty,Not-in-family,White,Female,0,0,15,United-States,<=50K
51,State-gov,41834,Some-college,10,Divorced,Prof-specialty,Not-in-family,White,Female,0,0,40,United-States,<=50K
48,Private,498328,10th,6,Married-civ-spouse,Transport-moving,Husband,Black,Male,0,0,40,United-States,<=50K
45,Private,344891,Bachelors,13,Never-married,Transport-moving,Not-in-family,White,Male,0,0,30,United-States,<=50K
26,Private,94477,Some-college,10,Married-civ-spouse,Transport-moving,Husband,White,Male,7298,0,55,United-States,>50K
55,Private,242460,HS-grad,9,Divorced,Sales,Unmarried,White,Female,0,0,37,United-States,<=50K
49,Self-emp-inc,199698,Some-college,10,Divorced,Craft-repair,Not-in-family,White,Male,0,0,55,United-States,<=50K
40,Private,163215,Bachelors,13,Divorced,Exec-managerial,Not-in-family,White,Female,10520,0,40,United-States,>50K
52,Private,311101,HS-grad,9,Divorced,Transport-moving,Not-in-family,White,Male,0,0,50,United-States,<=50K
33,Self-emp-inc,287480,Some-college,10,Married-civ-spouse,Exec-managerial,Husband,White,Male,0,0,50,United-States,>50K
34,Federal-gov,112115,Some-college,10,Never-married,Craft-repair,Other-relative,White,Male,0,0,40,United-States,<=50K
46,Private,155232,Masters,14,Married-civ-spouse,Exec-managerial,Husband,White,Male,0,0,50,United-States,>50K
42,Federal-gov,343579,Bachelors,13,Married-civ-spouse,Exec-managerial,Husband,White,Male,7298,0,50,United-States,>50K
43,Self-emp-not-inc,349148,HS-grad,9,Married-civ-spouse,Craft-repair,Husband,White,Male,0,0,60,United-States,<=50K
22,?,164473,Some-college,10,Never-married,?,Own-child,White,Female,0,0,40,Italy,<=50K
37,Private,220656,HS-grad,9,Married-civ-spouse,Craft-repair,Husband,White,Male,0,0,45,United-States,>50K
22,Federal-gov,471452,Bachelors,13,Never-married,Tech-support,Own-child,White,Male,0,0,8,United-States,<=50K
37,Private,110978,Assoc-voc,11,Married-civ-spouse,Craft-repair,Husband,White,Male,0,0,39,United-States,<=50K
57,Private,102442,Some-college,10,Divorced,Adm-clerical,Unmarried,White,Female,0,0,40,United-States,<=50K
61,Private,87032,HS-grad,9,Widowed,Adm-clerical,Not-in-family,White,Female,0,0,40,United-States,<=50K
25,Private,109419,HS-grad,9,Never-married,Adm-clerical,Own-child,White,Female,0,0,40,United-States,<=50K
42,Private,70055,11th,7,Married-civ-spouse,Transport-moving,Husband,White,Male,0,0,45,United-States,<=50K
36,Private,172186,9th,5,Married-civ-spouse,Handlers-cleaners,Husband,White,Male,0,0,40,United-States,<=50K
47,Private,306183,Some-college,10,Divorced,Other-service,Own-child,White,Female,0,0,44,United-States,<=50K
36,Local-gov,410632,Bachelors,13,Married-civ-spouse,Prof-specialty,Husband,White,Male,0,1887,40,United-States,>50K
39,Private,202822,Bachelors,13,Never-married,Exec-managerial,Not-in-family,White,Male,0,0,45,United-States,<=50K
42,Federal-gov,340917,Bachelors,13,Married-civ-spouse,Exec-managerial,Husband,White,Male,7298,0,50,United-States,>50K
21,?,359193,Some-college,10,Married-civ-spouse,?,Wife,Black,Female,2105,0,20,United-States,<=50K
53,Private,95864,HS-grad,9,Never-married,Adm-clerical,Other-relative,White,Male,0,0,35,United-States,<=50K
47,Private,249957,HS-grad,9,Divorced,Tech-support,Not-in-family,White,Female,0,0,36,United-States,<=50K
43,Private,166961,Some-college,10,Divorced,Adm-clerical,Not-in-family,White,Male,0,0,48,United-States,<=50K
69,?,61989,Some-college,10,Widowed,?,Not-in-family,White,Female,0,0,20,United-States,<=50K
29,Private,196791,Prof-school,15,Divorced,Prof-specialty,Own-child,White,Female,2174,0,72,United-States,<=50K
21,Private,213921,11th,7,Never-married,Handlers-cleaners,Own-child,White,Male,0,0,40,United-States,<=50K
21,Private,466325,HS-grad,9,Married-spouse-absent,Adm-clerical,Own-child,White,Female,0,0,40,United-States,<=50K
73,Private,29675,HS-grad,9,Widowed,Other-service,Other-relative,White,Female,0,0,12,United-States,<=50K
61,Private,159755,7th-8th,4,Married-civ-spouse,Craft-repair,Husband,White,Male,7688,0,40,Poland,>50K
20,Private,187334,HS-grad,9,Never-married,Craft-repair,Own-child,Black,Female,0,0,40,United-States,<=50K
49,Private,149040,HS-grad,9,Married-civ-spouse,Transport-moving,Husband,Black,Male,0,0,40,United-States,<=50K
67,?,39100,HS-grad,9,Married-civ-spouse,?,Wife,White,Female,0,0,5,United-States,<=50K
71,Private,78277,HS-grad,9,Married-civ-spouse,Craft-repair,Husband,White,Male,0,0,15,United-States,<=50K
23,Private,172232,HS-grad,9,Never-married,Tech-support,Own-child,White,Male,0,0,50,United-States,<=50K
33,Private,226894,HS-grad,9,Divorced,Exec-managerial,Not-in-family,White,Male,0,0,60,United-States,<=50K
22,Private,145389,HS-grad,9,Never-married,Handlers-cleaners,Own-child,Amer-Indian-Eskimo,Male,0,0,40,United-States,<=50K
29,Private,184779,Prof-school,15,Never-married,Prof-specialty,Other-relative,White,Male,0,0,50,United-States,<=50K
60,Private,206139,HS-grad,9,Separated,Other-service,Not-in-family,White,Female,0,0,25,United-States,<=50K
62,Local-gov,137126,HS-grad,9,Divorced,Transport-moving,Other-relative,White,Male,0,0,40,United-States,<=50K
31,Private,472604,Masters,14,Married-civ-spouse,Prof-specialty,Husband,White,Male,5178,0,40,United-States,>50K
36,Private,180859,Assoc-voc,11,Married-civ-spouse,Handlers-cleaners,Husband,White,Male,0,0,38,United-States,<=50K
57,Private,124187,HS-grad,9,Married-civ-spouse,Adm-clerical,Wife,White,Female,0,0,45,United-States,<=50K
34,Private,93213,Masters,14,Married-civ-spouse,Other-service,Husband,White,Male,0,0,30,United-States,<=50K
34,Private,93213,Masters,14,Married-civ-spouse,Other-service,Husband,White,Male,0,0,30,United-States,<=50K
63,Self-emp-not-inc,29859,7th-8th,4,Married-civ-spouse,Farming-fishing,Husband,White,Male,7688,0,60,United-States,>50K
59,Self-emp-not-inc,114760,Some-college,10,Married-civ-spouse,Craft-repair,Husband,White,Male,0,0,20,United-States,>50K
38,Private,471452,Bachelors,13,Married-civ-spouse,Other-service,Husband,White,Male,0,0,35,Mexico,<=50K
31,Private,202822,Some-college,10,Divorced,Adm-clerical,Unmarried,Black,Female,0,0,40,United-States,<=50K
35,Private,185325,Bachelors,13,Married-civ-spouse,Prof-specialty,Husband,White,Male,0,0,50,United-States,>50K
37,Private,216160,11th,7,Married-civ-spouse,Craft-repair,Husband,White,Male,0,0,45,United-States,<=50K
57,Private,78707,HS-grad,9,Never-married,Adm-clerical,Own-child,White,Female,0,0,40,United-States,<=50K
46,Federal-gov,55237,Some-college,10,Divorced,Machine-op-inspct,Unmarried,White,Male,0,0,40,United-States,<=50K
50,Private,155489,HS-grad,9,Married-civ-spouse,Prof-specialty,Husband,White,Male,0,0,40,United-States,>50K
35,Private,106961,HS-grad,9,Married-civ-spouse,Sales,Husband,White,Male,0,0,60,United-States,<=50K
26,Private,86872,HS-grad,9,Married-civ-spouse,Transport-moving,Husband,White,Male,0,0,40,United-States,>50K
38,Private,130408,HS-grad,9,Married-civ-spouse,Craft-repair,Husband,White,Male,0,0,41,United-States,<=50K
51,Private,163870,Bachelors,13,Married-civ-spouse,Transport-moving,Husband,White,Male,0,0,56,United-States,>50K
51,Private,352080,Some-college,10,Divorced,Prof-specialty,Unmarried,White,Female,0,0,40,United-States,<=50K
48,Private,85341,HS-grad,9,Married-civ-spouse,Craft-repair,Husband,White,Male,0,0,40,United-States,<=50K
47,Private,208277,HS-grad,9,Divorced,Adm-clerical,Not-in-family,White,Female,0,0,38,United-States,<=50K
27,Private,188576,Bachelors,13,Separated,Prof-specialty,Not-in-family,Asian-Pac-Islander,Male,0,0,40,Philippines,>50K
25,Private,201520,Some-college,10,Never-married,Other-service,Unmarried,Black,Female,0,0,40,United-States,<=50K
39,Private,50700,HS-grad,9,Married-civ-spouse,Prof-specialty,Husband,White,Male,0,0,40,United-States,<=50K
46,Private,35330,9th,5,Divorced,Other-service,Unmarried,White,Female,0,0,40,United-States,<=50K
38,Private,130143,HS-grad,9,Married-civ-spouse,Craft-repair,Husband,White,Male,0,0,41,United-States,<=50K
48,Private,245873,Some-college,10,Widowed,Adm-clerical,Not-in-family,White,Female,0,0,50,United-States,<=50K
46,Self-emp-not-inc,231347,Some-college,10,Separated,Prof-specialty,Not-in-family,White,Male,0,0,20,United-States,<=50K
62,Private,244087,Doctorate,16,Married-civ-spouse,Prof-specialty,Husband,White,Male,15024,0,50,United-States,>50K
29,Private,128365,Bachelors,13,Married-civ-spouse,Sales,Husband,White,Male,0,0,45,United-States,<=50K
47,Federal-gov,387663,Bachelors,13,Married-civ-spouse,Protective-serv,Husband,White,Male,0,0,45,United-States,>50K
31,Private,309778,Bachelors,13,Separated,Sales,Own-child,Black,Female,0,0,40,United-States,<=50K
27,Private,194630,9th,5,Never-married,Other-service,Own-child,White,Male,0,0,50,Mexico,<=50K
38,Private,129573,HS-grad,9,Married-civ-spouse,Craft-repair,Husband,White,Male,0,0,40,United-States,<=50K
30,Private,118551,Bachelors,13,Married-civ-spouse,Tech-support,Wife,White,Female,0,0,16,United-States,>50K
42,Local-gov,126319,Bachelors,13,Married-civ-spouse,Prof-specialty,Wife,White,Female,0,0,40,United-States,>50K
50,Private,337606,HS-grad,9,Married-civ-spouse,Machine-op-inspct,Husband,White,Male,0,1485,40,United-States,<=50K
43,Private,144032,HS-grad,9,Married-civ-spouse,Tech-support,Husband,White,Male,0,0,40,United-States,<=50K
49,State-gov,423222,Masters,14,Married-civ-spouse,Sales,Husband,White,Male,99999,0,80,United-States,>50K
22,Private,124487,Some-college,10,Never-married,Sales,Not-in-family,White,Male,0,0,30,United-States,<=50K
25,Private,109277,HS-grad,9,Never-married,Adm-clerical,Own-child,White,Female,0,0,40,United-States,<=50K
24,Private,190483,HS-grad,9,Never-married,Adm-clerical,Own-child,White,Female,0,0,40,United-States,<=50K
29,Private,54102,Bachelors,13,Never-married,Prof-specialty,Not-in-family,White,Male,0,0,40,United-States,<=50K
17,Self-emp-inc,180928,10th,6,Never-married,Sales,Own-child,White,Male,0,0,12,United-States,<=50K
41,Private,237452,Bachelors,13,Married-civ-spouse,Prof-specialty,Wife,White,Female,0,0,15,Cuba,>50K
47,Local-gov,33234,11th,7,Married-spouse-absent,Craft-repair,Not-in-family,Black,Male,0,0,40,United-States,<=50K
19,Private,410632,Some-college,10,Never-married,Machine-op-inspct,Own-child,White,Male,0,0,40,United-States,<=50K
27,Private,199572,Some-college,10,Never-married,Adm-clerical,Own-child,White,Female,0,0,40,Mexico,<=50K
45,Private,34218,Bachelors,13,Never-married,Transport-moving,Not-in-family,White,Male,0,0,30,United-States,<=50K
62,Private,244395,Doctorate,16,Married-civ-spouse,Prof-specialty,Husband,White,Male,1506,0,50,United-States,>50K
29,Private,228043,Some-college,10,Married-civ-spouse,Exec-managerial,Husband,White,Male,0,1887,50,United-States,>50K
34,Federal-gov,112115,Some-college,10,Never-married,Craft-repair,Other-relative,White,Male,0,0,40,United-States,<=50K
21,Private,113364,Some-college,10,Never-married,Adm-clerical,Own-child,White,Male,0,0,50,United-States,<=50K
45,Private,246367,Assoc-voc,11,Married-civ-spouse,Prof-specialty,Husband,White,Male,0,1902,40,United-States,>50K
52,Self-emp-not-inc,210377,10th,6,Married-civ-spouse,Exec-managerial,Wife,Black,Female,0,0,40,United-States,<=50K
46,Private,157569,Some-college,10,Married-civ-spouse,Protective-serv,Husband,White,Male,0,0,40,United-States,>50K
30,Private,255004,Assoc-acdm,12,Divorced,Sales,Not-in-family,White,Male,0,0,52,United-States,<=50K
30,State-gov,628797,Some-college,10,Never-married,Prof-specialty,Not-in-family,White,Female,0,0,5,United-States,<=50K
41,Private,144032,HS-grad,9,Married-civ-spouse,Exec-managerial,Husband,White,Male,0,0,60,United-States,<=50K
35,State-gov,35626,Some-college,10,Divorced,Adm-clerical,Unmarried,White,Female,0,0,15,United-States,<=50K
24,Private,190293,HS-grad,9,Never-married,Adm-clerical,Own-child,White,Female,0,0,40,United-States,<=50K
42,Private,336880,Some-college,10,Divorced,Adm-clerical,Not-in-family,Black,Female,0,0,40,United-States,<=50K
47,Private,305874,Some-college,10,Divorced,Other-service,Own-child,White,Female,0,0,44,United-States,<=50K
18,Private,78277,11th,7,Never-married,Other-service,Own-child,White,Male,0,0,20,United-States,<=50K
43,Self-emp-not-inc,352056,HS-grad,9,Married-civ-spouse,Craft-repair,Husband,White,Male,0,0,60,United-States,<=50K
22,Private,107882,HS-grad,9,Never-married,Prof-specialty,Own-child,White,Female,0,0,20,United-States,<=50K
28,Private,410034,10th,6,Never-married,Farming-fishing,Other-relative,White,Male,0,0,35,Mexico,<=50K
40,Private,122742,Assoc-acdm,12,Married-civ-spouse,Sales,Husband,White,Male,7688,0,50,United-States,>50K
52,Private,152940,9th,5,Separated,Other-service,Not-in-family,Black,Female,0,0,30,United-States,<=50K
55,Private,35305,7th-8th,4,Married-civ-spouse,Transport-moving,Husband,White,Male,0,0,50,United-States,<=50K
35,State-gov,357029,Some-college,10,Divorced,Adm-clerical,Unmarried,White,Female,0,0,15,United-States,<=50K
37,Private,94334,7th-8th,4,Never-married,Machine-op-inspct,Own-child,White,Female,0,0,25,United-States,<=50K
37,Self-emp-not-inc,182089,HS-grad,9,Married-civ-spouse,Prof-specialty,Husband,White,Male,3137,0,30,United-States,<=50K
25,Private,121441,Bachelors,13,Divorced,Craft-repair,Not-in-family,White,Male,0,0,40,United-States,<=50K
30,Private,87418,Bachelors,13,Married-civ-spouse,Exec-managerial,Husband,White,Male,0,0,45,United-States,>50K
29,Private,42017,HS-grad,9,Never-married,Machine-op-inspct,Not-in-family,White,Male,0,0,48,United-States,<=50K
21,Self-emp-not-inc,319146,Some-college,10,Never-married,Other-service,Own-child,White,Male,0,0,30,United-States,<=50K
17,Private,311101,11th,7,Never-married,Other-service,Own-child,White,Male,0,0,25,United-States,<=50K
37,Private,110013,Assoc-voc,11,Divorced,Sales,Not-in-family,White,Female,0,0,40,United-States,<=50K
31,Self-emp-not-inc,195891,HS-grad,9,Married-civ-spouse,Craft-repair,Own-child,White,Male,0,0,40,United-States,<=50K
67,Self-emp-inc,116358,Bachelors,13,Widowed,Other-service,Unmarried,White,Female,0,0,35,United-States,<=50K
39,Private,225707,Assoc-voc,11,Married-civ-spouse,Adm-clerical,Husband,White,Male,0,0,40,Cuba,<=50K
65,State-gov,294183,7th-8th,4,Widowed,Other-service,Other-relative,White,Female,0,0,24,United-States,<=50K
23,Private,145139,Some-college,10,Married-civ-spouse,Sales,Wife,White,Female,0,0,40,United-States,<=50K
36,Private,49657,Bachelors,13,Married-civ-spouse,Prof-specialty,Husband,White,Male,0,0,50,United-States,>50K
49,Self-emp-not-inc,148429,HS-grad,9,Divorced,Farming-fishing,Not-in-family,White,Female,0,0,28,United-States,<=50K
35,Self-emp-not-inc,280167,HS-grad,9,Married-civ-spouse,Craft-repair,Husband,White,Male,0,0,40,United-States,<=50K
26,Private,86872,HS-grad,9,Married-civ-spouse,Transport-moving,Husband,White,Male,0,0,40,United-States,>50K
58,?,52537,Bachelors,13,Married-civ-spouse,?,Husband,White,Male,0,0,70,United-States,<=50K
33,Private,93056,HS-grad,9,Married-civ-spouse,Transport-moving,Husband,White,Male,0,0,40,United-States,<=50K
29,Private,127677,Bachelors,13,Married-civ-spouse,Sales,Husband,White,Male,0,0,45,United-States,<=50K
61,Local-gov,149943,HS-grad,9,Widowed,Adm-clerical,Not-in-family,White,Female,0,0,40,United-States,<=50K
51,Private,19302,HS-grad,9,Married-civ-spouse,Protective-serv,Husband,White,Male,0,0,40,United-States,<=50K
39,Local-gov,100011,Assoc-acdm,12,Never-married,Tech-support,Not-in-family,White,Female,0,0,38,United-States,<=50K
34,Self-emp-inc,157466,HS-grad,9,Married-civ-spouse,Adm-clerical,Husband,White,Male,0,0,45,United-States,<=50K
26,Local-gov,73679,HS-grad,9,Never-married,Handlers-cleaners,Own-child,Amer-Indian-Eskimo,Male,0,0,30,United-States,<=50K
17,Private,110798,11th,7,Never-married,Sales,Own-child,White,Female,0,0,20,United-States,<=50K
21,Private,113163,Some-college,10,Never-married,Adm-clerical,Own-child,White,Male,0,0,50,United-States,<=50K
40,Private,39477,Assoc-voc,11,Never-married,Prof-specialty,Not-in-family,White,Female,0,0,50,United-States,<=50K
21,Private,306183,Some-college,10,Never-married,Exec-managerial,Not-in-family,White,Female,0,0,38,United-States,<=50K
33,Self-emp-inc,286342,Some-college,10,Married-civ-spouse,Exec-managerial,Husband,White,Male,0,0,50,United-States,>50K
20,Private,39477,Some-college,10,Never-married,Farming-fishing,Not-in-family,White,Female,0,0,40,United-States,<=50K
44,Private,109277,Some-college,10,Never-married,Craft-repair,Not-in-family,White,Male,0,0,38,United-States,<=50K
31,Private,181291,HS-grad,9,Divorced,Adm-clerical,Unmarried,White,Female,0,0,35,United-States,<=50K
32,Private,150553,HS-grad,9,Married-civ-spouse,Handlers-cleaners,Husband,White,Male,0,0,40,United-States,>50K
47,Private,93557,HS-grad,9,Married-civ-spouse,Farming-fishing,Husband,White,Male,0,0,40,United-States,<=50K
21,Private,214627,11th,7,Never-married,Handlers-cleaners,Own-child,White,Male,0,0,40,United-States,<=50K
45,Private,46221,11th,7,Widowed,Other-service,Not-in-family,Black,Female,0,0,20,United-States,<=50K
19,Private,410034,Some-college,10,Never-married,Machine-op-inspct,Own-child,White,Male,0,0,40,United-States,<=50K
32,Private,155574,Bachelors,13,Divorced,Protective-serv,Not-in-family,Black,Male,0,0,60,United-States,>50K
77,?,232475,9th,5,Married-civ-spouse,?,Husband,Black,Male,0,0,40,United-States,<=50K
44,Private,323798,Bachelors,13,Never-married,Exec-managerial,Not-in-family,White,Female,0,0,5,United-States,<=50K
42,Private,340917,Doctorate,16,Never-married,Prof-specialty,Not-in-family,White,Male,0,0,50,United-States,<=50K
48,Federal-gov,94342,Bachelors,13,Divorced,Exec-managerial,Not-in-family,White,Male,0,0,45,United-States,<=50K
60,Private,240166,HS-grad,9,Married-civ-spouse,Machine-op-inspct,Husband,Black,Male,0,0,40,United-States,<=50K
42,Private,173090,Masters,14,Married-civ-spouse,Prof-specialty,Husband,White,Male,0,0,40,United-States,<=50K
22,Private,218689,Some-college,10,Married-civ-spouse,Sales,Husband,White,Male,0,0,55,United-States,<=50K
44,Local-gov,288679,Assoc-voc,11,Divorced,Protective-serv,Own-child,White,Female,0,0,40,Cuba,<=50K
45,Local-gov,191807,Masters,14,Divorced,Prof-specialty,Not-in-family,White,Female,0,0,40,United-States,<=50K
43,Local-gov,173960,Masters,14,Married-civ-spouse,Prof-specialty,Husband,White,Male,0,0,50,United-States,<=50K
36,Private,184105,Prof-school,15,Never-married,Exec-managerial,Not-in-family,White,Male,27828,0,50,United-States,>50K
69,?,628797,Some-college,10,Widowed,?,Not-in-family,White,Female,0,0,20,United-States,<=50K
39,Private,225263,Assoc-voc,11,Married-civ-spouse,Adm-clerical,Husband,White,Male,0,0,40,Cuba,<=50K
21,?,432052,Some-college,10,Never-married,?,Unmarried,White,Male,0,0,40,United-States,<=50K
48,Private,234537,HS-grad,9,Married-civ-spouse,Exec-managerial,Husband,White,Male,0,0,50,United-States,<=50K
49,Private,93557,HS-grad,9,Married-civ-spouse,Exec-managerial,Husband,White,Male,0,0,48,United-States,>50K
41,Private,443508,Bachelors,13,Married-civ-spouse,Transport-moving,Husband,White,Male,0,0,48,Canada,>50K
49,State-gov,155057,HS-grad,9,Divorced,Exec-managerial,Unmarried,White,Female,0,0,44,United-States,<=50K
45,Private,461678,11th,7,Widowed,Other-service,Not-in-family,Black,Female,0,0,20,United-States,<=50K
62,Private,244087,Doctorate,16,Married-civ-spouse,Prof-specialty,Husband,White,Male,15024,0,50,United-States,>50K
20,Private,127185,Some-college,10,Never-married,Prof-specialty,Own-child,White,Female,0,0,15,United-States,<=50K
29,Local-gov,152940,Masters,14,Never-married,Prof-specialty,Other-relative,Asian-Pac-Islander,Female,1506,0,40,United-States,<=50K
70,Self-emp-inc,242391,9th,5,Divorced,Sales,Not-in-family,White,Male,0,0,45,United-States,<=50K
38,Private,172232,Bachelors,13,Married-civ-spouse,Tech-support,Husband,White,Male,0,1977,40,United-States,>50K
30,Private,109117,Assoc-voc,11,Never-married,Handlers-cleaners,Own-child,White,Male,0,0,45,United-States,<=50K
36,Private,218309,Masters,14,Married-civ-spouse,Sales,Husband,White,Male,0,1977,50,United-States,>50K
54,Private,216145,Masters,14,Married-civ-spouse,Exec-managerial,Husband,White,Male,0,1887,44,United-States,>50K
80,Private,86111,Doctorate,16,Married-civ-spouse,Prof-specialty,Husband,White,Male,0,0,30,United-States,<=50K
42,Private,331861,HS-grad,9,Divorced,Machine-op-inspct,Not-in-family,White,Male,0,0,40,United-States,<=50K
36,Private,94954,HS-grad,9,Divorced,Transport-moving,Not-in-family,White,Female,0,0,40,United-States,<=50K
40,Private,163455,Some-college,10,Married-civ-spouse,Tech-support,Husband,White,Male,0,0,55,United-States,>50K
28,Private,227890,HS-grad,9,Never-married,Transport-moving,Not-in-family,White,Female,0,0,40,United-States,<=50K
40,Private,54411,Some-college,10,Divorced,Sales,Not-in-family,White,Female,0,0,20,United-States,<=50K
37,Private,198953,HS-grad,9,Never-married,Handlers-cleaners,Own-child,White,Male,0,0,40,United-States,<=50K
23,Private,34965,HS-grad,9,Never-married,Sales,Not-in-family,White,Male,0,0,40,United-States,<=50K
37,Private,179241,Bachelors,13,Never-married,Prof-specialty,Not-in-family,White,Female,0,0,45,United-States,<=50K
47,Private,78954,11th,7,Divorced,Sales,Unmarried,White,Female,0,0,28,United-States,<=50K
35,Self-emp-not-inc,115258,HS-grad,9,Divorced,Sales,Not-in-family,White,Male,0,0,50,United-States,>50K
22,Federal-gov,281315,Some-college,10,Never-married,Transport-moving,Own-child,White,Male,0,0,4,United-States,<=50K
47,Private,348618,HS-grad,9,Married-civ-spouse,Transport-moving,Husband,White,Male,0,0,60,United-States,<=50K
24,Private,359193,Bachelors,13,Never-married,Sales,Not-in-family,White,Male,0,0,50,United-States,<=50K
40,Private,121874,Assoc-acdm,12,Married-civ-spouse,Sales,Husband,White,Male,7688,0,50,United-States,>50K
23,Private,180280,Assoc-voc,11,Never-married,Adm-clerical,Own-child,White,Female,0,0,40,United-States,<=50K
45,Self-emp-not-inc,321865,HS-grad,9,Married-civ-spouse,Farming-fishing,Husband,White,Male,0,0,70,United-States,<=50K
24,Private,45796,Some-college,10,Married-civ-spouse,Farming-fishing,Husband,White,Male,0,0,50,United-States,>50K
43,Local-gov,255004,Bachelors,13,Married-civ-spouse,Prof-specialty,Husband,White,Male,0,0,55,United-States,>50K
28,Private,60414,HS-grad,9,Never-married,Adm-clerical,Own-child,White,Female,0,0,40,United-States,<=50K
25,State-gov,218184,Bachelors,13,Never-married,Protective-serv,Not-in-family,Black,Female,0,0,40,United-States,<=50K
61,Private,87032,HS-grad,9,Widowed,Adm-clerical,Not-in-family,White,Female,0,0,40,United-States,<=50K
52,Private,24790,Masters,14,Married-civ-spouse,Exec-managerial,Husband,White,Male,15024,0,50,United-States,>50K
40,Private,163333,Some-college,10,Married-civ-spouse,Tech-support,Husband,White,Male,0,0,55,United-States,>50K
39,Private,237920,HS-grad,9,Divorced,Adm-clerical,Unmarried,White,Female,0,0,40,United-States,<=50K
31,Private,181372,HS-grad,9,Divorced,Adm-clerical,Unmarried,White,Female,0,0,35,United-States,<=50K
67,Self-emp-inc,53063,Some-college,10,Married-civ-spouse,Sales,Husband,White,Male,0,0,40,United-States,<=50K
26,Private,380674,HS-grad,9,Never-married,Handlers-cleaners,Own-child,White,Male,0,0,52,United-States,<=50K
19,Private,96483,HS-grad,9,Never-married,Other-service,Own-child,Asian-Pac-Islander,Female,0,0,40,United-States,<=50K
20,State-gov,113870,HS-grad,9,Never-married,Tech-support,Own-child,White,Female,0,0,24,United-States,<=50K
23,Private,134367,HS-grad,9,Never-married,Other-service,Not-in-family,White,Female,0,0,35,United-States,<=50K
26,Self-emp-not-inc,331861,Bachelors,13,Never-married,Sales,Not-in-family,White,Male,0,0,60,United-States,>50K
36,Private,48597,Bachelors,13,Married-civ-spouse,Prof-specialty,Husband,White,Male,0,0,50,United-States,>50K
29,Private,149726,Some-college,10,Never-married,Other-service,Not-in-family,Other,Male,0,1590,40,?,<=50K
27,Private,96219,Bachelors,13,Never-married,Adm-clerical,Not-in-family,White,Female,0,0,45,United-States,<=50K
55,Private,52537,Bachelors,13,Married-civ-spouse,Sales,Husband,White,Male,0,0,15,United-States,>50K
34,Self-emp-not-inc,124187,Bachelors,13,Married-civ-spouse,Sales,Husband,White,Male,0,0,30,United-States,<=50K
26,Federal-gov,73047,Some-college,10,Married-civ-spouse,Exec-managerial,Husband,White,Male,0,0,32,United-States,<=50K
23,Private,172047,HS-grad,9,Never-married,Tech-support,Own-child,White,Male,0,0,50,United-States,<=50K
33,Private,157857,9th,5,Married-civ-spouse,Machine-op-inspct,Husband,White,Male,0,0,50,United-States,<=50K
35,Private,144322,Assoc-acdm,12,Divorced,Exec-managerial,Not-in-family,White,Female,0,0,50,United-States,<=50K
45,Self-emp-not-inc,33363,Bachelors,13,Married-civ-spouse,Sales,Husband,White,Male,0,0,40,United-States,>50K
44,Private,109273,Some-college,10,Never-married,Craft-repair,Not-in-family,White,Male,0,0,38,United-States,<=50K
22,?,37599,Some-college,10,Divorced,?,Not-in-family,White,Female,0,0,35,United-States,<=50K
31,Local-gov,240504,Some-college,10,Married-civ-spouse,Protective-serv,Husband,Black,Male,0,1902,50,United-States,>50K
36,Self-emp-not-inc,188972,Doctorate,16,Separated,Prof-specialty,Unmarried,White,Female,0,0,10,Canada,<=50K
34,Private,361631,11th,7,Married-civ-spouse,Transport-moving,Husband,White,Male,0,0,40,United-States,<=50K
29,Self-emp-inc,124771,Bachelors,13,Never-married,Sales,Own-child,White,Female,0,0,40,United-States,<=50K
41,Self-emp-not-inc,120672,Some-college,10,Married-civ-spouse,Machine-op-inspct,Husband,White,Male,3103,0,40,United-States,>50K
36,Private,33331,Bachelors,13,Married-civ-spouse,Sales,Husband,White,Male,0,1887,35,United-States,>50K
19,Private,196791,HS-grad,9,Never-married,Other-service,Not-in-family,White,Female,0,0,40,United-States,<=50K
34,Private,320280,HS-grad,9,Never-married,Other-service,Not-in-family,White,Female,0,0,28,United-States,<=50K
17,Private,231347,11th,7,Never-married,Adm-clerical,Own-child,White,Female,0,0,12,United-States,<=50K
43,Private,165922,Some-college,10,Divorced,Adm-clerical,Not-in-family,White,Male,0,0,48,United-States,<=50K
54,Private,290403,1st-4th,2,Married-civ-spouse,Other-service,Husband,White,Male,0,0,35,Mexico,<=50K
36,Private,49325,Bachelors,13,Married-civ-spouse,Prof-specialty,Husband,White,Male,0,0,50,United-States,>50K
30,Private,151967,Some-college,10,Married-civ-spouse,Craft-repair,Husband,White,Male,0,0,58,United-States,<=50K
63,Private,151141,HS-grad,9,Married-civ-spouse,Prof-specialty,Wife,White,Female,0,0,25,United-States,<=50K
28,Private,113588,HS-grad,9,Never-married,Adm-clerical,Not-in-family,White,Male,0,0,40,United-States,<=50K
57,Self-emp-not-inc,84231,Some-college,10,Married-civ-spouse,Other-service,Husband,White,Male,0,0,48,United-States,<=50K
23,Private,145389,Some-college,10,Married-civ-spouse,Sales,Wife,White,Female,0,0,40,United-States,<=50K
53,Self-emp-not-inc,265201,Assoc-voc,11,Married-civ-spouse,Sales,Husband,White,Male,0,0,50,United-States,>50K
31,Private,202053,Some-college,10,Divorced,Adm-clerical,Unmarried,Black,Female,0,0,40,United-States,<=50K
54,Private,217718,5th-6th,3,Married-spouse-absent,Other-service,Unmarried,Black,Female,0,0,30,Haiti,<=50K
62,Private,159822,Some-college,10,Married-civ-spouse,Adm-clerical,Wife,White,Female,0,0,38,United-States,>50K
46,Private,410034,HS-grad,9,Married-civ-spouse,Exec-managerial,Husband,White,Male,0,0,40,United-States,<=50K
29,Private,148884,HS-grad,9,Married-civ-spouse,Farming-fishing,Husband,White,Male,0,0,60,United-States,<=50K
51,Local-gov,146325,Doctorate,16,Married-civ-spouse,Prof-specialty,Husband,White,Male,0,1887,40,United-States,>50K
38,Private,130408,HS-grad,9,Married-civ-spouse,Craft-repair,Husband,White,Male,0,0,41,United-States,<=50K
71,State-gov,210982,HS-grad,9,Married-civ-spouse,Protective-serv,Husband,White,Male,0,0,28,United-States,<=50K
36,Private,389850,Some-college,10,Divorced,Adm-clerical,Not-in-family,White,Male,0,0,45,United-States,<=50K
42,Private,187149,Masters,14,Married-civ-spouse,Exec-managerial,Husband,White,Male,0,2415,55,United-States,>50K
34,Private,34845,HS-grad,9,Never-married,Handlers-cleaners,Not-in-family,White,Male,0,0,60,United-States,<=50K
35,Self-emp-not-inc,376540,Assoc-voc,11,Married-civ-spouse,Farming-fishing,Husband,White,Male,3103,0,55,United-States,<=50K
27,Private,133515,HS-grad,9,Never-married,Exec-managerial,Not-in-family,White,Female,0,0,50,United-States,<=50K
28,Private,233786,Bachelors,13,Never-married,Prof-specialty,Not-in-family,White,Male,0,0,45,United-States,<=50K
40,Local-gov,101795,HS-grad,9,Never-married,Protective-serv,Not-in-family,White,Male,0,0,42,United-States,<=50K
22,Private,221172,Some-college,10,Married-civ-spouse,Sales,Husband,White,Male,0,0,55,United-States,<=50K
19,Private,102723,Some-college,10,Never-married,Adm-clerical,Own-child,White,Female,0,0,40,United-States,<=50K
33,Private,91163,HS-grad,9,Separated,Other-service,Other-relative,Black,Female,0,0,40,United-States,<=50K
65,State-gov,288825,7th-8th,4,Widowed,Other-service,Other-relative,White,Female,0,0,24,United-States,<=50K
18,Private,164113,Some-college,10,Never-married,Sales,Own-child,White,Male,0,0,15,United-States,<=50K
43,Self-emp-inc,313986,Some-college,10,Married-civ-spouse,Exec-managerial,Husband,White,Male,0,0,92,United-States,>50K
39,Private,67433,Assoc-voc,11,Never-married,Prof-specialty,Not-in-family,White,Female,4650,0,32,United-States,<=50K
28,Private,78602,Some-college,10,Never-married,Exec-managerial,Not-in-family,White,Female,0,0,40,United-States,<=50K
47,Local-gov,331861,11th,7,Married-spouse-absent,Craft-repair,Not-in-family,Black,Male,0,0,40,United-States,<=50K
26,Private,167558,HS-grad,9,Never-married,Transport-moving,Own-child,White,Male,0,0,50,United-States,<=50K
38,Local-gov,72338,HS-grad,9,Married-civ-spouse,Protective-serv,Husband,Asian-Pac-Islander,Male,0,0,54,United-States,>50K
48,Private,355686,Bachelors,13,Married-civ-spouse,Prof-specialty,Husband,White,Male,0,0,45,Canada,>50K
73,Private,29675,HS-grad,9,Widowed,Other-service,Other-relative,White,Female,0,0,12,United-States,<=50K
51,Private,103407,HS-grad,9,Divorced,Adm-clerical,Not-in-family,White,Female,0,0,40,United-States,<=50K
21,Private,278632,Some-college,10,Never-married,Sales,Not-in-family,White,Female,0,0,55,United-States,<=50K
34,Self-emp-not-inc,349148,Some-college,10,Married-civ-spouse,Craft-repair,Husband,White,Male,0,0,40,United-States,<=50K
47,Private,147430,HS-grad,9,Married-civ-spouse,Craft-repair,Husband,White,Male,0,0,40,United-States,>50K
46,Private,405309,HS-grad,9,Married-civ-spouse,Exec-managerial,Husband,White,Male,0,0,40,United-States,<=50K
30,Private,48597,Some-college,10,Married-civ-spouse,Transport-moving,Husband,White,Male,0,0,80,United-States,>50K
22,?,376277,Some-college,10,Divorced,?,Not-in-family,White,Female,0,0,35,United-States,<=50K
44,Local-gov,157569,Masters,14,Divorced,Prof-specialty,Not-in-family,White,Female,0,0,50,United-States,>50K
49,Private,340917,Masters,14,Married-civ-spouse,Sales,Husband,White,Male,0,0,40,United-States,>50K
48,Self-emp-not-inc,229051,12th,8,Widowed,Sales,Unmarried,Asian-Pac-Islander,Female,0,0,40,South,<=50K
35,Private,215039,Some-college,10,Divorced,Adm-clerical,Not-in-family,White,Female,0,0,45,United-States,<=50K
25,Private,121712,Bachelors,13,Divorced,Craft-repair,Not-in-family,White,Male,0,0,40,United-States,<=50K
46,Private,212840,11th,7,Married-civ-spouse,Craft-repair,Husband,White,Male,0,0,32,United-States,<=50K
35,Private,187164,Assoc-voc,11,Married-civ-spouse,Exec-managerial,Wife,White,Female,0,0,42,United-States,>50K
35,Private,108140,HS-grad,9,Divorced,Craft-repair,Not-in-family,White,Male,0,0,40,United-States,<=50K
23,Private,33234,Some-college,10,Never-married,Other-service,Not-in-family,White,Female,0,0,25,United-States,<=50K
22,Private,163687,10th,6,Never-married,Sales,Own-child,White,Male,0,0,15,United-States,<=50K
28,Private,208277,HS-grad,9,Never-married,Craft-repair,Own-child,White,Male,0,0,50,United-States,<=50K
51,Private,163921,Bachelors,13,Married-civ-spouse,Transport-moving,Husband,White,Male,0,0,56,United-States,>50K
38,Private,233275,HS-grad,9,Married-civ-spouse,Craft-repair,Husband,White,Male,0,0,45,United-States,>50K
22,Private,145389,HS-grad,9,Never-married,Handlers-cleaners,Own-child,Amer-Indian-Eskimo,Male,0,0,40,United-States,<=50K
57,Private,237691,HS-grad,9,Married-civ-spouse,Other-service,Husband,White,Male,0,0,40,Mexico,<=50K
47,Private,252803,HS-grad,9,Divorced,Tech-support,Not-in-family,White,Female,0,0,36,United-States,<=50K
53,State-gov,197150,Masters,14,Married-civ-spouse,Exec-managerial,Husband,White,Male,0,0,70,United-States,>50K
36,Private,180280,Assoc-voc,11,Married-civ-spouse,Handlers-cleaners,Husband,White,Male,0,0,38,United-States,<=50K
34,Local-gov,108247,Some-college,10,Married-civ-spouse,Exec-managerial,Husband,White,Male,0,0,45,United-States,>50K
45,Private,102597,HS-grad,9,Widowed,Adm-clerical,Unmarried,White,Female,0,0,35,United-States,<=50K
38,Private,216160,HS-grad,9,Married-civ-spouse,Machine-op-inspct,Husband,Black,Male,0,1740,40,Haiti,<=50K
58,Private,191754,HS-grad,9,Married-civ-spouse,Sales,Husband,White,Male,0,0,40,United-States,>50K
56,Private,198388,HS-grad,9,Divorced,Adm-clerical,Not-in-family,White,Female,0,0,40,United-States,<=50K
18,Private,210673,HS-grad,9,Never-married,Sales,Own-child,White,Female,0,0,20,United-States,<=50K
37,Federal-gov,106297,HS-grad,9,Divorced,Handlers-cleaners,Unmarried,White,Male,0,0,40,United-States,<=50K
51,Private,241013,Bachelors,13,Married-civ-spouse,Craft-repair,Husband,White,Male,0,0,40,United-States,>50K
56,Federal-gov,155574,Some-college,10,Separated,Other-service,Not-in-family,Black,Male,0,0,40,United-States,<=50K
26,Private,78258,Assoc-voc,11,Divorced,Prof-specialty,Unmarried,White,Female,0,0,36,United-States,<=50K
45,Private,117983,11th,7,Married-civ-spouse,Transport-moving,Other-relative,White,Male,0,0,40,United-States,<=50K
73,Private,29732,HS-grad,9,Widowed,Other-service,Other-relative,White,Female,0,0,12,United-States,<=50K
71,State-gov,210574,HS-grad,9,Married-civ-spouse,Protective-serv,Husband,White,Male,0,0,28,United-States,<=50K
27,Private,187322,HS-grad,9,Never-married,Handlers-cleaners,Own-child,White,Male,0,0,40,United-States,<=50K
26,Private,32172,Bachelors,13,Never-married,Prof-specialty,Not-in-family,White,Female,0,0,45,United-States,<=50K
32,Private,198145,Some-college,10,Divorced,Exec-managerial,Not-in-family,White,Female,0,0,38,United-States,<=50K
23,Local-gov,248406,Some-college,10,Never-married,Other-service,Not-in-family,Black,Male,0,0,30,United-States,<=50K
36,Private,50197,Bachelors,13,Married-civ-spouse,Prof-specialty,Husband,White,Male,0,0,50,United-States,>50K
38,Federal-gov,33798,Some-college,10,Married-civ-spouse,Adm-clerical,Husband,Asian-Pac-Islander,Male,0,0,40,Philippines,>50K
33,Private,181934,HS-grad,9,Married-civ-spouse,Sales,Wife,White,Female,0,0,20,United-States,<=50K
73,Private,295896,HS-grad,9,Widowed,Other-service,Other-relative,White,Female,0,0,12,United-States,<=50K
22,State-gov,180928,Bachelors,13,Never-married,Prof-specialty,Own-child,Black,Male,0,0,20,United-States,<=50K
38,Private,191754,Assoc-acdm,12,Divorced,Craft-repair,Unmarried,White,Female,0,0,40,United-States,<=50K
30,Private,49325,Some-college,10,Married-civ-spouse,Transport-moving,Husband,White,Male,0,0,80,United-States,>50K
80,Private,107740,HS-grad,9,Widowed,Handlers-cleaners,Not-in-family,White,Male,0,0,30,United-States,<=50K
26,Private,171598,Some-college,10,Never-married,Farming-fishing,Not-in-family,White,Female,0,0,38,United-States,<=50K
26,Private,380560,HS-grad,9,Never-married,Handlers-cleaners,Own-child,White,Male,0,0,52,United-States,<=50K
44,Private,450141,HS-grad,9,Married-civ-spouse,Farming-fishing,Husband,White,Male,0,0,70,United-States,<=50K
41,Private,133425,1st-4th,2,Married-civ-spouse,Transport-moving,Husband,White,Male,0,0,40,Mexico,<=50K
35,Self-emp-not-inc,128876,7th-8th,4,Married-civ-spouse,Farming-fishing,Husband,White,Male,0,0,40,United-States,<=50K
45,Private,319637,HS-grad,9,Divorced,Other-service,Unmarried,White,Female,0,0,40,United-States,<=50K
31,Private,181608,HS-grad,9,Divorced,Adm-clerical,Unmarried,White,Female,0,0,35,United-States,<=50K
18,Private,115258,10th,6,Never-married,Craft-repair,Unmarried,White,Male,0,0,40,United-States,<=50K
21,Private,225623,Some-college,10,Never-married,Other-service,Other-relative,White,Female,0,0,30,United-States,<=50K
60,Federal-gov,63552,Bachelors,13,Married-civ-spouse,Adm-clerical,Husband,Black,Male,0,0,40,United-States,>50K
56,Private,198183,HS-grad,9,Divorced,Adm-clerical,Not-in-family,White,Female,0,0,40,United-States,<=50K
37,Private,105803,HS-grad,9,Married-civ-spouse,Craft-repair,Husband,White,Male,3103,0,45,United-States,>50K
40,Local-gov,101795,HS-grad,9,Never-married,Protective-serv,Not-in-family,White,Male,0,0,42,United-States,<=50K
44,Local-gov,56651,Bachelors,13,Married-civ-spouse,Exec-managerial,Husband,White,Male,0,0,52,United-States,<=50K
36,Private,28031,Assoc-acdm,12,Never-married,Tech-support,Unmarried,White,Female,0,0,45,United-States,<=50K
31,Private,112820,HS-grad,9,Married-civ-spouse,Sales,Husband,White,Male,0,0,40,United-States,<=50K
37,Private,209214,5th-6th,3,Never-married,Machine-op-inspct,Unmarried,White,Female,0,0,40,Mexico,<=50K
27,Private,267790,Some-college,10,Married-civ-spouse,Machine-op-inspct,Husband,White,Male,0,0,40,United-States,<=50K
48,State-gov,225707,Some-college,10,Divorced,Exec-managerial,Not-in-family,White,Female,0,0,40,United-States,<=50K
33,Private,195488,12th,8,Married-civ-spouse,Transport-moving,Husband,White,Male,0,0,40,United-States,<=50K
31,Private,192995,Assoc-acdm,12,Never-married,Adm-clerical,Not-in-family,White,Male,2202,0,38,United-States,<=50K
20,Private,244147,Some-college,10,Never-married,Craft-repair,Own-child,White,Male,0,0,40,United-States,<=50K
37,Private,33487,Some-college,10,Married-civ-spouse,Transport-moving,Husband,White,Male,0,0,50,United-States,<=50K
26,Private,78277,Assoc-voc,11,Divorced,Prof-specialty,Unmarried,White,Female,0,0,36,United-States,<=50K
47,Private,274451,10th,6,Married-civ-spouse,Craft-repair,Husband,White,Male,0,0,35,United-States,<=50K
38,Private,163204,HS-grad,9,Married-civ-spouse,Transport-moving,Husband,White,Male,0,1740,40,United-States,<=50K
45,Private,243436,Bachelors,13,Married-civ-spouse,Exec-managerial,Husband,White,Male,0,0,60,United-States,>50K
61,Private,219701,12th,8,Divorced,Protective-serv,Not-in-family,White,Male,0,0,37,Cuba,<=50K
30,Private,168212,HS-grad,9,Never-married,Sales,Unmarried,White,Female,0,0,35,Mexico,<=50K
19,Private,38819,11th,7,Never-married,Other-service,Own-child,White,Male,0,0,40,United-States,<=50K
32,Private,236648,12th,8,Married-civ-spouse,Craft-repair,Other-relative,White,Male,0,0,40,Mexico,<=50K
53,Federal-gov,443508,Bachelors,13,Married-civ-spouse,Adm-clerical,Husband,Black,Male,0,0,40,United-States,>50K
42,Private,201454,Some-college,10,Married-civ-spouse,Craft-repair,Husband,White,Male,0,0,50,United-States,<=50K
42,Federal-gov,343579,Bachelors,13,Married-civ-spouse,Exec-managerial,Husband,White,Male,7298,0,50,United-States,>50K
50,Private,337505,HS-grad,9,Married-civ-spouse,Machine-op-inspct,Husband,White,Male,0,1485,40,United-States,<=50K
18,Federal-gov,281315,Some-college,10,Never-married,Sales,Own-child,White,Female,0,0,32,United-States,<=50K
34,Private,158704,Bachelors,13,Married-civ-spouse,Exec-managerial,Husband,White,Male,0,0,70,United-States,<=50K
34,Private,113129,HS-grad,9,Separated,Handlers-cleaners,Not-in-family,White,Male,2463,0,40,United-States,<=50K
57,Private,173090,HS-grad,9,Widowed,Sales,Unmarried,White,Female,0,0,32,United-States,<=50K
53,Federal-gov,439263,Bachelors,13,Married-civ-spouse,Adm-clerical,Husband,Black,Male,0,0,40,United-States,>50K
56,Private,398931,HS-grad,9,Widowed,Adm-clerical,Not-in-family,White,Female,0,0,40,United-States,<=50K
27,Private,181096,HS-grad,9,Never-married,Adm-clerical,Own-child,White,Female,0,0,35,Italy,<=50K
20,Private,211097,Some-college,10,Never-married,Other-service,Own-child,White,Female,0,0,16,United-States,<=50K
23,State-gov,277203,Bachelors,13,Never-married,Adm-clerical,Own-child,White,Male,0,0,40,United-States,<=50K
36,Private,247547,HS-grad,9,Married-civ-spouse,Craft-repair,Husband,White,Male,0,0,45,United-States,<=50K
33,Private,85341,HS-grad,9,Never-married,Farming-fishing,Not-in-family,White,Male,0,0,20,United-States,<=50K
21,Private,73392,Some-college,10,Never-married,Exec-managerial,Own-child,White,Female,0,0,40,United-States,<=50K
36,Private,175643,HS-grad,9,Married-civ-spouse,Craft-repair,Husband,White,Male,0,0,35,United-States,<=50K
29,Private,309778,Bachelors,13,Never-married,Craft-repair,Not-in-family,White,Male,0,0,40,United-States,<=50K
23,Private,142760,Masters,14,Never-married,Prof-specialty,Own-child,White,Female,0,0,36,United-States,<=50K
22,?,165065,Some-college,10,Never-married,?,Own-child,White,Female,0,0,40,Italy,<=50K
20,Private,224105,HS-grad,9,Never-married,Handlers-cleaners,Not-in-family,White,Male,0,0,40,United-States,<=50K
23,Federal-gov,413930,Bachelors,13,Never-married,Prof-specialty,Not-in-family,White,Female,0,0,15,United-States,<=50K
22,Private,243842,9th,5,Never-married,Craft-repair,Own-child,White,Male,0,0,40,United-States,<=50K
35,Self-emp-not-inc,278632,HS-grad,9,Married-civ-spouse,Craft-repair,Husband,White,Male,0,0,40,United-States,<=50K
25,Private,173938,HS-grad,9,Never-married,Other-service,Own-child,White,Female,0,0,25,United-States,<=50K
20,Private,41356,Some-college,10,Never-married,Prof-specialty,Not-in-family,White,Female,0,0,40,United-States,<=50K
20,Private,190776,HS-grad,9,Never-married,Other-service,Own-child,White,Female,0,0,30,United-States,<=50K
64,State-gov,216497,Doctorate,16,Married-civ-spouse,Prof-specialty,Husband,White,Male,0,0,50,Columbia,>50K
33,Self-emp-not-inc,188972,Some-college,10,Never-married,Other-service,Not-in-family,White,Female,0,0,5,United-States,<=50K
40,Private,121712,Assoc-acdm,12,Married-civ-spouse,Sales,Husband,White,Male,7688,0,50,United-States,>50K
26,Private,216497,Masters,14,Never-married,Prof-specialty,Not-in-family,White,Female,0,0,10,United-States,<=50K
34,Private,321865,HS-grad,9,Never-married,Other-service,Not-in-family,White,Female,0,0,28,United-States,<=50K
49,Private,157473,HS-grad,9,Married-civ-spouse,Craft-repair,Husband,White,Male,0,0,40,United-States,<=50K
57,Private,78602,HS-grad,9,Never-married,Adm-clerical,Own-child,White,Female,0,0,40,United-States,<=50K
51,Private,261207,HS-grad,9,Married-civ-spouse,Other-service,Husband,White,Male,0,0,40,Cuba,>50K
55,Self-emp-not-inc,271795,HS-grad,9,Married-civ-spouse,Other-service,Husband,White,Male,0,0,40,United-States,<=50K
49,Private,339956,Masters,14,Married-civ-spouse,Sales,Husband,White,Male,0,0,40,United-States,>50K
36,Private,33474,Bachelors,13,Married-civ-spouse,Sales,Husband,White,Male,0,1887,35,United-States,>50K
46,Private,121168,HS-grad,9,Divorced,Craft-repair,Not-in-family,White,Female,0,0,40,United-States,<=50K
34,Local-gov,108247,Some-college,10,Married-civ-spouse,Exec-managerial,Husband,White,Male,0,0,45,United-States,>50K
58,Private,111209,HS-grad,9,Married-civ-spouse,Farming-fishing,Husband,White,Male,0,0,45,United-States,<=50K
35,Private,267989,HS-grad,9,Divorced,Other-service,Not-in-family,White,Female,0,0,45,United-States,<=50K
33,Self-emp-inc,287372,Some-college,10,Married-civ-spouse,Exec-managerial,Husband,White,Male,0,0,50,United-States,>50K
44,Private,116358,Bachelors,13,Married-civ-spouse,Sales,Husband,Asian-Pac-Islander,Male,0,0,40,United-States,>50K
35,Private,185397,Bachelors,13,Married-civ-spouse,Prof-specialty,Husband,White,Male,0,0,50,United-States,>50K
32,Private,106297,5th-6th,3,Married-civ-spouse,Other-service,Other-relative,White,Male,0,0,40,United-States,<=50K
26,Self-emp-not-inc,109419,Some-college,10,Separated,Craft-repair,Not-in-family,White,Male,0,0,30,United-States,<=50K
63,Private,165505,HS-grad,9,Married-civ-spouse,Sales,Husband,White,Male,0,0,21,United-States,<=50K
37,Private,111129,Assoc-voc,11,Married-civ-spouse,Craft-repair,Husband,White,Male,0,0,39,United-States,<=50K
34,?,181824,HS-grad,9,Divorced,?,Not-in-family,White,Female,0,0,40,United-States,<=50K
27,State-gov,553473,Bachelors,13,Married-civ-spouse,Protective-serv,Wife,Black,Female,0,0,48,United-States,<=50K
36,Self-emp-not-inc,361631,HS-grad,9,Divorced,Transport-moving,Not-in-family,White,Male,0,0,60,United-States,<=50K
46,Private,72619,Some-college,10,Married-civ-spouse,Exec-managerial,Wife,White,Female,0,0,40,United-States,>50K
22,Private,88050,Assoc-acdm,12,Married-civ-spouse,Exec-managerial,Husband,Asian-Pac-Islander,Male,0,0,6,United-States,<=50K
51,Private,254211,Bachelors,13,Married-civ-spouse,Craft-repair,Husband,White,Male,0,0,20,United-States,>50K
42,Private,169853,HS-grad,9,Married-civ-spouse,Sales,Husband,White,Male,0,0,48,United-States,<=50K
43,State-gov,187334,Some-college,10,Separated,Craft-repair,Not-in-family,White,Male,0,0,37,United-States,<=50K
18,Private,428030,HS-grad,9,Never-married,Other-service,Not-in-family,White,Male,0,0,20,United-States,<=50K
24,Private,228960,Assoc-acdm,12,Never-married,Adm-clerical,Own-child,White,Female,0,0,40,United-States,<=50K
18,Local-gov,159755,7th-8th,4,Never-married,Farming-fishing,Own-child,White,Male,0,0,40,United-States,<=50K
45,Self-emp-not-inc,331861,Bachelors,13,Married-civ-spouse,Sales,Husband,White,Male,0,0,40,United-States,>50K
26,Private,385452,HS-grad,9,Never-married,Handlers-cleaners,Own-child,White,Male,0,0,52,United-States,<=50K
51,Private,106679,Bachelors,13,Married-civ-spouse,Exec-managerial,Husband,White,Male,5178,0,60,United-States,>50K
65,Private,180195,Some-college,10,Married-civ-spouse,Exec-managerial,Wife,White,Female,0,0,40,United-States,<=50K
52,Private,248178,Masters,14,Married-civ-spouse,Exec-managerial,Husband,White,Male,15024,0,50,United-States,>50K
34,Private,112820,HS-grad,9,Separated,Handlers-cleaners,Not-in-family,White,Male,2463,0,40,United-States,<=50K
46,Private,403911,HS-grad,9,Married-civ-spouse,Craft-repair,Husband,Black,Male,0,1902,40,United-States,>50K
42,Local-gov,126319,Bachelors,13,Married-civ-spouse,Prof-specialty,Wife,White,Female,0,0,40,United-States,>50K
39,Private,238768,HS-grad,9,Divorced,Adm-clerical,Unmarried,White,Female,0,0,40,United-States,<=50K
34,Private,93213,Masters,14,Married-civ-spouse,Other-service,Husband,White,Male,0,0,30,United-States,<=50K
20,Private,188171,Some-college,10,Never-married,Tech-support,Own-child,White,Female,0,0,40,United-States,<=50K
21,?,357029,Some-college,10,Married-civ-spouse,?,Wife,Black,Female,2174,0,20,United-States,<=50K
30,Private,157887,Bachelors,13,Never-married,Prof-specialty,Not-in-family,White,Male,0,0,50,Iran,<=50K
19,Private,138557,Some-college,10,Never-married,Sales,Own-child,White,Female,0,0,25,United-States,<=50K
18,Private,303867,HS-grad,9,Never-married,Other-service,Own-child,White,Female,0,0,20,United-States,<=50K
48,Private,354075,Bachelors,13,Married-civ-spouse,Prof-specialty,Husband,White,Male,0,0,45,Canada,>50K
27,State-gov,55237,Bachelors,13,Married-civ-spouse,Protective-serv,Wife,Black,Female,0,0,48,United-States,<=50K
46,Private,188171,Some-college,10,Married-civ-spouse,Machine-op-inspct,Husband,White,Male,0,0,50,United-States,>50K
19,Private,196857,HS-grad,9,Never-married,Other-service,Not-in-family,White,Female,0,0,40,United-States,<=50K
29,Private,246891,11th,7,Never-married,Other-service,Unmarried,Black,Female,0,0,40,United-States,<=50K
37,Private,209214,5th-6th,3,Never-married,Machine-op-inspct,Unmarried,White,Female,0,0,40,Mexico,<=50K
30,Self-emp-inc,68330,Some-college,10,Married-civ-spouse,Sales,Husband,White,Male,0,0,50,United-States,<=50K
39,Private,294183,HS-grad,9,Divorced,Exec-managerial,Unmarried,White,Female,0,0,40,United-States,<=50K
49,Private,93557,HS-grad,9,Married-civ-spouse,Exec-managerial,Husband,White,Male,0,0,48,United-States,>50K
48,Private,132853,HS-grad,9,Never-married,Other-service,Not-in-family,White,Female,0,0,30,United-States,<=50K
47,Private,93557,HS-grad,9,Married-civ-spouse,Farming-fishing,Husband,White,Male,0,0,40,United-States,<=50K
20,Private,63552,Some-college,10,Never-married,Sales,Not-in-family,White,Male,0,0,25,United-States,<=50K
33,Local-gov,120508,Bachelors,13,Divorced,Protective-serv,Unmarried,White,Female,0,0,60,Germany,<=50K
24,Private,189462,Bachelors,13,Never-married,Prof-specialty,Not-in-family,White,Female,0,0,40,United-States,<=50K
39,Private,68318,Assoc-voc,11,Never-married,Prof-specialty,Not-in-family,White,Female,4650,0,32,United-States,<=50K
45,Private,320280,HS-grad,9,Divorced,Other-service,Unmarried,White,Female,0,0,40,United-States,<=50K
47,Local-gov,173938,Bachelors,13,Married-civ-spouse,Craft-repair,Husband,White,Male,0,0,50,United-States,>50K
53,Self-emp-not-inc,263439,Assoc-voc,11,Married-civ-spouse,Sales,Husband,White,Male,0,0,50,United-States,>50K
26,Federal-gov,172047,Assoc-voc,11,Never-married,Craft-repair,Own-child,White,Male,0,0,50,Japan,<=50K
27,Private,187802,HS-grad,9,Never-married,Handlers-cleaners,Own-child,White,Male,0,0,40,United-States,<=50K
24,Self-emp-not-inc,172186,Assoc-acdm,12,Never-married,Craft-repair,Own-child,White,Male,0,0,40,United-States,<=50K
24,Private,191069,HS-grad,9,Never-married,Adm-clerical,Own-child,White,Female,0,0,40,United-States,<=50K
34,Private,159032,Bachelors,13,Married-civ-spouse,Exec-managerial,Husband,White,Male,0,0,70,United-States,<=50K
22,Private,220656,Some-college,10,Married-civ-spouse,Sales,Husband,White,Male,0,0,55,United-States,<=50K
36,Private,247379,HS-grad,9,Married-civ-spouse,Craft-repair,Husband,White,Male,0,0,45,United-States,<=50K
18,Private,165532,Some-college,10,Never-married,Sales,Own-child,White,Male,0,0,15,United-States,<=50K
47,Self-emp-not-inc,94100,Bachelors,13,Never-married,Farming-fishing,Not-in-family,White,Male,0,0,65,United-States,<=50K
17,Private,100828,Some-college,10,Never-married,Adm-clerical,Own-child,White,Male,0,0,20,United-States,<=50K
24,Private,189703,HS-grad,9,Never-married,Adm-clerical,Own-child,White,Female,0,0,40,United-States,<=50K
27,Private,187560,HS-grad,9,Never-married,Handlers-cleaners,Own-child,White,Male,0,0,40,United-States,<=50K
30,Self-emp-inc,68330,Some-college,10,Married-civ-spouse,Sales,Husband,White,Male,0,0,50,United-States,<=50K
53,Private,108836,9th,5,Married-civ-spouse,Transport-moving,Husband,White,Male,0,0,40,United-States,<=50K
28,Private,232766,Bachelors,13,Never-married,Prof-specialty,Not-in-family,White,Male,0,0,45,United-States,<=50K
27,Private,199118,Some-college,10,Never-married,Adm-clerical,Own-child,White,Female,0,0,40,Mexico,<=50K
48,State-gov,223811,Some-college,10,Divorced,Exec-managerial,Not-in-family,White,Female,0,0,40,United-States,<=50K
43,Private,143032,HS-grad,9,Married-civ-spouse,Tech-support,Husband,White,Male,0,0,40,United-States,<=50K
47,Local-gov,331861,11th,7,Married-spouse-absent,Craft-repair,Not-in-family,Black,Male,0,0,40,United-States,<=50K
28,Private,78602,Some-college,10,Never-married,Exec-managerial,Not-in-family,White,Female,0,0,40,United-States,<=50K
36,Self-emp-not-inc,36270,HS-grad,9,Divorced,Transport-moving,Not-in-family,White,Male,0,0,60,United-States,<=50K
23,Private,143032,Masters,14,Never-married,Prof-specialty,Own-child,White,Female,0,0,36,United-States,<=50K
34,Local-gov,158242,Bachelors,13,Never-married,Exec-managerial,Not-in-family,White,Female,0,0,43,United-States,<=50K
68,Self-emp-not-inc,450580,HS-grad,9,Married-civ-spouse,Farming-fishing,Husband,White,Male,0,0,20,United-States,<=50K
28,Private,236834,9th,5,Never-married,Priv-house-serv,Not-in-family,White,Female,0,0,35,Mexico,<=50K
52,Private,153751,9th,5,Separated,Other-service,Not-in-family,Black,Female,0,0,30,United-States,<=50K
33,Private,149943,HS-grad,9,Married-civ-spouse,Sales,Husband,White,Male,0,0,40,United-States,>50K
45,Local-gov,191807,Masters,14,Divorced,Prof-specialty,Not-in-family,White,Female,0,0,40,United-States,<=50K
44,Local-gov,157473,Masters,14,Divorced,Prof-specialty,Not-in-family,White,Female,0,0,50,United-States,>50K
25,Private,130397,10th,6,Never-married,Farming-fishing,Unmarried,Amer-Indian-Eskimo,Male,0,0,40,United-States,<=50K
20,Private,104164,HS-grad,9,Never-married,Handlers-cleaners,Own-child,White,Male,0,0,40,United-States,<=50K
48,Private,189265,Some-college,10,Divorced,Handlers-cleaners,Own-child,White,Male,2176,0,40,United-States,<=50K
43,Local-gov,258509,Bachelors,13,Married-civ-spouse,Prof-specialty,Husband,White,Male,0,0,55,United-States,>50K
43,Local-gov,30424,12th,8,Married-civ-spouse,Transport-moving,Husband,White,Male,0,1579,40,United-States,<=50K
30,Private,87418,Bachelors,13,Married-civ-spouse,Exec-managerial,Husband,White,Male,0,0,45,United-States,>50K
39,Private,33363,11th,7,Married-civ-spouse,Machine-op-inspct,Husband,White,Male,0,0,40,United-States,<=50K
22,Private,243743,9th,5,Never-married,Craft-repair,Own-child,White,Male,0,0,40,United-States,<=50K
36,Self-emp-not-inc,206351,Bachelors,13,Never-married,Craft-repair,Own-child,White,Male,0,0,40,United-States,<=50K
36,Local-gov,254202,Prof-school,15,Divorced,Prof-specialty,Unmarried,White,Female,0,0,24,Germany,<=50K
26,Private,210797,Assoc-voc,11,Separated,Adm-clerical,Unmarried,Black,Female,114,0,40,United-States,<=50K
27,Private,295896,Bachelors,13,Never-married,Prof-specialty,Not-in-family,White,Female,4865,0,36,United-States,<=50K
21,Private,214413,11th,7,Never-married,Handlers-cleaners,Own-child,White,Male,0,0,40,United-States,<=50K
19,Private,168693,HS-grad,9,Never-married,Sales,Own-child,White,Female,0,0,25,United-States,<=50K
47,Private,343579,1st-4th,2,Married-spouse-absent,Farming-fishing,Not-in-family,White,Male,0,0,12,Mexico,<=50K
56,Private,249957,HS-grad,9,Married-civ-spouse,Tech-support,Husband,White,Male,0,0,40,United-States,<=50K
50,Private,215039,HS-grad,9,Married-civ-spouse,Craft-repair,Husband,White,Male,0,0,40,United-States,>50K
47,Local-gov,173960,Bachelors,13,Married-civ-spouse,Craft-repair,Husband,White,Male,0,0,50,United-States,>50K
46,Private,40856,HS-grad,9,Married-civ-spouse,Exec-managerial,Husband,White,Male,0,0,40,United-States,<=50K
41,Private,106679,Masters,14,Never-married,Exec-managerial,Not-in-family,White,Male,25236,0,50,United-States,>50K
35,Private,232766,11th,7,Separated,Other-service,Unmarried,White,Male,0,0,20,United-States,<=50K
52,Self-emp-inc,889965,Masters,14,Married-civ-spouse,Exec-managerial,Husband,White,Male,1506,0,60,United-States,>50K
33,Self-emp-inc,284871,Some-college,10,Married-civ-spouse,Exec-managerial,Husband,White,Male,0,0,50,United-States,>50K
44,Private,45474,HS-grad,9,Married-civ-spouse,Farming-fishing,Husband,White,Male,0,0,70,United-States,<=50K
