age,workclass,fnlwgt,education,education-num,marital-status,occupation,relationship,race,sex,capital-gain,capital-loss,hours-per-week,native-country,income,placeholder
41,Private,130060,Some-college,15,Married-civ-spouse,Prof-specialty,Husband,White,Male,0,0,80,United-States,>50K,42.0
29,Private,178066,HS-grad,9,Married-civ-spouse,Transport-moving,Husband,White,Male,0,0,40,United-States,<=50K,330.0
24,Private,232766,HS-grad,9,Married-civ-spouse,Craft-repair,Husband,White,Male,0,0,40,United-States,<=50K,760.0
51,Without-pay,124963,Assoc-acdm,12,Married-civ-spouse,Sales,Husband,White,Male,0,0,45,United-States,<=50K,694.0
49,Private,147253,Assoc-voc,11,Married-civ-spouse,Machine-op-inspct,Wife,White,Female,0,0,40,Peru,<=50K,481.0
48,Private,196107,HS-grad,9,Divorced,Adm-clerical,Not-in-family,White,Female,0,0,30,United-States,<=50K,573.0
47,Private,186224,Prof-school,15,Married-civ-spouse,Prof-specialty,Husband,White,Male,0,0,60,?,>50K,936.0
61,Private,355645,9th,5,Married-civ-spouse,Machine-op-inspct,Husband,Black,Male,0,0,20,Trinadad&Tobago,<=50K,585.0
49,Private,282304,Some-college,10,Married-civ-spouse,Exec-managerial,Husband,White,Male,0,0,45,United-States,>50K,541.0
33,Private,154227,Assoc-voc,11,Divorced,Sales,Not-in-family,White,Male,0,0,40,United-States,<=50K,910.0
33,Local-gov,408427,HS-grad,9,Married-civ-spouse,Protective-serv,Husband,White,Male,0,0,56,United-States,<=50K,46.0
17,Private,162205,11th,7,Never-married,Adm-clerical,Own-child,White,Male,0,0,16,United-States,<=50K,391.0
20,Private,275653,HS-grad,9,Never-married,Adm-clerical,Own-child,White,Female,0,0,40,United-States,<=50K,851.0
32,Private,39236,HS-grad,9,Married-civ-spouse,Craft-repair,Husband,White,Male,0,0,40,United-States,<=50K,936.0
66,?,107112,7th-8th,4,Never-married,?,Other-relative,Black,Male,0,0,30,United-States,<=50K,407.0
63,Private,323790,Some-college,10,Divorced,Craft-repair,Unmarried,White,Male,0,0,22,United-States,<=50K,495.0
34,Self-emp-not-inc,180262,Assoc-voc,11,Married-civ-spouse,Craft-repair,Husband,White,Male,0,0,45,United-States,<=50K,327.0
20,Private,496743,Some-college,10,Never-married,Sales,Own-child,White,Male,0,0,40,United-States,<=50K,269.0
52,Private,93127,11th,7,Married-civ-spouse,Other-service,Husband,White,Male,0,0,32,United-States,<=50K,835.0
58,Self-emp-not-inc,165315,HS-grad,9,Married-civ-spouse,Sales,Husband,White,Male,0,0,35,United-States,>50K,428.0
31,Private,150553,Assoc-acdm,12,Never-married,Tech-support,Not-in-family,Asian-Pac-Islander,Female,0,0,40,United-States,<=50K,705.0
37,Private,220993,HS-grad,9,Never-married,Other-service,Own-child,Amer-Indian-Eskimo,Male,0,0,18,United-States,<=50K,87.0
49,Self-emp-not-inc,225823,Bachelors,13,Married-civ-spouse,Sales,Husband,White,Male,0,0,60,United-States,>50K,485.0
23,Private,195543,Bachelors,13,Married-civ-spouse,Sales,Husband,White,Male,0,0,45,United-States,<=50K,691.0
17,?,145258,11th,7,Never-married,?,Other-relative,White,Female,0,0,25,United-States,<=50K,627.0
59,Private,530099,Some-college,10,Married-civ-spouse,Craft-repair,Husband,White,Male,0,1887,55,United-States,>50K,166.0
29,State-gov,117963,HS-grad,9,Married-civ-spouse,Protective-serv,Husband,White,Male,0,0,42,United-States,<=50K,457.0
35,Private,301862,HS-grad,9,Married-civ-spouse,Machine-op-inspct,Husband,White,Male,0,0,40,United-States,<=50K,595.0
47,Private,118941,HS-grad,9,Divorced,Craft-repair,Not-in-family,White,Male,0,0,40,United-States,>50K,38.0
35,Private,162358,Bachelors,13,Never-married,Exec-managerial,Not-in-family,White,Female,0,0,50,United-States,>50K,113.0
57,Federal-gov,140854,Bachelors,13,Married-civ-spouse,Prof-specialty,Husband,White,Male,0,0,40,United-States,>50K,418.0
77,Self-emp-not-inc,162856,Preschool,1,Widowed,Exec-managerial,Not-in-family,White,Female,0,0,60,United-States,<=50K,868.0
45,Private,178510,12th,8,Divorced,Craft-repair,Not-in-family,White,Male,0,0,40,United-States,<=50K,986.0
38,Private,152587,Bachelors,13,Never-married,Prof-specialty,Not-in-family,White,Male,0,0,41,United-States,>50K,932.0
21,Private,61777,Some-college,10,Never-married,Craft-repair,Not-in-family,White,Male,0,0,70,United-States,<=50K,607.0
33,Private,136105,Bachelors,13,Never-married,Prof-specialty,Not-in-family,White,Male,0,0,40,United-States,>50K,446.0
26,Private,530099,HS-grad,9,Never-married,Other-service,Unmarried,White,Male,0,0,40,United-States,<=50K,868.0
51,Private,28334,HS-grad,9,Married-civ-spouse,Machine-op-inspct,Husband,Black,Male,3273,0,40,United-States,<=50K,486.0
30,State-gov,119197,Masters,14,Divorced,Prof-specialty,Not-in-family,Amer-Indian-Eskimo,Male,0,0,50,United-States,<=50K,510.0
39,Private,77322,Some-college,10,Married-civ-spouse,Sales,Husband,White,Male,0,0,55,United-States,>50K,777.0
26,Private,237928,HS-grad,9,Married-civ-spouse,Adm-clerical,Husband,White,Male,0,0,40,United-States,<=50K,277.0
39,Private,77146,Some-college,10,Married-civ-spouse,Sales,Husband,White,Male,0,0,55,United-States,>50K,403.0
52,?,24473,HS-grad,9,Married-civ-spouse,?,Husband,White,Male,0,0,35,United-States,<=50K,896.0
20,Private,162002,Some-college,10,Never-married,Priv-house-serv,Own-child,White,Female,0,0,45,United-States,<=50K,368.0
50,Private,313321,Assoc-acdm,12,Divorced,Sales,Not-in-family,White,Female,0,0,40,United-States,<=50K,809.0
45,Private,214068,Doctorate,16,Married-civ-spouse,Prof-specialty,Husband,White,Male,0,0,50,United-States,>50K,317.0
51,Without-pay,124963,Assoc-acdm,12,Married-civ-spouse,Sales,Husband,White,Male,0,0,45,United-States,<=50K,830.0
50,Private,126223,HS-grad,9,Married-civ-spouse,Handlers-cleaners,Husband,Black,Male,0,0,40,United-States,<=50K,248.0
47,Self-emp-inc,101926,Bachelors,13,Divorced,Exec-managerial,Not-in-family,White,Male,0,0,70,United-States,>50K,471.0
44,Private,61777,Masters,14,Married-civ-spouse,Exec-managerial,Husband,White,Male,0,0,40,United-States,>50K,881.0
27,Self-emp-inc,219086,12th,8,Married-civ-spouse,Adm-clerical,Husband,White,Male,0,0,40,United-States,>50K,763.0
53,Private,150080,HS-grad,9,Married-civ-spouse,Machine-op-inspct,Husband,White,Male,0,0,40,United-States,<=50K,325.0
45,State-gov,207937,HS-grad,9,Divorced,Tech-support,Unmarried,White,Female,0,0,40,United-States,<=50K,327.0
32,Private,207066,HS-grad,9,Never-married,Machine-op-inspct,Unmarried,Black,Female,0,0,40,United-States,<=50K,753.0
36,Self-emp-not-inc,408427,Prof-school,15,Married-civ-spouse,Prof-specialty,Husband,White,Male,0,0,60,United-States,>50K,733.0
46,Local-gov,377622,HS-grad,9,Married-civ-spouse,Other-service,Husband,White,Male,0,0,40,United-States,<=50K,403.0
48,Private,216214,11th,7,Married-civ-spouse,Machine-op-inspct,Husband,White,Male,0,0,40,United-States,<=50K,935.0
26,Private,110279,HS-grad,9,Never-married,Other-service,Not-in-family,White,Female,0,1762,40,United-States,<=50K,461.0
33,State-gov,35306,9th,5,Never-married,Other-service,Own-child,White,Female,0,0,44,United-States,<=50K,809.0
33,Private,258490,Some-college,10,Married-civ-spouse,Craft-repair,Wife,White,Female,0,0,60,United-States,<=50K,787.0
33,Private,258490,Some-college,10,Married-civ-spouse,Craft-repair,Wife,White,Female,0,0,60,United-States,<=50K,799.0
28,Private,424340,Some-college,10,Never-married,Adm-clerical,Own-child,Black,Male,0,0,40,United-States,<=50K,655.0
29,Private,82242,Prof-school,15,Never-married,Prof-specialty,Unmarried,White,Male,27828,0,45,Germany,>50K,260.0
34,Private,157273,Bachelors,13,Married-civ-spouse,Exec-managerial,Husband,White,Male,0,0,40,United-States,>50K,658.0
29,Private,130126,HS-grad,9,Never-married,Handlers-cleaners,Own-child,White,Male,0,0,25,United-States,<=50K,243.0
27,Private,361307,HS-grad,9,Married-civ-spouse,Exec-managerial,Husband,White,Male,0,0,40,United-States,<=50K,297.0
55,Local-gov,110490,Bachelors,13,Married-civ-spouse,Prof-specialty,Wife,White,Female,0,0,60,United-States,<=50K,758.0
38,Private,117779,HS-grad,9,Married-civ-spouse,Machine-op-inspct,Husband,White,Male,0,0,65,United-States,>50K,203.0
74,?,89667,Bachelors,13,Widowed,?,Not-in-family,Other,Female,0,0,35,United-States,<=50K,446.0
50,Private,302372,Bachelors,13,Married-civ-spouse,Prof-specialty,Husband,White,Male,0,0,40,United-States,<=50K,19.0
20,?,338409,Some-college,10,Never-married,?,Own-child,Black,Male,0,0,30,United-States,<=50K,420.0
32,Private,203674,Assoc-acdm,12,Divorced,Prof-specialty,Unmarried,White,Female,0,880,36,United-States,<=50K,476.0
25,Private,258121,Bachelors,13,Never-married,Exec-managerial,Not-in-family,White,Male,0,0,50,United-States,<=50K,647.0
33,Private,169104,HS-grad,9,Married-civ-spouse,Other-service,Husband,Asian-Pac-Islander,Male,0,0,40,China,<=50K,364.0
54,Self-emp-not-inc,136224,Masters,14,Divorced,Prof-specialty,Not-in-family,White,Female,0,0,30,United-States,<=50K,19.0
43,Private,380922,Masters,14,Divorced,Exec-managerial,Unmarried,White,Male,0,0,50,United-States,<=50K,983.0
32,Private,204556,Assoc-acdm,12,Divorced,Prof-specialty,Unmarried,White,Female,0,880,36,United-States,<=50K,577.0
27,Private,81540,HS-grad,9,Married-civ-spouse,Craft-repair,Husband,White,Male,0,0,40,United-States,>50K,412.0
47,Private,118729,HS-grad,9,Divorced,Craft-repair,Not-in-family,White,Male,0,0,40,United-States,>50K,937.0
33,Private,48055,HS-grad,9,Separated,Handlers-cleaners,Not-in-family,White,Male,0,0,40,United-States,<=50K,135.0
30,Private,271544,Bachelors,13,Married-civ-spouse,Sales,Husband,White,Male,7298,0,50,United-States,>50K,72.0
26,Private,258490,Bachelors,13,Never-married,Adm-clerical,Own-child,White,Male,0,0,40,United-States,<=50K,13.0
44,Private,194336,Some-college,10,Divorced,Other-service,Unmarried,Black,Female,0,0,35,United-States,<=50K,964.0
36,Private,178066,Bachelors,13,Never-married,Other-service,Not-in-family,White,Male,2176,0,20,?,<=50K,862.0
30,Private,158343,Some-college,10,Never-married,Craft-repair,Other-relative,White,Male,0,0,55,Ecuador,<=50K,386.0
27,Private,246440,11th,7,Divorced,Machine-op-inspct,Unmarried,White,Female,0,0,40,United-States,<=50K,80.0
51,Private,197496,Bachelors,13,Married-civ-spouse,Exec-managerial,Husband,White,Male,0,0,50,United-States,>50K,533.0
20,?,59174,Some-college,10,Never-married,?,Own-child,White,Male,0,0,15,United-States,<=50K,300.0
41,Private,328447,1st-4th,2,Married-civ-spouse,Craft-repair,Husband,White,Male,0,0,35,Japan,<=50K,779.0
65,State-gov,29276,7th-8th,4,Widowed,Other-service,Other-relative,White,Female,0,0,24,United-States,<=50K,642.0
25,Private,361307,Bachelors,13,Never-married,Sales,Own-child,White,Female,0,0,40,United-States,<=50K,396.0
59,Private,108929,Doctorate,16,Never-married,Prof-specialty,Not-in-family,White,Male,0,0,50,United-States,<=50K,591.0
19,?,385183,Some-college,10,Never-married,?,Own-child,White,Male,0,0,22,United-States,<=50K,972.0
34,Private,181667,HS-grad,9,Divorced,Exec-managerial,Own-child,White,Male,0,0,44,United-States,<=50K,436.0
38,Private,229051,Bachelors,13,Married-civ-spouse,Exec-managerial,Husband,White,Male,0,0,50,United-States,>50K,102.0
22,Private,304710,Bachelors,13,Never-married,Adm-clerical,Not-in-family,Asian-Pac-Islander,Female,0,0,10,Vietnam,<=50K,711.0
19,Private,260696,11th,7,Never-married,Other-service,Other-relative,White,Male,0,0,20,United-States,<=50K,291.0
39,Private,77146,Some-college,10,Married-civ-spouse,Sales,Husband,White,Male,0,0,55,United-States,>50K,46.0
62,Local-gov,103344,HS-grad,9,Divorced,Craft-repair,Not-in-family,White,Male,0,0,40,United-States,<=50K,929.0
47,Local-gov,140711,Some-college,10,Married-civ-spouse,Protective-serv,Husband,White,Male,0,0,40,United-States,>50K,834.0
47,Self-emp-inc,101926,Bachelors,13,Divorced,Exec-managerial,Not-in-family,White,Male,0,0,70,United-States,>50K,291.0
24,Private,146365,Bachelors,13,Never-married,Exec-managerial,Unmarried,White,Male,0,0,40,United-States,>50K,279.0
40,Private,262515,HS-grad,9,Never-married,Adm-clerical,Not-in-family,White,Female,0,0,40,United-States,<=50K,359.0
47,Private,227840,Some-college,10,Divorced,Adm-clerical,Unmarried,Black,Female,0,0,40,United-States,<=50K,989.0
56,Private,92215,9th,5,Divorced,Craft-repair,Not-in-family,White,Female,0,0,40,United-States,>50K,744.0
44,Self-emp-inc,57233,Some-college,10,Married-civ-spouse,Craft-repair,Husband,White,Male,0,0,40,United-States,>50K,483.0
22,Private,126566,10th,6,Never-married,Sales,Own-child,White,Female,0,0,30,United-States,<=50K,372.0
58,Private,111209,HS-grad,9,Married-civ-spouse,Farming-fishing,Husband,White,Male,0,0,45,United-States,<=50K,452.0
34,Private,160634,HS-grad,9,Never-married,Tech-support,Own-child,Asian-Pac-Islander,Male,14084,0,35,China,>50K,744.0
25,Private,361497,Bachelors,13,Never-married,Sales,Own-child,White,Female,0,0,40,United-States,<=50K,78.0
30,Private,55614,HS-grad,9,Married-civ-spouse,Sales,Husband,White,Male,0,0,55,United-States,<=50K,82.0
50,Private,210275,10th,6,Married-civ-spouse,Farming-fishing,Husband,White,Male,0,0,32,United-States,<=50K,359.0
19,?,307837,Some-college,10,Never-married,?,Own-child,White,Male,0,0,40,United-States,<=50K,190.0
44,Private,173854,Some-college,10,Married-civ-spouse,Transport-moving,Husband,White,Male,0,0,40,United-States,<=50K,767.0
57,Local-gov,338409,Some-college,10,Widowed,Adm-clerical,Unmarried,White,Female,0,0,40,Mexico,<=50K,477.0
34,Private,112763,10th,6,Divorced,Other-service,Unmarried,White,Female,0,0,38,United-States,<=50K,294.0
20,?,308205,Some-college,10,Never-married,?,Own-child,White,Male,0,0,25,United-States,<=50K,492.0
54,Private,88373,HS-grad,9,Divorced,Other-service,Unmarried,White,Male,0,0,32,United-States,<=50K,236.0
21,Private,225454,Some-college,10,Never-married,Adm-clerical,Not-in-family,White,Female,0,0,40,United-States,<=50K,636.0
22,Private,147322,Some-college,10,Never-married,Other-service,Not-in-family,White,Male,0,0,15,United-States,<=50K,699.0
39,Private,58343,Some-college,10,Married-civ-spouse,Machine-op-inspct,Husband,White,Male,0,0,40,United-States,>50K,19.0
29,Private,83003,HS-grad,9,Married-civ-spouse,Other-service,Wife,White,Female,0,0,40,United-States,<=50K,818.0
20,Private,176315,12th,8,Never-married,Adm-clerical,Own-child,White,Female,0,0,40,Mexico,<=50K,461.0
26,Private,118729,HS-grad,9,Never-married,Craft-repair,Own-child,White,Male,0,0,40,United-States,<=50K,683.0
44,Private,222248,Some-college,10,Married-civ-spouse,Adm-clerical,Wife,White,Female,0,0,45,United-States,>50K,59.0
44,Private,225456,Some-college,10,Divorced,Sales,Unmarried,White,Female,0,1408,46,United-States,<=50K,284.0
46,Private,264600,Some-college,10,Married-civ-spouse,Exec-managerial,Husband,White,Male,0,0,60,United-States,>50K,42.0
41,Self-emp-inc,223342,HS-grad,9,Married-civ-spouse,Sales,Husband,White,Male,0,1887,55,United-States,>50K,284.0
36,Private,150471,HS-grad,9,Never-married,Machine-op-inspct,Not-in-family,White,Female,0,0,30,United-States,<=50K,492.0
37,Private,174419,Bachelors,13,Married-civ-spouse,Farming-fishing,Husband,White,Male,0,0,45,United-States,<=50K,45.0
22,Private,150175,Some-college,10,Never-married,Adm-clerical,Own-child,White,Female,0,0,20,United-States,<=50K,314.0
33,State-gov,35330,9th,5,Never-married,Other-service,Own-child,White,Female,0,0,44,United-States,<=50K,41.0
23,Private,122272,Some-college,10,Never-married,Adm-clerical,Own-child,White,Female,0,0,20,United-States,<=50K,292.0
41,Self-emp-inc,223671,HS-grad,9,Married-civ-spouse,Sales,Husband,White,Male,0,1887,55,United-States,>50K,211.0
51,Local-gov,43711,Masters,14,Married-civ-spouse,Prof-specialty,Husband,White,Male,0,0,54,United-States,>50K,864.0
27,Private,151835,HS-grad,9,Never-married,Exec-managerial,Own-child,White,Male,0,0,40,United-States,<=50K,131.0
27,Private,202062,Bachelors,13,Never-married,Prof-specialty,Own-child,Black,Male,0,0,40,United-States,<=50K,288.0
22,Private,266433,11th,7,Married-civ-spouse,Machine-op-inspct,Other-relative,White,Male,0,0,42,United-States,<=50K,743.0
45,Federal-gov,109598,HS-grad,9,Never-married,Other-service,Not-in-family,Black,Female,0,0,40,United-States,<=50K,890.0
39,Federal-gov,256916,Bachelors,13,Divorced,Tech-support,Unmarried,Black,Female,0,625,40,United-States,<=50K,496.0
30,Private,175323,Assoc-voc,11,Married-civ-spouse,Exec-managerial,Wife,White,Female,0,0,52,United-States,<=50K,200.0
39,Private,35890,Assoc-acdm,12,Married-civ-spouse,Machine-op-inspct,Husband,White,Male,0,0,40,United-States,<=50K,64.0
21,State-gov,392518,Some-college,10,Never-married,Prof-specialty,Not-in-family,White,Female,0,0,8,United-States,<=50K,613.0
50,Private,156410,Assoc-acdm,12,Married-civ-spouse,Machine-op-inspct,Husband,White,Male,0,0,50,United-States,>50K,207.0
50,Federal-gov,307294,HS-grad,9,Never-married,Adm-clerical,Unmarried,Black,Female,0,0,12,United-States,<=50K,561.0
24,Private,235786,HS-grad,9,Married-civ-spouse,Craft-repair,Husband,White,Male,0,0,40,United-States,<=50K,609.0
41,Private,112763,Prof-school,15,Married-civ-spouse,Prof-specialty,Wife,White,Female,0,0,40,United-States,>50K,764.0
36,Private,126566,11th,7,Married-civ-spouse,Exec-managerial,Husband,White,Male,0,1579,40,United-States,<=50K,946.0
37,State-gov,225065,Assoc-voc,11,Divorced,Protective-serv,Unmarried,Black,Male,0,0,40,United-States,<=50K,667.0
49,Private,225454,Assoc-acdm,12,Married-civ-spouse,Prof-specialty,Husband,White,Male,0,0,45,United-States,>50K,883.0
56,?,129007,Some-college,10,Widowed,?,Not-in-family,Black,Female,0,0,40,United-States,<=50K,852.0
42,Private,187693,Masters,14,Married-civ-spouse,Sales,Husband,White,Male,15024,0,50,?,>50K,817.0
38,State-gov,91670,Some-college,10,Divorced,Prof-specialty,Own-child,Asian-Pac-Islander,Female,0,0,40,United-States,<=50K,580.0
35,Private,95551,HS-grad,9,Separated,Exec-managerial,Not-in-family,White,Female,0,0,36,United-States,<=50K,330.0
24,Private,214555,Some-college,10,Married-civ-spouse,Handlers-cleaners,Husband,White,Male,0,0,40,United-States,<=50K,762.0
42,Private,108502,HS-grad,9,Divorced,Sales,Not-in-family,White,Female,0,0,42,United-States,<=50K,252.0
47,Private,118729,HS-grad,9,Divorced,Craft-repair,Not-in-family,White,Male,0,0,40,United-States,>50K,711.0
27,Private,41099,Some-college,10,Never-married,Sales,Not-in-family,White,Male,0,0,50,United-States,<=50K,552.0
50,Federal-gov,306707,HS-grad,9,Never-married,Adm-clerical,Unmarried,Black,Female,0,0,12,United-States,<=50K,658.0
48,?,144397,Some-college,10,Divorced,?,Unmarried,Black,Female,0,0,30,United-States,<=50K,899.0
39,Private,183781,Assoc-acdm,12,Married-civ-spouse,Craft-repair,Husband,White,Male,7688,0,60,Germany,>50K,53.0
43,Private,110970,Bachelors,13,Married-civ-spouse,Prof-specialty,Husband,White,Male,0,1902,40,United-States,>50K,543.0
63,?,232766,Masters,14,Married-civ-spouse,?,Husband,White,Male,0,0,30,United-States,<=50K,272.0
33,Private,176321,Masters,14,Married-civ-spouse,Prof-specialty,Wife,White,Female,5178,0,10,United-States,>50K,612.0
55,Self-emp-not-inc,204751,HS-grad,9,Married-civ-spouse,Sales,Husband,White,Male,0,0,35,United-States,<=50K,372.0
37,Self-emp-not-inc,35306,HS-grad,9,Married-civ-spouse,Other-service,Husband,White,Male,0,0,43,United-States,<=50K,370.0
61,Local-gov,77072,11th,7,Married-civ-spouse,Exec-managerial,Husband,White,Male,0,0,40,United-States,>50K,599.0
27,Private,58150,HS-grad,9,Separated,Craft-repair,Own-child,White,Male,0,0,40,United-States,<=50K,17.0
32,Private,30424,Doctorate,16,Divorced,Prof-specialty,Not-in-family,White,Male,0,0,40,United-States,>50K,305.0
27,Private,22419,HS-grad,9,Married-civ-spouse,Craft-repair,Husband,White,Male,0,0,40,United-States,<=50K,144.0
35,Private,148334,Some-college,10,Never-married,Adm-clerical,Own-child,Black,Male,0,0,40,United-States,<=50K,979.0
22,State-gov,24395,Some-college,10,Married-civ-spouse,Adm-clerical,Wife,White,Female,0,0,20,United-States,<=50K,858.0
38,Private,190964,Masters,14,Married-civ-spouse,Prof-specialty,Husband,White,Male,0,0,40,England,>50K,69.0
49,Self-emp-not-inc,172186,Some-college,10,Married-civ-spouse,Farming-fishing,Husband,White,Male,0,0,60,United-States,<=50K,914.0
44,Private,166809,HS-grad,9,Married-civ-spouse,Adm-clerical,Husband,White,Male,0,0,48,United-States,>50K,480.0
26,Private,376936,Some-college,10,Divorced,Prof-specialty,Not-in-family,White,Female,5060,0,40,United-States,<=50K,331.0
43,State-gov,505980,Bachelors,13,Married-civ-spouse,Prof-specialty,Husband,Asian-Pac-Islander,Male,15024,0,40,?,>50K,784.0
67,Private,186884,Bachelors,13,Married-civ-spouse,Exec-managerial,Husband,White,Male,0,0,45,United-States,<=50K,525.0
28,Private,82910,HS-grad,9,Married-civ-spouse,Transport-moving,Husband,White,Male,0,0,40,United-States,<=50K,935.0
64,Private,77820,Assoc-voc,11,Married-civ-spouse,Sales,Husband,Asian-Pac-Islander,Male,0,0,40,Philippines,<=50K,772.0
63,Private,456618,HS-grad,9,Divorced,Sales,Not-in-family,White,Female,3674,0,30,United-States,<=50K,465.0
44,Private,229015,HS-grad,9,Married-civ-spouse,Craft-repair,Husband,Black,Male,0,0,40,?,<=50K,215.0
19,Private,219086,HS-grad,9,Never-married,Adm-clerical,Other-relative,White,Female,0,0,35,United-States,<=50K,481.0
46,Local-gov,369084,Some-college,10,Married-civ-spouse,Craft-repair,Husband,Black,Male,0,0,40,United-States,>50K,779.0
33,Private,169804,HS-grad,9,Married-civ-spouse,Handlers-cleaners,Husband,White,Male,0,0,40,United-States,<=50K,547.0
46,Private,129007,Bachelors,13,Married-civ-spouse,Sales,Husband,White,Male,0,1977,40,United-States,>50K,443.0
25,Local-gov,45474,Bachelors,13,Married-civ-spouse,Prof-specialty,Husband,White,Male,0,0,60,United-States,<=50K,145.0
23,Private,135138,Bachelors,13,Never-married,Sales,Own-child,Asian-Pac-Islander,Male,0,0,40,United-States,<=50K,476.0
58,Self-emp-not-inc,165754,HS-grad,9,Married-civ-spouse,Sales,Husband,White,Male,0,0,35,United-States,>50K,65.0
28,Private,183155,Bachelors,13,Married-civ-spouse,Prof-specialty,Husband,White,Male,0,0,55,United-States,<=50K,350.0
81,?,106765,Some-college,10,Widowed,?,Unmarried,White,Female,0,0,4,United-States,<=50K,615.0
32,Private,30424,Doctorate,16,Divorced,Prof-specialty,Not-in-family,White,Male,0,0,40,United-States,>50K,327.0
33,Private,553405,Assoc-voc,11,Never-married,Sales,Own-child,White,Male,0,0,40,United-States,<=50K,111.0
45,Private,170769,Assoc-voc,11,Married-civ-spouse,Exec-managerial,Wife,White,Female,0,0,40,United-States,>50K,902.0
56,Local-gov,104996,HS-grad,9,Married-civ-spouse,Transport-moving,Husband,White,Male,0,0,40,United-States,<=50K,249.0
59,Self-emp-not-inc,32825,HS-grad,9,Married-civ-spouse,Exec-managerial,Husband,White,Male,0,1902,52,United-States,>50K,789.0
59,Private,53833,Some-college,10,Married-civ-spouse,Craft-repair,Husband,White,Male,0,1887,55,United-States,>50K,196.0
67,Private,113323,Masters,14,Divorced,Adm-clerical,Unmarried,White,Male,0,0,41,United-States,<=50K,134.0
26,Private,53833,HS-grad,9,Never-married,Other-service,Unmarried,White,Male,0,0,40,United-States,<=50K,243.0
40,Private,183781,Assoc-acdm,12,Never-married,Other-service,Other-relative,White,Male,0,0,25,United-States,<=50K,111.0
60,Private,175639,HS-grad,9,Widowed,Machine-op-inspct,Unmarried,White,Female,0,0,40,United-States,<=50K,75.0
39,Private,294387,HS-grad,9,Divorced,Exec-managerial,Unmarried,White,Female,0,0,40,United-States,<=50K,688.0
44,Local-gov,277533,Some-college,10,Married-civ-spouse,Protective-serv,Husband,White,Male,0,0,40,United-States,>50K,597.0
44,Private,197495,HS-grad,9,Married-civ-spouse,Craft-repair,Husband,White,Male,0,0,40,United-States,<=50K,952.0
30,Private,243786,Some-college,10,Never-married,Prof-specialty,Not-in-family,Black,Male,0,0,45,United-States,<=50K,583.0
35,Private,346766,HS-grad,9,Never-married,Handlers-cleaners,Not-in-family,White,Female,0,0,40,United-States,<=50K,329.0
19,Private,158343,Some-college,10,Never-married,Tech-support,Own-child,White,Female,0,0,40,?,<=50K,927.0
22,Private,216116,Some-college,10,Never-married,Adm-clerical,Not-in-family,White,Female,0,0,40,United-States,<=50K,552.0
47,Local-gov,173938,Bachelors,13,Married-civ-spouse,Craft-repair,Husband,White,Male,0,0,50,United-States,>50K,9.0
34,Self-emp-not-inc,29254,Some-college,10,Married-civ-spouse,Craft-repair,Husband,White,Male,0,0,55,United-States,>50K,394.0
25,Self-emp-inc,98756,Some-college,10,Divorced,Adm-clerical,Own-child,White,Female,0,0,50,United-States,<=50K,317.0
33,Private,351810,Bachelors,13,Never-married,Prof-specialty,Not-in-family,White,Female,0,0,45,Mexico,<=50K,260.0
42,Private,29393,Some-college,10,Divorced,Machine-op-inspct,Not-in-family,White,Female,0,0,40,United-States,<=50K,864.0
28,Private,79702,Some-college,10,Never-married,Adm-clerical,Other-relative,Black,Male,0,0,40,United-States,<=50K,866.0
24,Self-emp-not-inc,240160,HS-grad,9,Never-married,Craft-repair,Not-in-family,White,Male,0,0,35,United-States,<=50K,828.0
22,Private,306707,Bachelors,13,Never-married,Adm-clerical,Not-in-family,Asian-Pac-Islander,Female,0,0,10,Vietnam,<=50K,903.0
28,Private,173095,5th-6th,3,Never-married,Other-service,Not-in-family,White,Female,0,0,40,Mexico,<=50K,647.0
29,Private,163604,Bachelors,13,Married-civ-spouse,Adm-clerical,Wife,Asian-Pac-Islander,Female,0,0,45,United-States,>50K,743.0
50,Private,155594,Assoc-acdm,12,Married-civ-spouse,Machine-op-inspct,Husband,White,Male,0,0,50,United-States,>50K,177.0
74,Private,258498,10th,6,Divorced,Other-service,Not-in-family,White,Female,0,0,1,United-States,<=50K,352.0
64,Private,77884,Assoc-voc,11,Married-civ-spouse,Sales,Husband,Asian-Pac-Islander,Male,0,0,40,Philippines,<=50K,591.0
66,Self-emp-not-inc,34218,HS-grad,9,Married-civ-spouse,Transport-moving,Husband,White,Male,0,0,50,United-States,>50K,95.0
40,Self-emp-not-inc,209432,Bachelors,13,Married-civ-spouse,Sales,Husband,White,Male,0,0,40,United-States,<=50K,392.0
31,?,258550,Some-college,10,Married-civ-spouse,?,Wife,White,Female,0,0,10,United-States,<=50K,550.0
46,Federal-gov,232766,HS-grad,9,Divorced,Adm-clerical,Unmarried,Black,Female,0,0,40,?,<=50K,672.0
26,Local-gov,335950,Bachelors,13,Married-civ-spouse,Prof-specialty,Husband,White,Male,0,0,28,El-Salvador,<=50K,226.0
39,Private,294121,HS-grad,9,Divorced,Exec-managerial,Unmarried,White,Female,0,0,40,United-States,<=50K,443.0
67,Private,186427,Bachelors,13,Married-civ-spouse,Exec-managerial,Husband,White,Male,0,0,45,United-States,<=50K,898.0
28,Private,83003,HS-grad,9,Married-civ-spouse,Transport-moving,Husband,White,Male,0,0,40,United-States,<=50K,202.0
41,Private,254440,Assoc-voc,11,Never-married,Prof-specialty,Not-in-family,White,Female,0,0,60,United-States,<=50K,718.0
36,Private,207513,HS-grad,9,Divorced,Craft-repair,Own-child,White,Male,0,0,40,United-States,<=50K,444.0
52,Self-emp-inc,132178,Bachelors,13,Married-civ-spouse,Exec-managerial,Husband,White,Male,0,0,50,United-States,>50K,845.0
25,Local-gov,248708,Some-college,10,Never-married,Adm-clerical,Unmarried,Black,Female,0,0,40,United-States,<=50K,411.0
48,Private,113211,Bachelors,13,Married-civ-spouse,Craft-repair,Husband,White,Male,99999,0,40,United-States,>50K,10.0
44,Private,173673,Some-college,10,Married-civ-spouse,Transport-moving,Husband,White,Male,0,0,40,United-States,<=50K,247.0
50,Self-emp-inc,155232,Masters,14,Married-civ-spouse,Prof-specialty,Husband,White,Male,7298,0,50,United-States,>50K,967.0
55,Self-emp-not-inc,205100,HS-grad,9,Married-civ-spouse,Sales,Husband,White,Male,0,0,35,United-States,<=50K,401.0
36,Private,134768,1st-4th,2,Never-married,Farming-fishing,Not-in-family,White,Male,0,0,40,Mexico,<=50K,469.0
54,Private,29261,10th,6,Divorced,Prof-specialty,Unmarried,White,Male,14344,0,68,United-States,>50K,866.0
55,Local-gov,110490,Bachelors,13,Married-civ-spouse,Prof-specialty,Wife,White,Female,0,0,60,United-States,<=50K,287.0
24,Self-emp-not-inc,240160,HS-grad,9,Never-married,Craft-repair,Not-in-family,White,Male,0,0,35,United-States,<=50K,821.0
46,Private,170850,Bachelors,13,Divorced,Machine-op-inspct,Not-in-family,White,Male,0,1602,40,?,<=50K,343.0
19,Private,361341,12th,8,Never-married,Prof-specialty,Not-in-family,Asian-Pac-Islander,Female,0,0,25,Thailand,<=50K,804.0
31,Private,340880,HS-grad,9,Married-civ-spouse,Craft-repair,Husband,White,Male,0,1848,40,United-States,>50K,6.0
36,Local-gov,174645,Assoc-voc,11,Never-married,Protective-serv,Not-in-family,Black,Female,0,0,60,United-States,>50K,928.0
67,State-gov,54269,10th,6,Widowed,Other-service,Not-in-family,White,Female,0,0,12,United-States,<=50K,247.0
31,Private,252529,Bachelors,13,Divorced,Exec-managerial,Unmarried,White,Female,0,0,40,United-States,<=50K,334.0
48,State-gov,44434,Masters,14,Married-civ-spouse,Prof-specialty,Husband,White,Male,0,0,61,United-States,>50K,643.0
63,Private,187693,HS-grad,9,Never-married,Exec-managerial,Not-in-family,White,Male,0,0,40,United-States,<=50K,33.0
28,Federal-gov,366533,Some-college,10,Never-married,Adm-clerical,Not-in-family,White,Female,0,0,40,United-States,<=50K,428.0
67,Private,169069,9th,5,Married-civ-spouse,Transport-moving,Husband,White,Male,0,0,40,United-States,<=50K,418.0
58,Local-gov,284021,Bachelors,13,Never-married,Prof-specialty,Not-in-family,White,Female,0,0,40,United-States,<=50K,169.0
57,Private,201159,Assoc-acdm,12,Widowed,Adm-clerical,Other-relative,White,Female,0,0,40,United-States,<=50K,978.0
27,Private,180262,HS-grad,9,Married-civ-spouse,Machine-op-inspct,Husband,White,Male,5013,0,46,Canada,<=50K,150.0
61,Local-gov,144995,Masters,14,Married-civ-spouse,Exec-managerial,Husband,White,Male,7298,0,60,United-States,>50K,531.0
31,State-gov,268832,HS-grad,9,Never-married,Adm-clerical,Not-in-family,Black,Female,0,0,37,United-States,<=50K,560.0
24,Private,177907,Some-college,10,Married-civ-spouse,Priv-house-serv,Wife,White,Female,0,0,40,?,<=50K,978.0
38,Private,117802,HS-grad,9,Married-civ-spouse,Machine-op-inspct,Husband,White,Male,0,0,65,United-States,>50K,291.0
23,Private,333119,Some-college,10,Never-married,Other-service,Not-in-family,White,Female,0,0,25,United-States,<=50K,282.0
26,Private,359808,Some-college,10,Married-civ-spouse,Sales,Husband,White,Male,0,0,50,?,<=50K,379.0
42,Private,212888,Some-college,10,Married-civ-spouse,Sales,Husband,White,Male,0,0,60,United-States,>50K,639.0
44,Self-emp-not-inc,208726,HS-grad,9,Married-civ-spouse,Machine-op-inspct,Wife,White,Female,0,0,45,United-States,<=50K,591.0
20,Private,472580,HS-grad,9,Never-married,Craft-repair,Own-child,White,Male,0,0,40,United-States,<=50K,449.0
46,Private,589809,Some-college,10,Married-civ-spouse,Craft-repair,Husband,White,Male,0,0,40,United-States,<=50K,157.0
40,Self-emp-not-inc,183977,Masters,14,Divorced,Prof-specialty,Not-in-family,White,Female,0,2205,45,United-States,<=50K,707.0
54,Private,85423,HS-grad,9,Married-civ-spouse,Transport-moving,Husband,White,Male,0,0,40,United-States,>50K,682.0
27,State-gov,68393,Bachelors,13,Never-married,Adm-clerical,Not-in-family,White,Female,0,0,40,United-States,<=50K,556.0
39,Private,132879,Doctorate,16,Married-civ-spouse,Exec-managerial,Husband,White,Male,0,0,42,United-States,>50K,970.0
67,Private,222248,HS-grad,9,Divorced,Adm-clerical,Not-in-family,White,Female,0,0,15,United-States,<=50K,424.0
52,Private,93127,11th,7,Married-civ-spouse,Other-service,Husband,White,Male,0,0,32,United-States,<=50K,147.0
31,Self-emp-not-inc,34218,Bachelors,13,Married-civ-spouse,Sales,Husband,White,Male,0,0,48,United-States,<=50K,763.0
39,Private,29276,HS-grad,9,Divorced,Exec-managerial,Unmarried,White,Female,0,0,40,United-States,<=50K,782.0
76,Private,125784,Bachelors,13,Married-civ-spouse,Exec-managerial,Husband,White,Male,0,0,40,United-States,<=50K,486.0
47,Private,34292,1st-4th,2,Married-spouse-absent,Farming-fishing,Not-in-family,White,Male,0,0,12,Mexico,<=50K,349.0
50,Self-emp-inc,155654,Masters,14,Married-civ-spouse,Prof-specialty,Husband,White,Male,7298,0,50,United-States,>50K,658.0
54,Private,139863,HS-grad,9,Widowed,Adm-clerical,Unmarried,White,Female,0,0,40,United-States,<=50K,939.0
22,Private,109482,Some-college,10,Never-married,Prof-specialty,Own-child,White,Male,0,0,98,United-States,<=50K,13.0
46,Self-emp-not-inc,247547,Bachelors,13,Never-married,Prof-specialty,Not-in-family,Black,Male,0,0,23,United-States,<=50K,62.0
36,Private,367251,Some-college,10,Married-spouse-absent,Other-service,Own-child,White,Female,0,0,28,United-States,<=50K,727.0
22,Private,126822,10th,6,Never-married,Sales,Own-child,White,Female,0,0,30,United-States,<=50K,719.0
30,Private,157747,Some-college,10,Never-married,Craft-repair,Other-relative,White,Male,0,0,55,Ecuador,<=50K,111.0
38,Private,235691,Some-college,10,Married-civ-spouse,Prof-specialty,Husband,White,Male,0,0,40,United-States,<=50K,674.0
39,Private,200598,Bachelors,13,Married-civ-spouse,Exec-managerial,Husband,White,Male,0,0,55,United-States,<=50K,155.0
54,Private,85423,HS-grad,9,Married-civ-spouse,Transport-moving,Husband,White,Male,0,0,40,United-States,>50K,404.0
63,Private,458609,HS-grad,9,Divorced,Sales,Not-in-family,White,Female,3674,0,30,United-States,<=50K,754.0
45,Private,214150,Doctorate,16,Married-civ-spouse,Prof-specialty,Husband,White,Male,0,0,50,United-States,>50K,450.0
39,Private,202168,Bachelors,13,Never-married,Exec-managerial,Not-in-family,White,Male,0,0,45,United-States,<=50K,261.0
60,State-gov,152307,Bachelors,13,Married-civ-spouse,Exec-managerial,Husband,White,Male,0,0,40,United-States,>50K,511.0
39,Self-emp-not-inc,73471,HS-grad,9,Married-civ-spouse,Other-service,Husband,White,Male,0,1573,45,United-States,<=50K,408.0
35,Private,148769,Some-college,10,Never-married,Adm-clerical,Own-child,Black,Male,0,0,40,United-States,<=50K,408.0
26,Private,35890,Some-college,10,Married-civ-spouse,Sales,Husband,White,Male,0,0,50,?,<=50K,430.0
40,Private,193741,Assoc-acdm,12,Separated,Machine-op-inspct,Not-in-family,White,Male,0,0,40,Peru,<=50K,707.0
24,Private,360527,Bachelors,13,Never-married,Sales,Not-in-family,White,Male,0,0,50,United-States,<=50K,479.0
54,Private,520775,Doctorate,16,Married-civ-spouse,Exec-managerial,Husband,White,Male,0,1977,43,United-States,>50K,887.0
66,Local-gov,37650,Doctorate,16,Divorced,Prof-specialty,Not-in-family,White,Female,3273,0,40,United-States,<=50K,451.0
50,Private,205816,Masters,14,Married-civ-spouse,Sales,Husband,White,Male,15024,0,40,United-States,>50K,141.0
31,Private,192660,Assoc-voc,11,Never-married,Adm-clerical,Unmarried,Black,Female,0,0,30,United-States,<=50K,458.0
32,Private,294183,Assoc-acdm,12,Divorced,Machine-op-inspct,Not-in-family,White,Female,0,0,50,United-States,<=50K,216.0
20,Private,273147,HS-grad,9,Never-married,Machine-op-inspct,Own-child,Black,Male,0,0,40,United-States,<=50K,40.0
42,Private,258589,HS-grad,9,Never-married,Sales,Not-in-family,White,Male,0,0,60,United-States,>50K,409.0
24,Private,440138,HS-grad,9,Never-married,Priv-house-serv,Not-in-family,White,Female,0,0,45,England,<=50K,800.0
24,Private,628797,HS-grad,9,Never-married,Craft-repair,Own-child,White,Male,0,0,40,El-Salvador,<=50K,360.0
35,Private,107302,Masters,14,Married-civ-spouse,Sales,Husband,White,Male,0,0,40,India,<=50K,759.0
31,Private,159549,HS-grad,9,Married-civ-spouse,Adm-clerical,Wife,White,Female,0,0,27,United-States,<=50K,629.0
34,Local-gov,252986,Bachelors,13,Divorced,Prof-specialty,Unmarried,White,Female,0,0,40,United-States,<=50K,302.0
42,Private,108699,HS-grad,9,Divorced,Sales,Not-in-family,White,Female,0,0,42,United-States,<=50K,681.0
37,Private,77820,Bachelors,13,Married-civ-spouse,Exec-managerial,Husband,White,Male,0,0,50,United-States,>50K,176.0
44,Private,61777,Masters,14,Married-civ-spouse,Exec-managerial,Husband,White,Male,0,0,40,United-States,>50K,763.0
65,State-gov,29393,7th-8th,4,Widowed,Other-service,Other-relative,White,Female,0,0,24,United-States,<=50K,258.0
36,Self-emp-not-inc,188503,Masters,14,Never-married,Prof-specialty,Not-in-family,White,Female,0,0,60,United-States,>50K,898.0
52,Private,263200,Some-college,10,Divorced,Sales,Not-in-family,White,Female,0,0,40,United-States,<=50K,175.0
43,State-gov,134782,Assoc-acdm,12,Married-spouse-absent,Other-service,Unmarried,White,Female,0,0,30,United-States,<=50K,205.0
42,Private,120837,HS-grad,9,Divorced,Farming-fishing,Not-in-family,White,Male,0,0,50,United-States,<=50K,160.0
65,Private,186224,Some-college,10,Married-civ-spouse,Tech-support,Husband,White,Male,0,0,40,United-States,>50K,3.0
34,Private,156926,Bachelors,13,Married-civ-spouse,Exec-managerial,Husband,White,Male,0,0,40,United-States,>50K,750.0
39,Private,385077,HS-grad,9,Divorced,Exec-managerial,Not-in-family,White,Female,0,0,38,United-States,<=50K,165.0
48,Private,83003,Masters,14,Married-civ-spouse,Prof-specialty,Husband,White,Male,0,0,50,United-States,>50K,846.0
55,State-gov,175127,Bachelors,13,Married-civ-spouse,Adm-clerical,Husband,White,Male,7688,0,38,United-States,>50K,583.0
48,Private,350440,Some-college,10,Married-civ-spouse,Craft-repair,Other-relative,Asian-Pac-Islander,Male,0,0,40,Cambodia,>50K,491.0
44,Private,213620,Bachelors,13,Divorced,Exec-managerial,Unmarried,White,Female,0,0,45,United-States,<=50K,986.0
39,Private,91711,Masters,14,Married-civ-spouse,Exec-managerial,Husband,White,Male,0,0,40,United-States,>50K,145.0
40,Self-emp-not-inc,184655,Masters,14,Divorced,Prof-specialty,Not-in-family,White,Female,0,2205,45,United-States,<=50K,714.0
35,Private,189759,Some-college,10,Divorced,Other-service,Unmarried,Black,Female,0,0,40,United-States,<=50K,636.0
36,Local-gov,197600,Bachelors,13,Divorced,Prof-specialty,Unmarried,Black,Female,0,0,40,United-States,<=50K,101.0
47,Private,306183,Some-college,10,Divorced,Other-service,Own-child,White,Female,0,0,44,United-States,<=50K,522.0
52,Self-emp-inc,131620,Bachelors,13,Married-civ-spouse,Exec-managerial,Husband,White,Male,0,0,50,United-States,>50K,447.0
35,Private,111377,HS-grad,9,Separated,Transport-moving,Not-in-family,White,Male,0,0,40,United-States,<=50K,801.0
20,Private,176321,12th,8,Never-married,Adm-clerical,Own-child,White,Female,0,0,40,Nicaragua,<=50K,405.0
36,Local-gov,174640,Assoc-voc,11,Never-married,Protective-serv,Not-in-family,Black,Female,0,0,60,United-States,>50K,267.0
53,Private,99476,HS-grad,9,Divorced,Other-service,Not-in-family,White,Female,0,0,38,United-States,<=50K,635.0
42,Private,210338,Masters,14,Divorced,Tech-support,Unmarried,Black,Female,4687,0,35,United-States,>50K,976.0
44,Private,155752,Some-college,10,Married-civ-spouse,Tech-support,Husband,White,Male,0,0,44,United-States,>50K,150.0
40,Private,318763,Some-college,10,Married-civ-spouse,Other-service,Husband,White,Male,0,0,40,United-States,<=50K,316.0
39,Private,138441,Bachelors,13,Married-civ-spouse,Craft-repair,Husband,White,Male,0,0,40,United-States,>50K,849.0
46,Private,108699,Some-college,10,Widowed,Adm-clerical,Not-in-family,White,Female,0,0,60,United-States,<=50K,884.0
22,Private,222993,HS-grad,9,Never-married,Handlers-cleaners,Own-child,White,Male,0,0,40,United-States,<=50K,282.0
24,Self-emp-inc,197496,Bachelors,13,Never-married,Adm-clerical,Own-child,White,Male,0,0,20,United-States,<=50K,120.0
46,Private,136162,Assoc-voc,11,Divorced,Sales,Unmarried,White,Female,0,0,40,United-States,<=50K,249.0
18,Private,165302,Some-college,10,Never-married,Sales,Own-child,White,Male,0,0,15,United-States,<=50K,661.0
35,Private,148334,Some-college,10,Never-married,Adm-clerical,Own-child,Black,Male,0,0,40,United-States,<=50K,499.0
39,Private,91711,Masters,14,Married-civ-spouse,Exec-managerial,Husband,White,Male,0,0,40,United-States,>50K,250.0
54,Private,84231,HS-grad,9,Married-civ-spouse,Transport-moving,Husband,White,Male,0,0,40,United-States,>50K,702.0
44,Private,228729,HS-grad,9,Married-civ-spouse,Craft-repair,Husband,Black,Male,0,0,40,?,<=50K,543.0
54,Private,88019,HS-grad,9,Divorced,Other-service,Unmarried,White,Male,0,0,32,United-States,<=50K,461.0
45,Local-gov,192793,Some-college,10,Married-civ-spouse,Protective-serv,Husband,White,Male,0,0,40,United-States,>50K,334.0
69,?,65382,Some-college,10,Widowed,?,Not-in-family,White,Female,0,0,20,United-States,<=50K,168.0
46,Private,174419,Assoc-voc,11,Divorced,Protective-serv,Not-in-family,Black,Male,0,0,40,United-States,<=50K,419.0
52,Self-emp-inc,132178,Bachelors,13,Married-civ-spouse,Exec-managerial,Husband,White,Male,0,0,50,United-States,>50K,968.0
36,Private,171540,HS-grad,9,Married-civ-spouse,Sales,Husband,White,Male,0,0,45,United-States,<=50K,533.0
50,Private,313321,Assoc-acdm,12,Divorced,Sales,Not-in-family,White,Female,0,0,40,United-States,<=50K,77.0
54,Private,288992,10th,6,Divorced,Prof-specialty,Unmarried,White,Male,14344,0,68,United-States,>50K,275.0
41,Private,253899,Assoc-voc,11,Never-married,Prof-specialty,Not-in-family,White,Female,0,0,60,United-States,<=50K,183.0
38,Federal-gov,115433,Assoc-acdm,12,Married-civ-spouse,Adm-clerical,Wife,White,Female,7688,0,33,United-States,>50K,362.0
53,Private,346871,HS-grad,9,Divorced,Prof-specialty,Not-in-family,White,Male,4787,0,46,United-States,>50K,635.0
64,Local-gov,114062,HS-grad,9,Widowed,Exec-managerial,Not-in-family,White,Male,0,0,40,United-States,<=50K,884.0
34,Private,192384,Some-college,10,Married-civ-spouse,Craft-repair,Husband,White,Male,0,0,40,United-States,>50K,452.0
42,Private,259120,HS-grad,9,Never-married,Sales,Not-in-family,White,Male,0,0,60,United-States,>50K,764.0
21,Private,131414,HS-grad,9,Married-spouse-absent,Machine-op-inspct,Own-child,White,Female,0,0,40,Dominican-Republic,<=50K,666.0
30,Private,102320,Assoc-voc,11,Separated,Tech-support,Own-child,White,Female,0,0,40,United-States,<=50K,960.0
53,Private,177916,Bachelors,13,Married-civ-spouse,Adm-clerical,Husband,White,Male,7298,0,40,United-States,>50K,251.0
39,Private,138069,Bachelors,13,Married-civ-spouse,Craft-repair,Husband,White,Male,0,0,40,United-States,>50K,957.0
25,Private,193379,HS-grad,9,Never-married,Transport-moving,Not-in-family,White,Male,0,0,40,United-States,<=50K,388.0
66,Private,169982,Bachelors,13,Married-civ-spouse,Sales,Husband,White,Male,20051,0,40,United-States,>50K,397.0
27,Private,236391,Bachelors,13,Never-married,Other-service,Not-in-family,White,Female,0,0,30,United-States,<=50K,615.0
60,State-gov,152878,Bachelors,13,Married-civ-spouse,Exec-managerial,Husband,White,Male,0,0,40,United-States,>50K,21.0
39,Private,312956,HS-grad,9,Married-civ-spouse,Craft-repair,Husband,White,Male,0,0,40,United-States,<=50K,7.0
46,Private,128814,Bachelors,13,Married-civ-spouse,Sales,Husband,White,Male,0,1977,40,United-States,>50K,901.0
73,Self-emp-not-inc,300679,Some-college,10,Married-civ-spouse,Sales,Husband,White,Male,0,0,6,United-States,>50K,921.0
32,Private,106541,5th-6th,3,Married-civ-spouse,Other-service,Other-relative,White,Male,0,0,40,United-States,<=50K,488.0
34,Self-emp-not-inc,80933,HS-grad,9,Divorced,Farming-fishing,Not-in-family,White,Male,0,0,40,United-States,<=50K,61.0
33,Private,117363,HS-grad,9,Married-civ-spouse,Machine-op-inspct,Wife,White,Female,0,0,46,United-States,>50K,44.0
23,Private,52465,12th,8,Never-married,Priv-house-serv,Own-child,White,Male,0,0,30,United-States,<=50K,109.0
19,Private,219835,HS-grad,9,Never-married,Adm-clerical,Other-relative,White,Female,0,0,35,United-States,<=50K,851.0
18,Private,23438,11th,7,Never-married,Other-service,Own-child,White,Male,0,0,20,United-States,<=50K,904.0
41,Private,440138,7th-8th,4,Married-civ-spouse,Craft-repair,Husband,White,Male,0,0,40,?,<=50K,397.0
22,?,218678,HS-grad,9,Never-married,?,Own-child,Black,Male,0,1602,30,United-States,<=50K,425.0
47,Private,34292,1st-4th,2,Married-spouse-absent,Farming-fishing,Not-in-family,White,Male,0,0,12,Mexico,<=50K,484.0
52,Private,222248,12th,8,Separated,Machine-op-inspct,Other-relative,White,Female,0,0,40,Cuba,<=50K,39.0
24,Private,456460,HS-grad,9,Married-civ-spouse,Craft-repair,Husband,White,Male,0,0,50,United-States,<=50K,278.0
17,Private,238628,11th,7,Never-married,Other-service,Own-child,White,Female,0,0,5,United-States,<=50K,260.0
42,Private,329924,HS-grad,9,Divorced,Machine-op-inspct,Not-in-family,White,Male,0,0,40,United-States,<=50K,339.0
54,Private,520775,Doctorate,16,Married-civ-spouse,Exec-managerial,Husband,White,Male,0,1977,43,United-States,>50K,559.0
23,Local-gov,218678,11th,7,Married-civ-spouse,Handlers-cleaners,Husband,White,Male,0,0,40,United-States,<=50K,11.0
24,Private,440138,HS-grad,9,Never-married,Priv-house-serv,Not-in-family,White,Female,0,0,45,England,<=50K,955.0
41,Private,166813,Some-college,10,Married-civ-spouse,Sales,Husband,White,Male,0,0,55,United-States,<=50K,627.0
39,Federal-gov,257200,Bachelors,13,Divorced,Tech-support,Unmarried,Black,Female,0,625,40,United-States,<=50K,586.0
52,Private,186191,HS-grad,9,Married-civ-spouse,Transport-moving,Husband,White,Male,0,0,40,United-States,<=50K,159.0
40,Private,153132,Bachelors,13,Married-civ-spouse,Craft-repair,Husband,White,Male,0,0,31,United-States,<=50K,552.0
54,Self-emp-not-inc,164970,Assoc-voc,11,Married-civ-spouse,Craft-repair,Husband,White,Male,0,0,16,United-States,<=50K,671.0
34,Local-gov,158156,Bachelors,13,Never-married,Exec-managerial,Not-in-family,White,Female,0,0,43,United-States,<=50K,562.0
66,?,107112,7th-8th,4,Never-married,?,Other-relative,Black,Male,0,0,30,United-States,<=50K,159.0
66,Self-emp-not-inc,176315,Bachelors,13,Divorced,Sales,Not-in-family,White,Male,401,0,20,United-States,<=50K,677.0
32,Private,205803,HS-grad,9,Never-married,Other-service,Not-in-family,Black,Female,0,0,40,United-States,<=50K,810.0
33,State-gov,35306,9th,5,Never-married,Other-service,Own-child,White,Female,0,0,44,United-States,<=50K,599.0
48,Self-emp-not-inc,229015,12th,8,Widowed,Sales,Unmarried,Asian-Pac-Islander,Female,0,0,40,South,<=50K,116.0
37,Private,121228,HS-grad,9,Divorced,Machine-op-inspct,Unmarried,White,Male,0,1726,50,United-States,<=50K,924.0
21,Private,259120,HS-grad,9,Never-married,Craft-repair,Not-in-family,White,Male,0,0,40,United-States,<=50K,539.0
25,Private,194049,Some-college,10,Never-married,Prof-specialty,Unmarried,White,Female,0,0,60,United-States,<=50K,339.0
43,Private,139347,HS-grad,9,Widowed,Craft-repair,Unmarried,White,Female,0,0,40,Italy,<=50K,345.0
48,Private,195949,HS-grad,9,Divorced,Adm-clerical,Not-in-family,White,Female,0,0,30,United-States,<=50K,897.0
39,Private,58343,Some-college,10,Married-civ-spouse,Machine-op-inspct,Husband,White,Male,0,0,40,United-States,>50K,878.0
38,Private,34996,Some-college,10,Separated,Other-service,Unmarried,White,Female,0,0,40,United-States,<=50K,315.0
21,Private,148334,Some-college,10,Never-married,Sales,Own-child,White,Female,0,0,25,United-States,<=50K,847.0
58,Local-gov,283635,Bachelors,13,Never-married,Prof-specialty,Not-in-family,White,Female,0,0,40,United-States,<=50K,777.0
25,Local-gov,176756,HS-grad,9,Never-married,Other-service,Own-child,White,Male,0,0,40,United-States,<=50K,117.0
47,Private,37028,Prof-school,15,Married-civ-spouse,Prof-specialty,Husband,White,Male,0,0,50,United-States,>50K,545.0
44,Private,194668,Some-college,10,Divorced,Other-service,Unmarried,Black,Female,0,0,35,United-States,<=50K,391.0
66,?,107302,7th-8th,4,Never-married,?,Other-relative,Black,Male,0,0,30,United-States,<=50K,987.0
33,Local-gov,401335,HS-grad,9,Married-civ-spouse,Protective-serv,Husband,White,Male,0,0,56,United-States,<=50K,704.0
52,Private,176756,HS-grad,9,Married-civ-spouse,Other-service,Husband,White,Male,0,0,40,United-States,<=50K,742.0
41,Private,190762,HS-grad,9,Divorced,Priv-house-serv,Not-in-family,White,Female,0,0,40,Guatemala,<=50K,662.0
41,Local-gov,35306,Assoc-acdm,12,Never-married,Exec-managerial,Not-in-family,White,Male,0,0,40,United-States,<=50K,487.0
37,Private,179468,HS-grad,9,Never-married,Other-service,Unmarried,White,Female,0,0,35,United-States,<=50K,236.0
27,Private,250314,9th,5,Married-civ-spouse,Protective-serv,Husband,White,Male,0,0,40,Guatemala,<=50K,555.0
37,Private,222756,5th-6th,3,Married-civ-spouse,Machine-op-inspct,Husband,White,Male,0,0,40,El-Salvador,<=50K,826.0
18,Private,115839,12th,8,Never-married,Adm-clerical,Not-in-family,White,Female,0,0,30,United-States,<=50K,467.0
46,Self-emp-not-inc,246687,Bachelors,13,Never-married,Prof-specialty,Not-in-family,Black,Male,0,0,23,United-States,<=50K,122.0
37,Private,174224,Bachelors,13,Married-civ-spouse,Farming-fishing,Husband,White,Male,0,0,45,United-States,<=50K,344.0
39,Private,278391,HS-grad,9,Married-civ-spouse,Adm-clerical,Husband,White,Male,0,0,40,United-States,<=50K,901.0
54,Private,88019,HS-grad,9,Divorced,Other-service,Unmarried,White,Male,0,0,32,United-States,<=50K,267.0
51,Private,120837,10th,6,Never-married,Farming-fishing,Own-child,White,Male,0,0,40,United-States,<=50K,928.0
27,Private,158156,HS-grad,9,Never-married,Other-service,Not-in-family,White,Female,0,0,42,United-States,<=50K,284.0
50,Private,128365,HS-grad,9,Divorced,Other-service,Unmarried,White,Female,0,0,25,United-States,<=50K,521.0
29,Private,163708,Bachelors,13,Married-civ-spouse,Adm-clerical,Wife,Asian-Pac-Islander,Female,0,0,45,United-States,>50K,101.0
45,Federal-gov,109598,HS-grad,9,Never-married,Other-service,Not-in-family,Black,Female,0,0,40,United-States,<=50K,152.0
32,Private,137250,Some-college,10,Married-civ-spouse,Sales,Husband,White,Male,0,0,40,United-States,<=50K,229.0
27,Self-emp-inc,186427,HS-grad,9,Never-married,Exec-managerial,Not-in-family,White,Male,0,0,50,United-States,<=50K,313.0
25,State-gov,295912,Some-college,10,Never-married,Craft-repair,Not-in-family,White,Male,0,0,20,United-States,<=50K,874.0
47,Private,226902,Some-college,10,Divorced,Adm-clerical,Unmarried,Black,Female,0,0,40,United-States,<=50K,260.0
31,Private,252079,Bachelors,13,Divorced,Exec-managerial,Unmarried,White,Female,0,0,40,United-States,<=50K,591.0
40,Private,115839,Bachelors,13,Married-civ-spouse,Prof-specialty,Husband,White,Male,0,0,60,Ireland,>50K,894.0
53,Private,55614,HS-grad,9,Married-civ-spouse,Craft-repair,Husband,White,Male,0,0,40,United-States,>50K,867.0
44,Private,30424,Assoc-acdm,12,Divorced,Exec-managerial,Not-in-family,White,Female,0,1980,40,United-States,<=50K,984.0
35,Self-emp-inc,140854,HS-grad,9,Never-married,Transport-moving,Not-in-family,White,Male,0,0,60,United-States,<=50K,537.0
26,Private,263015,Some-college,10,Divorced,Adm-clerical,Unmarried,White,Female,0,0,38,United-States,<=50K,863.0
29,Private,107812,HS-grad,9,Divorced,Craft-repair,Not-in-family,White,Male,0,0,40,United-States,<=50K,358.0
69,Private,130060,HS-grad,9,Separated,Transport-moving,Unmarried,Black,Female,2387,0,40,United-States,<=50K,882.0
33,Local-gov,40142,HS-grad,9,Married-civ-spouse,Protective-serv,Husband,White,Male,0,0,56,United-States,<=50K,849.0
60,Self-emp-not-inc,377622,HS-grad,9,Married-civ-spouse,Craft-repair,Husband,White,Male,0,0,42,United-States,>50K,428.0
39,Private,132879,Doctorate,16,Married-civ-spouse,Exec-managerial,Husband,White,Male,0,0,42,United-States,>50K,889.0
20,Private,216214,Some-college,10,Never-married,Adm-clerical,Own-child,White,Female,0,0,40,Mexico,<=50K,722.0
79,?,142689,Prof-school,15,Married-civ-spouse,?,Husband,White,Male,0,0,10,United-States,<=50K,77.0
44,Private,304710,Assoc-acdm,12,Divorced,Exec-managerial,Not-in-family,White,Female,0,1980,40,United-States,<=50K,773.0
24,Private,229393,11th,7,Never-married,Farming-fishing,Unmarried,White,Male,2463,0,40,United-States,<=50K,855.0
65,Private,207400,Some-college,10,Married-civ-spouse,Protective-serv,Husband,White,Male,0,0,16,United-States,<=50K,82.0
53,Self-emp-not-inc,303051,HS-grad,9,Married-civ-spouse,Sales,Husband,White,Male,0,0,35,United-States,<=50K,307.0
44,Private,343872,HS-grad,9,Divorced,Other-service,Unmarried,White,Female,0,0,40,United-States,<=50K,673.0
30,Private,392518,Assoc-acdm,12,Married-spouse-absent,Sales,Not-in-family,Black,Female,0,0,40,United-States,<=50K,781.0
62,Self-emp-inc,35330,Bachelors,13,Married-civ-spouse,Exec-managerial,Husband,White,Male,0,0,50,United-States,>50K,463.0
35,Local-gov,192203,Bachelors,13,Married-civ-spouse,Craft-repair,Husband,White,Male,0,0,40,United-States,<=50K,403.0
57,Federal-gov,140644,Bachelors,13,Married-civ-spouse,Prof-specialty,Husband,White,Male,0,0,40,United-States,>50K,813.0
36,Private,126566,11th,7,Married-civ-spouse,Exec-managerial,Husband,White,Male,0,1579,40,United-States,<=50K,842.0
51,Private,197496,Bachelors,13,Married-civ-spouse,Exec-managerial,Husband,White,Male,0,0,50,United-States,>50K,783.0
58,Private,27444,Bachelors,13,Married-civ-spouse,Exec-managerial,Husband,White,Male,0,0,50,United-States,>50K,90.0
34,Local-gov,158156,Bachelors,13,Never-married,Exec-managerial,Not-in-family,White,Female,0,0,43,United-States,<=50K,528.0
44,Private,342434,HS-grad,9,Divorced,Other-service,Unmarried,White,Female,0,0,40,United-States,<=50K,656.0
82,?,52465,Some-college,10,Widowed,?,Not-in-family,Amer-Indian-Eskimo,Male,0,0,3,United-States,<=50K,40.0
63,Self-emp-not-inc,217715,5th-6th,3,Never-married,Sales,Not-in-family,White,Female,0,0,3,United-States,<=50K,717.0
45,Private,170846,Assoc-voc,11,Married-civ-spouse,Exec-managerial,Wife,White,Female,0,0,40,United-States,>50K,722.0
50,Private,301862,Bachelors,13,Married-civ-spouse,Prof-specialty,Husband,White,Male,0,0,40,United-States,<=50K,153.0
26,Private,37650,Some-college,10,Divorced,Prof-specialty,Not-in-family,White,Female,5060,0,40,United-States,<=50K,532.0
31,State-gov,46492,Assoc-voc,11,Never-married,Craft-repair,Own-child,White,Male,0,0,40,United-States,<=50K,593.0
26,Private,238917,HS-grad,9,Married-civ-spouse,Adm-clerical,Husband,White,Male,0,0,40,United-States,<=50K,796.0
55,Self-emp-not-inc,271466,HS-grad,9,Married-civ-spouse,Other-service,Husband,White,Male,0,0,40,United-States,<=50K,301.0
36,Private,126822,11th,7,Married-civ-spouse,Exec-managerial,Husband,White,Male,0,1579,40,United-States,<=50K,660.0
42,Self-emp-not-inc,115839,HS-grad,9,Married-civ-spouse,Sales,Husband,White,Male,0,0,40,United-States,<=50K,72.0
58,Federal-gov,73047,11th,7,Divorced,Craft-repair,Not-in-family,Black,Female,14084,0,40,United-States,>50K,728.0
39,Private,333119,HS-grad,9,Married-civ-spouse,Transport-moving,Husband,White,Male,7298,0,48,United-States,>50K,777.0
19,?,385959,Some-college,10,Never-married,?,Own-child,White,Male,0,0,22,United-States,<=50K,739.0
36,Private,179462,HS-grad,9,Divorced,Craft-repair,Not-in-family,White,Male,0,0,40,United-States,<=50K,843.0
35,Private,210498,HS-grad,9,Married-civ-spouse,Sales,Husband,White,Male,0,0,55,United-States,>50K,953.0
27,Private,167336,Some-college,10,Never-married,Adm-clerical,Not-in-family,White,Female,0,0,39,United-States,<=50K,14.0
35,Private,243367,Assoc-voc,11,Never-married,Tech-support,Not-in-family,White,Male,0,0,40,United-States,<=50K,422.0
63,?,232766,Masters,14,Married-civ-spouse,?,Husband,White,Male,0,0,30,United-States,<=50K,712.0
43,Private,170617,Some-college,10,Married-civ-spouse,Exec-managerial,Husband,White,Male,0,0,50,United-States,>50K,79.0
45,Federal-gov,110103,HS-grad,9,Never-married,Other-service,Not-in-family,Black,Female,0,0,40,United-States,<=50K,797.0
52,Private,160786,HS-grad,9,Married-civ-spouse,Adm-clerical,Husband,White,Male,0,0,48,United-States,<=50K,986.0
23,Private,210498,Some-college,10,Married-civ-spouse,Craft-repair,Husband,White,Male,0,0,40,United-States,<=50K,387.0
33,Private,34996,5th-6th,3,Married-spouse-absent,Transport-moving,Unmarried,Other,Male,0,0,20,El-Salvador,<=50K,351.0
24,Private,176321,HS-grad,9,Married-civ-spouse,Craft-repair,Husband,White,Male,0,0,40,United-States,<=50K,605.0
87,Private,144236,HS-grad,9,Married-spouse-absent,Sales,Not-in-family,White,Male,0,0,16,United-States,<=50K,10.0
31,Private,118941,Some-college,10,Divorced,Other-service,Own-child,White,Female,0,0,20,United-States,<=50K,188.0
22,Private,309348,7th-8th,4,Married-civ-spouse,Handlers-cleaners,Husband,White,Male,0,0,40,United-States,<=50K,109.0
34,Private,456399,Assoc-acdm,12,Never-married,Prof-specialty,Not-in-family,White,Male,0,0,40,United-States,<=50K,142.0
23,Private,119197,Bachelors,13,Never-married,Exec-managerial,Not-in-family,White,Male,0,0,40,United-States,<=50K,443.0
35,Private,278322,Bachelors,13,Married-civ-spouse,Sales,Husband,White,Male,7298,0,48,United-States,>50K,371.0
64,Private,77884,Assoc-voc,11,Married-civ-spouse,Sales,Husband,Asian-Pac-Islander,Male,0,0,40,Philippines,<=50K,870.0
33,Private,135312,Bachelors,13,Never-married,Prof-specialty,Not-in-family,White,Male,0,0,40,United-States,>50K,703.0
31,Private,339372,HS-grad,9,Married-civ-spouse,Craft-repair,Husband,White,Male,0,1848,40,United-States,>50K,432.0
39,Private,89040,Assoc-voc,11,Married-civ-spouse,Other-service,Husband,White,Male,0,0,40,United-States,<=50K,449.0
66,Private,285127,HS-grad,9,Widowed,Sales,Not-in-family,White,Female,0,0,40,United-States,<=50K,7.0
51,Private,120837,10th,6,Never-married,Farming-fishing,Own-child,White,Male,0,0,40,United-States,<=50K,370.0
20,Self-emp-inc,265086,Some-college,10,Never-married,Handlers-cleaners,Own-child,White,Female,0,0,40,United-States,<=50K,980.0
37,Private,209286,5th-6th,3,Never-married,Machine-op-inspct,Unmarried,White,Female,0,0,40,Mexico,<=50K,356.0
25,Local-gov,25005,Some-college,10,Never-married,Adm-clerical,Unmarried,Black,Female,0,0,40,United-States,<=50K,404.0
50,Private,31460,Assoc-acdm,12,Divorced,Sales,Not-in-family,White,Female,0,0,40,United-States,<=50K,501.0
39,Federal-gov,36383,HS-grad,9,Married-civ-spouse,Adm-clerical,Husband,Black,Male,7688,0,52,United-States,>50K,883.0
60,Private,41099,Assoc-voc,11,Married-civ-spouse,Craft-repair,Husband,White,Male,0,0,46,United-States,>50K,675.0
53,Private,129525,Bachelors,13,Married-civ-spouse,Exec-managerial,Husband,White,Male,0,0,50,United-States,>50K,566.0
24,Federal-gov,424340,Bachelors,13,Never-married,Prof-specialty,Not-in-family,White,Female,0,0,30,United-States,<=50K,865.0
47,Private,304353,Some-college,10,Divorced,Other-service,Own-child,White,Female,0,0,44,United-States,<=50K,657.0
49,Private,213897,Bachelors,13,Married-civ-spouse,Sales,Husband,Asian-Pac-Islander,Male,0,0,50,Japan,>50K,334.0
28,Private,23438,Bachelors,13,Never-married,Prof-specialty,Not-in-family,White,Male,0,0,45,United-States,<=50K,909.0
42,Private,222646,Bachelors,13,Divorced,Prof-specialty,Unmarried,White,Male,7430,0,40,United-States,>50K,790.0
55,Private,243367,HS-grad,9,Divorced,Sales,Unmarried,White,Female,0,0,37,United-States,<=50K,57.0
42,Self-emp-inc,143046,Some-college,10,Never-married,Sales,Not-in-family,White,Male,0,0,60,United-States,<=50K,70.0
44,Self-emp-not-inc,234885,HS-grad,9,Married-civ-spouse,Sales,Wife,White,Female,0,0,40,United-States,>50K,230.0
52,Private,312956,HS-grad,9,Divorced,Other-service,Not-in-family,White,Male,0,0,38,United-States,<=50K,842.0
57,Private,205100,Some-college,10,Married-civ-spouse,Craft-repair,Husband,White,Male,0,0,40,United-States,>50K,777.0
37,Local-gov,152591,Some-college,10,Never-married,Craft-repair,Not-in-family,White,Male,0,0,40,United-States,<=50K,247.0
48,Private,193379,Masters,14,Married-civ-spouse,Exec-managerial,Husband,White,Male,0,0,60,United-States,>50K,487.0
44,Private,43945,Assoc-acdm,12,Married-civ-spouse,Sales,Husband,White,Male,7688,0,40,United-States,>50K,944.0
24,Private,45487,HS-grad,9,Married-civ-spouse,Craft-repair,Husband,White,Male,0,0,50,United-States,<=50K,880.0
19,?,47707,Some-college,10,Never-married,?,Own-child,White,Female,0,0,40,United-States,<=50K,242.0
33,Private,160634,HS-grad,9,Married-civ-spouse,Machine-op-inspct,Husband,White,Male,0,0,50,United-States,>50K,859.0
20,Private,496743,Some-college,10,Never-married,Sales,Own-child,White,Male,0,0,40,United-States,<=50K,419.0
30,Private,108386,Assoc-acdm,12,Married-civ-spouse,Craft-repair,Husband,White,Male,0,0,40,United-States,<=50K,567.0
31,Private,119197,Some-college,10,Divorced,Other-service,Own-child,White,Female,0,0,20,United-States,<=50K,544.0
56,Private,89698,HS-grad,9,Widowed,Adm-clerical,Not-in-family,Black,Female,0,0,40,United-States,<=50K,842.0
25,Self-emp-not-inc,217467,HS-grad,9,Never-married,Other-service,Unmarried,White,Female,0,0,30,United-States,<=50K,796.0
34,Private,363630,11th,7,Married-civ-spouse,Transport-moving,Husband,White,Male,0,0,40,United-States,<=50K,587.0
34,Private,192384,Assoc-voc,11,Married-civ-spouse,Craft-repair,Husband,White,Male,0,0,48,United-States,<=50K,99.0
47,Private,304710,Some-college,10,Divorced,Other-service,Own-child,White,Female,0,0,44,United-States,<=50K,706.0
31,Private,201122,Bachelors,13,Married-civ-spouse,Sales,Husband,White,Male,0,1902,45,United-States,>50K,124.0
27,Private,126822,Bachelors,13,Never-married,Prof-specialty,Own-child,White,Male,0,0,40,United-States,<=50K,640.0
38,Private,235442,Bachelors,13,Married-civ-spouse,Exec-managerial,Husband,White,Male,7688,0,40,United-States,>50K,295.0
56,?,129525,Some-college,10,Widowed,?,Not-in-family,Black,Female,0,0,40,United-States,<=50K,486.0
26,Private,54269,HS-grad,9,Never-married,Other-service,Unmarried,White,Male,0,0,40,United-States,<=50K,831.0
37,Self-emp-not-inc,35330,HS-grad,9,Married-civ-spouse,Other-service,Husband,White,Male,0,0,42,United-States,<=50K,705.0
60,Local-gov,135102,Some-college,10,Married-civ-spouse,Protective-serv,Husband,White,Male,0,0,40,United-States,<=50K,400.0
28,Federal-gov,366533,Some-college,10,Never-married,Adm-clerical,Not-in-family,White,Female,0,0,40,United-States,<=50K,981.0
66,Local-gov,376936,Doctorate,16,Divorced,Prof-specialty,Not-in-family,White,Female,3273,0,40,United-States,<=50K,412.0
18,Private,29393,11th,7,Never-married,Handlers-cleaners,Not-in-family,White,Male,0,0,40,United-States,<=50K,273.0
25,Self-emp-inc,98756,Some-college,10,Divorced,Adm-clerical,Own-child,White,Female,0,0,50,United-States,<=50K,119.0
65,Private,153522,HS-grad,9,Widowed,Other-service,Unmarried,White,Female,0,0,17,United-States,<=50K,913.0
50,Private,767403,HS-grad,9,Married-civ-spouse,Machine-op-inspct,Husband,White,Male,3103,0,40,United-States,>50K,545.0
22,Private,190174,HS-grad,9,Never-married,Machine-op-inspct,Unmarried,Black,Female,0,0,40,United-States,<=50K,811.0
34,Self-emp-not-inc,204556,HS-grad,9,Married-civ-spouse,Transport-moving,Husband,White,Male,0,0,62,United-States,<=50K,687.0
44,Local-gov,124963,Assoc-voc,11,Never-married,Craft-repair,Not-in-family,White,Male,0,0,44,United-States,<=50K,137.0
50,Private,99925,HS-grad,9,Married-civ-spouse,Adm-clerical,Husband,White,Male,0,0,32,United-States,<=50K,524.0
33,Private,56841,HS-grad,9,Never-married,Transport-moving,Not-in-family,White,Male,0,0,60,United-States,<=50K,46.0
38,Private,204556,HS-grad,9,Divorced,Craft-repair,Not-in-family,Black,Male,0,0,40,United-States,<=50K,976.0
32,Private,39411,HS-grad,9,Never-married,Other-service,Unmarried,Black,Male,0,0,40,United-States,<=50K,62.0
20,?,58740,Some-college,10,Never-married,?,Own-child,White,Male,0,0,15,United-States,<=50K,64.0
70,Private,176940,Some-college,10,Never-married,Adm-clerical,Not-in-family,White,Female,0,0,16,United-States,<=50K,57.0
33,Private,240160,HS-grad,9,Divorced,Other-service,Unmarried,White,Female,0,0,30,United-States,<=50K,904.0
44,Private,120277,Prof-school,15,Married-civ-spouse,Prof-specialty,Husband,White,Male,99999,0,60,United-States,>50K,946.0
37,Private,174224,Bachelors,13,Married-civ-spouse,Farming-fishing,Husband,White,Male,0,0,45,United-States,<=50K,472.0
70,Private,121712,HS-grad,9,Married-civ-spouse,Adm-clerical,Wife,White,Female,0,0,5,United-States,<=50K,741.0
34,Private,93213,Masters,14,Married-civ-spouse,Other-service,Husband,White,Male,0,0,30,United-States,<=50K,87.0
35,Private,281982,Some-college,10,Married-civ-spouse,Prof-specialty,Husband,White,Male,0,0,40,United-States,>50K,382.0
41,Private,43711,Assoc-voc,11,Married-civ-spouse,Sales,Husband,White,Male,4064,0,60,United-States,>50K,638.0
53,Private,304353,Some-college,10,Married-civ-spouse,Craft-repair,Husband,White,Male,0,0,36,United-States,>50K,264.0
64,Private,77884,Assoc-voc,11,Married-civ-spouse,Sales,Husband,Asian-Pac-Islander,Male,0,0,40,Philippines,<=50K,181.0
47,Private,227310,Some-college,10,Divorced,Adm-clerical,Unmarried,Black,Female,0,0,40,United-States,<=50K,143.0
41,Private,130060,Prof-school,15,Married-civ-spouse,Prof-specialty,Husband,White,Male,0,0,80,United-States,>50K,773.0
35,Private,166809,12th,8,Married-civ-spouse,Machine-op-inspct,Husband,White,Male,0,0,40,United-States,<=50K,299.0
38,Federal-gov,47707,HS-grad,9,Never-married,Adm-clerical,Own-child,Black,Female,0,0,40,United-States,<=50K,263.0
63,Private,323790,Some-college,10,Divorced,Craft-repair,Unmarried,White,Male,0,0,22,United-States,<=50K,963.0
38,Local-gov,140854,HS-grad,9,Married-civ-spouse,Protective-serv,Husband,White,Male,0,0,40,United-States,>50K,748.0
29,Private,178510,HS-grad,9,Married-civ-spouse,Transport-moving,Husband,White,Male,0,0,40,United-States,<=50K,854.0
42,Private,99679,HS-grad,9,Married-civ-spouse,Transport-moving,Husband,White,Male,0,0,60,United-States,>50K,127.0
35,Local-gov,102938,HS-grad,9,Married-civ-spouse,Other-service,Husband,White,Male,0,0,40,United-States,<=50K,937.0
39,Private,138192,Bachelors,13,Married-civ-spouse,Craft-repair,Husband,White,Male,0,0,40,United-States,>50K,218.0
39,Private,271544,Some-college,10,Divorced,Adm-clerical,Unmarried,White,Female,0,0,35,United-States,<=50K,811.0
61,Local-gov,144778,Masters,14,Married-civ-spouse,Exec-managerial,Husband,White,Male,7298,0,60,United-States,>50K,923.0
48,Private,196107,HS-grad,9,Divorced,Adm-clerical,Not-in-family,White,Female,0,0,30,United-States,<=50K,735.0
41,Private,130126,Prof-school,15,Married-civ-spouse,Prof-specialty,Husband,White,Male,0,0,80,United-States,>50K,518.0
70,Private,177487,Some-college,10,Never-married,Adm-clerical,Not-in-family,White,Female,0,0,16,United-States,<=50K,125.0
35,Private,301862,HS-grad,9,Married-civ-spouse,Machine-op-inspct,Husband,White,Male,0,0,40,United-States,<=50K,11.0
50,Private,313321,Assoc-acdm,12,Divorced,Sales,Not-in-family,White,Female,0,0,40,United-States,<=50K,736.0
33,Private,170846,HS-grad,9,Married-civ-spouse,Craft-repair,Husband,White,Male,0,0,40,United-States,<=50K,153.0
46,Private,108699,Some-college,10,Widowed,Adm-clerical,Not-in-family,White,Female,0,0,60,United-States,<=50K,89.0
42,Self-emp-inc,144236,Some-college,10,Never-married,Sales,Not-in-family,White,Male,0,0,60,United-States,<=50K,821.0
53,Private,177907,Bachelors,13,Married-civ-spouse,Adm-clerical,Husband,White,Male,7298,0,40,United-States,>50K,274.0
35,Private,107302,Masters,14,Married-civ-spouse,Sales,Husband,White,Male,0,0,40,India,<=50K,813.0
51,Local-gov,43705,Masters,14,Married-civ-spouse,Prof-specialty,Husband,White,Male,0,0,54,United-States,>50K,828.0
49,Private,44434,Some-college,10,Separated,Exec-managerial,Unmarried,Black,Female,0,0,60,United-States,<=50K,734.0
22,Private,268707,11th,7,Married-civ-spouse,Machine-op-inspct,Other-relative,White,Male,0,0,42,United-States,<=50K,308.0
43,Private,195258,HS-grad,9,Married-civ-spouse,Adm-clerical,Husband,White,Male,0,0,40,United-States,>50K,860.0
41,Private,112763,Prof-school,15,Married-civ-spouse,Prof-specialty,Wife,White,Female,0,0,40,United-States,>50K,370.0
41,Private,112763,Prof-school,15,Married-civ-spouse,Prof-specialty,Wife,White,Female,0,0,40,United-States,>50K,29.0
42,Private,119679,HS-grad,9,Married-civ-spouse,Machine-op-inspct,Husband,White,Male,0,1579,42,United-States,<=50K,186.0
41,Private,159662,Bachelors,13,Married-civ-spouse,Sales,Husband,White,Male,0,0,40,United-States,<=50K,539.0
54,Self-emp-inc,96460,HS-grad,9,Married-civ-spouse,Exec-managerial,Husband,White,Male,7688,0,60,United-States,>50K,867.0
22,Private,148334,Some-college,10,Never-married,Other-service,Not-in-family,White,Male,0,0,15,United-States,<=50K,741.0
34,Private,146365,HS-grad,9,Married-spouse-absent,Other-service,Unmarried,White,Female,0,0,65,United-States,<=50K,345.0
25,Self-emp-not-inc,217467,HS-grad,9,Never-married,Other-service,Unmarried,White,Female,0,0,30,United-States,<=50K,250.0
42,Private,45474,Bachelors,13,Never-married,Sales,Not-in-family,White,Male,0,0,40,United-States,>50K,562.0
19,Private,260761,11th,7,Never-married,Other-service,Other-relative,White,Male,0,0,20,United-States,<=50K,191.0
51,Local-gov,205100,Masters,14,Married-civ-spouse,Prof-specialty,Wife,White,Female,0,0,32,United-States,>50K,546.0
47,Local-gov,333119,11th,7,Married-spouse-absent,Craft-repair,Not-in-family,Black,Male,0,0,40,United-States,<=50K,394.0
20,Private,505980,Some-college,10,Never-married,Sales,Own-child,White,Male,0,0,40,United-States,<=50K,39.0
28,Private,252079,Some-college,10,Never-married,Adm-clerical,Unmarried,White,Female,0,0,45,Japan,<=50K,874.0
35,Private,238964,Assoc-voc,11,Never-married,Tech-support,Not-in-family,White,Male,0,0,40,United-States,<=50K,630.0
35,Private,27937,Bachelors,13,Married-civ-spouse,Sales,Husband,White,Male,7298,0,48,United-States,>50K,527.0
59,Private,52921,Some-college,10,Married-civ-spouse,Craft-repair,Husband,White,Male,0,1887,55,United-States,>50K,865.0
60,Local-gov,134782,Some-college,10,Married-civ-spouse,Protective-serv,Husband,White,Male,0,0,40,United-States,<=50K,380.0
31,Private,118520,HS-grad,9,Never-married,Handlers-cleaners,Not-in-family,White,Male,0,0,60,United-States,<=50K,128.0
30,Private,154078,Bachelors,13,Married-civ-spouse,Exec-managerial,Husband,White,Male,0,1977,60,United-States,>50K,906.0
27,Private,397962,10th,6,Married-civ-spouse,Other-service,Wife,Black,Female,0,0,30,United-States,<=50K,966.0
35,Private,27937,Some-college,10,Married-civ-spouse,Prof-specialty,Husband,White,Male,0,0,40,United-States,>50K,239.0
33,Private,154568,Assoc-voc,11,Divorced,Sales,Not-in-family,White,Male,0,0,40,United-States,<=50K,809.0
21,State-gov,39236,Some-college,10,Never-married,Prof-specialty,Not-in-family,White,Female,0,0,8,United-States,<=50K,533.0
52,Private,160634,HS-grad,9,Married-civ-spouse,Adm-clerical,Husband,White,Male,0,0,48,United-States,<=50K,826.0
56,Private,246687,Some-college,10,Divorced,Adm-clerical,Not-in-family,White,Female,0,0,40,United-States,<=50K,848.0
26,Private,258550,Bachelors,13,Never-married,Adm-clerical,Own-child,White,Male,0,0,40,United-States,<=50K,630.0
49,Self-emp-not-inc,162205,Some-college,10,Divorced,Exec-managerial,Not-in-family,Amer-Indian-Eskimo,Female,0,0,40,United-States,<=50K,634.0
54,Private,198759,Some-college,10,Divorced,Craft-repair,Unmarried,White,Female,0,0,48,United-States,<=50K,565.0
27,Private,370119,9th,5,Never-married,Other-service,Own-child,White,Male,0,0,30,United-States,<=50K,83.0
49,Private,79702,HS-grad,9,Married-civ-spouse,Handlers-cleaners,Husband,White,Male,0,0,48,United-States,<=50K,905.0
48,Private,131762,HS-grad,9,Never-married,Other-service,Not-in-family,White,Female,0,0,30,United-States,<=50K,317.0
31,Private,304710,1st-4th,2,Separated,Handlers-cleaners,Unmarried,White,Male,0,0,35,Honduras,<=50K,28.0
44,Private,120539,Prof-school,15,Married-civ-spouse,Prof-specialty,Husband,White,Male,99999,0,60,United-States,>50K,914.0
74,?,89667,Bachelors,13,Widowed,?,Not-in-family,Other,Female,0,0,35,United-States,<=50K,130.0
42,Private,225456,Bachelors,13,Married-civ-spouse,Tech-support,Husband,White,Male,0,0,45,United-States,>50K,51.0
25,Self-emp-inc,98756,Some-college,10,Divorced,Adm-clerical,Own-child,White,Female,0,0,50,United-States,<=50K,701.0
33,Private,288992,Bachelors,13,Separated,Prof-specialty,Not-in-family,White,Female,0,0,40,United-States,<=50K,273.0
64,Private,159662,HS-grad,9,Married-civ-spouse,Transport-moving,Husband,White,Male,10566,0,40,United-States,<=50K,461.0
31,Private,106014,Assoc-voc,11,Divorced,Craft-repair,Unmarried,White,Male,0,0,40,United-States,<=50K,263.0
32,Private,303692,Doctorate,16,Divorced,Prof-specialty,Not-in-family,White,Male,0,0,40,United-States,>50K,220.0
20,Private,313321,HS-grad,9,Never-married,Other-service,Not-in-family,White,Male,0,0,40,United-States,<=50K,636.0
25,State-gov,297380,Some-college,10,Never-married,Craft-repair,Not-in-family,White,Male,0,0,20,United-States,<=50K,829.0
17,Private,160703,11th,7,Never-married,Adm-clerical,Own-child,White,Male,0,0,16,United-States,<=50K,726.0
27,Private,174645,Bachelors,13,Never-married,Prof-specialty,Not-in-family,White,Female,0,0,40,United-States,<=50K,208.0
34,Self-emp-not-inc,80933,HS-grad,9,Divorced,Farming-fishing,Not-in-family,White,Male,0,0,40,United-States,<=50K,824.0
57,Private,201080,Assoc-acdm,12,Widowed,Adm-clerical,Other-relative,White,Female,0,0,40,United-States,<=50K,333.0
42,Private,187693,Masters,14,Married-civ-spouse,Sales,Husband,White,Male,15024,0,50,?,>50K,254.0
65,State-gov,294121,7th-8th,4,Widowed,Other-service,Other-relative,White,Female,0,0,24,United-States,<=50K,787.0
20,Private,258121,Some-college,10,Never-married,Sales,Not-in-family,White,Female,0,0,35,United-States,<=50K,598.0
37,Private,77820,Bachelors,13,Married-civ-spouse,Exec-managerial,Husband,White,Male,0,0,50,United-States,>50K,653.0
67,Private,221533,HS-grad,9,Divorced,Adm-clerical,Not-in-family,White,Female,0,0,15,United-States,<=50K,443.0
27,Private,231507,HS-grad,9,Married-civ-spouse,Craft-repair,Husband,White,Male,0,0,40,United-States,<=50K,113.0
48,Private,83003,Masters,14,Married-civ-spouse,Prof-specialty,Husband,White,Male,0,0,50,United-States,>50K,876.0
52,?,243786,HS-grad,9,Married-civ-spouse,?,Husband,White,Male,0,0,35,United-States,<=50K,510.0
28,Private,83003,HS-grad,9,Married-civ-spouse,Transport-moving,Husband,White,Male,0,0,40,United-States,<=50K,650.0
25,Private,139347,1st-4th,2,Never-married,Farming-fishing,Not-in-family,White,Male,0,0,40,Mexico,<=50K,236.0
54,Private,139347,HS-grad,9,Widowed,Adm-clerical,Unmarried,White,Female,0,0,40,United-States,<=50K,718.0
56,Private,248708,HS-grad,9,Married-civ-spouse,Tech-support,Husband,White,Male,0,0,40,United-States,<=50K,444.0
39,Local-gov,100011,Assoc-acdm,12,Never-married,Tech-support,Not-in-family,White,Female,0,0,38,United-States,<=50K,637.0
33,Private,170617,HS-grad,9,Married-civ-spouse,Craft-repair,Husband,White,Male,0,0,40,United-States,<=50K,27.0
30,State-gov,119197,Masters,14,Divorced,Prof-specialty,Not-in-family,Amer-Indian-Eskimo,Male,0,0,50,United-States,<=50K,236.0
17,Private,153522,12th,8,Never-married,Other-service,Own-child,White,Female,0,0,16,United-States,<=50K,847.0
21,Private,62534,Some-college,10,Never-married,Craft-repair,Not-in-family,White,Male,0,0,70,United-States,<=50K,169.0
41,Private,256335,Assoc-voc,11,Never-married,Prof-specialty,Not-in-family,White,Female,0,0,60,United-States,<=50K,450.0
21,Private,304710,Some-college,10,Never-married,Exec-managerial,Not-in-family,White,Female,0,0,38,United-States,<=50K,941.0
30,Private,300679,Some-college,10,Married-civ-spouse,Craft-repair,Husband,White,Male,0,0,40,United-States,>50K,282.0
20,Private,324386,Some-college,10,Never-married,Machine-op-inspct,Not-in-family,White,Female,0,0,40,United-States,<=50K,391.0
27,Private,142233,Some-college,10,Never-married,Other-service,Own-child,White,Male,0,0,24,United-States,<=50K,497.0
41,Private,190836,HS-grad,9,Divorced,Priv-house-serv,Not-in-family,White,Female,0,0,40,Guatemala,<=50K,316.0
48,Private,350440,Some-college,10,Married-civ-spouse,Craft-repair,Other-relative,Asian-Pac-Islander,Male,0,0,40,Cambodia,>50K,107.0
35,Private,302372,HS-grad,9,Married-civ-spouse,Machine-op-inspct,Husband,White,Male,0,0,40,United-States,<=50K,810.0
26,Private,241852,12th,8,Never-married,Craft-repair,Unmarried,White,Male,0,0,40,United-States,<=50K,217.0
46,Local-gov,59174,HS-grad,9,Widowed,Prof-specialty,Unmarried,Amer-Indian-Eskimo,Female,0,0,33,United-States,<=50K,92.0
21,Private,61777,Some-college,10,Never-married,Craft-repair,Not-in-family,White,Male,0,0,70,United-States,<=50K,424.0
32,Private,155408,Bachelors,13,Divorced,Protective-serv,Not-in-family,Black,Male,0,0,60,United-States,>50K,168.0
63,?,231554,Masters,14,Married-civ-spouse,?,Husband,White,Male,0,0,30,United-States,<=50K,279.0
24,Federal-gov,424340,Bachelors,13,Never-married,Prof-specialty,Not-in-family,White,Female,0,0,30,United-States,<=50K,866.0
28,Private,366533,Masters,14,Never-married,Prof-specialty,Not-in-family,White,Male,0,0,50,United-States,<=50K,44.0
38,Private,682947,Bachelors,13,Divorced,Exec-managerial,Not-in-family,White,Male,0,0,55,United-States,>50K,74.0
59,Private,164441,HS-grad,9,Married-civ-spouse,Prof-specialty,Husband,Black,Male,0,0,60,United-States,<=50K,839.0
37,Private,174181,Bachelors,13,Married-civ-spouse,Farming-fishing,Husband,White,Male,0,0,45,United-States,<=50K,951.0
41,Private,166813,Some-college,10,Married-civ-spouse,Sales,Husband,White,Male,0,0,55,United-States,<=50K,524.0
34,Local-gov,254440,Bachelors,13,Divorced,Prof-specialty,Unmarried,White,Female,0,0,40,United-States,<=50K,309.0
35,Private,114765,Bachelors,13,Divorced,Sales,Not-in-family,White,Female,0,0,40,United-States,<=50K,757.0
42,Local-gov,195897,7th-8th,4,Married-civ-spouse,Craft-repair,Husband,White,Male,0,0,40,United-States,<=50K,88.0
29,Private,189240,Bachelors,13,Never-married,Prof-specialty,Not-in-family,White,Male,10520,0,50,United-States,>50K,414.0
69,?,628797,Some-college,10,Widowed,?,Not-in-family,White,Female,0,0,20,United-States,<=50K,125.0
34,Private,190964,Assoc-voc,11,Married-civ-spouse,Craft-repair,Husband,White,Male,0,0,48,United-States,<=50K,142.0
19,?,379412,Some-college,10,Never-married,?,Own-child,White,Male,0,0,23,United-States,<=50K,295.0
52,Private,160968,HS-grad,9,Married-civ-spouse,Adm-clerical,Husband,White,Male,0,0,48,United-States,<=50K,584.0
50,Private,65408,HS-grad,9,Married-civ-spouse,Craft-repair,Husband,White,Male,0,0,50,United-States,>50K,473.0
36,Self-emp-not-inc,408427,Prof-school,15,Married-civ-spouse,Prof-specialty,Husband,White,Male,0,0,60,United-States,>50K,444.0
44,Self-emp-not-inc,235442,HS-grad,9,Married-civ-spouse,Sales,Wife,White,Female,0,0,40,United-States,>50K,139.0
48,Self-emp-not-inc,229328,12th,8,Widowed,Sales,Unmarried,Asian-Pac-Islander,Female,0,0,40,Taiwan,<=50K,315.0
42,Private,187693,Masters,14,Married-civ-spouse,Sales,Husband,White,Male,15024,0,50,?,>50K,864.0
21,Private,145258,Some-college,10,Never-married,Prof-specialty,Not-in-family,White,Female,0,0,25,United-States,<=50K,267.0
28,Private,231554,Some-college,10,Never-married,Prof-specialty,Not-in-family,Black,Female,3325,0,50,United-States,<=50K,748.0
41,Private,219867,Bachelors,13,Divorced,Other-service,Not-in-family,White,Male,0,0,37,United-States,<=50K,128.0
35,Private,267965,Bachelors,13,Married-civ-spouse,Tech-support,Husband,White,Male,0,1887,40,United-States,>50K,563.0
27,Private,126822,Bachelors,13,Never-married,Prof-specialty,Own-child,White,Male,0,0,40,United-States,<=50K,539.0
50,Private,237868,HS-grad,9,Married-civ-spouse,Sales,Husband,White,Male,0,1887,55,United-States,>50K,460.0
64,Self-emp-not-inc,150175,Prof-school,15,Married-civ-spouse,Prof-specialty,Husband,White,Male,0,0,40,United-States,>50K,409.0
30,Local-gov,325385,Masters,14,Never-married,Prof-specialty,Not-in-family,White,Male,0,0,50,United-States,<=50K,921.0
42,Private,329924,HS-grad,9,Divorced,Machine-op-inspct,Not-in-family,White,Male,0,0,40,United-States,<=50K,197.0
33,Private,238964,HS-grad,9,Divorced,Other-service,Unmarried,White,Female,0,0,30,United-States,<=50K,747.0
65,Private,185057,Some-college,10,Married-civ-spouse,Tech-support,Husband,White,Male,0,0,40,United-States,>50K,119.0
36,Private,94954,HS-grad,9,Divorced,Transport-moving,Not-in-family,White,Female,0,0,40,United-States,<=50K,409.0
29,Private,176178,Some-college,10,Divorced,Other-service,Unmarried,White,Female,0,0,28,United-States,<=50K,733.0
87,Private,143574,HS-grad,9,Married-spouse-absent,Sales,Not-in-family,White,Male,0,0,16,United-States,<=50K,640.0
26,Private,195258,HS-grad,9,Never-married,Sales,Own-child,White,Male,0,0,40,United-States,<=50K,128.0
30,Private,186346,Bachelors,13,Never-married,Exec-managerial,Not-in-family,White,Female,0,0,50,United-States,<=50K,138.0
74,Private,260669,10th,6,Divorced,Other-service,Not-in-family,White,Female,0,0,1,United-States,<=50K,122.0
38,Private,67482,Bachelors,13,Divorced,Exec-managerial,Not-in-family,White,Male,0,0,55,United-States,>50K,569.0
19,Private,366533,Some-college,10,Never-married,Transport-moving,Own-child,White,Male,0,0,32,United-States,<=50K,664.0
47,Private,148884,HS-grad,9,Married-civ-spouse,Transport-moving,Husband,White,Male,0,0,60,United-States,<=50K,671.0
24,Private,359972,Bachelors,13,Never-married,Sales,Not-in-family,White,Male,0,0,50,United-States,<=50K,868.0
66,Private,169496,Bachelors,13,Married-civ-spouse,Sales,Husband,White,Male,20051,0,40,United-States,>50K,686.0
25,Private,207853,9th,5,Never-married,Adm-clerical,Unmarried,White,Female,0,0,40,Mexico,<=50K,196.0
49,Private,79436,HS-grad,9,Married-civ-spouse,Handlers-cleaners,Husband,White,Male,0,0,48,United-States,<=50K,220.0
33,Private,295589,Bachelors,13,Never-married,Prof-specialty,Not-in-family,Black,Male,0,0,50,United-States,>50K,61.0
37,Private,110490,HS-grad,9,Married-civ-spouse,Sales,Husband,White,Male,0,0,50,United-States,>50K,371.0
35,Private,95551,HS-grad,9,Separated,Exec-managerial,Not-in-family,White,Female,0,0,36,United-States,<=50K,414.0
53,Local-gov,137250,Masters,14,Widowed,Prof-specialty,Unmarried,Black,Female,0,1602,35,United-States,<=50K,137.0
56,Private,166546,HS-grad,9,Widowed,Machine-op-inspct,Unmarried,White,Female,0,0,40,United-States,<=50K,251.0
35,Private,183898,Assoc-voc,11,Married-civ-spouse,Exec-managerial,Husband,White,Male,7298,0,50,United-States,>50K,93.0
44,Private,156410,Some-college,10,Married-civ-spouse,Tech-support,Husband,White,Male,0,0,44,United-States,>50K,339.0
39,Private,294121,HS-grad,9,Divorced,Exec-managerial,Unmarried,White,Female,0,0,40,United-States,<=50K,895.0
67,Private,22149,HS-grad,9,Divorced,Adm-clerical,Not-in-family,White,Female,0,0,15,United-States,<=50K,631.0
49,Self-emp-not-inc,144397,Some-college,10,Married-civ-spouse,Sales,Husband,White,Male,0,0,25,United-States,<=50K,608.0
22,Private,55614,HS-grad,9,Never-married,Handlers-cleaners,Unmarried,White,Male,0,0,40,United-States,<=50K,228.0
25,Private,472580,HS-grad,9,Never-married,Adm-clerical,Own-child,Black,Female,0,0,32,United-States,<=50K,918.0
38,Private,117963,HS-grad,9,Married-civ-spouse,Machine-op-inspct,Husband,White,Male,0,0,65,United-States,>50K,179.0
33,Private,183155,HS-grad,9,Never-married,Sales,Not-in-family,White,Female,0,0,45,United-States,<=50K,762.0
33,Private,295589,Bachelors,13,Never-married,Prof-specialty,Not-in-family,Black,Male,0,0,50,United-States,>50K,236.0
47,Private,370119,Prof-school,15,Married-civ-spouse,Prof-specialty,Husband,White,Male,0,0,50,United-States,>50K,144.0
39,Private,58150,Some-college,10,Married-civ-spouse,Machine-op-inspct,Husband,White,Male,0,0,40,United-States,>50K,141.0
30,Private,186884,Bachelors,13,Never-married,Exec-managerial,Not-in-family,White,Female,0,0,50,United-States,<=50K,647.0
39,Private,91711,Masters,14,Married-civ-spouse,Exec-managerial,Husband,White,Male,0,0,40,United-States,>50K,417.0
51,Without-pay,124971,Assoc-acdm,12,Married-civ-spouse,Sales,Husband,White,Male,0,0,45,United-States,<=50K,99.0
26,Federal-gov,73047,Some-college,10,Married-civ-spouse,Exec-managerial,Husband,White,Male,0,0,32,United-States,<=50K,877.0
31,Private,117779,HS-grad,9,Never-married,Handlers-cleaners,Not-in-family,White,Male,0,0,60,United-States,<=50K,566.0
31,Private,111567,Bachelors,13,Married-civ-spouse,Exec-managerial,Husband,White,Male,0,0,70,United-States,>50K,415.0
34,Private,123084,11th,7,Married-civ-spouse,Machine-op-inspct,Own-child,White,Female,0,0,40,United-States,<=50K,90.0
69,Self-emp-inc,265097,Assoc-acdm,12,Married-civ-spouse,Sales,Husband,White,Male,0,0,40,United-States,>50K,53.0
52,Private,329733,Some-college,10,Never-married,Exec-managerial,Not-in-family,White,Male,0,0,40,United-States,<=50K,693.0
26,?,176178,Some-college,10,Never-married,?,Unmarried,White,Female,0,0,40,United-States,<=50K,149.0
32,Self-emp-inc,343872,Some-college,10,Married-civ-spouse,Transport-moving,Husband,Black,Male,0,0,35,Haiti,<=50K,979.0
27,Private,174640,Bachelors,13,Never-married,Prof-specialty,Not-in-family,White,Female,0,0,40,United-States,<=50K,772.0
42,Private,99679,HS-grad,9,Married-civ-spouse,Transport-moving,Husband,White,Male,0,0,60,United-States,>50K,27.0
46,Self-emp-not-inc,165315,Doctorate,16,Never-married,Prof-specialty,Not-in-family,White,Female,0,0,45,United-States,<=50K,390.0
41,Self-emp-not-inc,120837,Some-college,10,Married-civ-spouse,Machine-op-inspct,Husband,White,Male,3103,0,40,United-States,>50K,946.0
46,Private,275653,Doctorate,16,Married-civ-spouse,Sales,Husband,White,Male,0,0,40,United-States,>50K,947.0
20,Private,275190,HS-grad,9,Never-married,Adm-clerical,Own-child,White,Female,0,0,40,United-States,<=50K,450.0
28,Private,167440,HS-grad,9,Never-married,Other-service,Own-child,White,Female,0,0,40,United-States,<=50K,177.0
17,Private,238628,11th,7,Never-married,Other-service,Own-child,White,Female,0,0,5,United-States,<=50K,20.0
43,Private,166546,Some-college,10,Divorced,Adm-clerical,Not-in-family,White,Male,0,0,48,United-States,<=50K,114.0
44,Private,227840,HS-grad,9,Married-civ-spouse,Craft-repair,Husband,Black,Male,0,0,40,?,<=50K,691.0
28,Private,70034,Bachelors,13,Married-civ-spouse,Sales,Husband,White,Male,0,0,45,United-States,>50K,668.0
34,Private,215047,Some-college,10,Never-married,Exec-managerial,Not-in-family,White,Male,0,0,45,United-States,<=50K,83.0
70,Private,121712,HS-grad,9,Married-civ-spouse,Adm-clerical,Wife,White,Female,0,0,5,United-States,<=50K,507.0
22,?,278322,Some-college,10,Never-married,?,Own-child,White,Male,0,0,36,United-States,<=50K,342.0
57,Self-emp-not-inc,258121,Bachelors,13,Married-civ-spouse,Exec-managerial,Husband,White,Male,0,0,50,United-States,<=50K,589.0
33,Private,258498,Some-college,10,Married-civ-spouse,Craft-repair,Wife,White,Female,0,0,60,United-States,<=50K,229.0
57,Self-emp-not-inc,246687,Assoc-voc,11,Married-civ-spouse,Craft-repair,Husband,White,Male,0,0,40,United-States,>50K,242.0
44,Private,194049,Some-college,10,Divorced,Other-service,Unmarried,Black,Female,0,0,35,United-States,<=50K,433.0
40,Private,216116,9th,5,Never-married,Machine-op-inspct,Unmarried,Black,Female,0,0,40,Haiti,<=50K,315.0
73,Self-emp-not-inc,300404,Some-college,10,Married-civ-spouse,Sales,Husband,White,Male,0,0,6,United-States,>50K,148.0
47,Private,200294,HS-grad,9,Married-civ-spouse,Craft-repair,Husband,White,Male,0,0,40,United-States,<=50K,247.0
37,Private,186346,HS-grad,9,Married-civ-spouse,Machine-op-inspct,Husband,White,Male,0,0,46,United-States,<=50K,660.0
46,Private,129007,Bachelors,13,Married-civ-spouse,Sales,Husband,White,Male,0,1977,40,United-States,>50K,218.0
40,Private,114765,HS-grad,9,Married-civ-spouse,Machine-op-inspct,Husband,White,Male,0,0,40,United-States,<=50K,518.0
69,Self-emp-not-inc,150175,HS-grad,9,Married-civ-spouse,Farming-fishing,Husband,White,Male,0,0,40,United-States,<=50K,487.0
45,Private,170214,Some-college,10,Divorced,Craft-repair,Not-in-family,White,Male,0,0,40,United-States,<=50K,272.0
53,Private,130060,Bachelors,13,Married-civ-spouse,Exec-managerial,Husband,White,Male,0,0,50,United-States,>50K,958.0
38,Private,155408,HS-grad,9,Separated,Sales,Not-in-family,White,Male,0,0,60,United-States,<=50K,658.0
36,Self-emp-not-inc,104772,Bachelors,13,Married-civ-spouse,Prof-specialty,Husband,White,Male,3908,0,40,United-States,<=50K,306.0
27,Private,133515,HS-grad,9,Never-married,Exec-managerial,Not-in-family,White,Female,0,0,50,United-States,<=50K,482.0
25,Private,257910,Bachelors,13,Never-married,Exec-managerial,Not-in-family,White,Male,0,0,50,United-States,<=50K,514.0
64,Local-gov,113323,HS-grad,9,Widowed,Exec-managerial,Not-in-family,White,Male,0,0,40,United-States,<=50K,802.0
34,Private,175127,Some-college,10,Married-civ-spouse,Other-service,Husband,White,Male,0,0,50,United-States,<=50K,232.0
21,Private,225454,Some-college,10,Never-married,Adm-clerical,Not-in-family,White,Female,0,0,40,United-States,<=50K,362.0
31,State-gov,268832,HS-grad,9,Never-married,Adm-clerical,Not-in-family,Black,Female,0,0,37,United-States,<=50K,695.0
67,State-gov,530099,10th,6,Widowed,Other-service,Not-in-family,White,Female,0,0,12,United-States,<=50K,210.0
30,Private,156807,Some-college,10,Never-married,Craft-repair,Other-relative,White,Male,0,0,55,Ecuador,<=50K,364.0
50,Self-emp-not-inc,34067,Some-college,10,Married-civ-spouse,Farming-fishing,Husband,White,Male,0,0,60,United-States,>50K,926.0
26,Private,37650,Some-college,10,Divorced,Prof-specialty,Not-in-family,White,Female,5060,0,40,United-States,<=50K,710.0
32,Private,233275,Some-college,10,Never-married,Adm-clerical,Not-in-family,White,Female,0,0,40,United-States,<=50K,230.0
47,Local-gov,332657,11th,7,Married-spouse-absent,Craft-repair,Not-in-family,Black,Male,0,0,40,United-States,<=50K,237.0
35,Private,111377,HS-grad,9,Separated,Transport-moving,Not-in-family,White,Male,0,0,40,United-States,<=50K,156.0
48,Federal-gov,156413,HS-grad,9,Married-civ-spouse,Adm-clerical,Husband,Black,Male,0,0,50,United-States,>50K,46.0
47,Private,186035,Prof-school,15,Married-civ-spouse,Prof-specialty,Husband,White,Male,0,0,60,?,>50K,341.0
72,Private,38360,HS-grad,9,Widowed,Other-service,Unmarried,White,Female,0,0,16,United-States,<=50K,513.0
52,Private,114157,HS-grad,9,Divorced,Craft-repair,Unmarried,White,Female,0,0,40,United-States,<=50K,353.0
25,Private,193787,Some-college,10,Never-married,Prof-specialty,Unmarried,White,Female,0,0,60,United-States,<=50K,338.0
43,Self-emp-inc,176077,Some-college,10,Married-civ-spouse,Exec-managerial,Husband,White,Male,0,0,40,United-States,<=50K,496.0
44,Private,197014,Bachelors,13,Married-civ-spouse,Craft-repair,Husband,White,Male,7298,0,40,United-States,>50K,152.0
32,Private,388594,HS-grad,9,Married-civ-spouse,Craft-repair,Husband,White,Male,0,0,40,United-States,<=50K,455.0
37,Private,194668,Some-college,10,Married-civ-spouse,Transport-moving,Husband,White,Male,0,0,45,United-States,>50K,301.0
65,Private,94552,Some-college,10,Divorced,Adm-clerical,Not-in-family,White,Female,0,0,40,United-States,<=50K,237.0
49,Private,166813,Bachelors,13,Divorced,Exec-managerial,Unmarried,White,Female,0,0,40,United-States,>50K,965.0
47,Private,37088,Prof-school,15,Married-civ-spouse,Prof-specialty,Husband,White,Male,0,0,50,United-States,>50K,618.0
44,Private,228729,HS-grad,9,Married-civ-spouse,Craft-repair,Husband,Black,Male,0,0,40,?,<=50K,322.0
42,Private,208726,Some-college,10,Divorced,Exec-managerial,Unmarried,White,Female,0,0,45,United-States,<=50K,114.0
23,Private,308205,Assoc-acdm,12,Never-married,Other-service,Own-child,White,Male,0,0,20,United-States,<=50K,592.0
40,Private,24395,5th-6th,3,Married-civ-spouse,Craft-repair,Husband,White,Male,0,0,40,United-States,<=50K,182.0
44,Self-emp-not-inc,235691,HS-grad,9,Married-civ-spouse,Sales,Wife,White,Female,0,0,40,United-States,>50K,407.0
29,Private,163604,HS-grad,9,Divorced,Sales,Own-child,White,Male,0,0,40,United-States,<=50K,220.0
23,Private,332008,Some-college,10,Never-married,Other-service,Not-in-family,White,Female,0,0,25,United-States,<=50K,480.0
40,Private,212252,10th,6,Never-married,Transport-moving,Not-in-family,White,Male,0,0,40,United-States,<=50K,48.0
33,Private,159908,HS-grad,9,Married-civ-spouse,Machine-op-inspct,Husband,White,Male,0,0,50,United-States,>50K,88.0
44,Self-emp-not-inc,103111,Prof-school,15,Married-civ-spouse,Prof-specialty,Husband,White,Male,0,0,60,United-States,>50K,311.0
43,Private,195258,HS-grad,9,Married-civ-spouse,Adm-clerical,Husband,White,Male,0,0,40,United-States,>50K,365.0
30,Private,241832,HS-grad,9,Separated,Handlers-cleaners,Own-child,Black,Male,0,0,40,United-States,<=50K,525.0
27,Private,181200,HS-grad,9,Married-civ-spouse,Machine-op-inspct,Husband,White,Male,5013,0,46,Canada,<=50K,425.0
41,Private,190964,HS-grad,9,Divorced,Priv-house-serv,Not-in-family,White,Female,0,0,40,Guatemala,<=50K,545.0
48,Private,193047,Masters,14,Married-civ-spouse,Exec-managerial,Husband,White,Male,0,0,60,United-States,>50K,351.0
37,Private,222248,5th-6th,4,Married-civ-spouse,Machine-op-inspct,Husband,White,Male,0,0,40,El-Salvador,<=50K,629.0
62,Private,159908,Some-college,10,Married-civ-spouse,Adm-clerical,Wife,White,Female,0,0,38,United-States,>50K,824.0
43,Private,140136,HS-grad,9,Widowed,Craft-repair,Unmarried,White,Female,0,0,40,Jamaica,<=50K,137.0
44,Private,227310,HS-grad,9,Married-civ-spouse,Craft-repair,Husband,Black,Male,0,0,40,?,<=50K,454.0
51,Self-emp-not-inc,312500,Bachelors,13,Married-civ-spouse,Sales,Husband,White,Male,0,0,40,United-States,>50K,984.0
67,Private,221281,HS-grad,9,Divorced,Adm-clerical,Not-in-family,White,Female,0,0,15,United-States,<=50K,883.0
20,Private,142233,HS-grad,9,Never-married,Sales,Not-in-family,White,Female,0,0,35,United-States,<=50K,279.0
67,Private,113323,Masters,14,Divorced,Adm-clerical,Unmarried,White,Male,0,0,41,United-States,<=50K,601.0
44,Private,173682,Bachelors,13,Married-civ-spouse,Exec-managerial,Husband,White,Male,0,0,40,United-States,>50K,475.0
20,?,336969,Some-college,10,Never-married,?,Own-child,Black,Male,0,0,30,United-States,<=50K,864.0
42,State-gov,199832,Bachelors,13,Divorced,Prof-specialty,Unmarried,White,Female,0,0,40,United-States,<=50K,870.0
40,Private,212888,10th,6,Never-married,Transport-moving,Not-in-family,White,Male,0,0,40,United-States,<=50K,860.0
65,Private,154078,HS-grad,9,Widowed,Other-service,Unmarried,White,Female,0,0,17,United-States,<=50K,14.0
69,Self-emp-not-inc,149784,HS-grad,9,Married-civ-spouse,Farming-fishing,Husband,White,Male,0,0,40,United-States,<=50K,453.0
30,Private,194654,HS-grad,9,Never-married,Sales,Other-relative,White,Male,0,0,40,United-States,<=50K,414.0
23,Private,195398,Bachelors,13,Married-civ-spouse,Sales,Husband,White,Male,0,0,45,United-States,<=50K,373.0
42,Private,293297,Some-college,10,Divorced,Machine-op-inspct,Not-in-family,White,Female,0,0,40,United-States,<=50K,830.0
30,Private,244172,Some-college,10,Never-married,Prof-specialty,Not-in-family,Black,Male,0,0,45,United-States,<=50K,583.0
28,Private,70261,Bachelors,13,Married-civ-spouse,Sales,Husband,White,Male,0,0,45,United-States,>50K,118.0
46,Local-gov,367306,Some-college,10,Married-civ-spouse,Craft-repair,Husband,Black,Male,0,0,40,United-States,>50K,976.0
29,Private,83003,HS-grad,9,Married-civ-spouse,Other-service,Wife,White,Female,0,0,40,United-States,<=50K,619.0
54,Private,139277,HS-grad,9,Widowed,Adm-clerical,Unmarried,White,Female,0,0,40,United-States,<=50K,698.0
20,Private,164441,HS-grad,9,Never-married,Other-service,Own-child,Black,Male,0,0,40,United-States,<=50K,647.0
31,Private,252529,Bachelors,13,Divorced,Exec-managerial,Unmarried,White,Female,0,0,40,United-States,<=50K,108.0
39,Private,58343,Some-college,10,Married-civ-spouse,Machine-op-inspct,Husband,White,Male,0,0,40,United-States,>50K,919.0
64,Local-gov,113324,HS-grad,9,Widowed,Exec-managerial,Not-in-family,White,Male,0,0,40,United-States,<=50K,599.0
77,Self-emp-not-inc,161552,Masters,1,Widowed,Exec-managerial,Not-in-family,White,Female,0,0,60,United-States,<=50K,740.0
26,Private,221533,HS-grad,9,Never-married,Craft-repair,Not-in-family,White,Male,0,0,70,United-States,<=50K,603.0
36,Private,653574,HS-grad,9,Married-civ-spouse,Craft-repair,Husband,White,Male,0,0,50,United-States,<=50K,338.0
37,Private,222504,5th-6th,3,Married-civ-spouse,Machine-op-inspct,Husband,White,Male,0,0,40,England,<=50K,349.0
57,Self-emp-not-inc,258121,Bachelors,13,Married-civ-spouse,Exec-managerial,Husband,White,Male,0,0,50,United-States,<=50K,274.0
53,Private,99476,HS-grad,9,Divorced,Other-service,Not-in-family,White,Female,0,0,38,United-States,<=50K,614.0
19,Private,219867,HS-grad,9,Never-married,Adm-clerical,Other-relative,White,Female,0,0,35,United-States,<=50K,367.0
28,?,174666,10th,6,Separated,?,Not-in-family,White,Male,0,0,80,United-States,<=50K,823.0
20,Private,257910,Some-college,10,Never-married,Sales,Not-in-family,White,Female,0,0,35,United-States,<=50K,973.0
39,Private,318763,Masters,14,Never-married,Exec-managerial,Not-in-family,Black,Male,8614,0,52,United-States,>50K,6.0
37,Private,33355,HS-grad,9,Never-married,Adm-clerical,Not-in-family,White,Male,0,0,42,United-States,<=50K,723.0
33,Private,193787,HS-grad,9,Married-civ-spouse,Exec-managerial,Husband,White,Male,5178,0,50,United-States,>50K,858.0
38,Private,154669,HS-grad,9,Separated,Sales,Not-in-family,White,Male,0,0,60,United-States,<=50K,503.0
34,Private,191807,Assoc-voc,11,Married-civ-spouse,Craft-repair,Husband,White,Male,0,0,48,United-States,<=50K,798.0
25,Private,361307,Bachelors,13,Never-married,Sales,Own-child,White,Female,0,0,40,United-States,<=50K,323.0
30,Private,101266,HS-grad,9,Married-civ-spouse,Protective-serv,Husband,White,Male,0,0,40,United-States,<=50K,258.0
49,Private,147253,Assoc-voc,11,Married-civ-spouse,Machine-op-inspct,Wife,White,Female,0,0,40,Peru,<=50K,111.0
30,Private,340917,Some-college,10,Married-civ-spouse,Machine-op-inspct,Husband,White,Male,0,0,40,United-States,<=50K,87.0
54,Private,199381,Some-college,10,Divorced,Craft-repair,Unmarried,White,Female,0,0,48,United-States,<=50K,895.0
23,Private,195897,Bachelors,13,Married-civ-spouse,Sales,Husband,White,Male,0,0,45,United-States,<=50K,867.0
29,Private,271160,Assoc-voc,11,Never-married,Prof-specialty,Not-in-family,White,Male,0,0,44,United-States,<=50K,937.0
21,Private,62534,Some-college,10,Never-married,Craft-repair,Not-in-family,White,Male,0,0,70,United-States,<=50K,137.0
37,Private,194336,Some-college,10,Married-civ-spouse,Transport-moving,Husband,White,Male,0,0,45,United-States,>50K,822.0
26,Private,78529,Assoc-voc,11,Divorced,Prof-specialty,Unmarried,White,Female,0,0,36,United-States,<=50K,783.0
79,?,142370,Prof-school,15,Married-civ-spouse,?,Husband,White,Male,0,0,10,United-States,<=50K,353.0
25,Private,120277,HS-grad,9,Never-married,Sales,Own-child,White,Male,0,1741,40,United-States,<=50K,942.0
31,Private,111567,Bachelors,13,Married-civ-spouse,Exec-managerial,Husband,White,Male,0,0,70,United-States,>50K,351.0
27,Private,210867,7th-8th,4,Never-married,Farming-fishing,Own-child,White,Male,0,0,50,?,<=50K,635.0
29,Private,162358,HS-grad,9,Never-married,Other-service,Own-child,White,Female,0,0,35,United-States,<=50K,755.0
18,Private,294183,11th,7,Never-married,Handlers-cleaners,Not-in-family,White,Male,0,0,40,United-States,<=50K,930.0
47,Private,241832,9th,5,Married-spouse-absent,Handlers-cleaners,Unmarried,White,Male,0,0,40,El-Salvador,<=50K,504.0
64,Federal-gov,388594,Prof-school,15,Married-civ-spouse,Prof-specialty,Husband,White,Male,15024,0,45,?,>50K,259.0
60,Local-gov,133569,Some-college,10,Married-civ-spouse,Protective-serv,Husband,White,Male,0,0,40,United-States,<=50K,66.0
34,Private,174043,Masters,14,Divorced,Exec-managerial,Not-in-family,White,Male,27828,0,60,United-States,>50K,188.0
33,Local-gov,397962,HS-grad,9,Married-civ-spouse,Protective-serv,Husband,White,Male,0,0,56,United-States,<=50K,276.0
19,?,48520,Some-college,10,Never-married,?,Own-child,White,Female,0,0,40,United-States,<=50K,514.0
57,Self-emp-not-inc,258490,Bachelors,13,Married-civ-spouse,Exec-managerial,Husband,White,Male,0,0,50,United-States,<=50K,36.0
64,Private,160261,HS-grad,9,Married-civ-spouse,Transport-moving,Husband,White,Male,10566,0,40,United-States,<=50K,514.0
33,Private,125784,HS-grad,9,Separated,Machine-op-inspct,Unmarried,Black,Female,0,0,40,United-States,<=50K,222.0
49,Private,213897,Bachelors,13,Married-civ-spouse,Sales,Husband,Asian-Pac-Islander,Male,0,0,50,Japan,>50K,412.0
65,Private,154227,HS-grad,9,Widowed,Other-service,Unmarried,White,Female,0,0,17,United-States,<=50K,26.0
69,Self-emp-not-inc,149784,HS-grad,9,Married-civ-spouse,Farming-fishing,Husband,White,Male,0,0,40,United-States,<=50K,870.0
19,State-gov,165289,Some-college,10,Never-married,Other-service,Own-child,White,Female,0,0,40,United-States,<=50K,73.0
46,Self-emp-not-inc,245372,Bachelors,13,Never-married,Prof-specialty,Not-in-family,Black,Male,0,0,23,United-States,<=50K,840.0
39,Self-emp-not-inc,73471,HS-grad,9,Married-civ-spouse,Other-service,Husband,White,Male,0,1573,45,United-States,<=50K,79.0
25,Local-gov,176810,HS-grad,9,Never-married,Other-service,Own-child,White,Male,0,0,40,United-States,<=50K,910.0
38,Private,34796,Some-college,10,Separated,Other-service,Unmarried,White,Female,0,0,40,United-States,<=50K,172.0
21,Private,235691,HS-grad,9,Married-civ-spouse,Adm-clerical,Husband,White,Male,0,0,40,United-States,<=50K,264.0
27,Private,29276,Assoc-acdm,12,Never-married,Craft-repair,Unmarried,White,Male,0,0,40,United-States,<=50K,665.0
23,Private,142370,Masters,14,Never-married,Prof-specialty,Own-child,White,Female,0,0,36,United-States,<=50K,546.0
20,?,58740,Some-college,10,Never-married,?,Own-child,White,Male,0,0,15,United-States,<=50K,258.0
20,Private,318639,HS-grad,9,Never-married,Other-service,Not-in-family,White,Male,0,0,40,United-States,<=50K,408.0
55,Local-gov,110490,Bachelors,13,Married-civ-spouse,Prof-specialty,Wife,White,Female,0,0,60,United-States,<=50K,682.0
27,Private,318639,10th,6,Never-married,Other-service,Not-in-family,White,Male,0,0,60,Mexico,<=50K,962.0
60,Self-emp-not-inc,376936,HS-grad,9,Married-civ-spouse,Craft-repair,Husband,White,Male,0,0,42,United-States,>50K,109.0
26,Private,110103,HS-grad,9,Never-married,Other-service,Not-in-family,White,Female,0,1848,40,United-States,<=50K,745.0
22,Private,263398,Some-college,10,Never-married,Tech-support,Not-in-family,White,Male,0,0,50,United-States,<=50K,914.0
19,Private,206600,HS-grad,9,Never-married,Sales,Own-child,White,Female,0,0,40,United-States,<=50K,911.0
64,Self-emp-not-inc,150080,Prof-school,15,Married-civ-spouse,Prof-specialty,Husband,White,Male,0,0,40,United-States,>50K,144.0
19,State-gov,165219,Some-college,10,Never-married,Other-service,Own-child,White,Female,0,0,40,United-States,<=50K,169.0
30,Private,271466,Bachelors,13,Married-civ-spouse,Sales,Husband,White,Male,7298,0,50,United-States,>50K,859.0
23,Private,332008,Some-college,10,Never-married,Other-service,Not-in-family,White,Female,0,0,25,United-States,<=50K,210.0
29,Private,77357,HS-grad,9,Never-married,Other-service,Not-in-family,White,Female,0,0,32,United-States,<=50K,146.0
52,Private,160703,HS-grad,9,Married-civ-spouse,Adm-clerical,Husband,White,Male,0,0,48,United-States,<=50K,481.0
24,Private,439263,HS-grad,9,Never-married,Priv-house-serv,Not-in-family,White,Female,0,0,45,England,<=50K,375.0
35,Private,210338,HS-grad,9,Married-civ-spouse,Sales,Husband,White,Male,0,0,55,United-States,>50K,962.0
55,Self-emp-not-inc,204502,HS-grad,9,Married-civ-spouse,Sales,Husband,White,Male,0,0,35,United-States,<=50K,898.0
58,Private,264722,Bachelors,13,Married-civ-spouse,Exec-managerial,Husband,White,Male,0,0,50,United-States,>50K,289.0
36,Private,126822,11th,7,Married-civ-spouse,Exec-managerial,Husband,White,Male,0,1579,40,United-States,<=50K,450.0
67,Private,221095,HS-grad,9,Divorced,Adm-clerical,Not-in-family,White,Female,0,0,15,United-States,<=50K,829.0
41,Federal-gov,27444,Some-college,10,Married-civ-spouse,Exec-managerial,Husband,White,Male,0,0,40,United-States,>50K,207.0
36,Private,179462,HS-grad,9,Divorced,Craft-repair,Not-in-family,White,Male,0,0,40,United-States,<=50K,101.0
26,Private,98155,HS-grad,9,Married-AF-spouse,Sales,Husband,White,Male,0,0,55,United-States,<=50K,257.0
34,Self-emp-not-inc,29254,Some-college,10,Married-civ-spouse,Craft-repair,Husband,White,Male,0,0,55,United-States,>50K,593.0
38,Local-gov,169104,Bachelors,13,Married-civ-spouse,Protective-serv,Husband,Asian-Pac-Islander,Male,0,0,40,Philippines,>50K,663.0
50,Private,155654,Assoc-acdm,12,Married-civ-spouse,Machine-op-inspct,Husband,White,Male,0,0,50,United-States,>50K,477.0
27,Private,114765,Bachelors,13,Never-married,Sales,Own-child,White,Male,0,0,40,United-States,<=50K,501.0
25,State-gov,295621,Some-college,10,Never-married,Craft-repair,Not-in-family,White,Male,0,0,20,United-States,<=50K,157.0
48,Private,176690,HS-grad,9,Married-civ-spouse,Other-service,Husband,White,Male,0,0,40,United-States,<=50K,83.0
58,Private,355645,Bachelors,13,Married-civ-spouse,Adm-clerical,Husband,White,Male,0,0,40,United-States,<=50K,726.0
47,Private,122116,HS-grad,9,Divorced,Adm-clerical,Not-in-family,White,Female,0,0,40,United-States,<=50K,839.0
27,Private,397962,10th,6,Married-civ-spouse,Other-service,Wife,Black,Female,0,0,30,United-States,<=50K,913.0
34,Self-emp-not-inc,80933,HS-grad,9,Divorced,Farming-fishing,Not-in-family,White,Male,0,0,40,United-States,<=50K,421.0
44,Private,144778,Some-college,10,Separated,Exec-managerial,Not-in-family,White,Male,0,0,45,United-States,>50K,808.0
28,Private,692831,Bachelors,13,Never-married,Exec-managerial,Not-in-family,Black,Male,0,0,48,United-States,<=50K,79.0
36,Self-emp-not-inc,186035,Prof-school,15,Married-civ-spouse,Sales,Husband,White,Male,0,0,30,United-States,>50K,608.0
36,Private,172186,HS-grad,9,Married-civ-spouse,Sales,Husband,White,Male,0,0,45,United-States,<=50K,703.0
52,Private,32825,Some-college,10,Never-married,Exec-managerial,Not-in-family,White,Male,0,0,40,United-States,<=50K,519.0
21,Private,260669,HS-grad,9,Never-married,Craft-repair,Not-in-family,White,Male,0,0,40,United-States,<=50K,384.0
33,Private,408813,Bachelors,13,Never-married,Adm-clerical,Not-in-family,White,Female,0,0,50,United-States,<=50K,242.0
22,Private,238964,11th,7,Never-married,Craft-repair,Unmarried,White,Male,0,0,40,El-Salvador,<=50K,605.0
36,Self-emp-not-inc,185455,Prof-school,15,Married-civ-spouse,Sales,Husband,White,Male,0,0,30,United-States,>50K,65.0
32,Private,388023,HS-grad,9,Never-married,Craft-repair,Own-child,White,Male,0,0,50,United-States,<=50K,430.0
61,Local-gov,144236,Masters,14,Married-civ-spouse,Exec-managerial,Husband,White,Male,7298,0,60,United-States,>50K,359.0
39,Private,270059,Some-college,10,Divorced,Adm-clerical,Unmarried,White,Female,0,0,35,United-States,<=50K,224.0
61,Local-gov,144723,Masters,14,Married-civ-spouse,Exec-managerial,Husband,White,Male,7298,0,60,United-States,>50K,8.0
50,Private,205100,Masters,14,Married-civ-spouse,Sales,Husband,White,Male,15024,0,40,United-States,>50K,547.0
53,Federal-gov,271544,HS-grad,9,Married-civ-spouse,Adm-clerical,Husband,Black,Male,0,1977,40,United-States,>50K,861.0
45,Local-gov,212888,Bachelors,13,Divorced,Prof-specialty,Not-in-family,White,Female,0,0,50,United-States,>50K,339.0
39,Private,294387,HS-grad,9,Divorced,Exec-managerial,Unmarried,White,Female,0,0,40,United-States,<=50K,76.0
34,Private,93213,Masters,14,Married-civ-spouse,Other-service,Husband,White,Male,0,0,30,United-States,<=50K,615.0
25,Private,193741,Some-college,10,Never-married,Prof-specialty,Unmarried,White,Female,0,0,60,United-States,<=50K,534.0
56,?,128814,Some-college,10,Widowed,?,Not-in-family,Black,Female,0,0,40,United-States,<=50K,643.0
25,Private,139347,1st-4th,2,Never-married,Farming-fishing,Not-in-family,White,Male,0,0,40,Mexico,<=50K,734.0
20,Private,172186,Some-college,10,Never-married,Sales,Own-child,White,Female,0,0,4,United-States,<=50K,514.0
18,Private,183898,HS-grad,9,Never-married,Other-service,Own-child,White,Female,0,0,12,Mexico,<=50K,177.0
30,Private,361341,Bachelors,13,Married-civ-spouse,Sales,Husband,White,Male,0,0,40,Mexico,>50K,643.0
35,Private,170214,HS-grad,9,Never-married,Machine-op-inspct,Unmarried,Black,Female,0,0,48,United-States,<=50K,252.0
48,Local-gov,195543,Some-college,10,Married-civ-spouse,Protective-serv,Husband,White,Male,0,0,42,United-States,>50K,326.0
18,Private,155752,HS-grad,9,Never-married,Machine-op-inspct,Not-in-family,White,Female,0,0,30,United-States,<=50K,146.0
30,Private,397962,Assoc-acdm,12,Married-spouse-absent,Sales,Not-in-family,Black,Female,0,0,40,United-States,<=50K,886.0
52,Private,222504,12th,8,Separated,Machine-op-inspct,Other-relative,White,Female,0,0,40,Cuba,<=50K,411.0
52,State-gov,168539,Some-college,10,Married-civ-spouse,Tech-support,Husband,White,Male,0,0,45,United-States,<=50K,33.0
42,Private,29393,Some-college,10,Divorced,Machine-op-inspct,Not-in-family,White,Female,0,0,40,United-States,<=50K,14.0
50,Private,65408,HS-grad,9,Married-civ-spouse,Craft-repair,Husband,White,Male,0,0,50,United-States,>50K,281.0
74,Private,147253,HS-grad,9,Widowed,Other-service,Not-in-family,White,Female,0,0,28,United-States,<=50K,622.0
50,Private,99925,HS-grad,9,Married-civ-spouse,Adm-clerical,Husband,White,Male,0,0,32,United-States,<=50K,198.0
21,Private,271710,Some-college,10,Never-married,Other-service,Own-child,White,Male,0,0,35,United-States,<=50K,497.0
32,Private,294121,Assoc-acdm,12,Divorced,Machine-op-inspct,Not-in-family,White,Female,0,0,50,United-States,<=50K,162.0
25,Private,256916,Bachelors,13,Never-married,Exec-managerial,Not-in-family,White,Male,0,0,50,United-States,<=50K,378.0
46,Self-emp-not-inc,225456,Bachelors,13,Separated,Other-service,Unmarried,White,Female,0,0,45,Nicaragua,<=50K,366.0
53,Private,99476,HS-grad,9,Divorced,Other-service,Not-in-family,White,Female,0,0,38,United-States,<=50K,705.0
51,Local-gov,168539,Bachelors,13,Married-civ-spouse,Exec-managerial,Husband,White,Male,0,0,50,United-States,>50K,973.0
49,Self-emp-not-inc,225454,Bachelors,13,Married-civ-spouse,Sales,Husband,White,Male,0,0,60,United-States,>50K,715.0
22,Private,238964,11th,7,Never-married,Craft-repair,Unmarried,White,Male,0,0,40,El-Salvador,<=50K,124.0
20,Private,217467,HS-grad,9,Never-married,Machine-op-inspct,Other-relative,White,Male,0,0,40,United-States,<=50K,636.0
31,State-gov,471768,Assoc-voc,11,Never-married,Craft-repair,Own-child,White,Male,0,0,40,United-States,<=50K,586.0
27,Private,158242,HS-grad,9,Never-married,Other-service,Not-in-family,White,Female,0,0,42,United-States,<=50K,324.0
31,Private,111900,Bachelors,13,Married-civ-spouse,Exec-managerial,Husband,White,Male,0,0,70,United-States,>50K,762.0
27,Private,252079,9th,5,Married-civ-spouse,Protective-serv,Husband,White,Male,0,0,40,Guatemala,<=50K,451.0
39,Private,308924,HS-grad,9,Married-civ-spouse,Craft-repair,Husband,White,Male,0,0,40,United-States,<=50K,26.0
21,Private,220857,Some-college,10,Never-married,Sales,Own-child,White,Male,0,0,20,United-States,<=50K,428.0
26,Private,259120,Bachelors,13,Never-married,Adm-clerical,Own-child,White,Male,0,0,40,United-States,<=50K,873.0
19,?,38360,Some-college,10,Never-married,?,Own-child,White,Male,0,0,22,United-States,<=50K,46.0
52,Private,136224,HS-grad,9,Divorced,Craft-repair,Unmarried,White,Female,0,0,40,United-States,<=50K,976.0
35,Private,187693,HS-grad,9,Never-married,Machine-op-inspct,Own-child,White,Male,0,0,40,United-States,<=50K,952.0
28,Private,472580,Some-college,10,Never-married,Sales,Own-child,Black,Male,0,0,40,United-States,<=50K,390.0
67,Private,169104,9th,5,Married-civ-spouse,Transport-moving,Husband,White,Male,0,0,40,United-States,<=50K,934.0
35,Private,238964,Assoc-voc,11,Never-married,Tech-support,Not-in-family,White,Male,0,0,40,United-States,<=50K,819.0
27,Private,167440,Some-college,10,Never-married,Adm-clerical,Not-in-family,White,Female,0,0,39,United-States,<=50K,694.0
42,Private,207513,Some-college,10,Divorced,Exec-managerial,Unmarried,White,Female,0,0,45,United-States,<=50K,274.0
24,Private,194049,HS-grad,9,Married-civ-spouse,Protective-serv,Husband,White,Male,0,0,40,United-States,<=50K,13.0
18,Private,157747,10th,6,Never-married,Other-service,Other-relative,Black,Male,0,0,15,United-States,<=50K,21.0
28,Federal-gov,367251,Some-college,10,Never-married,Adm-clerical,Not-in-family,White,Female,0,0,40,United-States,<=50K,723.0
26,Self-emp-not-inc,254440,Bachelors,13,Divorced,Sales,Not-in-family,White,Male,0,0,40,United-States,<=50K,617.0
23,Private,143032,Masters,14,Never-married,Prof-specialty,Own-child,White,Female,0,0,36,United-States,<=50K,129.0
34,Local-gov,158156,Bachelors,13,Never-married,Exec-managerial,Not-in-family,White,Female,0,0,43,United-States,<=50K,623.0
50,Private,126566,HS-grad,9,Married-civ-spouse,Handlers-cleaners,Husband,Black,Male,0,0,40,United-States,<=50K,951.0
63,Self-emp-not-inc,217467,5th-6th,3,Never-married,Sales,Not-in-family,White,Female,0,0,3,United-States,<=50K,541.0
22,Private,304710,Bachelors,13,Never-married,Adm-clerical,Not-in-family,Asian-Pac-Islander,Female,0,0,10,Vietnam,<=50K,316.0
45,Self-emp-inc,139347,HS-grad,9,Married-civ-spouse,Sales,Husband,White,Male,0,0,50,United-States,>50K,848.0
36,Local-gov,197600,Bachelors,13,Divorced,Prof-specialty,Unmarried,Black,Female,0,0,40,United-States,<=50K,776.0
45,Local-gov,213897,Bachelors,13,Divorced,Prof-specialty,Not-in-family,White,Female,0,0,50,United-States,>50K,157.0
20,Private,164441,HS-grad,9,Never-married,Other-service,Own-child,Black,Male,0,0,40,United-States,<=50K,218.0
27,Private,151382,HS-grad,9,Never-married,Exec-managerial,Own-child,White,Male,0,0,40,United-States,<=50K,72.0
45,Private,170017,Some-college,10,Divorced,Craft-repair,Not-in-family,White,Male,0,0,40,United-States,<=50K,466.0
45,Private,214150,Doctorate,16,Married-civ-spouse,Prof-specialty,Husband,White,Male,0,0,50,United-States,>50K,713.0
29,Private,245372,Assoc-voc,11,Married-civ-spouse,Tech-support,Husband,White,Male,0,2051,40,United-States,<=50K,792.0
37,Private,77820,Bachelors,13,Married-civ-spouse,Exec-managerial,Husband,White,Male,0,0,50,United-States,>50K,850.0
42,Local-gov,195543,7th-8th,4,Married-civ-spouse,Craft-repair,Husband,White,Male,0,0,40,United-States,<=50K,874.0
20,Private,221533,11th,7,Never-married,Craft-repair,Not-in-family,White,Male,0,0,40,United-States,<=50K,241.0
24,Self-emp-inc,197496,Bachelors,13,Never-married,Adm-clerical,Own-child,White,Male,0,0,20,United-States,<=50K,985.0
49,Private,166809,Bachelors,13,Divorced,Exec-managerial,Unmarried,White,Female,0,0,40,United-States,>50K,987.0
42,Private,210275,Masters,14,Divorced,Tech-support,Unmarried,Black,Female,4687,0,35,United-States,>50K,109.0
21,Private,144778,Some-college,10,Never-married,Prof-specialty,Not-in-family,White,Female,0,0,25,United-States,<=50K,177.0
25,Private,179462,7th-8th,4,Never-married,Handlers-cleaners,Unmarried,White,Male,0,0,40,United-States,<=50K,968.0
29,Private,178841,HS-grad,9,Married-civ-spouse,Transport-moving,Husband,White,Male,0,0,40,United-States,<=50K,208.0
40,Private,183977,Assoc-acdm,12,Never-married,Other-service,Other-relative,White,Male,0,0,25,United-States,<=50K,668.0
41,Private,159662,Bachelors,13,Married-civ-spouse,Sales,Husband,White,Male,0,0,40,United-States,<=50K,715.0
44,Private,258589,HS-grad,9,Married-civ-spouse,Craft-repair,Husband,White,Male,0,0,40,United-States,>50K,193.0
31,Private,111567,Bachelors,13,Married-civ-spouse,Exec-managerial,Husband,White,Male,0,0,70,United-States,>50K,756.0
39,Private,30916,HS-grad,9,Married-civ-spouse,Craft-repair,Husband,White,Male,0,0,40,United-States,<=50K,926.0
29,Private,82242,Prof-school,15,Never-married,Prof-specialty,Unmarried,White,Male,2597,0,45,Germany,>50K,123.0
40,Private,183155,Assoc-acdm,12,Never-married,Other-service,Other-relative,White,Male,0,0,25,United-States,<=50K,935.0
34,Private,208726,Bachelors,13,Married-civ-spouse,Exec-managerial,Husband,White,Male,5178,0,55,United-States,>50K,652.0
25,Private,238917,Some-college,10,Married-civ-spouse,Craft-repair,Husband,White,Male,0,0,60,United-States,>50K,8.0
54,Private,257910,HS-grad,9,Married-civ-spouse,Exec-managerial,Husband,White,Male,0,0,45,United-States,<=50K,658.0
