age,workclass,fnlwgt,education,education-num,marital-status,occupation,relationship,race,sex,capital-gain,capital-loss,hours-per-week,native-country,income
50,Local-gov,496025,Masters,14,Married-civ-spouse,Prof-specialty,Husband,White,Male,0,0,52,United-States,>50K
31,Private,210444,HS-grad,9,Married-civ-spouse,Transport-moving,Husband,White,Male,0,0,65,United-States,<=50K
24,Private,229431,HS-grad,9,Married-civ-spouse,Craft-repair,Husband,White,Male,0,0,40,United-States,<=50K
39,Self-emp-not-inc,33895,Bachelors,13,Married-civ-spouse,Exec-managerial,Husband,White,Male,0,0,50,United-States,<=50K
67,Self-emp-inc,116517,Bachelors,13,Widowed,Other-service,Unmarried,White,Female,0,0,35,United-States,<=50K
47,Private,207258,HS-grad,9,Divorced,Adm-clerical,Not-in-family,White,Female,0,0,38,United-States,<=50K
28,Private,182117,Bachelors,13,Married-civ-spouse,Exec-managerial,Husband,White,Male,0,0,50,England,>50K
30,Private,212944,Some-college,10,Married-civ-spouse,Tech-support,Husband,Black,Male,0,0,14,United-States,<=50K
54,Private,340599,Some-college,10,Married-civ-spouse,Exec-managerial,Husband,White,Male,0,0,44,United-States,>50K
32,Private,235124,Assoc-voc,11,Divorced,Prof-specialty,Not-in-family,White,Male,0,0,40,United-States,<=50K
30,Private,55395,HS-grad,9,Married-civ-spouse,Sales,Husband,White,Male,0,0,55,United-States,<=50K
17,Private,314659,11th,7,Never-married,Other-service,Own-child,White,Male,0,0,25,United-States,<=50K
19,Private,377121,HS-grad,9,Never-married,Adm-clerical,Not-in-family,White,Female,0,0,30,United-States,<=50K
32,Private,72618,HS-grad,9,Married-civ-spouse,Craft-repair,Husband,White,Male,0,0,40,United-States,<=50K
22,?,283510,HS-grad,9,Never-married,?,Unmarried,Black,Male,0,0,45,United-States,<=50K
22,Private,199657,Some-college,10,Never-married,Sales,Own-child,White,Male,0,0,15,United-States,<=50K
28,Private,198170,Assoc-voc,11,Married-civ-spouse,Sales,Husband,White,Male,0,0,40,United-States,<=50K
46,Federal-gov,55237,Some-college,10,Divorced,Machine-op-inspct,Unmarried,White,Male,0,0,40,United-States,<=50K
28,Private,198634,Assoc-voc,11,Married-civ-spouse,Sales,Husband,White,Male,0,0,40,United-States,<=50K
43,Private,240468,HS-grad,9,Married-civ-spouse,Machine-op-inspct,Husband,White,Male,0,0,40,United-States,>50K
27,Private,204082,Some-college,10,Never-married,Adm-clerical,Not-in-family,Black,Female,0,0,40,United-States,<=50K
38,Private,216149,HS-grad,9,Married-civ-spouse,Machine-op-inspct,Husband,Black,Male,0,1740,40,Haiti,<=50K
53,Self-emp-not-inc,265434,Assoc-voc,11,Married-civ-spouse,Sales,Husband,White,Male,0,0,50,United-States,>50K
24,Private,256253,11th,7,Married-civ-spouse,Sales,Husband,White,Male,0,0,40,United-States,<=50K
17,?,41643,11th,7,Never-married,?,Own-child,White,Female,0,0,15,United-States,<=50K
36,Private,19302,Masters,14,Married-civ-spouse,Prof-specialty,Husband,White,Male,0,1977,60,United-States,>50K
28,State-gov,210278,HS-grad,9,Married-civ-spouse,Protective-serv,Husband,White,Male,0,0,40,United-States,<=50K
54,Private,31115,HS-grad,9,Married-civ-spouse,Other-service,Husband,White,Male,0,0,50,United-States,<=50K
47,Private,118786,HS-grad,9,Divorced,Craft-repair,Not-in-family,White,Male,0,0,40,United-States,>50K
55,Private,202662,Bachelors,13,Never-married,Exec-managerial,Not-in-family,White,Female,0,0,35,United-States,<=50K
57,Federal-gov,140711,Bachelors,13,Married-civ-spouse,Prof-specialty,Husband,White,Male,0,0,40,United-States,>50K
44,Private,232220,Assoc-acdm,12,Widowed,Adm-clerical,Unmarried,White,Female,0,0,40,United-States,<=50K
35,Private,108140,HS-grad,9,Divorced,Craft-repair,Not-in-family,White,Male,0,0,40,United-States,<=50K
32,Private,124950,Assoc-acdm,12,Married-civ-spouse,Exec-managerial,Husband,White,Male,0,0,60,United-States,>50K
28,Private,314659,Some-college,10,Never-married,Machine-op-inspct,Not-in-family,White,Male,0,0,42,United-States,<=50K
38,Local-gov,140915,HS-grad,9,Married-civ-spouse,Protective-serv,Husband,White,Male,0,0,40,United-States,>50K
31,Private,98639,HS-grad,9,Never-married,Craft-repair,Unmarried,White,Male,0,0,40,United-States,<=50K
27,Private,57758,HS-grad,9,Married-civ-spouse,Handlers-cleaners,Husband,Amer-Indian-Eskimo,Male,0,0,8,United-States,<=50K
29,Self-emp-not-inc,75435,Some-college,10,Married-civ-spouse,Prof-specialty,Husband,Amer-Indian-Eskimo,Male,0,0,40,United-States,<=50K
33,Private,393962,Some-college,10,Married-civ-spouse,Handlers-cleaners,Husband,White,Male,0,0,50,United-States,>50K
24,Private,232894,HS-grad,9,Married-civ-spouse,Craft-repair,Husband,White,Male,0,0,40,United-States,<=50K
33,Private,39222,Some-college,10,Married-civ-spouse,Handlers-cleaners,Husband,White,Male,0,0,50,United-States,>50K
63,?,33487,HS-grad,9,Married-civ-spouse,?,Husband,White,Male,0,0,20,United-States,<=50K
38,Private,202729,Masters,14,Never-married,Exec-managerial,Not-in-family,White,Female,0,0,40,United-States,>50K
47,Private,78954,11th,7,Divorced,Sales,Unmarried,White,Female,0,0,28,United-States,<=50K
41,Private,169628,Prof-school,15,Married-civ-spouse,Prof-specialty,Husband,White,Male,0,0,46,United-States,>50K
54,Self-emp-inc,195946,Assoc-voc,11,Married-civ-spouse,Craft-repair,Husband,White,Male,0,0,40,United-States,<=50K
38,Private,297449,HS-grad,9,Married-civ-spouse,Transport-moving,Husband,Asian-Pac-Islander,Male,0,0,40,China,<=50K
40,Private,103614,10th,6,Divorced,Craft-repair,Own-child,White,Male,0,0,40,United-States,<=50K
38,Private,476653,Bachelors,13,Married-civ-spouse,Other-service,Husband,White,Male,0,0,35,Mexico,<=50K
32,Private,184529,Bachelors,13,Married-civ-spouse,Craft-repair,Husband,White,Male,0,0,55,United-States,>50K
50,Private,193882,HS-grad,9,Married-civ-spouse,Exec-managerial,Husband,White,Male,0,0,60,United-States,<=50K
48,Private,118831,HS-grad,9,Divorced,Handlers-cleaners,Unmarried,Asian-Pac-Islander,Female,0,0,40,South,<=50K
22,Private,166459,HS-grad,9,Never-married,Sales,Unmarried,White,Female,0,0,40,United-States,<=50K
28,Private,632733,Masters,14,Married-civ-spouse,Sales,Husband,White,Male,0,0,60,United-States,>50K
39,Private,301614,HS-grad,9,Married-civ-spouse,Craft-repair,Husband,White,Male,0,0,40,United-States,<=50K
38,Private,198183,Assoc-voc,11,Married-civ-spouse,Sales,Husband,White,Male,0,0,40,United-States,<=50K
28,Local-gov,305673,Assoc-acdm,12,Never-married,Adm-clerical,Not-in-family,White,Female,0,1980,40,United-States,<=50K
40,Private,393962,Assoc-voc,11,Never-married,Prof-specialty,Not-in-family,White,Female,0,0,50,United-States,<=50K
28,Private,288679,Some-college,10,Never-married,Adm-clerical,Own-child,White,Female,0,0,42,United-States,<=50K
40,Private,182217,Some-college,10,Married-civ-spouse,Other-service,Wife,White,Female,0,0,40,Scotland,<=50K
20,Private,281743,Some-college,10,Never-married,Other-service,Own-child,White,Male,0,0,50,United-States,<=50K
28,Local-gov,168539,Masters,14,Married-civ-spouse,Prof-specialty,Wife,White,Female,7688,0,35,United-States,>50K
34,Private,156877,Bachelors,13,Married-civ-spouse,Exec-managerial,Husband,White,Male,0,0,40,United-States,>50K
37,Private,126569,HS-grad,9,Never-married,Craft-repair,Own-child,White,Male,0,0,40,United-States,<=50K
33,Private,254211,HS-grad,9,Married-civ-spouse,Machine-op-inspct,Husband,White,Male,0,0,46,United-States,<=50K
24,Local-gov,116641,Bachelors,13,Never-married,Prof-specialty,Own-child,White,Female,0,0,40,United-States,<=50K
33,Private,160261,HS-grad,9,Married-civ-spouse,Machine-op-inspct,Husband,White,Male,0,0,50,United-States,>50K
70,?,158615,HS-grad,9,Widowed,?,Not-in-family,White,Female,3103,0,20,United-States,<=50K
56,Private,267652,Bachelors,13,Married-civ-spouse,Craft-repair,Husband,White,Male,0,0,40,United-States,<=50K
27,Private,93206,Some-college,10,Never-married,Handlers-cleaners,Own-child,Asian-Pac-Islander,Male,0,0,40,United-States,<=50K
44,Private,304960,Assoc-acdm,12,Divorced,Exec-managerial,Not-in-family,White,Female,0,1980,40,United-States,<=50K
26,Private,214542,11th,7,Never-married,Machine-op-inspct,Unmarried,White,Male,6497,0,48,United-States,<=50K
44,Private,229335,HS-grad,9,Married-civ-spouse,Craft-repair,Husband,Black,Male,0,0,40,?,<=50K
43,Private,216842,Bachelors,13,Divorced,Adm-clerical,Unmarried,White,Female,0,0,40,Germany,<=50K
37,Self-emp-not-inc,60374,HS-grad,9,Divorced,Farming-fishing,Unmarried,White,Male,0,0,56,United-States,<=50K
44,Private,305673,Assoc-acdm,12,Divorced,Exec-managerial,Not-in-family,White,Female,0,1980,40,United-States,<=50K
39,Self-emp-not-inc,306678,HS-grad,9,Married-civ-spouse,Exec-managerial,Husband,White,Male,0,0,40,United-States,>50K
37,Private,195543,HS-grad,9,Divorced,Craft-repair,Not-in-family,White,Male,0,0,50,United-States,<=50K
27,Private,57758,HS-grad,9,Separated,Craft-repair,Own-child,White,Male,0,0,40,United-States,<=50K
34,Private,242460,Bachelors,13,Married-civ-spouse,Exec-managerial,Husband,White,Male,7688,0,40,United-States,>50K
22,Private,220124,Bachelors,13,Never-married,Adm-clerical,Own-child,White,Male,0,0,40,United-States,<=50K
51,Private,27804,Some-college,10,Divorced,Priv-house-serv,Unmarried,Amer-Indian-Eskimo,Female,0,0,35,United-States,<=50K
46,Private,170915,Bachelors,13,Divorced,Machine-op-inspct,Not-in-family,White,Male,0,1590,40,?,<=50K
30,Private,158420,Some-college,10,Never-married,Craft-repair,Other-relative,White,Male,0,0,55,Ecuador,<=50K
25,Private,371987,HS-grad,9,Divorced,Adm-clerical,Not-in-family,White,Female,0,0,40,United-States,<=50K
49,Private,131088,Bachelors,13,Married-civ-spouse,Exec-managerial,Husband,White,Male,0,0,50,United-States,>50K
32,Private,216385,Some-college,10,Never-married,Craft-repair,Not-in-family,White,Male,4650,0,45,United-States,<=50K
69,?,472604,Bachelors,13,Married-civ-spouse,?,Husband,White,Male,0,0,20,United-States,<=50K
67,Self-emp-inc,116517,Bachelors,13,Widowed,Other-service,Unmarried,White,Female,0,0,35,United-States,<=50K
46,Private,87250,Bachelors,13,Separated,Tech-support,Unmarried,White,Female,0,0,40,United-States,<=50K
59,Private,108929,Doctorate,16,Never-married,Prof-specialty,Not-in-family,White,Male,0,0,50,United-States,<=50K
69,?,476653,Bachelors,13,Married-civ-spouse,?,Husband,White,Male,0,0,20,United-States,<=50K
37,Private,193882,HS-grad,9,Divorced,Craft-repair,Not-in-family,White,Male,0,0,50,United-States,<=50K
81,?,89391,Prof-school,15,Married-civ-spouse,?,Husband,White,Male,0,0,24,United-States,>50K
19,Private,247298,12th,8,Married-spouse-absent,Other-service,Own-child,Other,Female,0,0,20,United-States,<=50K
18,Local-gov,158926,7th-8th,4,Never-married,Farming-fishing,Own-child,White,Male,0,0,40,United-States,<=50K
34,Private,300497,Bachelors,13,Married-civ-spouse,Sales,Husband,White,Male,0,0,50,United-States,>50K
62,Local-gov,103344,HS-grad,9,Divorced,Craft-repair,Not-in-family,White,Male,0,0,40,United-States,<=50K
39,Private,107991,Some-college,10,Married-civ-spouse,Exec-managerial,Husband,White,Male,0,0,45,United-States,>50K
48,Self-emp-not-inc,374450,Some-college,10,Divorced,Sales,Unmarried,White,Male,0,0,65,United-States,>50K
34,Self-emp-not-inc,32172,Prof-school,15,Separated,Prof-specialty,Unmarried,White,Male,0,0,48,United-States,>50K
39,Private,316606,HS-grad,9,Never-married,Adm-clerical,Unmarried,Black,Female,0,0,40,United-States,<=50K
37,Federal-gov,214702,Some-college,10,Divorced,Adm-clerical,Unmarried,Black,Female,0,0,40,United-States,<=50K
31,Private,196791,Prof-school,15,Divorced,Prof-specialty,Not-in-family,White,Female,0,0,45,United-States,>50K
40,Private,71738,Masters,14,Married-civ-spouse,Exec-managerial,Husband,White,Male,0,0,46,United-States,>50K
47,Private,139466,5th-6th,3,Never-married,Machine-op-inspct,Unmarried,White,Female,0,0,40,Dominican-Republic,<=50K
60,Private,169496,HS-grad,9,Married-civ-spouse,Exec-managerial,Husband,White,Male,0,0,50,United-States,<=50K
41,Private,106159,HS-grad,9,Never-married,Machine-op-inspct,Own-child,White,Male,13550,0,48,United-States,>50K
28,Local-gov,305673,Assoc-acdm,12,Never-married,Adm-clerical,Not-in-family,White,Female,0,1980,40,United-States,<=50K
36,Private,67243,HS-grad,9,Married-civ-spouse,Sales,Husband,White,Male,0,0,50,United-States,<=50K
46,Private,213002,11th,7,Married-civ-spouse,Craft-repair,Husband,White,Male,0,0,32,United-States,<=50K
20,Private,281743,Some-college,10,Never-married,Other-service,Own-child,White,Male,0,0,50,United-States,<=50K
31,Private,210781,HS-grad,9,Married-civ-spouse,Transport-moving,Husband,White,Male,0,0,65,United-States,<=50K
22,Private,355320,Some-college,10,Never-married,Adm-clerical,Not-in-family,White,Female,0,0,40,United-States,<=50K
44,Private,305673,Assoc-acdm,12,Divorced,Exec-managerial,Not-in-family,White,Female,0,1980,40,United-States,<=50K
21,Private,250034,Some-college,10,Never-married,Adm-clerical,Other-relative,White,Male,0,0,30,Nicaragua,<=50K
42,Private,334741,HS-grad,9,Divorced,Machine-op-inspct,Not-in-family,White,Male,0,0,40,United-States,<=50K
19,Private,102723,Some-college,10,Never-married,Adm-clerical,Own-child,White,Female,0,0,40,United-States,<=50K
19,Private,229954,Some-college,10,Never-married,Prof-specialty,Own-child,White,Male,0,0,11,United-States,<=50K
33,Private,392812,Some-college,10,Married-civ-spouse,Handlers-cleaners,Husband,White,Male,0,0,50,United-States,>50K
45,Federal-gov,87207,HS-grad,9,Married-civ-spouse,Adm-clerical,Wife,White,Female,0,0,37,United-States,<=50K
25,Private,359985,5th-6th,3,Never-married,Adm-clerical,Not-in-family,White,Female,0,0,33,Mexico,<=50K
20,Private,104164,HS-grad,9,Never-married,Handlers-cleaners,Own-child,White,Male,0,0,40,United-States,<=50K
54,Private,144586,Some-college,10,Married-civ-spouse,Sales,Wife,White,Female,0,0,40,United-States,>50K
40,Private,66118,Some-college,10,Divorced,Tech-support,Unmarried,White,Female,0,213,40,United-States,<=50K
50,Self-emp-inc,119176,Some-college,10,Married-civ-spouse,Exec-managerial,Husband,White,Male,0,0,99,United-States,>50K
56,Self-emp-not-inc,146879,HS-grad,9,Married-civ-spouse,Other-service,Husband,White,Male,0,1902,60,United-States,>50K
55,Private,164332,HS-grad,9,Separated,Other-service,Not-in-family,White,Female,0,0,16,United-States,<=50K
31,Private,124420,11th,7,Married-civ-spouse,Craft-repair,Husband,White,Male,0,0,40,United-States,<=50K
19,Private,102723,Some-college,10,Never-married,Adm-clerical,Own-child,White,Female,0,0,40,United-States,<=50K
24,State-gov,322789,Bachelors,13,Never-married,Exec-managerial,Not-in-family,White,Female,0,0,40,United-States,<=50K
23,Private,176389,Some-college,10,Never-married,Other-service,Other-relative,White,Female,0,0,25,United-States,<=50K
46,Private,403911,HS-grad,9,Married-civ-spouse,Craft-repair,Husband,Black,Male,0,1902,40,United-States,>50K
50,Local-gov,50048,Masters,14,Married-civ-spouse,Prof-specialty,Husband,White,Male,0,0,52,United-States,>50K
26,Private,114765,HS-grad,9,Never-married,Craft-repair,Own-child,White,Male,0,0,40,United-States,<=50K
18,Private,141058,11th,7,Never-married,Sales,Own-child,Black,Male,0,0,8,United-States,<=50K
22,Private,283510,Bachelors,13,Never-married,Exec-managerial,Own-child,White,Male,0,0,45,United-States,<=50K
62,Private,110103,HS-grad,9,Widowed,Craft-repair,Unmarried,Black,Female,0,0,40,United-States,<=50K
40,Private,137126,Bachelors,13,Never-married,Adm-clerical,Unmarried,Black,Female,0,0,65,United-States,<=50K
26,Private,198163,Masters,14,Married-civ-spouse,Sales,Wife,White,Female,0,0,40,United-States,<=50K
30,Private,35644,11th,7,Married-civ-spouse,Handlers-cleaners,Husband,White,Male,0,0,50,United-States,<=50K
28,Private,45613,Some-college,10,Never-married,Priv-house-serv,Not-in-family,White,Female,0,0,40,United-States,<=50K
49,Private,110732,Bachelors,13,Married-civ-spouse,Exec-managerial,Husband,White,Male,0,0,45,United-States,>50K
70,?,149169,HS-grad,9,Widowed,?,Not-in-family,White,Female,2964,0,12,United-States,<=50K
24,Private,238768,HS-grad,9,Married-civ-spouse,Craft-repair,Husband,White,Male,0,0,40,United-States,<=50K
46,Local-gov,110110,Masters,14,Married-civ-spouse,Prof-specialty,Wife,White,Female,0,0,65,United-States,>50K
32,Private,244087,11th,7,Married-civ-spouse,Craft-repair,Husband,White,Male,0,1672,48,United-States,<=50K
28,State-gov,107882,Bachelors,13,Never-married,Tech-support,Own-child,Asian-Pac-Islander,Male,0,0,20,United-States,<=50K
32,Private,419691,12th,8,Married-civ-spouse,Sales,Husband,White,Male,0,0,40,United-States,>50K
18,?,172186,Some-college,10,Never-married,?,Own-child,Black,Female,0,0,24,United-States,<=50K
44,Private,74680,Some-college,10,Married-civ-spouse,Craft-repair,Husband,White,Male,5178,0,50,United-States,>50K
42,Private,33895,Some-college,10,Divorced,Adm-clerical,Not-in-family,Black,Female,0,0,40,United-States,<=50K
48,Private,99385,HS-grad,9,Separated,Adm-clerical,Not-in-family,White,Female,0,0,40,United-States,<=50K
22,Private,218903,Some-college,10,Married-civ-spouse,Sales,Husband,White,Male,0,0,55,United-States,<=50K
46,Private,121124,HS-grad,9,Divorced,Craft-repair,Not-in-family,White,Female,0,0,40,United-States,<=50K
47,Private,118605,HS-grad,9,Divorced,Craft-repair,Not-in-family,White,Male,0,0,40,United-States,>50K
28,Private,315291,Some-college,10,Never-married,Machine-op-inspct,Not-in-family,White,Male,0,0,42,United-States,<=50K
55,Private,84774,HS-grad,9,Married-civ-spouse,Priv-house-serv,Wife,White,Female,0,0,30,United-States,<=50K
37,Federal-gov,214555,Some-college,10,Divorced,Adm-clerical,Unmarried,Black,Female,0,0,40,United-States,<=50K
39,Self-emp-inc,122742,Assoc-acdm,12,Married-civ-spouse,Exec-managerial,Husband,White,Male,1506,0,55,United-States,>50K
41,Self-emp-not-inc,111772,Assoc-acdm,12,Married-civ-spouse,Craft-repair,Husband,White,Male,0,1887,40,United-States,>50K
62,?,83439,7th-8th,4,Married-civ-spouse,?,Husband,White,Male,0,0,40,United-States,<=50K
40,Private,198634,Prof-school,15,Married-civ-spouse,Prof-specialty,Wife,White,Female,15024,0,30,United-States,>50K
47,State-gov,189123,HS-grad,9,Married-civ-spouse,Other-service,Husband,White,Male,0,0,40,United-States,<=50K
34,Self-emp-not-inc,197387,HS-grad,9,Married-civ-spouse,Craft-repair,Husband,White,Male,0,0,40,United-States,<=50K
45,Self-emp-inc,84324,Assoc-acdm,12,Married-civ-spouse,Prof-specialty,Husband,White,Male,0,0,50,United-States,>50K
27,Private,58150,HS-grad,9,Separated,Craft-repair,Own-child,White,Male,0,0,40,United-States,<=50K
17,Private,313986,11th,7,Never-married,Other-service,Own-child,White,Male,0,0,25,United-States,<=50K
29,Private,178835,HS-grad,9,Married-civ-spouse,Machine-op-inspct,Husband,White,Male,0,0,40,United-States,<=50K
24,Private,100669,Some-college,10,Never-married,Handlers-cleaners,Own-child,Asian-Pac-Islander,Male,0,0,30,United-States,<=50K
31,Private,137991,Some-college,10,Married-AF-spouse,Sales,Wife,White,Female,0,0,20,United-States,<=50K
47,Private,322658,Prof-school,15,Married-civ-spouse,Prof-specialty,Husband,White,Male,15024,0,55,United-States,>50K
37,Self-emp-not-inc,42044,Some-college,10,Married-civ-spouse,Farming-fishing,Husband,White,Male,0,0,84,United-States,<=50K
30,Private,175431,HS-grad,9,Married-civ-spouse,Craft-repair,Husband,White,Male,0,0,42,United-States,>50K
26,Private,37650,Some-college,10,Divorced,Prof-specialty,Not-in-family,White,Female,5060,0,40,United-States,<=50K
31,Private,319146,Assoc-voc,11,Married-civ-spouse,Craft-repair,Husband,White,Male,4386,0,40,Mexico,>50K
53,Self-emp-not-inc,168693,9th,5,Married-civ-spouse,Farming-fishing,Husband,White,Male,0,0,70,United-States,<=50K
22,Private,393962,HS-grad,9,Married-civ-spouse,Craft-repair,Husband,White,Male,0,0,40,United-States,<=50K
44,Self-emp-inc,218903,HS-grad,9,Married-civ-spouse,Other-service,Husband,Black,Male,0,0,48,United-States,<=50K
46,Private,170769,Bachelors,13,Divorced,Machine-op-inspct,Not-in-family,White,Male,0,1590,40,?,<=50K
44,Private,229335,HS-grad,9,Married-civ-spouse,Craft-repair,Husband,Black,Male,0,0,40,?,<=50K
30,Private,322547,HS-grad,9,Never-married,Adm-clerical,Not-in-family,White,Female,0,0,30,United-States,<=50K
47,Federal-gov,138111,Some-college,10,Married-civ-spouse,Adm-clerical,Husband,Black,Male,0,0,40,United-States,>50K
29,Private,179594,HS-grad,9,Married-civ-spouse,Machine-op-inspct,Husband,White,Male,0,0,40,United-States,<=50K
51,Private,184529,HS-grad,9,Married-civ-spouse,Sales,Husband,White,Male,0,1977,50,United-States,>50K
30,Private,35644,11th,7,Married-civ-spouse,Handlers-cleaners,Husband,White,Male,0,0,50,United-States,<=50K
48,Private,175006,1st-4th,2,Separated,Machine-op-inspct,Other-relative,Black,Male,0,0,48,United-States,<=50K
49,Self-emp-not-inc,156015,HS-grad,9,Married-civ-spouse,Farming-fishing,Husband,White,Male,0,0,50,United-States,>50K
29,Private,127892,Bachelors,13,Married-civ-spouse,Sales,Husband,White,Male,0,0,45,United-States,<=50K
70,?,158926,HS-grad,9,Widowed,?,Not-in-family,White,Female,2993,0,20,United-States,<=50K
44,State-gov,462440,Doctorate,16,Never-married,Prof-specialty,Not-in-family,White,Male,0,0,45,United-States,>50K
40,Self-emp-not-inc,76487,Bachelors,13,Never-married,Prof-specialty,Not-in-family,White,Male,0,0,50,United-States,<=50K
40,Self-emp-inc,141332,Bachelors,13,Married-civ-spouse,Exec-managerial,Wife,White,Female,0,0,55,United-States,>50K
56,Private,103948,11th,7,Married-civ-spouse,Transport-moving,Husband,White,Male,0,0,40,United-States,<=50K
59,Self-emp-not-inc,329341,HS-grad,9,Married-civ-spouse,Exec-managerial,Husband,White,Male,0,1902,52,United-States,>50K
41,Private,353263,Some-college,10,Married-civ-spouse,Exec-managerial,Wife,White,Female,0,1902,40,United-States,>50K
46,Federal-gov,55237,Some-college,10,Divorced,Machine-op-inspct,Unmarried,White,Male,0,0,40,United-States,<=50K
19,Private,68552,HS-grad,9,Never-married,Handlers-cleaners,Own-child,White,Male,0,0,30,United-States,<=50K
26,Private,159662,Masters,14,Never-married,Prof-specialty,Not-in-family,Asian-Pac-Islander,Male,0,0,20,India,<=50K
55,Private,198068,HS-grad,9,Never-married,Priv-house-serv,Unmarried,White,Female,0,0,40,Mexico,<=50K
35,Private,340599,HS-grad,9,Divorced,Craft-repair,Unmarried,White,Female,0,0,48,United-States,<=50K
41,Local-gov,184466,Masters,14,Married-civ-spouse,Prof-specialty,Husband,White,Male,0,0,38,United-States,>50K
50,Private,193741,HS-grad,9,Married-civ-spouse,Exec-managerial,Husband,White,Male,0,0,60,United-States,<=50K
44,Private,285580,Some-college,10,Married-civ-spouse,Transport-moving,Husband,Black,Male,0,0,40,United-States,<=50K
70,?,158924,HS-grad,9,Widowed,?,Not-in-family,White,Female,2993,0,20,United-States,<=50K
24,Private,271312,Some-college,10,Never-married,Sales,Not-in-family,White,Female,0,0,25,United-States,<=50K
19,Private,443508,Some-college,10,Never-married,Adm-clerical,Own-child,White,Female,0,0,8,United-States,<=50K
38,Federal-gov,207066,HS-grad,9,Married-civ-spouse,Exec-managerial,Husband,White,Male,0,0,42,United-States,>50K
34,Private,209547,Some-college,10,Married-civ-spouse,Adm-clerical,Husband,White,Male,0,0,40,United-States,>50K
54,Local-gov,288679,Some-college,10,Married-civ-spouse,Adm-clerical,Wife,Black,Female,0,0,55,United-States,>50K
28,Private,173673,5th-6th,3,Never-married,Other-service,Not-in-family,White,Female,0,0,40,Mexico,<=50K
36,Private,51838,Some-college,10,Divorced,Adm-clerical,Unmarried,White,Female,0,0,40,United-States,<=50K
46,Private,91262,Some-college,10,Married-spouse-absent,Craft-repair,Not-in-family,Asian-Pac-Islander,Male,0,0,40,Philippines,<=50K
22,Self-emp-not-inc,199011,HS-grad,9,Never-married,Craft-repair,Other-relative,White,Male,0,0,20,United-States,<=50K
31,Private,260696,Assoc-voc,11,Never-married,Adm-clerical,Unmarried,Black,Female,0,0,40,United-States,<=50K
58,Private,187052,Bachelors,13,Never-married,Prof-specialty,Not-in-family,White,Female,0,0,62,Canada,<=50K
37,Private,52465,Prof-school,15,Never-married,Prof-specialty,Not-in-family,Asian-Pac-Islander,Female,0,0,55,United-States,>50K
32,Private,124950,Assoc-acdm,12,Married-civ-spouse,Exec-managerial,Husband,White,Male,0,0,60,United-States,>50K
45,Private,97176,11th,7,Divorced,Adm-clerical,Unmarried,White,Female,0,0,16,United-States,<=50K
39,Self-emp-not-inc,189888,Bachelors,13,Married-civ-spouse,Sales,Husband,White,Male,0,0,60,United-States,<=50K
57,Local-gov,170066,HS-grad,9,Married-civ-spouse,Transport-moving,Husband,White,Male,0,0,25,United-States,>50K
44,Self-emp-not-inc,254935,Masters,14,Married-civ-spouse,Prof-specialty,Husband,White,Male,0,0,54,United-States,<=50K
73,Private,148003,Some-college,10,Married-civ-spouse,Adm-clerical,Wife,White,Female,20051,0,36,United-States,>50K
34,Private,272185,HS-grad,9,Divorced,Adm-clerical,Unmarried,Black,Female,0,0,40,United-States,<=50K
25,Private,19302,Bachelors,13,Married-civ-spouse,Tech-support,Husband,White,Male,0,0,35,United-States,<=50K
35,Private,34037,HS-grad,9,Divorced,Craft-repair,Unmarried,White,Female,0,0,48,United-States,<=50K
53,Private,167065,11th,7,Married-civ-spouse,Machine-op-inspct,Husband,White,Male,0,0,40,United-States,<=50K
55,Self-emp-inc,82242,HS-grad,9,Married-civ-spouse,Transport-moving,Husband,White,Male,0,0,60,United-States,<=50K
40,Private,392812,Assoc-voc,11,Never-married,Prof-specialty,Not-in-family,White,Female,0,0,50,United-States,<=50K
34,Private,182926,HS-grad,9,Divorced,Exec-managerial,Own-child,White,Male,0,0,44,United-States,<=50K
49,Private,132576,Bachelors,13,Married-civ-spouse,Exec-managerial,Husband,White,Male,0,0,50,United-States,>50K
27,Private,203078,Some-college,10,Never-married,Adm-clerical,Not-in-family,Black,Female,0,0,40,United-States,<=50K
48,Private,113364,Bachelors,13,Married-civ-spouse,Craft-repair,Husband,White,Male,99999,0,40,United-States,>50K
27,Private,200574,Some-college,10,Never-married,Tech-support,Not-in-family,White,Female,0,0,40,United-States,<=50K
58,Private,145574,Prof-school,15,Married-civ-spouse,Prof-specialty,Husband,White,Male,15024,0,60,United-States,>50K
28,State-gov,210562,HS-grad,9,Married-civ-spouse,Protective-serv,Husband,White,Male,0,0,40,United-States,<=50K
27,Private,128378,Bachelors,13,Never-married,Prof-specialty,Own-child,White,Male,0,0,40,United-States,<=50K
33,Private,170915,Bachelors,13,Married-civ-spouse,Exec-managerial,Husband,White,Male,0,0,50,United-States,>50K
25,Self-emp-not-inc,113555,Assoc-voc,11,Married-civ-spouse,Other-service,Wife,White,Female,0,0,45,United-States,<=50K
34,Self-emp-not-inc,198146,HS-grad,9,Married-civ-spouse,Craft-repair,Husband,White,Male,0,0,40,United-States,<=50K
45,Self-emp-not-inc,184285,Bachelors,13,Divorced,Prof-specialty,Not-in-family,White,Male,0,0,45,United-States,<=50K
19,Private,247711,12th,8,Married-spouse-absent,Other-service,Own-child,Other,Female,0,0,20,United-States,<=50K
40,Private,358355,HS-grad,9,Married-civ-spouse,Craft-repair,Husband,White,Male,0,1902,45,United-States,>50K
51,Federal-gov,33895,Some-college,10,Separated,Prof-specialty,Not-in-family,Black,Female,0,0,40,United-States,>50K
65,Without-pay,27016,7th-8th,4,Widowed,Farming-fishing,Unmarried,White,Female,0,0,50,United-States,<=50K
26,Private,322658,Bachelors,13,Never-married,Prof-specialty,Not-in-family,White,Female,0,0,45,United-States,<=50K
61,State-gov,347292,Masters,14,Married-civ-spouse,Exec-managerial,Husband,White,Male,0,0,40,United-States,>50K
31,Self-emp-not-inc,245317,HS-grad,9,Never-married,Craft-repair,Unmarried,White,Male,0,0,50,United-States,<=50K
26,Private,495982,Some-college,10,Never-married,Exec-managerial,Not-in-family,White,Female,0,0,40,United-States,<=50K
53,Private,108140,9th,5,Married-civ-spouse,Transport-moving,Husband,White,Male,0,0,40,United-States,<=50K
49,Local-gov,173673,Bachelors,13,Never-married,Prof-specialty,Not-in-family,White,Female,0,0,50,United-States,<=50K
25,Private,207258,9th,5,Never-married,Adm-clerical,Unmarried,White,Female,0,0,40,Mexico,<=50K
39,Private,171807,HS-grad,9,Married-civ-spouse,Other-service,Husband,White,Male,5013,0,40,United-States,<=50K
48,Local-gov,68552,Masters,14,Married-civ-spouse,Prof-specialty,Husband,White,Male,7688,0,50,United-States,>50K
45,Private,116360,HS-grad,9,Divorced,Other-service,Not-in-family,Black,Female,0,0,35,United-States,<=50K
37,Local-gov,243743,Some-college,10,Never-married,Adm-clerical,Unmarried,Black,Female,0,0,40,United-States,<=50K
33,Private,160512,HS-grad,9,Married-civ-spouse,Machine-op-inspct,Husband,White,Male,0,0,50,United-States,>50K
29,Private,137917,Some-college,10,Never-married,Other-service,Not-in-family,White,Female,0,0,41,United-States,>50K
40,Private,37650,Some-college,10,Married-civ-spouse,Craft-repair,Husband,White,Male,0,0,40,?,<=50K
52,Private,26669,Some-college,10,Married-civ-spouse,Prof-specialty,Husband,White,Male,0,0,45,United-States,>50K
48,Private,199698,HS-grad,9,Married-civ-spouse,Prof-specialty,Wife,White,Female,0,0,8,United-States,<=50K
21,Private,249751,HS-grad,9,Never-married,Adm-clerical,Own-child,White,Male,0,0,40,United-States,<=50K
43,Self-emp-not-inc,63526,Some-college,10,Married-civ-spouse,Farming-fishing,Husband,White,Male,0,0,50,United-States,<=50K
45,Private,114765,Masters,14,Divorced,Prof-specialty,Not-in-family,White,Female,0,2258,55,United-States,<=50K
57,Local-gov,170017,HS-grad,9,Married-civ-spouse,Transport-moving,Husband,White,Male,0,0,25,United-States,>50K
21,State-gov,151801,Some-college,10,Never-married,Adm-clerical,Own-child,White,Female,0,0,30,United-States,<=50K
30,Private,112115,Bachelors,13,Married-civ-spouse,Exec-managerial,Husband,White,Male,0,0,50,United-States,>50K
47,Private,207668,HS-grad,9,Divorced,Adm-clerical,Not-in-family,White,Female,0,0,38,United-States,<=50K
63,Private,279129,9th,5,Married-civ-spouse,Handlers-cleaners,Husband,White,Male,0,0,32,United-States,<=50K
39,Self-emp-not-inc,188798,Assoc-voc,11,Married-civ-spouse,Farming-fishing,Husband,White,Male,0,0,60,United-States,<=50K
47,Private,206520,HS-grad,9,Divorced,Adm-clerical,Not-in-family,White,Female,0,0,38,United-States,<=50K
50,Private,156807,HS-grad,9,Married-civ-spouse,Adm-clerical,Husband,White,Male,0,0,35,United-States,<=50K
87,Private,142717,HS-grad,9,Married-spouse-absent,Sales,Not-in-family,White,Male,0,0,16,United-States,<=50K
54,Private,104746,Some-college,10,Married-civ-spouse,Sales,Husband,White,Male,15024,0,40,United-States,>50K
69,Private,272185,HS-grad,9,Widowed,Adm-clerical,Not-in-family,White,Female,0,0,40,United-States,<=50K
20,Private,188401,Some-college,10,Never-married,Tech-support,Own-child,White,Female,0,0,40,United-States,<=50K
34,Private,199118,Masters,14,Never-married,Other-service,Not-in-family,Amer-Indian-Eskimo,Male,0,0,40,United-States,<=50K
32,Private,281356,Assoc-voc,11,Divorced,Sales,Unmarried,White,Female,0,1380,40,United-States,<=50K
18,Private,106943,11th,7,Never-married,Sales,Own-child,White,Female,0,0,12,United-States,<=50K
23,Private,280167,Bachelors,13,Never-married,Exec-managerial,Own-child,White,Male,0,0,46,United-States,<=50K
31,Private,344415,Some-college,10,Married-civ-spouse,Sales,Husband,White,Male,0,0,40,United-States,<=50K
52,Private,256335,Bachelors,13,Married-civ-spouse,Exec-managerial,Husband,White,Male,0,0,50,United-States,<=50K
46,Private,336891,HS-grad,9,Married-civ-spouse,Craft-repair,Husband,White,Male,0,0,40,United-States,>50K
52,Private,158993,HS-grad,9,Divorced,Other-service,Other-relative,Black,Female,0,0,38,United-States,<=50K
33,Private,170091,Bachelors,13,Married-civ-spouse,Exec-managerial,Husband,White,Male,0,0,50,United-States,>50K
33,State-gov,306309,Masters,14,Never-married,Prof-specialty,Not-in-family,White,Male,0,0,50,United-States,<=50K
66,Self-emp-inc,112115,7th-8th,4,Married-civ-spouse,Craft-repair,Husband,White,Male,0,0,40,United-States,>50K
28,Private,293926,HS-grad,9,Married-civ-spouse,Craft-repair,Husband,White,Male,0,1740,30,United-States,<=50K
24,Private,281743,1st-4th,2,Never-married,Farming-fishing,Not-in-family,Other,Male,0,0,66,Mexico,<=50K
21,Private,250630,Some-college,10,Never-married,Adm-clerical,Other-relative,White,Male,0,0,30,Nicaragua,<=50K
75,Self-emp-not-inc,106873,11th,7,Widowed,Sales,Not-in-family,White,Male,0,0,40,United-States,<=50K
22,Private,50048,9th,5,Never-married,Transport-moving,Own-child,White,Male,0,0,40,United-States,<=50K
54,Private,216149,Masters,14,Married-civ-spouse,Exec-managerial,Husband,White,Male,0,1887,44,United-States,>50K
35,State-gov,28738,Bachelors,13,Never-married,Adm-clerical,Not-in-family,White,Female,4101,0,40,United-States,<=50K
50,Private,205816,Masters,14,Married-civ-spouse,Sales,Husband,White,Male,15024,0,40,United-States,>50K
36,Private,118831,Assoc-acdm,12,Never-married,Adm-clerical,Unmarried,Black,Female,0,0,40,Jamaica,<=50K
43,Private,216636,Bachelors,13,Divorced,Adm-clerical,Unmarried,White,Female,0,0,40,Germany,<=50K
31,Local-gov,275369,Some-college,10,Never-married,Protective-serv,Not-in-family,Black,Male,0,0,40,United-States,<=50K
42,Private,257863,HS-grad,9,Never-married,Sales,Not-in-family,White,Male,0,0,60,United-States,>50K
45,Private,177287,HS-grad,9,Never-married,Other-service,Not-in-family,White,Female,0,0,40,El-Salvador,<=50K
20,Private,47707,HS-grad,9,Never-married,Handlers-cleaners,Own-child,White,Male,0,0,40,United-States,<=50K
40,Private,120277,Bachelors,13,Married-civ-spouse,Sales,Husband,White,Male,0,0,45,United-States,<=50K
52,Private,124420,HS-grad,9,Married-civ-spouse,Adm-clerical,Wife,White,Female,0,0,38,United-States,<=50K
46,Local-gov,357848,Some-college,10,Divorced,Adm-clerical,Unmarried,White,Female,0,0,45,United-States,<=50K
45,Federal-gov,171705,HS-grad,9,Divorced,Tech-support,Not-in-family,White,Female,4865,0,40,United-States,<=50K
81,?,89391,Prof-school,15,Married-civ-spouse,?,Husband,White,Male,0,0,24,United-States,>50K
61,State-gov,348618,Masters,14,Married-civ-spouse,Exec-managerial,Husband,White,Male,0,0,40,United-States,>50K
26,Private,487330,10th,6,Never-married,Adm-clerical,Not-in-family,White,Female,2829,0,40,United-States,<=50K
54,Private,144608,Some-college,10,Married-civ-spouse,Sales,Wife,White,Female,0,0,40,United-States,>50K
51,Private,350440,Some-college,10,Divorced,Prof-specialty,Unmarried,White,Female,0,0,40,United-States,<=50K
47,Private,139701,5th-6th,3,Never-married,Machine-op-inspct,Unmarried,White,Female,0,0,40,Dominican-Republic,<=50K
35,Private,102976,HS-grad,9,Divorced,Exec-managerial,Not-in-family,White,Male,0,0,50,United-States,<=50K
49,State-gov,175431,Some-college,10,Married-civ-spouse,Prof-specialty,Husband,White,Male,0,0,50,United-States,>50K
31,Private,192596,Bachelors,13,Married-civ-spouse,Prof-specialty,Husband,White,Male,0,0,40,United-States,>50K
31,Private,263439,HS-grad,9,Never-married,Adm-clerical,Not-in-family,White,Female,0,0,40,Germany,<=50K
61,State-gov,347292,Masters,14,Married-civ-spouse,Exec-managerial,Husband,White,Male,0,0,40,United-States,>50K
39,Self-emp-inc,122742,Assoc-acdm,12,Married-civ-spouse,Exec-managerial,Husband,White,Male,15024,0,55,United-States,>50K
33,Private,294121,Bachelors,13,Never-married,Prof-specialty,Not-in-family,Black,Male,0,0,50,United-States,>50K
40,Private,228686,Assoc-acdm,12,Divorced,Adm-clerical,Own-child,White,Female,0,0,70,United-States,<=50K
36,Local-gov,41031,Bachelors,13,Married-civ-spouse,Prof-specialty,Husband,White,Male,0,1887,40,United-States,>50K
45,Private,114774,Masters,14,Divorced,Prof-specialty,Not-in-family,White,Female,0,2258,55,United-States,<=50K
51,Federal-gov,218124,Some-college,10,Divorced,Prof-specialty,Not-in-family,Black,Female,0,0,40,United-States,<=50K
28,Private,175759,9th,5,Divorced,Prof-specialty,Not-in-family,Black,Female,0,0,40,United-States,<=50K
51,Private,352056,Some-college,10,Divorced,Prof-specialty,Unmarried,White,Female,0,0,40,United-States,<=50K
71,State-gov,100063,HS-grad,9,Married-civ-spouse,Craft-repair,Husband,Black,Male,0,0,40,United-States,<=50K
34,Private,200574,HS-grad,9,Separated,Transport-moving,Own-child,White,Male,0,0,25,Columbia,<=50K
25,Private,360032,5th-6th,3,Never-married,Adm-clerical,Not-in-family,White,Female,0,0,33,Nicaragua,<=50K
37,Private,53232,Prof-school,15,Never-married,Prof-specialty,Not-in-family,Asian-Pac-Islander,Female,0,0,55,United-States,>50K
53,Private,99476,HS-grad,9,Divorced,Other-service,Not-in-family,White,Female,0,0,38,United-States,<=50K
31,Private,197042,Prof-school,15,Divorced,Prof-specialty,Not-in-family,White,Female,0,0,45,United-States,>50K
44,Private,154874,Some-college,10,Married-civ-spouse,Tech-support,Husband,White,Male,0,0,44,United-States,>50K
54,Private,185397,Some-college,10,Married-civ-spouse,Farming-fishing,Husband,White,Male,0,0,40,United-States,<=50K
40,Private,121874,Assoc-acdm,12,Married-civ-spouse,Sales,Husband,White,Male,0,0,40,United-States,>50K
37,Local-gov,244341,Some-college,10,Never-married,Adm-clerical,Unmarried,Black,Female,0,0,40,United-States,<=50K
21,Private,250034,HS-grad,9,Never-married,Adm-clerical,Own-child,White,Male,0,0,40,United-States,<=50K
42,Self-emp-not-inc,200496,Prof-school,15,Never-married,Prof-specialty,Not-in-family,White,Male,0,0,38,United-States,<=50K
42,Private,106698,Some-college,10,Divorced,Other-service,Unmarried,White,Female,0,0,32,United-States,<=50K
22,Private,178835,Some-college,10,Never-married,Sales,Own-child,White,Male,0,0,20,United-States,<=50K
25,Federal-gov,339482,Some-college,10,Married-civ-spouse,Protective-serv,Husband,Black,Male,0,0,40,United-States,<=50K
40,Private,71738,Masters,14,Married-civ-spouse,Exec-managerial,Husband,White,Male,0,0,46,United-States,>50K
57,Local-gov,169823,HS-grad,9,Married-civ-spouse,Transport-moving,Husband,White,Male,0,0,25,United-States,>50K
44,Private,229335,HS-grad,9,Married-civ-spouse,Craft-repair,Husband,Black,Male,0,0,40,?,<=50K
37,Private,306459,HS-grad,9,Divorced,Craft-repair,Unmarried,White,Male,0,0,38,United-States,<=50K
35,Private,170214,Some-college,10,Married-civ-spouse,Tech-support,Husband,White,Male,0,0,40,United-States,>50K
22,?,26585,Some-college,10,Never-married,?,Not-in-family,White,Female,0,0,28,United-States,<=50K
30,State-gov,137618,Masters,14,Married-civ-spouse,Prof-specialty,Husband,Asian-Pac-Islander,Male,0,0,20,Taiwan,<=50K
57,Self-emp-not-inc,258121,Bachelors,13,Married-civ-spouse,Exec-managerial,Husband,White,Male,0,0,50,United-States,<=50K
29,Private,353628,HS-grad,9,Married-civ-spouse,Sales,Husband,White,Male,0,0,60,United-States,<=50K
45,Private,97176,11th,7,Divorced,Adm-clerical,Unmarried,White,Female,0,0,16,United-States,<=50K
48,Private,344415,Bachelors,13,Married-spouse-absent,Prof-specialty,Not-in-family,White,Male,0,0,37,United-States,>50K
39,Private,67433,Assoc-voc,11,Never-married,Prof-specialty,Not-in-family,White,Female,4650,0,32,United-States,<=50K
27,Private,214413,Bachelors,13,Married-civ-spouse,Prof-specialty,Wife,White,Female,7298,0,45,England,>50K
41,Private,106159,HS-grad,9,Never-married,Machine-op-inspct,Own-child,White,Male,14344,0,48,United-States,>50K
75,Self-emp-not-inc,106873,11th,7,Widowed,Sales,Not-in-family,White,Male,0,0,40,United-States,<=50K
41,Private,169628,Prof-school,15,Married-civ-spouse,Prof-specialty,Husband,White,Male,0,0,46,United-States,>50K
77,Self-emp-inc,29814,HS-grad,9,Married-civ-spouse,Other-service,Husband,White,Male,0,0,35,United-States,>50K
48,Private,116517,HS-grad,9,Divorced,Adm-clerical,Unmarried,White,Female,0,0,45,United-States,<=50K
29,Self-emp-inc,125856,Bachelors,13,Never-married,Sales,Own-child,White,Female,0,0,40,United-States,<=50K
50,Private,205803,Masters,14,Married-civ-spouse,Sales,Husband,White,Male,15024,0,40,United-States,>50K
34,Private,157473,Bachelors,13,Married-civ-spouse,Exec-managerial,Husband,White,Male,0,0,40,United-States,>50K
35,Self-emp-inc,140854,HS-grad,9,Never-married,Transport-moving,Not-in-family,White,Male,0,0,60,United-States,<=50K
65,Self-emp-not-inc,118474,11th,7,Married-civ-spouse,Exec-managerial,Husband,White,Male,9386,0,59,?,>50K
55,Private,202083,Bachelors,13,Never-married,Exec-managerial,Not-in-family,White,Female,0,0,35,United-States,<=50K
62,Self-emp-inc,354558,Bachelors,13,Married-civ-spouse,Exec-managerial,Husband,White,Male,0,0,50,United-States,>50K
48,Private,235124,HS-grad,9,Married-civ-spouse,Exec-managerial,Husband,White,Male,0,0,50,United-States,<=50K
54,Private,215892,Masters,14,Married-civ-spouse,Exec-managerial,Husband,White,Male,0,1887,44,United-States,>50K
67,Self-emp-inc,51838,Some-college,10,Married-civ-spouse,Sales,Husband,White,Male,0,0,40,United-States,<=50K
27,Private,182540,11th,7,Never-married,Craft-repair,Not-in-family,White,Male,0,0,40,United-States,<=50K
23,Private,86939,HS-grad,9,Married-spouse-absent,Machine-op-inspct,Not-in-family,White,Male,0,0,40,United-States,<=50K
45,Local-gov,373606,HS-grad,9,Married-civ-spouse,Transport-moving,Wife,White,Female,5178,0,40,United-States,>50K
26,Private,214413,11th,7,Never-married,Machine-op-inspct,Unmarried,White,Male,6497,0,48,United-States,<=50K
31,Private,263970,HS-grad,9,Never-married,Adm-clerical,Not-in-family,White,Female,0,0,40,Germany,<=50K
17,Private,31115,11th,7,Never-married,Other-service,Own-child,White,Male,0,0,25,United-States,<=50K
20,Private,33487,5th-6th,3,Married-civ-spouse,Craft-repair,Husband,White,Male,0,0,40,Mexico,<=50K
25,Private,120268,HS-grad,9,Never-married,Sales,Own-child,White,Male,0,1741,40,United-States,<=50K
23,Private,307837,Assoc-acdm,12,Never-married,Other-service,Own-child,White,Male,0,0,20,United-States,<=50K
52,Private,22149,12th,8,Separated,Machine-op-inspct,Other-relative,White,Female,0,0,40,Cuba,<=50K
45,Self-emp-not-inc,32172,HS-grad,9,Married-civ-spouse,Farming-fishing,Husband,White,Male,0,0,70,United-States,<=50K
22,Private,210498,Bachelors,13,Never-married,Adm-clerical,Own-child,White,Female,0,0,40,United-States,<=50K
42,Private,32981,HS-grad,9,Divorced,Machine-op-inspct,Not-in-family,White,Male,0,0,40,United-States,<=50K
50,Private,145175,Prof-school,15,Married-civ-spouse,Prof-specialty,Husband,White,Male,0,2415,60,United-States,>50K
37,Private,21626,11th,7,Married-civ-spouse,Craft-repair,Husband,White,Male,0,0,45,United-States,<=50K
55,Private,197420,HS-grad,9,Never-married,Priv-house-serv,Unmarried,White,Female,0,0,40,Mexico,<=50K
34,Private,174789,Some-college,10,Married-civ-spouse,Other-service,Husband,White,Male,0,0,50,United-States,<=50K
40,Private,65866,Some-college,10,Divorced,Tech-support,Unmarried,White,Female,0,213,40,United-States,<=50K
35,Private,172186,HS-grad,9,Married-civ-spouse,Machine-op-inspct,Husband,Black,Male,0,0,40,United-States,<=50K
35,Local-gov,190293,Bachelors,13,Married-civ-spouse,Craft-repair,Husband,White,Male,0,0,40,United-States,<=50K
50,Private,113080,Bachelors,13,Married-civ-spouse,Sales,Husband,White,Male,0,0,40,United-States,<=50K
54,Private,22149,Prof-school,15,Never-married,Prof-specialty,Other-relative,White,Female,0,0,65,United-States,<=50K
71,State-gov,100063,HS-grad,9,Married-civ-spouse,Craft-repair,Husband,Black,Male,0,0,40,United-States,<=50K
41,Private,303521,Bachelors,13,Divorced,Prof-specialty,Not-in-family,White,Male,4650,0,45,United-States,<=50K
43,Private,156926,HS-grad,9,Never-married,Sales,Not-in-family,White,Female,0,0,40,United-States,<=50K
24,State-gov,322658,Bachelors,13,Never-married,Exec-managerial,Not-in-family,White,Female,0,0,40,United-States,<=50K
26,Private,210781,Assoc-voc,11,Separated,Adm-clerical,Unmarried,Black,Female,114,0,40,United-States,<=50K
37,Private,121168,HS-grad,9,Divorced,Machine-op-inspct,Unmarried,White,Male,0,1726,50,United-States,<=50K
32,Private,178623,HS-grad,9,Never-married,Adm-clerical,Not-in-family,White,Male,0,0,40,United-States,<=50K
20,Private,188300,Some-college,10,Never-married,Tech-support,Own-child,White,Female,0,0,40,United-States,<=50K
61,Private,87032,HS-grad,9,Widowed,Adm-clerical,Not-in-family,White,Female,0,0,40,United-States,<=50K
25,Private,370585,HS-grad,9,Divorced,Adm-clerical,Not-in-family,White,Female,0,0,40,United-States,<=50K
57,Self-emp-not-inc,437281,Some-college,10,Married-civ-spouse,Tech-support,Husband,White,Male,0,0,38,United-States,>50K
32,Private,86808,Some-college,10,Never-married,Other-service,Own-child,White,Female,0,0,38,United-States,<=50K
19,Private,166153,Some-college,10,Never-married,Sales,Own-child,White,Female,0,0,20,United-States,<=50K
66,Local-gov,261062,Masters,14,Widowed,Prof-specialty,Not-in-family,White,Female,0,0,40,United-States,<=50K
27,Local-gov,191807,HS-grad,9,Never-married,Other-service,Own-child,White,Male,0,0,45,United-States,<=50K
54,Federal-gov,512828,HS-grad,9,Married-civ-spouse,Prof-specialty,Husband,White,Male,0,0,40,United-States,>50K
38,State-gov,91670,Some-college,10,Divorced,Prof-specialty,Own-child,Asian-Pac-Islander,Female,0,0,40,United-States,<=50K
63,?,335481,HS-grad,9,Married-civ-spouse,?,Husband,White,Male,0,0,20,United-States,<=50K
36,Private,66624,HS-grad,9,Married-civ-spouse,Sales,Husband,White,Male,0,0,50,United-States,<=50K
32,Private,209808,HS-grad,9,Married-civ-spouse,Machine-op-inspct,Husband,White,Male,0,0,40,United-States,<=50K
25,Private,367306,HS-grad,9,Divorced,Adm-clerical,Not-in-family,White,Female,0,0,40,United-States,<=50K
41,Local-gov,352056,Assoc-acdm,12,Never-married,Exec-managerial,Not-in-family,White,Male,0,0,40,United-States,<=50K
55,Private,197387,HS-grad,9,Never-married,Priv-house-serv,Unmarried,White,Female,0,0,40,Mexico,<=50K
55,Self-emp-inc,79662,HS-grad,9,Married-civ-spouse,Transport-moving,Husband,White,Male,0,0,60,United-States,<=50K
34,Private,152744,12th,8,Married-civ-spouse,Craft-repair,Husband,White,Male,0,0,40,Guatemala,<=50K
22,Private,210794,Bachelors,13,Never-married,Adm-clerical,Own-child,White,Female,0,0,40,United-States,<=50K
29,Private,185019,12th,8,Never-married,Other-service,Not-in-family,Other,Male,0,0,40,United-States,<=50K
67,Private,186191,Bachelors,13,Married-civ-spouse,Exec-managerial,Husband,White,Male,0,0,45,United-States,<=50K
33,Private,335481,HS-grad,9,Married-civ-spouse,Craft-repair,Husband,White,Male,0,0,40,United-States,<=50K
35,Private,183977,HS-grad,9,Divorced,Craft-repair,Unmarried,White,Male,2354,0,40,United-States,<=50K
19,Private,151790,10th,6,Never-married,Handlers-cleaners,Own-child,White,Male,0,0,39,United-States,<=50K
40,Private,261207,HS-grad,9,Never-married,Adm-clerical,Not-in-family,White,Female,0,0,40,United-States,<=50K
47,Private,206600,HS-grad,9,Divorced,Adm-clerical,Not-in-family,White,Female,0,0,38,United-States,<=50K
45,Local-gov,374450,HS-grad,9,Married-civ-spouse,Transport-moving,Wife,White,Female,5178,0,40,United-States,>50K
45,Private,116360,HS-grad,9,Divorced,Other-service,Not-in-family,Black,Female,0,0,35,United-States,<=50K
28,Private,102142,Some-college,10,Never-married,Tech-support,Not-in-family,White,Male,0,0,40,United-States,<=50K
24,Private,200802,HS-grad,9,Never-married,Handlers-cleaners,Own-child,White,Male,0,0,45,United-States,<=50K
20,Private,210031,Some-college,10,Never-married,Prof-specialty,Own-child,White,Male,0,0,25,United-States,<=50K
37,Local-gov,244268,Some-college,10,Never-married,Adm-clerical,Unmarried,Black,Female,0,0,40,United-States,<=50K
37,Private,94334,7th-8th,4,Never-married,Machine-op-inspct,Own-child,White,Female,0,0,25,United-States,<=50K
32,Local-gov,192596,Assoc-acdm,12,Married-civ-spouse,Protective-serv,Husband,White,Male,0,0,56,England,>50K
46,Private,32172,HS-grad,9,Married-civ-spouse,Craft-repair,Husband,White,Male,0,0,40,United-States,>50K
44,Private,304960,Assoc-acdm,12,Divorced,Exec-managerial,Not-in-family,White,Female,0,1980,40,United-States,<=50K
31,Private,202729,HS-grad,9,Married-civ-spouse,Transport-moving,Husband,White,Male,0,0,50,United-States,<=50K
36,Private,51838,Some-college,10,Divorced,Adm-clerical,Unmarried,White,Female,0,0,40,United-States,<=50K
32,Private,209547,HS-grad,9,Married-civ-spouse,Craft-repair,Husband,White,Male,0,0,50,United-States,<=50K
35,State-gov,28738,Bachelors,13,Never-married,Adm-clerical,Not-in-family,White,Female,4101,0,40,United-States,<=50K
25,Private,344916,HS-grad,9,Married-civ-spouse,Other-service,Husband,White,Male,0,0,50,Nicaragua,<=50K
39,Self-emp-not-inc,306868,HS-grad,9,Married-civ-spouse,Exec-managerial,Husband,White,Male,0,0,40,United-States,>50K
49,Private,131088,Bachelors,13,Married-civ-spouse,Exec-managerial,Husband,White,Male,0,0,50,United-States,>50K
20,Private,364685,Some-college,10,Never-married,Adm-clerical,Own-child,White,Female,0,0,20,United-States,<=50K
69,?,476653,Bachelors,13,Married-civ-spouse,?,Husband,White,Male,0,0,20,United-States,<=50K
37,Private,189565,Assoc-acdm,12,Divorced,Adm-clerical,Not-in-family,White,Female,0,1504,40,United-States,<=50K
25,Private,247025,Bachelors,13,Never-married,Sales,Not-in-family,White,Male,3325,0,48,United-States,<=50K
55,Self-emp-not-inc,226032,Some-college,10,Married-civ-spouse,Farming-fishing,Husband,White,Male,0,0,40,United-States,<=50K
80,Private,86111,Doctorate,16,Married-civ-spouse,Prof-specialty,Husband,White,Male,0,0,30,United-States,<=50K
35,Private,339956,HS-grad,9,Divorced,Craft-repair,Unmarried,White,Female,0,0,48,United-States,<=50K
31,Private,258849,Assoc-voc,11,Never-married,Adm-clerical,Unmarried,Black,Female,0,0,40,United-States,<=50K
39,Private,245053,Bachelors,13,Married-civ-spouse,Prof-specialty,Husband,White,Male,0,0,50,United-States,>50K
54,Private,249957,Bachelors,13,Married-civ-spouse,Craft-repair,Husband,Black,Male,0,0,40,United-States,<=50K
43,Local-gov,254907,Bachelors,13,Married-civ-spouse,Prof-specialty,Husband,White,Male,0,0,55,United-States,>50K
33,Private,118729,Bachelors,13,Never-married,Sales,Not-in-family,White,Male,0,1590,40,United-States,<=50K
32,Local-gov,19302,Assoc-acdm,12,Married-civ-spouse,Protective-serv,Husband,White,Male,0,0,56,England,>50K
39,Private,245053,Bachelors,13,Married-civ-spouse,Prof-specialty,Husband,White,Male,0,0,50,United-States,>50K
24,Local-gov,117023,Bachelors,13,Never-married,Prof-specialty,Own-child,White,Female,0,0,40,United-States,<=50K
36,State-gov,241350,HS-grad,9,Divorced,Adm-clerical,Own-child,Black,Female,0,0,40,United-States,<=50K
22,?,282461,HS-grad,9,Never-married,?,Unmarried,Black,Male,0,0,45,United-States,<=50K
42,Self-emp-not-inc,200574,Prof-school,15,Never-married,Prof-specialty,Not-in-family,White,Male,0,0,38,United-States,<=50K
35,Private,187067,Assoc-voc,11,Married-civ-spouse,Exec-managerial,Wife,White,Female,0,0,42,United-States,>50K
56,Private,266645,Bachelors,13,Married-civ-spouse,Craft-repair,Husband,White,Male,0,0,40,United-States,<=50K
73,Private,148003,Some-college,10,Married-civ-spouse,Adm-clerical,Wife,White,Female,20051,0,36,United-States,>50K
36,State-gov,77146,Masters,14,Never-married,Prof-specialty,Not-in-family,White,Male,0,0,40,United-States,<=50K
65,?,36104,HS-grad,9,Married-civ-spouse,?,Husband,White,Male,0,0,40,United-States,>50K
44,Self-emp-inc,219086,HS-grad,9,Married-civ-spouse,Other-service,Husband,Black,Male,0,0,48,United-States,<=50K
56,Self-emp-inc,216842,12th,8,Married-civ-spouse,Exec-managerial,Husband,White,Male,0,1651,40,United-States,<=50K
51,Self-emp-inc,180052,HS-grad,9,Married-civ-spouse,Sales,Husband,White,Male,0,0,50,United-States,<=50K
42,Federal-gov,159032,Assoc-acdm,12,Divorced,Prof-specialty,Unmarried,Asian-Pac-Islander,Female,0,0,40,Philippines,>50K
51,Private,91506,HS-grad,9,Married-civ-spouse,Transport-moving,Husband,White,Male,7688,0,40,United-States,>50K
22,Private,50048,Some-college,10,Married-civ-spouse,Machine-op-inspct,Husband,White,Male,0,0,40,Mexico,<=50K
82,Self-emp-not-inc,181372,HS-grad,9,Divorced,Exec-managerial,Not-in-family,White,Male,0,0,12,United-States,<=50K
33,Private,161092,HS-grad,9,Married-civ-spouse,Machine-op-inspct,Husband,White,Male,0,0,50,United-States,>50K
25,Private,250647,Some-college,10,Never-married,Adm-clerical,Not-in-family,White,Female,0,0,40,United-States,<=50K
45,Private,344415,Bachelors,13,Never-married,Transport-moving,Not-in-family,White,Male,0,0,30,United-States,<=50K
63,?,334741,HS-grad,9,Married-civ-spouse,?,Husband,White,Male,0,0,20,United-States,<=50K
41,Private,275093,Some-college,10,Married-civ-spouse,Machine-op-inspct,Husband,White,Male,7298,0,42,United-States,>50K
45,Private,116517,HS-grad,9,Divorced,Other-service,Not-in-family,Black,Female,0,0,35,United-States,<=50K
60,Private,169496,HS-grad,9,Married-civ-spouse,Exec-managerial,Husband,White,Male,0,0,50,United-States,<=50K
23,Private,210794,Some-college,10,Married-civ-spouse,Craft-repair,Husband,White,Male,0,0,40,United-States,<=50K
33,Private,350853,5th-6th,3,Married-spouse-absent,Transport-moving,Unmarried,Other,Male,0,0,20,El-Salvador,<=50K
24,Private,175878,HS-grad,9,Married-civ-spouse,Craft-repair,Husband,White,Male,0,0,40,United-States,<=50K
87,Private,144182,HS-grad,9,Married-spouse-absent,Sales,Not-in-family,White,Male,0,0,16,United-States,<=50K
33,Private,112584,Some-college,10,Divorced,Sales,Not-in-family,White,Female,0,0,25,United-States,<=50K
24,Private,50163,HS-grad,9,Married-civ-spouse,Farming-fishing,Husband,White,Male,0,0,50,United-States,<=50K
40,Self-emp-not-inc,76487,Bachelors,13,Never-married,Prof-specialty,Not-in-family,White,Male,0,0,50,United-States,<=50K
36,Self-emp-not-inc,205803,Bachelors,13,Never-married,Craft-repair,Own-child,White,Male,0,0,40,United-States,<=50K
54,Self-emp-inc,166416,Prof-school,15,Married-civ-spouse,Prof-specialty,Husband,White,Male,99999,0,60,United-States,>50K
43,Private,265434,11th,7,Never-married,Other-service,Not-in-family,Black,Male,0,0,40,United-States,<=50K
44,Private,185407,Assoc-voc,11,Separated,Craft-repair,Other-relative,White,Male,0,0,48,United-States,>50K
41,Private,149704,HS-grad,9,Married-civ-spouse,Craft-repair,Husband,White,Male,0,1848,40,United-States,>50K
50,Private,30226,Bachelors,13,Married-civ-spouse,Prof-specialty,Husband,White,Male,0,0,40,United-States,<=50K
61,Private,87054,HS-grad,9,Widowed,Adm-clerical,Not-in-family,White,Female,0,0,40,United-States,<=50K
30,Private,108929,Assoc-voc,11,Never-married,Handlers-cleaners,Own-child,White,Male,0,0,45,United-States,<=50K
20,Self-emp-inc,265434,Some-college,10,Never-married,Handlers-cleaners,Own-child,White,Female,0,0,40,United-States,<=50K
43,Private,185019,5th-6th,3,Married-spouse-absent,Priv-house-serv,Other-relative,White,Female,0,0,40,El-Salvador,<=50K
46,Private,91262,Some-college,10,Married-spouse-absent,Craft-repair,Not-in-family,Asian-Pac-Islander,Male,0,0,40,Philippines,<=50K
44,Local-gov,157747,Masters,14,Divorced,Prof-specialty,Not-in-family,White,Female,0,0,50,United-States,>50K
50,?,87263,HS-grad,9,Married-civ-spouse,?,Husband,White,Male,0,0,55,United-States,>50K
62,Self-emp-inc,355686,Bachelors,13,Married-civ-spouse,Exec-managerial,Husband,White,Male,0,0,50,United-States,>50K
48,Private,157473,Bachelors,13,Married-civ-spouse,Sales,Husband,White,Male,0,0,45,United-States,>50K
50,Private,466325,Bachelors,13,Married-spouse-absent,Sales,Not-in-family,White,Female,0,0,20,Germany,<=50K
32,State-gov,189834,Some-college,10,Divorced,Prof-specialty,Other-relative,White,Female,0,0,40,United-States,<=50K
41,Private,443508,Bachelors,13,Married-civ-spouse,Transport-moving,Husband,White,Male,0,0,48,Canada,>50K
45,Private,344200,Bachelors,13,Never-married,Transport-moving,Not-in-family,White,Male,0,0,30,United-States,<=50K
26,Private,94477,Some-college,10,Married-civ-spouse,Transport-moving,Husband,White,Male,7298,0,55,United-States,>50K
40,Private,213019,HS-grad,9,Divorced,Sales,Unmarried,White,Female,0,0,30,United-States,<=50K
30,Self-emp-not-inc,113211,Some-college,10,Never-married,Craft-repair,Own-child,White,Male,0,0,30,United-States,<=50K
45,Local-gov,374716,HS-grad,9,Married-civ-spouse,Transport-moving,Wife,White,Female,5178,0,40,United-States,>50K
60,Private,83850,HS-grad,9,Married-civ-spouse,Sales,Husband,White,Male,0,0,40,United-States,<=50K
54,Private,34419,Some-college,10,Married-civ-spouse,Exec-managerial,Husband,White,Male,0,0,44,United-States,>50K
34,Federal-gov,112115,Some-college,10,Never-married,Craft-repair,Other-relative,White,Male,0,0,40,United-States,<=50K
37,Private,21798,HS-grad,9,Married-civ-spouse,Craft-repair,Husband,White,Male,0,0,45,United-States,>50K
48,Local-gov,68552,Masters,14,Married-civ-spouse,Prof-specialty,Husband,White,Male,7688,0,50,United-States,>50K
27,Self-emp-not-inc,63526,HS-grad,9,Married-civ-spouse,Farming-fishing,Husband,White,Male,0,0,50,United-States,<=50K
21,?,176389,Some-college,10,Never-married,?,Own-child,White,Female,0,0,40,United-States,<=50K
37,Private,21798,HS-grad,9,Married-civ-spouse,Craft-repair,Husband,White,Male,0,0,45,United-States,>50K
22,Federal-gov,471452,Bachelors,13,Never-married,Tech-support,Own-child,White,Male,0,0,8,United-States,<=50K
34,Private,152030,12th,8,Married-civ-spouse,Craft-repair,Husband,White,Male,0,0,40,Guatemala,<=50K
42,Private,106873,Some-college,10,Divorced,Other-service,Unmarried,White,Female,0,0,32,United-States,<=50K
48,Private,99385,HS-grad,9,Separated,Adm-clerical,Not-in-family,White,Female,0,0,40,United-States,<=50K
29,Private,160634,HS-grad,9,Separated,Adm-clerical,Own-child,White,Female,0,0,40,United-States,<=50K
55,Private,354558,7th-8th,4,Married-civ-spouse,Transport-moving,Husband,White,Male,0,0,50,United-States,<=50K
37,Private,216385,11th,7,Married-civ-spouse,Craft-repair,Husband,White,Male,0,0,45,United-States,<=50K
27,Private,200574,Some-college,10,Never-married,Tech-support,Not-in-family,White,Female,0,0,40,United-States,<=50K
36,Local-gov,410034,Bachelors,13,Married-civ-spouse,Prof-specialty,Husband,White,Male,0,1887,40,United-States,>50K
46,State-gov,102628,Masters,14,Widowed,Protective-serv,Unmarried,White,Male,0,0,40,United-States,<=50K
48,Local-gov,67433,Masters,14,Married-civ-spouse,Prof-specialty,Husband,White,Male,7688,0,50,United-States,>50K
25,Local-gov,249644,Some-college,10,Never-married,Adm-clerical,Unmarried,Black,Female,0,0,40,United-States,<=50K
31,Private,98639,HS-grad,9,Never-married,Craft-repair,Unmarried,White,Male,0,0,40,United-States,<=50K
48,Private,85341,HS-grad,9,Married-civ-spouse,Craft-repair,Husband,White,Male,0,0,40,United-States,<=50K
41,Local-gov,267879,Some-college,10,Divorced,Exec-managerial,Not-in-family,White,Female,0,0,40,United-States,<=50K
22,?,263439,Some-college,10,Never-married,?,Not-in-family,White,Female,0,0,28,United-States,<=50K
26,Private,376540,Some-college,10,Divorced,Prof-specialty,Not-in-family,White,Female,5060,0,40,United-States,<=50K
27,Private,189123,HS-grad,9,Married-civ-spouse,Exec-managerial,Own-child,White,Male,0,0,40,United-States,<=50K
19,Private,45381,Some-college,10,Never-married,Adm-clerical,Own-child,White,Female,0,0,8,United-States,<=50K
63,Private,114011,HS-grad,9,Separated,Craft-repair,Not-in-family,White,Female,0,0,20,United-States,<=50K
36,Private,225267,HS-grad,9,Married-civ-spouse,Craft-repair,Husband,White,Male,7298,0,40,United-States,>50K
45,Private,116641,HS-grad,9,Divorced,Other-service,Not-in-family,Black,Female,0,0,35,United-States,<=50K
31,Private,210474,HS-grad,9,Married-civ-spouse,Transport-moving,Husband,White,Male,0,0,65,United-States,<=50K
35,?,374716,9th,5,Married-civ-spouse,?,Wife,White,Female,0,0,35,United-States,<=50K
48,Private,85341,HS-grad,9,Married-civ-spouse,Craft-repair,Husband,White,Male,0,0,40,United-States,<=50K
30,Private,55237,HS-grad,9,Married-civ-spouse,Sales,Husband,White,Male,0,0,55,United-States,<=50K
34,Private,183096,HS-grad,9,Divorced,Exec-managerial,Own-child,White,Male,0,0,44,United-States,<=50K
21,Private,220783,HS-grad,9,Never-married,Other-service,Own-child,Amer-Indian-Eskimo,Male,0,0,30,United-States,<=50K
22,?,279129,Some-college,10,Never-married,?,Own-child,White,Male,0,0,36,United-States,<=50K
57,Self-emp-not-inc,152030,Some-college,10,Married-civ-spouse,Sales,Wife,White,Female,0,0,25,United-States,>50K
40,Private,214555,HS-grad,9,Divorced,Sales,Unmarried,White,Female,0,0,30,United-States,<=50K
54,Self-emp-inc,166416,Prof-school,15,Married-civ-spouse,Prof-specialty,Husband,White,Male,99999,0,60,United-States,>50K
29,Private,162130,Assoc-acdm,12,Married-civ-spouse,Prof-specialty,Husband,White,Male,0,0,50,United-States,<=50K
55,Private,84774,HS-grad,9,Married-civ-spouse,Priv-house-serv,Wife,White,Female,0,0,30,United-States,<=50K
34,Private,93213,Masters,14,Married-civ-spouse,Other-service,Husband,White,Male,0,0,30,United-States,<=50K
31,Private,193122,Bachelors,13,Married-civ-spouse,Prof-specialty,Husband,White,Male,0,0,40,United-States,>50K
62,Private,244341,Doctorate,16,Married-civ-spouse,Prof-specialty,Husband,White,Male,14344,0,50,United-States,>50K
48,Private,350440,Some-college,10,Married-civ-spouse,Craft-repair,Other-relative,Asian-Pac-Islander,Male,0,0,40,Cambodia,>50K
71,Self-emp-not-inc,322789,HS-grad,9,Married-civ-spouse,Farming-fishing,Husband,Amer-Indian-Eskimo,Male,0,0,35,United-States,<=50K
41,Private,352812,Some-college,10,Married-civ-spouse,Exec-managerial,Wife,White,Female,0,1902,40,United-States,>50K
26,Self-emp-inc,189382,Bachelors,13,Married-civ-spouse,Sales,Husband,White,Male,0,0,80,United-States,>50K
30,Private,356934,11th,7,Married-civ-spouse,Handlers-cleaners,Husband,White,Male,0,0,50,United-States,<=50K
54,Private,96710,HS-grad,9,Married-civ-spouse,Priv-house-serv,Other-relative,Black,Female,0,0,20,United-States,<=50K
46,Federal-gov,55237,Some-college,10,Divorced,Machine-op-inspct,Unmarried,White,Male,0,0,40,United-States,<=50K
57,Private,110820,HS-grad,9,Married-civ-spouse,Craft-repair,Husband,White,Male,0,0,40,United-States,>50K
36,Private,160634,HS-grad,9,Married-civ-spouse,Machine-op-inspct,Husband,White,Male,0,0,60,United-States,<=50K
26,Private,86872,HS-grad,9,Married-civ-spouse,Transport-moving,Husband,White,Male,0,0,40,United-States,>50K
33,Local-gov,113555,HS-grad,9,Married-civ-spouse,Other-service,Husband,White,Male,0,0,40,United-States,<=50K
40,Private,121874,Assoc-acdm,12,Married-civ-spouse,Sales,Husband,White,Male,0,0,40,United-States,>50K
37,Private,386019,Some-college,10,Divorced,Adm-clerical,Unmarried,White,Female,0,0,38,United-States,<=50K
47,Private,325732,Prof-school,15,Married-civ-spouse,Prof-specialty,Husband,White,Male,15024,0,55,United-States,>50K
47,Private,207258,HS-grad,9,Divorced,Adm-clerical,Not-in-family,White,Female,0,0,38,United-States,<=50K
45,Self-emp-inc,121124,Prof-school,15,Never-married,Craft-repair,Not-in-family,White,Male,0,0,50,United-States,>50K
23,Private,177907,Some-college,10,Never-married,Other-service,Other-relative,White,Female,0,0,25,United-States,<=50K
34,Private,325732,HS-grad,9,Married-civ-spouse,Craft-repair,Husband,White,Male,0,0,40,United-States,<=50K
43,Private,218903,Bachelors,13,Divorced,Sales,Not-in-family,White,Female,0,0,50,United-States,<=50K
32,Private,169823,HS-grad,9,Married-civ-spouse,Craft-repair,Husband,White,Male,0,0,50,United-States,<=50K
68,Private,203784,Some-college,10,Widowed,Exec-managerial,Not-in-family,White,Female,0,0,45,United-States,<=50K
30,Private,158002,Some-college,10,Never-married,Craft-repair,Other-relative,White,Male,0,0,55,Ecuador,<=50K
62,Private,243743,Doctorate,16,Married-civ-spouse,Prof-specialty,Husband,White,Male,14344,0,50,United-States,>50K
25,Private,193051,Bachelors,13,Married-civ-spouse,Tech-support,Husband,White,Male,0,0,35,United-States,<=50K
50,Local-gov,50048,Masters,14,Married-civ-spouse,Prof-specialty,Husband,White,Male,0,0,52,United-States,>50K
41,Private,210794,Some-college,10,Married-spouse-absent,Sales,Unmarried,Black,Female,0,0,40,United-States,<=50K
26,Private,214413,11th,7,Never-married,Machine-op-inspct,Unmarried,White,Male,6497,0,48,United-States,<=50K
30,Private,175759,HS-grad,9,Married-civ-spouse,Craft-repair,Husband,White,Male,0,0,42,United-States,>50K
31,Private,188576,Masters,14,Married-civ-spouse,Exec-managerial,Wife,White,Female,0,0,40,United-States,>50K
46,Local-gov,110110,Masters,14,Married-civ-spouse,Prof-specialty,Wife,White,Female,0,0,65,United-States,>50K
42,Private,119529,HS-grad,9,Married-civ-spouse,Machine-op-inspct,Husband,White,Male,0,1579,42,United-States,<=50K
36,Private,162130,HS-grad,9,Married-civ-spouse,Machine-op-inspct,Husband,White,Male,0,0,40,United-States,<=50K
54,Self-emp-inc,166459,Prof-school,15,Married-civ-spouse,Prof-specialty,Husband,White,Male,99999,0,60,United-States,>50K
30,Private,113163,Some-college,10,Never-married,Other-service,Not-in-family,White,Male,0,0,24,United-States,<=50K
29,Self-emp-inc,124950,Bachelors,13,Never-married,Sales,Own-child,White,Female,0,0,40,United-States,<=50K
25,Private,164938,HS-grad,9,Never-married,Machine-op-inspct,Own-child,White,Male,4416,0,40,United-States,<=50K
37,Private,98941,Masters,14,Never-married,Exec-managerial,Not-in-family,White,Male,0,0,40,United-States,>50K
19,Private,261207,HS-grad,9,Never-married,Other-service,Own-child,White,Male,0,0,15,United-States,<=50K
59,Local-gov,93211,Bachelors,13,Married-civ-spouse,Exec-managerial,Wife,White,Female,0,0,22,United-States,>50K
55,State-gov,258121,Bachelors,13,Divorced,Exec-managerial,Unmarried,Black,Male,0,0,40,United-States,<=50K
21,Private,191807,Some-college,10,Never-married,Other-service,Own-child,White,Male,0,0,40,United-States,<=50K
27,Private,199177,Some-college,10,Never-married,Adm-clerical,Own-child,White,Female,0,0,40,Mexico,<=50K
43,Private,245317,Assoc-acdm,12,Never-married,Sales,Own-child,White,Male,0,0,40,United-States,<=50K
62,Private,244341,Doctorate,16,Married-civ-spouse,Prof-specialty,Husband,White,Male,15024,0,50,United-States,>50K
36,Private,192878,Masters,14,Married-civ-spouse,Prof-specialty,Husband,White,Male,0,1977,60,United-States,>50K
38,Federal-gov,207066,HS-grad,9,Married-civ-spouse,Exec-managerial,Husband,White,Male,0,0,42,United-States,>50K
21,Private,113185,Some-college,10,Never-married,Adm-clerical,Own-child,White,Male,0,0,50,United-States,<=50K
71,Self-emp-inc,66624,Bachelors,13,Married-civ-spouse,Exec-managerial,Husband,White,Male,0,2392,60,United-States,>50K
24,Private,456460,Assoc-acdm,12,Married-civ-spouse,Adm-clerical,Wife,White,Female,0,0,40,United-States,<=50K
35,Private,170017,Some-college,10,Married-civ-spouse,Tech-support,Husband,White,Male,0,0,40,United-States,>50K
30,Private,302372,11th,7,Divorced,Sales,Own-child,White,Male,0,0,40,United-States,<=50K
21,State-gov,39236,Some-college,10,Never-married,Prof-specialty,Not-in-family,White,Female,0,0,8,United-States,<=50K
50,Private,193741,HS-grad,9,Married-civ-spouse,Exec-managerial,Husband,White,Male,0,0,60,United-States,<=50K
39,Private,270059,Some-college,10,Divorced,Adm-clerical,Unmarried,White,Female,0,0,35,United-States,<=50K
22,Private,210562,Bachelors,13,Never-married,Adm-clerical,Own-child,White,Female,0,0,40,United-States,<=50K
38,State-gov,91670,Some-college,10,Divorced,Prof-specialty,Own-child,Asian-Pac-Islander,Female,0,0,40,United-States,<=50K
35,Private,187119,Some-college,10,Divorced,Exec-managerial,Not-in-family,White,Female,0,0,70,United-States,<=50K
26,Private,271544,Bachelors,13,Never-married,Sales,Not-in-family,Asian-Pac-Islander,Male,0,0,20,South,<=50K
45,Self-emp-not-inc,322658,HS-grad,9,Married-civ-spouse,Farming-fishing,Husband,White,Male,0,0,70,United-States,<=50K
41,Private,119838,HS-grad,9,Married-civ-spouse,Tech-support,Husband,White,Male,0,0,40,United-States,<=50K
33,Private,259351,11th,7,Separated,Machine-op-inspct,Other-relative,White,Male,0,0,30,United-States,<=50K
44,Private,120277,Prof-school,15,Married-civ-spouse,Prof-specialty,Husband,White,Male,99999,0,60,United-States,>50K
34,Local-gov,142717,Preschool,1,Never-married,Adm-clerical,Own-child,Black,Female,0,0,25,United-States,<=50K
55,Private,352812,7th-8th,4,Married-civ-spouse,Transport-moving,Husband,White,Male,0,0,50,United-States,<=50K
47,Private,60374,Some-college,10,Divorced,Adm-clerical,Unmarried,White,Female,0,0,42,United-States,<=50K
37,Private,94334,7th-8th,4,Never-married,Machine-op-inspct,Own-child,White,Female,0,0,25,United-States,<=50K
37,Self-emp-not-inc,183575,HS-grad,9,Married-civ-spouse,Prof-specialty,Husband,White,Male,3137,0,30,United-States,<=50K
62,Private,112873,7th-8th,4,Divorced,Craft-repair,Own-child,White,Male,0,0,40,United-States,<=50K
46,Local-gov,231793,Masters,14,Divorced,Exec-managerial,Not-in-family,White,Male,0,0,50,United-States,>50K
41,Private,106159,HS-grad,9,Never-married,Machine-op-inspct,Own-child,White,Male,15024,0,48,United-States,>50K
36,State-gov,77146,Masters,14,Never-married,Prof-specialty,Not-in-family,White,Male,0,0,40,United-States,<=50K
17,Private,100828,11th,7,Never-married,Other-service,Not-in-family,White,Male,0,0,20,United-States,<=50K
50,Private,113080,Bachelors,13,Married-civ-spouse,Sales,Husband,White,Male,0,0,40,United-States,<=50K
31,Self-emp-not-inc,195904,HS-grad,9,Married-civ-spouse,Craft-repair,Own-child,White,Male,0,0,40,United-States,<=50K
44,Private,229335,Assoc-acdm,12,Widowed,Adm-clerical,Unmarried,White,Female,0,0,40,United-States,<=50K
36,Private,177287,Bachelors,13,Never-married,Other-service,Not-in-family,White,Male,2176,0,20,?,<=50K
65,Without-pay,27051,7th-8th,4,Widowed,Farming-fishing,Unmarried,White,Female,0,0,50,United-States,<=50K
28,Private,204596,Some-college,10,Married-civ-spouse,Tech-support,Wife,White,Female,0,0,40,United-States,<=50K
37,Private,227307,Bachelors,13,Married-civ-spouse,Sales,Husband,White,Male,0,0,55,United-States,>50K
49,Self-emp-not-inc,148429,HS-grad,9,Divorced,Farming-fishing,Not-in-family,White,Female,0,0,28,United-States,<=50K
22,Private,403911,HS-grad,9,Married-civ-spouse,Craft-repair,Husband,White,Male,0,0,40,United-States,<=50K
46,Private,278322,Doctorate,16,Married-civ-spouse,Sales,Husband,White,Male,0,0,40,United-States,>50K
60,?,152744,HS-grad,9,Married-civ-spouse,?,Husband,White,Male,0,0,5,United-States,<=50K
53,Private,68991,HS-grad,9,Married-civ-spouse,Transport-moving,Husband,White,Male,0,0,40,United-States,<=50K
29,Private,209808,5th-6th,3,Married-civ-spouse,Other-service,Husband,White,Male,0,0,40,Mexico,<=50K
29,Private,160512,HS-grad,9,Separated,Adm-clerical,Own-child,White,Female,0,0,40,United-States,<=50K
56,Private,22428,HS-grad,9,Married-civ-spouse,Prof-specialty,Husband,White,Male,0,0,40,United-States,<=50K
24,Local-gov,117023,Bachelors,13,Never-married,Prof-specialty,Own-child,White,Female,0,0,40,United-States,<=50K
33,Private,170456,HS-grad,9,Married-civ-spouse,Craft-repair,Husband,White,Male,0,0,40,United-States,<=50K
27,Private,58150,HS-grad,9,Married-civ-spouse,Handlers-cleaners,Husband,Amer-Indian-Eskimo,Male,0,0,8,United-States,<=50K
17,Private,197420,11th,7,Never-married,Sales,Own-child,White,Female,0,0,15,United-States,<=50K
21,Private,113163,Some-college,10,Never-married,Adm-clerical,Own-child,White,Male,0,0,50,United-States,<=50K
40,Private,39432,Assoc-voc,11,Never-married,Prof-specialty,Not-in-family,White,Female,0,0,50,United-States,<=50K
22,Private,355320,Some-college,10,Never-married,Adm-clerical,Not-in-family,White,Female,0,0,40,United-States,<=50K
33,Private,204734,Some-college,10,Married-civ-spouse,Exec-managerial,Husband,White,Male,0,0,40,United-States,>50K
41,Private,210844,Some-college,10,Married-spouse-absent,Sales,Unmarried,Black,Female,0,0,40,United-States,<=50K
30,Private,113163,Some-college,10,Never-married,Other-service,Not-in-family,White,Male,0,0,24,United-States,<=50K
31,Private,181008,HS-grad,9,Divorced,Adm-clerical,Unmarried,White,Female,0,0,35,United-States,<=50K
48,Private,348618,Some-college,10,Married-civ-spouse,Craft-repair,Other-relative,Asian-Pac-Islander,Male,0,0,40,Cambodia,>50K
32,Private,72591,HS-grad,9,Married-civ-spouse,Craft-repair,Husband,White,Male,0,0,40,United-States,<=50K
25,Private,183575,11th,7,Never-married,Craft-repair,Own-child,White,Male,0,0,40,United-States,<=50K
45,Private,462440,11th,7,Widowed,Other-service,Not-in-family,Black,Female,0,0,20,United-States,<=50K
32,Private,215892,Some-college,10,Never-married,Craft-repair,Not-in-family,White,Male,4650,0,45,United-States,<=50K
48,Private,351416,Some-college,10,Married-civ-spouse,Craft-repair,Other-relative,Asian-Pac-Islander,Male,0,0,40,Cambodia,>50K
77,?,232220,9th,5,Married-civ-spouse,?,Husband,Black,Male,0,0,40,United-States,<=50K
31,Private,37650,Bachelors,13,Never-married,Prof-specialty,Not-in-family,White,Female,0,0,40,United-States,<=50K
42,Private,342414,Doctorate,16,Never-married,Prof-specialty,Not-in-family,White,Male,0,0,50,United-States,<=50K
59,Federal-gov,98984,Bachelors,13,Divorced,Adm-clerical,Not-in-family,White,Male,0,0,40,United-States,<=50K
60,Private,240468,HS-grad,9,Married-civ-spouse,Machine-op-inspct,Husband,Black,Male,0,0,40,United-States,<=50K
42,Private,188300,Bachelors,13,Married-civ-spouse,Prof-specialty,Husband,White,Male,0,0,40,United-States,<=50K
22,Private,218903,Some-college,10,Married-civ-spouse,Sales,Husband,White,Male,0,0,55,United-States,<=50K
43,Private,216385,Bachelors,13,Divorced,Adm-clerical,Unmarried,White,Female,0,0,40,Germany,<=50K
41,Private,110732,Some-college,10,Divorced,Tech-support,Not-in-family,White,Female,0,0,40,United-States,<=50K
29,Private,148429,HS-grad,9,Married-civ-spouse,Farming-fishing,Husband,White,Male,0,0,60,United-States,<=50K
41,Private,106679,Masters,14,Never-married,Exec-managerial,Not-in-family,White,Male,27828,0,50,United-States,>50K
18,?,171748,Some-college,10,Never-married,?,Own-child,Black,Female,0,0,24,United-States,<=50K
35,Private,166153,Bachelors,13,Married-civ-spouse,Exec-managerial,Husband,White,Male,0,0,50,United-States,>50K
19,?,306459,Some-college,10,Never-married,?,Own-child,White,Male,0,0,40,United-States,<=50K
50,Private,194134,HS-grad,9,Married-civ-spouse,Exec-managerial,Husband,White,Male,0,0,60,United-States,<=50K
54,Federal-gov,51048,HS-grad,9,Married-civ-spouse,Prof-specialty,Husband,White,Male,0,0,40,United-States,>50K
28,Private,632733,Masters,14,Married-civ-spouse,Sales,Husband,White,Male,0,0,60,United-States,>50K
48,Private,200496,HS-grad,9,Married-civ-spouse,Prof-specialty,Wife,White,Female,0,0,8,United-States,<=50K
45,Private,46221,11th,7,Widowed,Other-service,Not-in-family,Black,Female,0,0,20,United-States,<=50K
62,Private,243743,Doctorate,16,Married-civ-spouse,Prof-specialty,Husband,White,Male,14344,0,50,United-States,>50K
19,Private,119529,Some-college,10,Never-married,Other-service,Own-child,White,Female,0,0,15,United-States,<=50K
29,Local-gov,153052,Masters,14,Never-married,Prof-specialty,Other-relative,Asian-Pac-Islander,Female,1506,0,40,United-States,<=50K
45,Self-emp-not-inc,183898,Bachelors,13,Divorced,Prof-specialty,Not-in-family,White,Male,0,0,45,United-States,<=50K
32,Private,194630,Bachelors,13,Married-civ-spouse,Sales,Husband,White,Male,0,1902,40,United-States,>50K
75,Self-emp-not-inc,106873,11th,7,Widowed,Sales,Not-in-family,White,Male,0,0,40,United-States,<=50K
56,Self-emp-not-inc,145175,HS-grad,9,Married-civ-spouse,Other-service,Husband,White,Male,0,1902,60,United-States,>50K
71,Self-emp-inc,66624,Bachelors,13,Married-civ-spouse,Exec-managerial,Husband,White,Male,0,2392,60,United-States,>50K
40,Private,200496,Bachelors,13,Separated,Sales,Not-in-family,White,Male,0,0,40,United-States,<=50K
30,Private,87054,HS-grad,9,Married-civ-spouse,Craft-repair,Husband,White,Male,0,0,50,United-States,<=50K
46,Private,94809,Some-college,10,Divorced,Priv-house-serv,Unmarried,White,Female,0,0,30,United-States,<=50K
44,Private,156015,Some-college,10,Married-civ-spouse,Tech-support,Husband,White,Male,0,0,44,United-States,>50K
17,Private,216497,11th,7,Never-married,Sales,Own-child,White,Female,0,0,20,United-States,<=50K
32,Private,198349,Some-college,10,Divorced,Exec-managerial,Not-in-family,White,Female,0,0,38,United-States,<=50K
87,Private,143574,HS-grad,9,Married-spouse-absent,Sales,Not-in-family,White,Male,0,0,16,United-States,<=50K
37,Local-gov,52465,HS-grad,9,Never-married,Other-service,Not-in-family,White,Male,0,0,40,United-States,<=50K
34,Private,118605,Bachelors,13,Never-married,Exec-managerial,Not-in-family,White,Female,0,0,40,United-States,<=50K
45,Private,97176,11th,7,Divorced,Adm-clerical,Unmarried,White,Female,0,0,16,United-States,<=50K
34,Private,173673,Masters,14,Divorced,Exec-managerial,Not-in-family,White,Male,27828,0,60,United-States,>50K
22,Federal-gov,281219,Some-college,10,Never-married,Transport-moving,Own-child,White,Male,0,0,4,United-States,<=50K
47,Private,34845,HS-grad,9,Married-civ-spouse,Transport-moving,Husband,White,Male,0,0,60,United-States,<=50K
40,Self-emp-not-inc,76317,Bachelors,13,Never-married,Prof-specialty,Not-in-family,White,Male,0,0,50,United-States,<=50K
50,Private,158294,Assoc-voc,11,Married-civ-spouse,Tech-support,Husband,White,Male,3103,0,40,United-States,>50K
24,Private,230684,Assoc-acdm,12,Never-married,Adm-clerical,Own-child,White,Female,0,0,40,United-States,<=50K
42,Private,245317,HS-grad,9,Married-civ-spouse,Sales,Husband,White,Male,0,0,50,United-States,<=50K
41,State-gov,539019,Some-college,10,Never-married,Farming-fishing,Not-in-family,Black,Male,0,0,40,United-States,<=50K
40,Private,100292,HS-grad,9,Married-civ-spouse,Sales,Husband,White,Male,0,0,52,United-States,>50K
48,Private,99385,HS-grad,9,Separated,Adm-clerical,Not-in-family,White,Female,0,0,40,United-States,<=50K
47,Self-emp-not-inc,117310,HS-grad,9,Never-married,Other-service,Not-in-family,White,Female,0,1848,48,United-States,<=50K
61,Private,86958,HS-grad,9,Widowed,Adm-clerical,Not-in-family,White,Female,0,0,40,United-States,<=50K
41,Private,274363,Some-college,10,Married-civ-spouse,Machine-op-inspct,Husband,White,Male,7298,0,42,United-States,>50K
35,Private,170195,Some-college,10,Married-civ-spouse,Tech-support,Husband,White,Male,0,0,40,United-States,>50K
25,Private,371987,HS-grad,9,Divorced,Adm-clerical,Not-in-family,White,Female,0,0,40,United-States,<=50K
25,Private,371987,HS-grad,9,Divorced,Adm-clerical,Not-in-family,White,Female,0,0,40,United-States,<=50K
67,Self-emp-inc,51838,Some-college,10,Married-civ-spouse,Sales,Husband,White,Male,0,0,40,United-States,<=50K
20,Private,48121,HS-grad,9,Never-married,Handlers-cleaners,Own-child,White,Male,0,0,40,United-States,<=50K
38,Private,93140,HS-grad,9,Separated,Machine-op-inspct,Unmarried,Black,Female,0,0,28,United-States,<=50K
40,Private,100292,HS-grad,9,Married-civ-spouse,Sales,Husband,White,Male,0,0,52,United-States,>50K
40,Private,110732,HS-grad,9,Never-married,Adm-clerical,Own-child,White,Female,0,0,50,United-States,<=50K
37,Private,98941,Masters,14,Never-married,Exec-managerial,Not-in-family,White,Male,0,0,40,United-States,>50K
50,Private,308205,Bachelors,13,Married-civ-spouse,Sales,Husband,White,Male,0,0,45,United-States,>50K
46,Private,89667,Some-college,10,Married-spouse-absent,Craft-repair,Not-in-family,Asian-Pac-Islander,Male,0,0,40,Philippines,<=50K
26,Private,325732,Bachelors,13,Never-married,Prof-specialty,Not-in-family,White,Female,0,0,45,United-States,<=50K
40,Local-gov,32533,Masters,14,Married-civ-spouse,Exec-managerial,Husband,White,Male,0,0,35,United-States,>50K
35,Self-emp-not-inc,129777,7th-8th,4,Married-civ-spouse,Farming-fishing,Husband,White,Male,0,0,40,United-States,<=50K
33,Local-gov,255474,Some-college,10,Married-civ-spouse,Protective-serv,Husband,White,Male,0,0,45,United-States,<=50K
24,Private,200574,HS-grad,9,Never-married,Handlers-cleaners,Own-child,White,Male,0,0,45,United-States,<=50K
34,Private,118584,Assoc-acdm,12,Married-civ-spouse,Prof-specialty,Husband,White,Male,0,0,55,United-States,<=50K
58,Private,187067,Bachelors,13,Never-married,Prof-specialty,Not-in-family,White,Female,0,0,62,Canada,<=50K
61,State-gov,348618,Masters,14,Married-civ-spouse,Exec-managerial,Husband,White,Male,0,0,40,United-States,>50K
37,Local-gov,152587,Some-college,10,Never-married,Craft-repair,Not-in-family,White,Male,0,0,40,United-States,<=50K
38,?,75024,7th-8th,4,Divorced,?,Not-in-family,White,Female,0,0,40,United-States,<=50K
29,Self-emp-not-inc,75435,Some-college,10,Married-civ-spouse,Prof-specialty,Husband,Amer-Indian-Eskimo,Male,0,0,40,United-States,<=50K
28,Private,173673,5th-6th,3,Never-married,Other-service,Not-in-family,White,Female,0,0,40,Mexico,<=50K
34,Private,361742,11th,7,Married-civ-spouse,Transport-moving,Husband,White,Male,0,0,40,United-States,<=50K
29,Self-emp-inc,124771,Bachelors,13,Never-married,Sales,Own-child,White,Female,0,0,40,United-States,<=50K
41,Private,275093,Some-college,10,Married-civ-spouse,Machine-op-inspct,Husband,White,Male,7298,0,42,United-States,>50K
46,Private,27937,Bachelors,15,Married-civ-spouse,Sales,Husband,White,Male,0,0,40,United-States,>50K
21,?,199177,HS-grad,9,Never-married,?,Not-in-family,White,Female,0,0,40,United-States,<=50K
22,Private,167065,HS-grad,9,Never-married,Sales,Unmarried,White,Female,0,0,40,United-States,<=50K
17,?,41643,11th,7,Never-married,?,Own-child,White,Female,0,0,15,United-States,<=50K
25,Private,130143,Some-college,10,Divorced,Other-service,Not-in-family,White,Male,0,0,30,United-States,<=50K
44,Private,228960,HS-grad,9,Married-civ-spouse,Craft-repair,Husband,Black,Male,0,0,40,?,<=50K
32,Private,419691,12th,8,Married-civ-spouse,Sales,Husband,White,Male,0,0,40,United-States,>50K
53,Private,121441,Some-college,10,Married-civ-spouse,Sales,Husband,White,Male,0,0,55,United-States,<=50K
47,Private,158924,HS-grad,9,Married-civ-spouse,Tech-support,Wife,White,Female,0,0,40,United-States,<=50K
37,Private,125856,HS-grad,9,Never-married,Craft-repair,Own-child,White,Male,0,0,40,United-States,<=50K
57,Self-emp-not-inc,258121,Bachelors,13,Married-civ-spouse,Exec-managerial,Husband,White,Male,0,0,50,United-States,<=50K
51,Private,245873,Some-college,10,Married-civ-spouse,Adm-clerical,Wife,White,Female,0,0,40,United-States,<=50K
53,Self-emp-not-inc,26585,Assoc-voc,11,Married-civ-spouse,Sales,Husband,White,Male,0,0,50,United-States,>50K
45,State-gov,284763,Some-college,10,Divorced,Prof-specialty,Unmarried,Black,Female,0,0,40,United-States,<=50K
32,Private,178623,Assoc-acdm,12,Never-married,Sales,Not-in-family,Black,Female,0,0,46,Trinadad&Tobago,<=50K
41,Private,352812,Some-college,10,Married-civ-spouse,Exec-managerial,Wife,White,Female,0,1902,40,United-States,>50K
40,Private,293623,HS-grad,9,Married-civ-spouse,Craft-repair,Husband,White,Male,0,0,40,United-States,<=50K
36,Private,161092,HS-grad,9,Married-civ-spouse,Machine-op-inspct,Husband,White,Male,0,0,60,United-States,<=50K
36,Local-gov,403911,Bachelors,13,Married-civ-spouse,Prof-specialty,Husband,White,Male,0,1887,40,United-States,>50K
40,Private,114483,HS-grad,9,Married-civ-spouse,Machine-op-inspct,Husband,White,Male,0,0,40,United-States,<=50K
57,Self-emp-not-inc,166153,HS-grad,9,Married-civ-spouse,Craft-repair,Husband,White,Male,0,0,50,United-States,<=50K
38,Private,284763,Prof-school,15,Never-married,Prof-specialty,Not-in-family,White,Male,0,0,50,United-States,<=50K
57,Private,111129,HS-grad,9,Married-civ-spouse,Craft-repair,Husband,White,Male,0,0,40,United-States,>50K
34,Private,34845,HS-grad,9,Never-married,Handlers-cleaners,Not-in-family,White,Male,0,0,60,United-States,<=50K
45,Self-emp-not-inc,314659,Bachelors,13,Married-civ-spouse,Sales,Husband,White,Male,2829,0,60,United-States,<=50K
40,Private,110732,HS-grad,9,Never-married,Adm-clerical,Own-child,White,Female,0,0,50,United-States,<=50K
24,Private,36058,Bachelors,13,Never-married,Sales,Not-in-family,White,Male,0,0,50,United-States,<=50K
39,Private,191243,HS-grad,9,Never-married,Machine-op-inspct,Unmarried,White,Male,0,0,48,United-States,<=50K
23,Local-gov,204373,Some-college,10,Married-civ-spouse,Protective-serv,Husband,Black,Male,0,0,40,United-States,<=50K
22,?,164332,Some-college,10,Never-married,?,Own-child,White,Female,0,0,40,Italy,<=50K
38,Private,93140,HS-grad,9,Separated,Machine-op-inspct,Unmarried,Black,Female,0,0,28,United-States,<=50K
56,Self-emp-not-inc,186328,11th,7,Widowed,Other-service,Unmarried,White,Female,0,0,50,United-States,<=50K
30,Private,157473,Some-college,10,Never-married,Craft-repair,Other-relative,White,Male,0,0,55,Ecuador,<=50K
49,State-gov,175109,Some-college,10,Married-civ-spouse,Prof-specialty,Husband,White,Male,0,0,50,United-States,>50K
22,Local-gov,39236,Some-college,10,Never-married,Prof-specialty,Own-child,White,Female,594,0,25,United-States,<=50K
28,Private,292673,Some-college,10,Never-married,Adm-clerical,Own-child,White,Female,0,0,42,United-States,<=50K
23,Private,220124,10th,6,Never-married,Handlers-cleaners,Other-relative,Other,Male,0,0,40,United-States,<=50K
34,Private,200574,HS-grad,9,Separated,Transport-moving,Own-child,White,Male,0,0,25,Columbia,<=50K
52,Self-emp-inc,74712,HS-grad,9,Married-civ-spouse,Sales,Husband,Asian-Pac-Islander,Male,0,0,40,United-States,>50K
48,Private,355686,Bachelors,13,Married-civ-spouse,Prof-specialty,Husband,White,Male,0,0,45,Canada,>50K
30,Private,323069,HS-grad,9,Never-married,Adm-clerical,Not-in-family,White,Female,0,0,30,United-States,<=50K
29,Private,112776,HS-grad,9,Divorced,Exec-managerial,Unmarried,White,Female,0,0,45,United-States,<=50K
28,Private,45381,Some-college,10,Never-married,Priv-house-serv,Not-in-family,White,Female,0,0,40,United-States,<=50K
43,Self-emp-not-inc,64112,Some-college,10,Married-civ-spouse,Farming-fishing,Husband,White,Male,0,0,50,United-States,<=50K
53,Private,153486,HS-grad,9,Married-civ-spouse,Craft-repair,Husband,White,Male,0,0,40,United-States,>50K
33,Private,33895,HS-grad,9,Married-civ-spouse,Craft-repair,Husband,White,Male,0,0,40,United-States,<=50K
49,State-gov,175109,Some-college,10,Married-civ-spouse,Prof-specialty,Husband,White,Male,0,0,50,United-States,>50K
47,Private,59380,Some-college,10,Divorced,Adm-clerical,Unmarried,White,Female,0,0,42,United-States,<=50K
51,Private,142717,Doctorate,16,Divorced,Craft-repair,Not-in-family,White,Female,4787,0,60,United-States,>50K
43,Private,293176,Bachelors,13,Married-civ-spouse,Sales,Husband,White,Male,0,0,40,United-States,>50K
44,Private,228960,HS-grad,9,Married-civ-spouse,Craft-repair,Husband,Black,Male,0,0,40,?,<=50K
35,Private,187119,Some-college,10,Divorced,Exec-managerial,Not-in-family,White,Female,0,0,70,United-States,<=50K
21,Private,170456,Assoc-acdm,12,Never-married,Handlers-cleaners,Own-child,White,Male,0,0,15,United-States,<=50K
38,Self-emp-not-inc,320984,Bachelors,13,Married-civ-spouse,Other-service,Husband,White,Male,0,0,10,United-States,<=50K
48,Private,163455,Bachelors,13,Divorced,Exec-managerial,Not-in-family,White,Female,0,0,50,United-States,>50K
27,Private,189565,HS-grad,9,Married-civ-spouse,Exec-managerial,Own-child,White,Male,0,0,40,United-States,<=50K
23,Private,376540,Some-college,10,Never-married,Other-service,Unmarried,White,Female,0,0,25,United-States,<=50K
31,Private,182237,10th,6,Separated,Transport-moving,Unmarried,White,Male,0,0,40,United-States,<=50K
42,Private,257863,HS-grad,9,Never-married,Sales,Not-in-family,White,Male,0,0,60,United-States,>50K
41,Private,443508,Bachelors,13,Married-civ-spouse,Transport-moving,Husband,White,Male,0,0,48,Canada,>50K
37,Private,21798,HS-grad,9,Married-civ-spouse,Craft-repair,Husband,White,Male,0,0,45,United-States,>50K
21,Private,221336,HS-grad,9,Never-married,Other-service,Own-child,Amer-Indian-Eskimo,Male,0,0,30,United-States,<=50K
56,Private,225399,HS-grad,9,Married-civ-spouse,Prof-specialty,Husband,White,Male,0,0,40,United-States,<=50K
40,Private,218903,HS-grad,9,Divorced,Tech-support,Unmarried,White,Female,0,0,40,United-States,<=50K
52,Private,247711,Masters,14,Married-civ-spouse,Exec-managerial,Husband,White,Male,15024,0,50,United-States,>50K
29,Private,209934,5th-6th,3,Married-civ-spouse,Other-service,Husband,White,Male,0,0,40,Mexico,<=50K
52,?,316606,Some-college,10,Married-civ-spouse,?,Wife,White,Female,0,0,40,United-States,>50K
31,Private,106437,HS-grad,9,Never-married,Adm-clerical,Not-in-family,White,Female,0,0,40,United-States,<=50K
44,Private,227890,HS-grad,9,Married-civ-spouse,Craft-repair,Husband,Black,Male,0,0,40,?,<=50K
49,Self-emp-not-inc,155862,HS-grad,9,Married-civ-spouse,Farming-fishing,Husband,White,Male,0,0,50,United-States,>50K
55,Private,84774,HS-grad,9,Married-civ-spouse,Priv-house-serv,Wife,White,Female,0,0,30,United-States,<=50K
19,Private,169204,HS-grad,9,Never-married,Sales,Own-child,White,Female,0,0,25,United-States,<=50K
62,Local-gov,103344,HS-grad,9,Divorced,Craft-repair,Not-in-family,White,Male,0,0,40,United-States,<=50K
49,Private,131088,Bachelors,13,Married-civ-spouse,Exec-managerial,Husband,White,Male,0,0,50,United-States,>50K
22,?,279129,Some-college,10,Never-married,?,Own-child,White,Male,0,0,36,United-States,<=50K
32,Private,293926,Assoc-acdm,12,Divorced,Machine-op-inspct,Not-in-family,White,Female,0,0,50,United-States,<=50K
40,Private,212840,10th,6,Never-married,Transport-moving,Not-in-family,White,Male,0,0,40,United-States,<=50K
55,Private,164332,HS-grad,9,Separated,Other-service,Not-in-family,White,Female,0,0,16,United-States,<=50K
64,Self-emp-not-inc,211531,HS-grad,9,Married-civ-spouse,Craft-repair,Husband,White,Male,0,0,20,United-States,<=50K
27,Private,167615,HS-grad,9,Never-married,Exec-managerial,Own-child,White,Male,0,0,40,United-States,<=50K
26,Private,322143,Bachelors,13,Never-married,Prof-specialty,Not-in-family,White,Female,0,0,45,United-States,<=50K
32,Private,198183,Some-college,10,Divorced,Exec-managerial,Not-in-family,White,Female,0,0,38,United-States,<=50K
31,Local-gov,277488,Some-college,10,Never-married,Protective-serv,Not-in-family,Black,Male,0,0,40,United-States,<=50K
42,Private,228729,Bachelors,13,Married-civ-spouse,Tech-support,Husband,White,Male,0,0,45,United-States,>50K
35,?,197150,Some-college,10,Married-civ-spouse,?,Husband,Asian-Pac-Islander,Male,0,0,40,Philippines,>50K
55,Private,85041,HS-grad,9,Married-civ-spouse,Priv-house-serv,Wife,White,Female,0,0,30,United-States,<=50K
67,Self-emp-inc,116517,Bachelors,13,Widowed,Other-service,Unmarried,White,Female,0,0,35,United-States,<=50K
18,Private,193746,11th,7,Never-married,Other-service,Other-relative,Black,Male,0,0,30,United-States,<=50K
36,Private,353628,Bachelors,13,Divorced,Adm-clerical,Unmarried,White,Female,0,0,40,United-States,<=50K
57,Self-emp-not-inc,43945,Some-college,10,Married-civ-spouse,Tech-support,Husband,White,Male,0,0,38,United-States,>50K
46,State-gov,102628,Masters,14,Widowed,Protective-serv,Unmarried,White,Male,0,0,40,United-States,<=50K
25,Private,253250,Some-college,10,Never-married,Adm-clerical,Not-in-family,White,Female,0,0,40,United-States,<=50K
24,Private,201454,HS-grad,9,Never-married,Adm-clerical,Unmarried,White,Male,0,0,60,United-States,<=50K
49,Private,271379,HS-grad,9,Married-civ-spouse,Exec-managerial,Husband,White,Male,0,0,72,United-States,<=50K
42,Private,202662,Assoc-voc,11,Married-civ-spouse,Prof-specialty,Husband,White,Male,0,0,40,Canada,<=50K
53,Self-emp-not-inc,168539,9th,5,Married-civ-spouse,Farming-fishing,Husband,White,Male,0,0,70,United-States,<=50K
46,Private,75256,HS-grad,9,Married-civ-spouse,Priv-house-serv,Wife,White,Female,0,0,40,United-States,<=50K
31,Private,181372,HS-grad,9,Divorced,Adm-clerical,Unmarried,White,Female,0,0,35,United-States,<=50K
23,Private,218782,10th,6,Never-married,Handlers-cleaners,Other-relative,Other,Male,0,0,40,United-States,<=50K
22,Private,220269,Some-college,10,Never-married,Sales,Own-child,White,Female,0,0,25,United-States,<=50K
33,Private,29702,Bachelors,13,Never-married,Prof-specialty,Not-in-family,Black,Male,0,0,50,United-States,>50K
32,Private,119099,HS-grad,9,Married-civ-spouse,Adm-clerical,Wife,White,Female,0,0,44,United-States,<=50K
36,Private,225156,HS-grad,9,Married-civ-spouse,Craft-repair,Husband,White,Male,7298,0,40,United-States,>50K
28,Private,102142,Some-college,10,Never-married,Tech-support,Not-in-family,White,Male,0,0,40,United-States,<=50K
34,Private,158294,Bachelors,13,Married-civ-spouse,Exec-managerial,Husband,White,Male,0,0,70,United-States,<=50K
49,Local-gov,173584,Bachelors,13,Never-married,Prof-specialty,Not-in-family,White,Female,0,0,50,United-States,<=50K
35,Private,106943,HS-grad,9,Married-civ-spouse,Sales,Husband,White,Male,0,0,60,United-States,<=50K
45,Private,193882,Assoc-voc,11,Never-married,Other-service,Unmarried,White,Female,0,0,40,Mexico,<=50K
28,Private,250647,Bachelors,13,Married-civ-spouse,Prof-specialty,Husband,White,Male,0,0,50,United-States,<=50K
32,State-gov,190023,Some-college,10,Divorced,Prof-specialty,Other-relative,White,Female,0,0,40,United-States,<=50K
29,Private,127918,Bachelors,13,Married-civ-spouse,Sales,Husband,White,Male,0,0,45,United-States,<=50K
25,Private,246974,Bachelors,13,Never-married,Sales,Not-in-family,White,Male,3325,0,48,United-States,<=50K
20,Private,282023,Some-college,10,Never-married,Other-service,Own-child,White,Male,0,0,50,United-States,<=50K
44,Private,156015,Some-college,10,Married-civ-spouse,Tech-support,Husband,White,Male,0,0,44,United-States,>50K
32,Private,29702,Assoc-acdm,12,Divorced,Machine-op-inspct,Not-in-family,White,Female,0,0,50,United-States,<=50K
73,Local-gov,232577,7th-8th,4,Married-civ-spouse,Protective-serv,Husband,White,Male,2228,0,10,United-States,<=50K
38,Private,163204,HS-grad,9,Married-civ-spouse,Transport-moving,Husband,White,Male,0,1740,40,United-States,<=50K
26,Self-emp-inc,189502,Bachelors,13,Married-civ-spouse,Sales,Husband,White,Male,0,0,80,United-States,>50K
26,Private,350853,5th-6th,3,Never-married,Transport-moving,Not-in-family,White,Male,0,0,40,?,<=50K
55,Private,198146,HS-grad,9,Never-married,Priv-house-serv,Unmarried,White,Female,0,0,40,Mexico,<=50K
29,State-gov,382272,Bachelors,13,Never-married,Craft-repair,Not-in-family,White,Male,0,0,40,United-States,<=50K
32,Private,237386,12th,8,Married-civ-spouse,Craft-repair,Other-relative,White,Male,0,0,40,Mexico,<=50K
50,Private,205803,Masters,14,Married-civ-spouse,Sales,Husband,White,Male,15024,0,40,United-States,>50K
51,Private,153052,Some-college,10,Married-civ-spouse,Handlers-cleaners,Husband,White,Male,0,0,40,United-States,<=50K
63,Federal-gov,311826,Some-college,10,Married-civ-spouse,Exec-managerial,Husband,White,Male,15024,0,40,United-States,>50K
33,Private,225267,HS-grad,9,Married-civ-spouse,Other-service,Husband,White,Male,0,1672,50,United-States,<=50K
20,?,359985,Some-college,10,Never-married,?,Own-child,White,Female,0,0,35,United-States,<=50K
45,Self-emp-not-inc,32948,Bachelors,13,Married-civ-spouse,Farming-fishing,Husband,White,Male,0,0,60,United-States,<=50K
25,Private,165065,HS-grad,9,Never-married,Machine-op-inspct,Own-child,White,Male,4416,0,40,United-States,<=50K
67,Private,160456,11th,7,Widowed,Other-service,Not-in-family,White,Female,0,0,40,United-States,<=50K
60,Federal-gov,632733,Bachelors,13,Married-civ-spouse,Adm-clerical,Husband,Black,Male,0,0,40,United-States,>50K
63,Private,271312,HS-grad,9,Married-civ-spouse,Craft-repair,Husband,White,Male,0,0,29,United-States,<=50K
56,Self-emp-not-inc,176389,HS-grad,9,Married-civ-spouse,Exec-managerial,Husband,White,Male,0,0,46,United-States,<=50K
19,Private,119529,Some-college,10,Never-married,Other-service,Own-child,White,Female,0,0,15,United-States,<=50K
18,Private,193122,11th,7,Never-married,Other-service,Other-relative,Black,Male,0,0,30,United-States,<=50K
40,Private,294121,HS-grad,9,Married-civ-spouse,Craft-repair,Husband,White,Male,0,0,40,United-States,<=50K
24,Private,311826,HS-grad,9,Never-married,Handlers-cleaners,Own-child,White,Male,0,0,30,United-States,<=50K
23,Private,376540,Some-college,10,Never-married,Other-service,Unmarried,White,Female,0,0,25,United-States,<=50K
22,Private,112693,HS-grad,9,Married-civ-spouse,Craft-repair,Husband,White,Male,0,0,35,United-States,<=50K
23,Private,272185,Assoc-voc,11,Never-married,Craft-repair,Own-child,White,Male,0,0,33,United-States,<=50K
27,Private,125856,Prof-school,15,Never-married,Prof-specialty,Other-relative,White,Female,0,0,40,United-States,<=50K
22,?,279129,Some-college,10,Never-married,?,Own-child,White,Male,0,0,36,United-States,<=50K
19,Private,186651,HS-grad,9,Never-married,Machine-op-inspct,Not-in-family,White,Male,0,0,40,United-States,<=50K
51,Private,245317,Some-college,10,Married-civ-spouse,Adm-clerical,Wife,White,Female,0,0,40,United-States,<=50K
40,Self-emp-not-inc,76487,Bachelors,13,Never-married,Prof-specialty,Not-in-family,White,Male,0,0,50,United-States,<=50K
27,Self-emp-not-inc,65308,HS-grad,9,Married-civ-spouse,Farming-fishing,Husband,White,Male,0,0,50,United-States,<=50K
32,Private,280567,Assoc-voc,11,Divorced,Sales,Unmarried,White,Female,0,1504,40,United-States,<=50K
31,Self-emp-not-inc,234504,Some-college,10,Married-civ-spouse,Craft-repair,Husband,White,Male,0,0,60,United-States,<=50K
19,Private,197042,HS-grad,9,Never-married,Other-service,Not-in-family,White,Female,0,0,40,United-States,<=50K
53,Private,173673,Prof-school,15,Married-civ-spouse,Prof-specialty,Husband,White,Male,0,0,40,United-States,>50K
23,State-gov,170066,Some-college,10,Never-married,Prof-specialty,Own-child,White,Female,0,0,6,United-States,<=50K
50,Private,158002,Assoc-voc,11,Married-civ-spouse,Tech-support,Husband,White,Male,3103,0,40,United-States,>50K
20,Private,367240,Some-college,10,Never-married,Other-service,Own-child,White,Female,0,0,20,United-States,<=50K
56,Private,226032,HS-grad,9,Married-civ-spouse,Prof-specialty,Husband,White,Male,0,0,40,United-States,<=50K
50,Private,156877,HS-grad,9,Married-civ-spouse,Adm-clerical,Husband,White,Male,0,0,35,United-States,<=50K
45,Private,175878,HS-grad,9,Never-married,Other-service,Not-in-family,White,Female,0,0,40,El-Salvador,<=50K
51,Private,261677,HS-grad,9,Married-civ-spouse,Other-service,Husband,White,Male,0,0,40,Cuba,>50K
36,Private,175431,HS-grad,9,Married-civ-spouse,Craft-repair,Husband,White,Male,0,0,35,United-States,<=50K
50,Private,308205,Bachelors,13,Married-civ-spouse,Sales,Husband,White,Male,0,0,45,United-States,>50K
56,Self-emp-inc,217460,12th,8,Married-civ-spouse,Exec-managerial,Husband,White,Male,0,1651,40,United-States,<=50K
49,Self-emp-not-inc,148003,HS-grad,9,Divorced,Farming-fishing,Not-in-family,White,Female,0,0,28,United-States,<=50K
48,Federal-gov,277946,Some-college,10,Married-civ-spouse,Craft-repair,Husband,White,Male,0,0,40,United-States,>50K
40,Private,114011,HS-grad,9,Married-civ-spouse,Machine-op-inspct,Husband,White,Male,0,0,40,United-States,<=50K
53,Private,99476,HS-grad,9,Divorced,Other-service,Not-in-family,White,Female,0,0,38,United-States,<=50K
29,State-gov,215039,Bachelors,13,Married-civ-spouse,Prof-specialty,Husband,White,Male,0,0,40,Honduras,>50K
40,Self-emp-inc,140915,Bachelors,13,Married-civ-spouse,Tech-support,Husband,Other,Male,0,0,40,France,>50K
34,Private,168539,Bachelors,13,Married-civ-spouse,Exec-managerial,Husband,White,Male,0,0,50,United-States,>50K
45,Private,101656,10th,6,Never-married,Machine-op-inspct,Not-in-family,Asian-Pac-Islander,Male,0,0,40,Vietnam,<=50K
20,State-gov,178244,Some-college,10,Never-married,Farming-fishing,Not-in-family,White,Male,0,0,40,United-States,<=50K
35,Private,143574,HS-grad,9,Married-civ-spouse,Machine-op-inspct,Husband,White,Male,0,0,40,United-States,<=50K
56,Private,266645,Bachelors,13,Married-civ-spouse,Craft-repair,Husband,White,Male,0,0,40,United-States,<=50K
47,Local-gov,171705,HS-grad,9,Divorced,Adm-clerical,Not-in-family,White,Female,0,0,40,United-States,<=50K
19,Private,247711,12th,8,Married-spouse-absent,Other-service,Own-child,Other,Female,0,0,20,United-States,<=50K
31,Private,241885,HS-grad,9,Never-married,Farming-fishing,Unmarried,White,Male,0,0,45,United-States,<=50K
54,Local-gov,287831,Some-college,10,Married-civ-spouse,Adm-clerical,Wife,Black,Female,0,0,55,United-States,>50K
24,Private,281647,1st-4th,2,Never-married,Farming-fishing,Not-in-family,Other,Male,0,0,66,Mexico,<=50K
47,Private,140282,HS-grad,9,Married-civ-spouse,Exec-managerial,Husband,White,Male,0,0,40,United-States,>50K
36,Private,172571,HS-grad,9,Married-civ-spouse,Sales,Husband,White,Male,0,0,45,United-States,<=50K
30,Private,157747,Some-college,10,Never-married,Craft-repair,Other-relative,White,Male,0,0,55,Ecuador,<=50K
24,Private,311020,HS-grad,9,Never-married,Handlers-cleaners,Own-child,White,Male,0,0,30,United-States,<=50K
22,Private,210781,Bachelors,13,Never-married,Adm-clerical,Own-child,White,Female,0,0,40,United-States,<=50K
18,Local-gov,159662,7th-8th,4,Never-married,Farming-fishing,Own-child,White,Male,0,0,40,United-States,<=50K
43,Self-emp-inc,207668,Prof-school,15,Married-civ-spouse,Prof-specialty,Husband,White,Male,0,0,25,United-States,>50K
34,Private,347445,HS-grad,9,Never-married,Handlers-cleaners,Not-in-family,White,Male,0,0,60,United-States,<=50K
48,Private,113163,Bachelors,13,Married-civ-spouse,Craft-repair,Husband,White,Male,99999,0,40,United-States,>50K
47,Private,58343,Some-college,10,Divorced,Adm-clerical,Unmarried,White,Female,0,0,42,United-States,<=50K
48,Local-gov,67716,Masters,14,Married-civ-spouse,Prof-specialty,Husband,White,Male,7688,0,50,United-States,>50K
50,Private,158294,Assoc-voc,11,Married-civ-spouse,Tech-support,Husband,White,Male,3103,0,40,United-States,>50K
46,Private,403911,HS-grad,9,Married-civ-spouse,Craft-repair,Husband,Black,Male,0,1902,40,United-States,>50K
44,Local-gov,156926,Masters,14,Divorced,Prof-specialty,Not-in-family,White,Female,0,0,50,United-States,>50K
25,Private,373606,HS-grad,9,Divorced,Adm-clerical,Not-in-family,White,Female,0,0,40,United-States,<=50K
34,Private,93213,Masters,14,Married-civ-spouse,Other-service,Husband,White,Male,0,0,30,United-States,<=50K
20,Private,410351,Some-college,10,Never-married,Prof-specialty,Not-in-family,White,Female,0,0,40,United-States,<=50K
70,?,158615,HS-grad,9,Widowed,?,Not-in-family,White,Female,3103,0,20,United-States,<=50K
25,Private,205469,12th,8,Married-civ-spouse,Machine-op-inspct,Husband,White,Male,0,0,40,El-Salvador,<=50K
20,Private,203784,Some-college,10,Never-married,Sales,Own-child,White,Female,0,0,32,United-States,<=50K
24,Private,27624,HS-grad,9,Never-married,Handlers-cleaners,Not-in-family,White,Female,0,0,36,United-States,<=50K
48,Private,353881,Bachelors,13,Married-civ-spouse,Prof-specialty,Husband,White,Male,0,0,45,Canada,>50K
28,Private,175262,9th,5,Divorced,Prof-specialty,Not-in-family,Black,Female,0,0,40,United-States,<=50K
48,Local-gov,195904,Some-college,10,Married-civ-spouse,Protective-serv,Husband,White,Male,0,0,42,United-States,>50K
47,Self-emp-not-inc,117310,HS-grad,9,Never-married,Other-service,Not-in-family,White,Female,0,1876,48,United-States,<=50K
32,Private,180060,Assoc-acdm,12,Never-married,Sales,Not-in-family,Black,Female,0,0,46,Trinadad&Tobago,<=50K
52,Private,222450,12th,8,Separated,Machine-op-inspct,Other-relative,White,Female,0,0,40,Cuba,<=50K
60,Self-emp-not-inc,166153,Some-college,10,Married-civ-spouse,Sales,Husband,White,Male,0,0,50,United-States,<=50K
32,Private,198183,Some-college,10,Divorced,Exec-managerial,Not-in-family,White,Female,0,0,38,United-States,<=50K
56,Private,75785,HS-grad,9,Married-civ-spouse,Exec-managerial,Husband,White,Male,0,0,40,United-States,>50K
63,Private,114157,HS-grad,9,Separated,Craft-repair,Not-in-family,White,Female,0,0,20,United-States,<=50K
50,Private,99925,HS-grad,9,Married-civ-spouse,Adm-clerical,Husband,White,Male,0,0,32,United-States,<=50K
20,Private,307837,Some-college,10,Never-married,Other-service,Own-child,White,Male,0,0,16,United-States,<=50K
33,Local-gov,120508,Bachelors,13,Divorced,Protective-serv,Unmarried,White,Female,0,0,60,Germany,<=50K
27,Private,421065,Bachelors,13,Never-married,Craft-repair,Not-in-family,White,Male,0,0,50,United-States,<=50K
31,Private,37650,Bachelors,13,Never-married,Prof-specialty,Not-in-family,White,Female,0,0,40,United-States,<=50K
71,Private,93202,HS-grad,9,Divorced,Other-service,Not-in-family,White,Female,0,0,16,United-States,<=50K
43,Federal-gov,145175,Bachelors,13,Married-civ-spouse,Adm-clerical,Husband,White,Male,0,0,42,United-States,>50K
53,Self-emp-not-inc,263970,Assoc-voc,11,Married-civ-spouse,Sales,Husband,White,Male,0,0,50,United-States,>50K
22,Private,220426,Bachelors,13,Never-married,Adm-clerical,Own-child,White,Male,0,0,40,United-States,<=50K
27,Private,189565,HS-grad,9,Married-civ-spouse,Exec-managerial,Own-child,White,Male,0,0,40,United-States,<=50K
24,Self-emp-not-inc,172186,Assoc-acdm,12,Never-married,Craft-repair,Own-child,White,Male,0,0,40,United-States,<=50K
42,Private,259351,HS-grad,9,Never-married,Sales,Not-in-family,White,Male,0,0,60,United-States,>50K
39,Self-emp-not-inc,188576,Assoc-voc,11,Married-civ-spouse,Farming-fishing,Husband,White,Male,0,0,60,United-States,<=50K
20,Private,334741,5th-6th,3,Married-civ-spouse,Craft-repair,Husband,White,Male,0,0,40,Mexico,<=50K
38,Private,27016,HS-grad,9,Married-civ-spouse,Farming-fishing,Husband,White,Male,0,0,42,United-States,<=50K
19,Private,229954,Some-college,10,Never-married,Prof-specialty,Own-child,White,Male,0,0,11,United-States,<=50K
23,Private,390867,9th,5,Never-married,Farming-fishing,Unmarried,White,Male,0,0,70,United-States,<=50K
19,?,306459,Some-college,10,Never-married,?,Own-child,White,Male,0,0,40,United-States,<=50K
35,Private,339029,HS-grad,9,Divorced,Craft-repair,Unmarried,White,Female,0,0,48,United-States,<=50K
29,Private,130793,HS-grad,9,Never-married,Handlers-cleaners,Own-child,White,Male,0,0,25,United-States,<=50K
31,Local-gov,275369,Some-college,10,Never-married,Protective-serv,Not-in-family,Black,Male,0,0,40,United-States,<=50K
53,Private,108836,9th,5,Married-civ-spouse,Transport-moving,Husband,White,Male,0,0,40,United-States,<=50K
40,Private,199763,Bachelors,13,Separated,Sales,Not-in-family,White,Male,0,0,40,United-States,<=50K
27,Private,199118,Some-college,10,Never-married,Adm-clerical,Own-child,White,Female,0,0,40,Mexico,<=50K
31,Private,300915,Some-college,10,Divorced,Adm-clerical,Unmarried,White,Female,0,0,40,United-States,<=50K
27,Private,193051,HS-grad,9,Married-civ-spouse,Machine-op-inspct,Husband,White,Male,0,0,40,United-States,<=50K
29,Private,185019,12th,8,Never-married,Other-service,Not-in-family,Other,Male,0,0,40,United-States,<=50K
25,Private,371987,Some-college,10,Never-married,Adm-clerical,Own-child,White,Female,0,0,40,United-States,<=50K
46,Private,281647,Bachelors,13,Divorced,Transport-moving,Not-in-family,White,Male,0,0,40,United-States,<=50K
31,Private,100734,Doctorate,16,Never-married,Prof-specialty,Not-in-family,White,Female,0,0,28,United-States,<=50K
28,Local-gov,304960,Assoc-acdm,12,Never-married,Adm-clerical,Not-in-family,White,Female,0,1980,40,United-States,<=50K
60,Private,241350,HS-grad,9,Married-civ-spouse,Machine-op-inspct,Husband,Black,Male,0,0,40,United-States,<=50K
25,Private,359985,5th-6th,3,Never-married,Adm-clerical,Not-in-family,White,Female,0,0,33,Mexico,<=50K
34,Local-gov,144182,Masters,1,Never-married,Adm-clerical,Own-child,Black,Female,0,0,25,United-States,<=50K
47,Private,114483,HS-grad,9,Married-civ-spouse,Sales,Husband,White,Male,0,0,40,United-States,>50K
34,Private,110622,Masters,14,Divorced,Exec-managerial,Other-relative,Asian-Pac-Islander,Female,0,0,40,South,<=50K
44,Local-gov,157473,Masters,14,Divorced,Prof-specialty,Not-in-family,White,Female,0,0,50,United-States,>50K
21,Private,221915,HS-grad,9,Never-married,Other-service,Own-child,Amer-Indian-Eskimo,Male,0,0,30,United-States,<=50K
20,Private,104164,HS-grad,9,Never-married,Handlers-cleaners,Own-child,White,Male,0,0,40,United-States,<=50K
25,Private,130143,Some-college,10,Divorced,Other-service,Not-in-family,White,Male,0,0,30,United-States,<=50K
43,Local-gov,256173,Bachelors,13,Married-civ-spouse,Prof-specialty,Husband,White,Male,0,0,55,United-States,>50K
56,Self-emp-inc,217460,12th,8,Married-civ-spouse,Exec-managerial,Husband,White,Male,0,1651,40,United-States,<=50K
32,Private,421065,12th,8,Married-civ-spouse,Sales,Husband,White,Male,0,0,40,United-States,>50K
37,Private,216145,11th,7,Married-civ-spouse,Craft-repair,Husband,White,Male,0,0,45,United-States,<=50K
22,Private,285367,Bachelors,13,Never-married,Exec-managerial,Own-child,White,Male,0,0,45,United-States,<=50K
36,Self-emp-not-inc,205852,Bachelors,13,Never-married,Craft-repair,Own-child,White,Male,0,0,40,United-States,<=50K
28,Local-gov,168539,Masters,14,Married-civ-spouse,Prof-specialty,Wife,White,Female,7688,0,35,United-States,>50K
27,Private,213225,Bachelors,13,Married-civ-spouse,Prof-specialty,Wife,White,Female,7298,0,45,England,>50K
22,Local-gov,39222,Some-college,10,Never-married,Prof-specialty,Own-child,White,Female,594,0,25,United-States,<=50K
25,Private,211531,12th,8,Never-married,Other-service,Not-in-family,White,Male,0,0,40,United-States,<=50K
29,Private,177287,HS-grad,9,Married-civ-spouse,Machine-op-inspct,Husband,White,Male,0,0,40,United-States,<=50K
37,Private,22428,Assoc-voc,11,Never-married,Other-service,Not-in-family,White,Male,0,0,40,United-States,<=50K
51,Self-emp-inc,180195,HS-grad,9,Married-civ-spouse,Sales,Husband,White,Male,0,0,50,United-States,<=50K
46,Private,33895,HS-grad,9,Married-civ-spouse,Craft-repair,Husband,White,Male,0,0,40,United-States,>50K
32,Private,125856,Assoc-acdm,12,Married-civ-spouse,Exec-managerial,Husband,White,Male,0,0,60,United-States,>50K
33,Private,339029,HS-grad,9,Married-civ-spouse,Craft-repair,Husband,White,Male,0,0,40,United-States,<=50K
41,Private,106159,HS-grad,9,Never-married,Machine-op-inspct,Own-child,White,Male,13550,0,48,United-States,>50K
33,Private,259351,11th,7,Separated,Machine-op-inspct,Other-relative,White,Male,0,0,30,United-States,<=50K
44,Private,73392,Some-college,10,Married-civ-spouse,Craft-repair,Husband,White,Male,5178,0,50,United-States,>50K
34,Private,209547,Some-college,10,Married-civ-spouse,Adm-clerical,Husband,White,Male,0,0,40,United-States,>50K
49,Private,274363,HS-grad,9,Married-civ-spouse,Exec-managerial,Husband,White,Male,0,0,72,United-States,<=50K
