age,workclass,fnlwgt,education,education-num,marital-status,occupation,relationship,race,sex,capital-gain,capital-loss,hours-per-week,native-country,income
28,Private,61777,Masters,14,Married-civ-spouse,Sales,Husband,White,Male,0,0,60,United-States,>50K
31,Private,209609,HS-grad,9,Married-civ-spouse,Transport-moving,Husband,White,Male,0,0,65,United-States,<=50K
29,Private,207188,HS-grad,9,Married-civ-spouse,Craft-repair,Husband,White,Male,0,0,40,United-States,<=50K
34,Private,355728,Bachelors,13,Married-civ-spouse,Sales,Husband,White,Male,0,0,40,United-States,<=50K
67,Self-emp-inc,116493,Bachelors,13,Widowed,Other-service,Unmarried,White,Female,0,0,35,United-States,<=50K
47,Private,207140,HS-grad,9,Divorced,Adm-clerical,Not-in-family,White,Female,0,0,38,United-States,<=50K
50,Self-emp-inc,194134,HS-grad,9,Married-civ-spouse,Exec-managerial,Husband,White,Male,0,0,70,Greece,>50K
30,State-gov,137613,Masters,14,Married-civ-spouse,Prof-specialty,Husband,Asian-Pac-Islander,Male,0,0,20,Taiwan,<=50K
53,Private,237943,Some-college,10,Married-civ-spouse,Exec-managerial,Husband,White,Male,0,0,50,United-States,>50K
27,Private,309895,Bachelors,13,Divorced,Prof-specialty,Not-in-family,White,Male,0,0,50,United-States,<=50K
36,Private,67187,HS-grad,9,Married-civ-spouse,Sales,Husband,White,Male,0,0,50,United-States,<=50K
17,Private,247711,11th,7,Never-married,Other-service,Own-child,White,Male,0,0,12,United-States,<=50K
18,Private,59202,HS-grad,9,Never-married,Priv-house-serv,Other-relative,White,Female,0,0,10,United-States,<=50K
29,Private,57758,HS-grad,9,Married-civ-spouse,Craft-repair,Husband,White,Male,0,0,40,United-States,<=50K
62,?,73091,7th-8th,4,Widowed,?,Not-in-family,Black,Male,0,0,40,United-States,<=50K
28,Private,110164,Some-college,10,Divorced,Other-service,Other-relative,Black,Male,0,0,24,United-States,<=50K
38,Private,197600,Assoc-voc,11,Married-civ-spouse,Sales,Husband,White,Male,0,0,40,United-States,<=50K
27,Private,50132,Some-college,10,Divorced,Sales,Not-in-family,White,Male,0,0,50,United-States,<=50K
39,Private,359985,Assoc-acdm,12,Married-civ-spouse,Machine-op-inspct,Husband,White,Male,0,0,40,United-States,<=50K
32,Private,256362,HS-grad,9,Married-civ-spouse,Machine-op-inspct,Husband,White,Male,0,0,40,United-States,>50K
24,Private,248533,Some-college,10,Never-married,Sales,Other-relative,Black,Female,0,0,40,United-States,<=50K
38,Private,216116,HS-grad,9,Married-civ-spouse,Machine-op-inspct,Husband,Black,Male,0,1740,40,Haiti,<=50K
47,State-gov,188171,Assoc-voc,11,Married-civ-spouse,Tech-support,Husband,White,Male,0,0,48,United-States,>50K
28,Private,198258,Assoc-voc,11,Married-civ-spouse,Sales,Husband,White,Male,0,0,40,United-States,<=50K
17,Private,328060,12th,8,Never-married,Adm-clerical,Own-child,White,Female,0,0,30,United-States,<=50K
29,Private,228960,Some-college,10,Married-civ-spouse,Exec-managerial,Husband,White,Male,0,1887,50,United-States,>50K
33,Private,250087,HS-grad,9,Married-civ-spouse,Machine-op-inspct,Husband,White,Male,0,0,48,United-States,<=50K
59,Private,230039,HS-grad,9,Married-civ-spouse,Sales,Husband,White,Male,0,0,40,United-States,<=50K
46,Private,186916,HS-grad,9,Divorced,Craft-repair,Other-relative,White,Male,0,0,48,United-States,>50K
48,Local-gov,102076,Bachelors,13,Never-married,Adm-clerical,Unmarried,White,Female,0,0,35,United-States,<=50K
52,Federal-gov,22428,Bachelors,13,Married-civ-spouse,Protective-serv,Husband,White,Male,0,0,60,United-States,>50K
77,Self-emp-not-inc,163215,Preschool,1,Widowed,Exec-managerial,Not-in-family,White,Female,0,0,60,United-States,<=50K
28,Private,110164,Some-college,10,Divorced,Other-service,Other-relative,Black,Male,0,0,24,United-States,<=50K
33,Private,171409,Bachelors,13,Married-civ-spouse,Exec-managerial,Husband,White,Male,0,0,50,United-States,>50K
21,Private,61777,Some-college,10,Never-married,Craft-repair,Not-in-family,White,Male,0,0,70,United-States,<=50K
36,Private,102729,HS-grad,9,Married-civ-spouse,Handlers-cleaners,Husband,White,Male,0,0,45,United-States,>50K
21,Private,64885,HS-grad,9,Never-married,Machine-op-inspct,Own-child,White,Male,0,0,40,United-States,<=50K
27,Private,568490,HS-grad,9,Married-civ-spouse,Handlers-cleaners,Husband,Amer-Indian-Eskimo,Male,0,0,8,United-States,<=50K
29,Self-emp-not-inc,75785,Some-college,10,Married-civ-spouse,Prof-specialty,Husband,Amer-Indian-Eskimo,Male,0,0,40,United-States,<=50K
49,Private,283613,Some-college,10,Married-civ-spouse,Exec-managerial,Husband,White,Male,0,0,45,United-States,>50K
29,Private,209609,HS-grad,9,Married-civ-spouse,Craft-repair,Husband,White,Male,0,0,40,United-States,<=50K
43,Self-emp-inc,239947,Some-college,10,Married-civ-spouse,Exec-managerial,Husband,White,Male,0,0,70,United-States,>50K
63,?,33487,HS-grad,9,Married-civ-spouse,?,Husband,White,Male,0,0,20,United-States,<=50K
36,Private,51789,Some-college,10,Divorced,Adm-clerical,Unmarried,White,Female,0,0,40,United-States,<=50K
43,Private,219086,Bachelors,13,Divorced,Sales,Not-in-family,White,Female,0,0,50,United-States,<=50K
35,Local-gov,116960,Masters,14,Married-civ-spouse,Prof-specialty,Husband,White,Male,0,1887,40,United-States,>50K
32,State-gov,159549,Assoc-acdm,12,Married-civ-spouse,Craft-repair,Husband,White,Male,0,0,40,United-States,<=50K
44,Self-emp-inc,219701,HS-grad,9,Married-civ-spouse,Other-service,Husband,Black,Male,0,0,48,United-States,<=50K
47,Self-emp-inc,101926,Bachelors,13,Divorced,Exec-managerial,Not-in-family,White,Male,0,0,70,United-States,>50K
51,Private,30656,Assoc-voc,11,Married-civ-spouse,Craft-repair,Husband,White,Male,0,0,40,Canada,>50K
37,Private,191807,Bachelors,13,Married-civ-spouse,Adm-clerical,Husband,White,Male,0,0,50,United-States,>50K
70,Private,174181,HS-grad,9,Married-civ-spouse,Sales,Husband,White,Male,0,0,40,United-States,<=50K
34,State-gov,239947,HS-grad,9,Divorced,Transport-moving,Unmarried,White,Female,0,0,40,United-States,<=50K
34,Private,145214,HS-grad,9,Married-spouse-absent,Other-service,Unmarried,White,Female,0,0,65,United-States,<=50K
28,Private,632733,Masters,14,Married-civ-spouse,Sales,Husband,White,Male,0,0,60,United-States,>50K
46,Local-gov,377622,HS-grad,9,Married-civ-spouse,Other-service,Husband,White,Male,0,0,40,United-States,<=50K
38,Private,198170,Assoc-voc,11,Married-civ-spouse,Sales,Husband,White,Male,0,0,40,United-States,<=50K
28,Local-gov,305673,Assoc-acdm,12,Never-married,Adm-clerical,Not-in-family,White,Female,0,1980,40,United-States,<=50K
50,State-gov,198170,Bachelors,13,Never-married,Exec-managerial,Not-in-family,White,Female,0,0,40,United-States,<=50K
51,Private,245317,Some-college,10,Married-civ-spouse,Adm-clerical,Wife,White,Female,0,0,40,United-States,<=50K
48,Private,194526,Some-college,10,Married-civ-spouse,Sales,Wife,White,Female,0,0,40,United-States,<=50K
18,Private,51789,Some-college,10,Never-married,Other-service,Own-child,White,Male,0,0,8,United-States,<=50K
41,Federal-gov,254907,Some-college,10,Married-civ-spouse,Transport-moving,Wife,White,Female,7298,0,40,United-States,>50K
30,Federal-gov,266463,HS-grad,9,Married-civ-spouse,Adm-clerical,Husband,White,Male,0,0,40,United-States,>50K
34,Private,235646,HS-grad,9,Never-married,Machine-op-inspct,Unmarried,White,Male,0,0,40,United-States,<=50K
33,Private,25249,HS-grad,9,Married-civ-spouse,Machine-op-inspct,Husband,White,Male,0,0,48,United-States,<=50K
39,Private,108943,11th,7,Divorced,Other-service,Unmarried,White,Female,0,0,40,United-States,<=50K
36,Private,102723,HS-grad,9,Married-civ-spouse,Handlers-cleaners,Husband,White,Male,0,0,45,United-States,>50K
70,?,158294,HS-grad,9,Widowed,?,Not-in-family,White,Female,3103,0,20,United-States,<=50K
50,Private,30269,Bachelors,13,Married-civ-spouse,Prof-specialty,Husband,White,Male,0,0,40,United-States,<=50K
23,Private,231141,Some-college,10,Never-married,Handlers-cleaners,Own-child,Black,Male,0,0,22,United-States,<=50K
37,Private,189382,Assoc-acdm,12,Divorced,Adm-clerical,Not-in-family,White,Female,0,1564,40,United-States,<=50K
23,Private,387468,9th,5,Never-married,Farming-fishing,Unmarried,White,Male,0,0,70,United-States,<=50K
45,Self-emp-not-inc,287480,HS-grad,9,Married-civ-spouse,Exec-managerial,Husband,Asian-Pac-Islander,Male,0,0,40,China,<=50K
31,Private,22149,Prof-school,15,Divorced,Tech-support,Not-in-family,White,Female,0,0,35,United-States,<=50K
40,Private,240504,HS-grad,9,Divorced,Craft-repair,Not-in-family,White,Male,0,0,50,United-States,<=50K
37,Private,189674,Assoc-acdm,12,Divorced,Adm-clerical,Not-in-family,White,Female,0,1564,40,United-States,<=50K
32,Private,256916,HS-grad,9,Married-civ-spouse,Machine-op-inspct,Husband,White,Male,0,0,40,United-States,>50K
29,Private,188798,HS-grad,9,Divorced,Farming-fishing,Not-in-family,White,Male,0,0,40,United-States,<=50K
23,Private,349751,HS-grad,9,Never-married,Sales,Not-in-family,White,Male,0,0,40,United-States,<=50K
28,Private,207188,Bachelors,13,Married-civ-spouse,Sales,Husband,White,Male,7298,0,42,United-States,>50K
29,Private,30840,Bachelors,13,Never-married,Craft-repair,Not-in-family,White,Male,0,0,40,United-States,<=50K
51,Private,27804,Some-college,10,Divorced,Priv-house-serv,Unmarried,Amer-Indian-Eskimo,Female,0,0,35,United-States,<=50K
38,Private,188972,Bachelors,13,Never-married,Exec-managerial,Not-in-family,White,Male,0,1340,40,United-States,<=50K
22,Private,172694,Some-college,10,Never-married,Handlers-cleaners,Not-in-family,White,Male,0,0,40,Poland,<=50K
36,Private,35305,Bachelors,13,Divorced,Adm-clerical,Unmarried,White,Female,0,0,40,United-States,<=50K
54,Private,192226,Bachelors,13,Married-civ-spouse,Exec-managerial,Husband,White,Male,0,0,55,United-States,>50K
32,Private,216867,Some-college,10,Never-married,Craft-repair,Not-in-family,White,Male,4650,0,45,United-States,<=50K
79,?,142370,Prof-school,15,Married-civ-spouse,?,Husband,White,Male,0,0,10,United-States,<=50K
65,State-gov,29261,7th-8th,4,Widowed,Other-service,Other-relative,White,Female,0,0,24,United-States,<=50K
36,Private,279173,Assoc-acdm,12,Never-married,Tech-support,Unmarried,White,Female,0,0,45,United-States,<=50K
39,Self-emp-not-inc,189759,Bachelors,13,Married-civ-spouse,Sales,Husband,White,Male,0,0,60,United-States,<=50K
65,?,371987,7th-8th,4,Married-civ-spouse,?,Husband,White,Male,0,0,20,United-States,<=50K
29,Private,188195,HS-grad,9,Divorced,Farming-fishing,Not-in-family,White,Male,0,0,40,United-States,<=50K
81,?,89391,Prof-school,15,Married-civ-spouse,?,Husband,White,Male,0,0,24,United-States,>50K
22,Private,304960,Bachelors,13,Never-married,Adm-clerical,Not-in-family,Asian-Pac-Islander,Female,0,0,10,Vietnam,<=50K
21,Private,214275,11th,7,Never-married,Handlers-cleaners,Own-child,White,Male,0,0,40,United-States,<=50K
36,Private,49398,Bachelors,13,Married-civ-spouse,Prof-specialty,Husband,White,Male,0,0,50,United-States,>50K
31,Self-emp-not-inc,112873,HS-grad,9,Divorced,Craft-repair,Not-in-family,White,Male,0,0,60,United-States,<=50K
43,Private,137126,Some-college,10,Married-civ-spouse,Exec-managerial,Husband,White,Male,0,0,40,United-States,>50K
47,Self-emp-inc,101926,Bachelors,13,Divorced,Exec-managerial,Not-in-family,White,Male,0,0,70,United-States,>50K
33,Private,135525,Bachelors,13,Never-married,Prof-specialty,Not-in-family,White,Male,0,0,40,United-States,>50K
30,Private,48588,Masters,14,Never-married,Adm-clerical,Not-in-family,White,Female,0,0,40,France,<=50K
42,Private,336969,Some-college,10,Divorced,Adm-clerical,Not-in-family,Black,Female,0,0,40,United-States,<=50K
31,Private,196791,Prof-school,15,Divorced,Prof-specialty,Not-in-family,White,Female,0,0,45,United-States,>50K
43,Self-emp-inc,49398,Assoc-acdm,12,Married-civ-spouse,Exec-managerial,Husband,White,Male,0,0,50,United-States,>50K
31,Private,109421,Assoc-acdm,12,Married-civ-spouse,Adm-clerical,Wife,White,Female,0,1740,40,United-States,<=50K
58,Private,111209,HS-grad,9,Married-civ-spouse,Farming-fishing,Husband,White,Male,0,0,45,United-States,<=50K
37,Private,105803,HS-grad,9,Married-civ-spouse,Craft-repair,Husband,White,Male,2993,0,45,United-States,>50K
28,Local-gov,305673,Assoc-acdm,12,Never-married,Adm-clerical,Not-in-family,White,Female,0,1980,40,United-States,<=50K
48,Private,391121,HS-grad,9,Married-civ-spouse,Tech-support,Husband,White,Male,0,0,89,United-States,<=50K
46,Private,213002,11th,7,Married-civ-spouse,Craft-repair,Husband,White,Male,0,0,32,United-States,<=50K
19,?,194095,Some-college,10,Never-married,?,Own-child,White,Male,0,0,40,United-States,<=50K
31,Private,211032,HS-grad,9,Married-civ-spouse,Transport-moving,Husband,White,Male,0,0,65,United-States,<=50K
21,Private,73679,Some-college,10,Never-married,Exec-managerial,Own-child,White,Female,0,0,40,United-States,<=50K
37,Private,189565,Assoc-acdm,12,Divorced,Adm-clerical,Not-in-family,White,Female,0,1504,40,United-States,<=50K
18,Private,236318,Some-college,10,Never-married,Adm-clerical,Own-child,White,Male,0,0,30,United-States,<=50K
51,Private,45613,HS-grad,9,Divorced,Prof-specialty,Not-in-family,White,Male,0,0,40,United-States,<=50K
19,Private,102723,Some-college,10,Never-married,Adm-clerical,Own-child,White,Female,0,0,40,United-States,<=50K
20,Private,178551,Some-college,10,Never-married,Other-service,Own-child,White,Male,0,0,30,United-States,<=50K
49,Self-emp-not-inc,393691,Some-college,10,Married-civ-spouse,Prof-specialty,Husband,White,Male,0,0,40,United-States,>50K
45,Federal-gov,87207,HS-grad,9,Married-civ-spouse,Adm-clerical,Wife,White,Female,0,0,37,United-States,<=50K
25,Private,35890,5th-6th,3,Never-married,Adm-clerical,Not-in-family,White,Female,0,0,33,Mexico,<=50K
28,Self-emp-not-inc,106943,HS-grad,9,Never-married,Craft-repair,Own-child,White,Male,0,0,45,United-States,<=50K
33,Federal-gov,122215,Some-college,10,Married-civ-spouse,Exec-managerial,Wife,Black,Female,0,0,40,United-States,>50K
40,Private,65866,Some-college,10,Divorced,Tech-support,Unmarried,White,Female,0,213,40,United-States,<=50K
43,Self-emp-inc,241350,Some-college,10,Married-civ-spouse,Exec-managerial,Husband,White,Male,0,0,70,United-States,>50K
37,Private,110713,HS-grad,9,Married-civ-spouse,Sales,Husband,White,Male,0,0,50,United-States,>50K
59,Private,168330,HS-grad,9,Married-spouse-absent,Priv-house-serv,Not-in-family,White,Female,0,0,36,Poland,<=50K
33,Private,158242,9th,5,Married-civ-spouse,Machine-op-inspct,Husband,White,Male,0,0,50,United-States,<=50K
19,Private,102723,Some-college,10,Never-married,Adm-clerical,Own-child,White,Female,0,0,40,United-States,<=50K
29,Private,244688,11th,7,Never-married,Other-service,Unmarried,Black,Female,0,0,40,United-States,<=50K
20,Private,187158,Some-college,10,Never-married,Adm-clerical,Own-child,White,Female,0,0,15,United-States,<=50K
46,Private,403911,HS-grad,9,Married-civ-spouse,Craft-repair,Husband,Black,Male,0,1902,40,United-States,>50K
43,Local-gov,85440,Masters,14,Married-civ-spouse,Prof-specialty,Husband,White,Male,0,0,45,United-States,>50K
21,Private,216116,11th,7,Never-married,Handlers-cleaners,Own-child,White,Male,0,0,40,United-States,<=50K
30,Private,168997,Assoc-acdm,12,Never-married,Other-service,Other-relative,Asian-Pac-Islander,Male,0,0,40,Vietnam,<=50K
17,Private,795830,10th,6,Never-married,Priv-house-serv,Other-relative,White,Male,0,0,30,United-States,<=50K
33,Private,124950,HS-grad,9,Separated,Machine-op-inspct,Unmarried,Black,Female,0,0,40,United-States,<=50K
28,Local-gov,304710,Assoc-acdm,12,Never-married,Adm-clerical,Not-in-family,White,Female,0,1980,40,United-States,<=50K
23,Private,209609,Bachelors,13,Never-married,Sales,Own-child,White,Male,0,0,40,United-States,<=50K
39,Private,358355,Assoc-acdm,12,Married-civ-spouse,Machine-op-inspct,Husband,White,Male,0,0,40,United-States,<=50K
50,Self-emp-not-inc,93705,Some-college,10,Divorced,Sales,Not-in-family,White,Female,0,0,40,United-States,<=50K
46,Private,122220,Bachelors,13,Married-civ-spouse,Craft-repair,Husband,White,Male,0,0,44,United-States,>50K
70,?,158924,HS-grad,9,Widowed,?,Not-in-family,White,Female,2993,0,20,United-States,<=50K
20,Private,269323,HS-grad,9,Married-civ-spouse,Craft-repair,Husband,White,Male,0,0,40,United-States,<=50K
31,Private,188972,Masters,14,Married-civ-spouse,Exec-managerial,Wife,White,Female,0,0,40,United-States,>50K
32,Private,243743,11th,7,Married-civ-spouse,Craft-repair,Husband,White,Male,0,1672,48,United-States,<=50K
23,Private,135525,Bachelors,13,Never-married,Sales,Own-child,Asian-Pac-Islander,Male,0,0,40,United-States,<=50K
36,Private,496025,Bachelors,13,Married-civ-spouse,Prof-specialty,Husband,White,Male,0,0,50,United-States,>50K
18,?,91670,Some-college,10,Never-married,?,Own-child,Asian-Pac-Islander,Female,0,0,40,United-States,<=50K
44,Private,74680,Some-college,10,Married-civ-spouse,Craft-repair,Husband,White,Male,5178,0,50,United-States,>50K
42,Private,336969,Some-college,10,Divorced,Adm-clerical,Not-in-family,Black,Female,0,0,40,United-States,<=50K
48,Private,99385,HS-grad,9,Separated,Adm-clerical,Not-in-family,White,Female,0,0,40,United-States,<=50K
22,Private,219086,Some-college,10,Married-civ-spouse,Sales,Husband,White,Male,0,0,55,United-States,<=50K
58,Private,128162,HS-grad,9,Divorced,Sales,Not-in-family,White,Female,0,0,24,United-States,<=50K
46,Private,186172,HS-grad,9,Divorced,Craft-repair,Other-relative,White,Male,0,0,48,United-States,>50K
18,Private,51838,Some-college,10,Never-married,Other-service,Own-child,White,Male,0,0,8,United-States,<=50K
58,Private,97562,HS-grad,9,Married-civ-spouse,Sales,Wife,White,Female,0,0,38,United-States,<=50K
48,?,144608,Some-college,10,Divorced,?,Unmarried,Black,Female,0,0,30,United-States,<=50K
60,Self-emp-inc,105339,Bachelors,13,Married-civ-spouse,Exec-managerial,Husband,White,Male,7298,0,60,United-States,>50K
41,Self-emp-not-inc,111772,Assoc-acdm,12,Married-civ-spouse,Craft-repair,Husband,White,Male,0,1887,40,United-States,>50K
65,?,371987,7th-8th,4,Married-civ-spouse,?,Husband,White,Male,0,0,20,United-States,<=50K
52,Private,217647,Some-college,10,Married-spouse-absent,Adm-clerical,Not-in-family,White,Female,14084,0,16,United-States,>50K
71,State-gov,210562,HS-grad,9,Married-civ-spouse,Protective-serv,Husband,White,Male,0,0,28,United-States,<=50K
50,State-gov,247806,HS-grad,9,Married-civ-spouse,Handlers-cleaners,Husband,White,Male,0,0,40,United-States,<=50K
64,Private,38973,7th-8th,4,Married-civ-spouse,Farming-fishing,Husband,White,Male,0,0,40,United-States,>50K
34,Private,236391,HS-grad,9,Never-married,Machine-op-inspct,Unmarried,White,Male,0,0,40,United-States,<=50K
17,Private,247547,11th,7,Never-married,Other-service,Own-child,White,Male,0,0,12,United-States,<=50K
24,Private,50700,HS-grad,9,Married-civ-spouse,Farming-fishing,Husband,White,Male,0,0,50,United-States,<=50K
19,Private,137578,Some-college,10,Never-married,Adm-clerical,Own-child,White,Male,0,0,10,United-States,<=50K
65,Private,180599,Some-college,10,Married-civ-spouse,Exec-managerial,Wife,White,Female,0,0,40,United-States,<=50K
50,Self-emp-inc,193081,HS-grad,9,Married-civ-spouse,Exec-managerial,Husband,White,Male,0,0,70,Greece,>50K
49,Self-emp-not-inc,171540,Some-college,10,Married-civ-spouse,Farming-fishing,Husband,White,Male,0,0,60,United-States,<=50K
24,Private,175856,HS-grad,9,Married-civ-spouse,Craft-repair,Husband,White,Male,0,0,40,United-States,<=50K
32,Private,79870,Some-college,10,Married-civ-spouse,Exec-managerial,Own-child,White,Female,2597,0,40,Japan,<=50K
44,Private,43607,Assoc-acdm,12,Married-civ-spouse,Sales,Husband,White,Male,7688,0,40,United-States,>50K
47,Self-emp-not-inc,109428,Bachelors,13,Married-civ-spouse,Exec-managerial,Husband,White,Male,0,0,50,United-States,<=50K
33,Private,508548,HS-grad,9,Married-civ-spouse,Prof-specialty,Husband,White,Male,0,0,40,United-States,<=50K
44,Self-emp-inc,219701,HS-grad,9,Married-civ-spouse,Other-service,Husband,Black,Male,0,0,48,United-States,<=50K
40,Local-gov,105862,Bachelors,13,Divorced,Prof-specialty,Unmarried,White,Female,5455,0,40,United-States,<=50K
45,Self-emp-not-inc,286750,HS-grad,9,Married-civ-spouse,Exec-managerial,Husband,Asian-Pac-Islander,Male,0,0,40,China,<=50K
22,Private,30656,HS-grad,9,Never-married,Other-service,Own-child,White,Female,0,0,19,United-States,<=50K
47,Federal-gov,138705,Some-college,10,Married-civ-spouse,Adm-clerical,Husband,Black,Male,0,0,40,United-States,>50K
35,Private,198258,HS-grad,9,Married-civ-spouse,Farming-fishing,Husband,White,Male,0,0,40,United-States,<=50K
55,Private,110748,Bachelors,13,Married-civ-spouse,Exec-managerial,Husband,White,Male,0,1887,40,United-States,>50K
47,Local-gov,287480,Masters,14,Married-civ-spouse,Prof-specialty,Husband,White,Male,0,0,40,United-States,<=50K
24,Private,152724,HS-grad,9,Never-married,Machine-op-inspct,Unmarried,Black,Male,0,0,40,United-States,<=50K
49,State-gov,207188,HS-grad,9,Married-civ-spouse,Handlers-cleaners,Husband,White,Male,0,0,40,United-States,>50K
29,Private,127892,Bachelors,13,Married-civ-spouse,Sales,Husband,White,Male,0,0,45,United-States,<=50K
70,?,158924,HS-grad,9,Widowed,?,Not-in-family,White,Female,2993,0,20,United-States,<=50K
41,Self-emp-not-inc,439263,Masters,14,Divorced,Sales,Unmarried,White,Male,0,0,5,United-States,>50K
47,Self-emp-not-inc,94100,Bachelors,13,Never-married,Farming-fishing,Not-in-family,White,Male,0,0,65,United-States,<=50K
40,Self-emp-inc,141545,Bachelors,13,Married-civ-spouse,Exec-managerial,Wife,White,Female,0,0,55,United-States,>50K
62,Local-gov,136787,HS-grad,9,Divorced,Transport-moving,Other-relative,White,Male,0,0,40,United-States,<=50K
51,Private,22428,HS-grad,9,Married-civ-spouse,Machine-op-inspct,Husband,White,Male,0,0,40,United-States,>50K
57,Private,438696,Masters,14,Married-civ-spouse,Prof-specialty,Husband,White,Male,0,1977,45,United-States,>50K
43,Private,282069,Some-college,10,Divorced,Craft-repair,Unmarried,White,Male,0,0,42,United-States,<=50K
19,Private,68552,HS-grad,9,Never-married,Handlers-cleaners,Own-child,White,Male,0,0,30,United-States,<=50K
36,Private,207937,Bachelors,13,Married-civ-spouse,Prof-specialty,Husband,White,Male,0,0,38,United-States,<=50K
39,Private,103710,HS-grad,9,Never-married,Sales,Unmarried,White,Female,0,0,60,United-States,<=50K
34,?,182117,HS-grad,9,Divorced,?,Not-in-family,White,Female,0,0,40,United-States,<=50K
41,Local-gov,184378,Masters,14,Married-civ-spouse,Prof-specialty,Husband,White,Male,0,0,38,United-States,>50K
49,Private,190023,HS-grad,9,Married-civ-spouse,Craft-repair,Husband,White,Male,0,0,40,United-States,>50K
44,Private,285575,Some-college,10,Married-civ-spouse,Transport-moving,Husband,Black,Male,0,0,40,United-States,<=50K
70,?,158642,HS-grad,9,Widowed,?,Not-in-family,White,Female,2993,0,20,United-States,<=50K
22,Private,220603,Some-college,10,Never-married,Sales,Own-child,White,Female,0,0,25,United-States,<=50K
28,Private,291676,Some-college,10,Never-married,Adm-clerical,Own-child,White,Female,0,0,43,United-States,<=50K
46,Private,167987,HS-grad,9,Married-civ-spouse,Craft-repair,Husband,White,Male,0,0,40,United-States,>50K
23,Private,380544,Some-college,10,Married-civ-spouse,Adm-clerical,Husband,White,Male,0,0,40,United-States,>50K
41,Local-gov,53481,Some-college,10,Divorced,Adm-clerical,Unmarried,White,Female,0,0,40,United-States,<=50K
26,Private,32172,Bachelors,13,Never-married,Prof-specialty,Not-in-family,White,Female,0,0,45,United-States,<=50K
33,Private,203488,Some-college,10,Divorced,Adm-clerical,Not-in-family,White,Female,0,0,40,United-States,<=50K
28,Private,79870,Some-college,10,Never-married,Adm-clerical,Other-relative,Black,Male,0,0,40,United-States,<=50K
28,Self-emp-not-inc,107458,HS-grad,9,Never-married,Craft-repair,Own-child,White,Male,0,0,45,United-States,<=50K
22,Private,308239,Bachelors,13,Never-married,Adm-clerical,Not-in-family,Asian-Pac-Islander,Female,0,0,10,Vietnam,<=50K
40,Federal-gov,163204,Bachelors,13,Never-married,Prof-specialty,Not-in-family,White,Female,0,0,40,?,<=50K
30,Private,285127,Bachelors,13,Married-civ-spouse,Other-service,Wife,Asian-Pac-Islander,Female,0,0,40,Philippines,<=50K
41,Private,149102,Bachelors,13,Married-civ-spouse,Exec-managerial,Husband,White,Male,0,0,60,United-States,>50K
23,Private,132996,Assoc-voc,11,Never-married,Adm-clerical,Unmarried,White,Female,0,0,40,United-States,<=50K
22,Private,88050,Assoc-acdm,12,Married-civ-spouse,Exec-managerial,Husband,Asian-Pac-Islander,Male,0,0,6,United-States,<=50K
56,Private,182062,HS-grad,9,Married-civ-spouse,Transport-moving,Husband,White,Male,0,0,48,United-States,>50K
44,Self-emp-not-inc,254907,Masters,14,Married-civ-spouse,Prof-specialty,Husband,White,Male,0,0,54,United-States,<=50K
34,Private,83800,Some-college,10,Married-civ-spouse,Other-service,Wife,White,Female,0,0,30,United-States,<=50K
47,Private,104068,HS-grad,9,Divorced,Prof-specialty,Unmarried,Amer-Indian-Eskimo,Female,0,0,40,United-States,<=50K
33,Local-gov,154891,Assoc-voc,11,Married-civ-spouse,Tech-support,Husband,White,Male,0,0,40,United-States,<=50K
49,State-gov,154493,HS-grad,9,Divorced,Exec-managerial,Unmarried,White,Female,0,0,44,United-States,<=50K
57,Private,176904,11th,7,Married-civ-spouse,Handlers-cleaners,Husband,White,Male,0,0,40,United-States,<=50K
55,Self-emp-inc,79662,HS-grad,9,Married-civ-spouse,Transport-moving,Husband,White,Male,0,0,60,United-States,<=50K
47,Private,275369,Assoc-voc,11,Never-married,Other-service,Not-in-family,White,Female,0,0,55,United-States,<=50K
29,Private,188401,HS-grad,9,Divorced,Farming-fishing,Not-in-family,White,Male,0,0,40,United-States,<=50K
54,Private,192258,Bachelors,13,Married-civ-spouse,Exec-managerial,Husband,White,Male,0,0,55,United-States,>50K
33,Private,110748,Some-college,10,Divorced,Craft-repair,Other-relative,Other,Female,0,0,40,United-States,<=50K
67,Self-emp-not-inc,106143,Doctorate,16,Married-civ-spouse,Sales,Husband,White,Male,20051,0,40,United-States,>50K
37,Private,33619,Some-college,10,Married-civ-spouse,Transport-moving,Husband,White,Male,0,0,50,United-States,<=50K
47,Private,150057,Prof-school,15,Married-civ-spouse,Exec-managerial,Husband,White,Male,7688,0,60,United-States,>50K
50,State-gov,248533,HS-grad,9,Married-civ-spouse,Handlers-cleaners,Husband,White,Male,0,0,40,United-States,<=50K
22,Private,172496,Some-college,10,Never-married,Handlers-cleaners,Not-in-family,White,Male,0,0,40,Poland,<=50K
41,Private,172297,Bachelors,13,Married-civ-spouse,Exec-managerial,Husband,White,Male,0,0,50,United-States,>50K
28,Private,225890,10th,6,Never-married,Machine-op-inspct,Unmarried,White,Female,0,0,40,United-States,<=50K
34,Self-emp-not-inc,198103,HS-grad,9,Married-civ-spouse,Craft-repair,Husband,White,Male,0,0,40,United-States,<=50K
45,Private,72618,Assoc-voc,11,Divorced,Exec-managerial,Not-in-family,White,Male,0,0,60,United-States,<=50K
19,Private,105289,10th,6,Never-married,Other-service,Other-relative,Black,Female,0,0,20,United-States,<=50K
40,Private,358355,HS-grad,9,Married-civ-spouse,Craft-repair,Husband,White,Male,0,1902,45,United-States,>50K
51,Federal-gov,33619,Some-college,10,Separated,Prof-specialty,Not-in-family,Black,Female,0,0,40,United-States,>50K
63,Self-emp-not-inc,795830,1st-4th,2,Widowed,Other-service,Unmarried,White,Female,0,0,30,El-Salvador,<=50K
28,Self-emp-not-inc,228043,Bachelors,13,Never-married,Sales,Not-in-family,White,Female,0,0,48,United-States,<=50K
51,Private,237943,HS-grad,9,Married-civ-spouse,Handlers-cleaners,Husband,White,Male,0,1902,42,United-States,>50K
28,Self-emp-not-inc,107458,HS-grad,9,Never-married,Craft-repair,Own-child,White,Male,0,0,45,United-States,<=50K
25,Private,367306,Some-college,10,Never-married,Adm-clerical,Own-child,White,Female,0,0,40,United-States,<=50K
63,Private,377622,10th,6,Widowed,Other-service,Not-in-family,White,Female,0,0,31,United-States,<=50K
34,Private,346754,Assoc-acdm,12,Never-married,Exec-managerial,Own-child,White,Female,0,0,50,United-States,<=50K
37,Private,203079,Bachelors,13,Widowed,Exec-managerial,Not-in-family,White,Female,0,0,55,United-States,<=50K
56,Private,24790,HS-grad,9,Married-civ-spouse,Tech-support,Husband,White,Male,0,0,40,United-States,<=50K
61,Local-gov,144995,Masters,14,Married-civ-spouse,Exec-managerial,Husband,White,Male,7298,0,60,United-States,>50K
46,Private,178768,HS-grad,9,Divorced,Tech-support,Not-in-family,White,Female,0,0,20,United-States,<=50K
24,Private,247711,Some-college,10,Never-married,Sales,Other-relative,Black,Female,0,0,40,United-States,<=50K
36,Private,102729,HS-grad,9,Married-civ-spouse,Handlers-cleaners,Husband,White,Male,0,0,45,United-States,>50K
41,Private,352812,Some-college,10,Married-civ-spouse,Exec-managerial,Wife,White,Female,0,1902,40,United-States,>50K
22,Private,496025,Some-college,10,Married-civ-spouse,Machine-op-inspct,Husband,White,Male,0,0,40,Mexico,<=50K
53,Private,238481,Some-college,10,Married-civ-spouse,Exec-managerial,Husband,White,Male,0,0,50,United-States,>50K
47,Self-emp-not-inc,117310,HS-grad,9,Never-married,Other-service,Not-in-family,White,Female,0,1876,48,United-States,<=50K
18,Private,237646,Some-college,10,Never-married,Adm-clerical,Own-child,White,Male,0,0,30,United-States,<=50K
53,Private,543028,Some-college,10,Married-civ-spouse,Craft-repair,Husband,White,Male,0,0,40,Guatemala,<=50K
27,Private,141186,HS-grad,9,Married-civ-spouse,Transport-moving,Husband,White,Male,0,1902,45,United-States,<=50K
51,Private,158926,HS-grad,9,Married-civ-spouse,Transport-moving,Husband,White,Male,0,0,84,United-States,>50K
50,State-gov,198103,Bachelors,13,Never-married,Exec-managerial,Not-in-family,White,Female,0,0,40,United-States,<=50K
46,Private,122026,Bachelors,13,Married-civ-spouse,Craft-repair,Husband,White,Male,0,0,44,United-States,>50K
46,Local-gov,121441,HS-grad,9,Divorced,Adm-clerical,Unmarried,White,Female,0,0,30,United-States,<=50K
63,Private,279173,9th,5,Married-civ-spouse,Handlers-cleaners,Husband,White,Male,0,0,32,United-States,<=50K
39,Self-emp-not-inc,190406,Bachelors,13,Married-civ-spouse,Sales,Husband,White,Male,0,0,60,United-States,<=50K
45,Private,178390,HS-grad,9,Divorced,Adm-clerical,Not-in-family,White,Female,0,0,40,United-States,<=50K
57,Private,161964,12th,8,Married-civ-spouse,Craft-repair,Husband,White,Male,0,0,40,United-States,<=50K
21,Self-emp-not-inc,317253,Some-college,10,Never-married,Other-service,Own-child,White,Male,0,0,30,United-States,<=50K
60,Self-emp-inc,105339,Bachelors,13,Married-civ-spouse,Exec-managerial,Husband,White,Male,7298,0,60,United-States,>50K
69,Private,272069,HS-grad,9,Widowed,Adm-clerical,Not-in-family,White,Female,0,0,40,United-States,<=50K
21,Private,189759,Some-college,10,Never-married,Sales,Own-child,White,Male,0,0,40,United-States,<=50K
22,Private,170866,11th,7,Never-married,Craft-repair,Not-in-family,Amer-Indian-Eskimo,Male,0,0,40,United-States,<=50K
31,Private,109428,Assoc-acdm,12,Married-civ-spouse,Adm-clerical,Wife,White,Female,0,1740,40,United-States,<=50K
18,Private,106943,11th,7,Never-married,Sales,Own-child,White,Female,0,0,12,United-States,<=50K
32,Private,207513,Some-college,10,Never-married,Craft-repair,Not-in-family,White,Male,0,0,40,United-States,<=50K
26,Private,472411,Some-college,10,Married-civ-spouse,Sales,Husband,White,Male,0,0,40,United-States,<=50K
52,Private,256362,Bachelors,13,Married-civ-spouse,Exec-managerial,Husband,White,Male,0,0,50,United-States,<=50K
56,Private,181608,HS-grad,9,Married-civ-spouse,Transport-moving,Husband,White,Male,0,0,48,United-States,>50K
29,Private,196508,Prof-school,15,Divorced,Prof-specialty,Own-child,White,Female,2174,0,72,United-States,<=50K
41,Private,149102,Bachelors,13,Married-civ-spouse,Exec-managerial,Husband,White,Male,0,0,60,United-States,>50K
32,Self-emp-not-inc,182378,Masters,14,Never-married,Prof-specialty,Not-in-family,White,Male,0,0,40,United-States,<=50K
51,Self-emp-not-inc,126613,11th,7,Married-civ-spouse,Farming-fishing,Husband,White,Male,0,0,45,United-States,>50K
37,Private,165034,HS-grad,9,Married-civ-spouse,Handlers-cleaners,Husband,White,Male,0,2002,40,United-States,<=50K
30,Self-emp-inc,178390,Some-college,10,Married-civ-spouse,Craft-repair,Husband,Black,Male,0,0,70,United-States,<=50K
20,Private,278114,Some-college,10,Never-married,Adm-clerical,Own-child,White,Male,0,0,25,Nicaragua,<=50K
46,State-gov,102628,Masters,14,Widowed,Protective-serv,Unmarried,White,Male,0,0,40,United-States,<=50K
31,Private,271312,Assoc-voc,11,Divorced,Transport-moving,Not-in-family,White,Male,0,0,40,United-States,<=50K
42,Private,172837,Masters,14,Married-civ-spouse,Adm-clerical,Husband,White,Male,0,1902,40,United-States,>50K
40,Local-gov,105862,Bachelors,13,Divorced,Prof-specialty,Unmarried,White,Female,5455,0,40,United-States,<=50K
50,Private,158294,Assoc-voc,11,Married-civ-spouse,Tech-support,Husband,White,Male,3103,0,40,United-States,>50K
36,Private,118909,Assoc-acdm,12,Never-married,Adm-clerical,Unmarried,Black,Female,0,0,40,Jamaica,<=50K
52,Private,257780,Assoc-voc,11,Divorced,Adm-clerical,Not-in-family,White,Female,0,0,40,Germany,<=50K
23,Private,230704,Some-college,10,Never-married,Handlers-cleaners,Own-child,Black,Male,0,0,22,United-States,<=50K
44,Private,180599,HS-grad,9,Never-married,Craft-repair,Own-child,White,Male,0,0,40,United-States,>50K
22,Private,40293,5th-6th,3,Married-civ-spouse,Machine-op-inspct,Other-relative,White,Female,0,0,40,Mexico,<=50K
19,Private,67433,HS-grad,9,Never-married,Machine-op-inspct,Own-child,White,Male,0,0,43,United-States,<=50K
40,Private,120277,Bachelors,13,Married-civ-spouse,Sales,Husband,White,Male,0,0,45,United-States,<=50K
34,Private,146365,HS-grad,9,Married-civ-spouse,Adm-clerical,Wife,White,Female,4064,0,35,United-States,<=50K
39,Private,299324,Assoc-voc,11,Divorced,Sales,Unmarried,White,Female,0,0,40,United-States,<=50K
47,Private,122220,HS-grad,9,Divorced,Adm-clerical,Not-in-family,White,Female,0,0,40,United-States,<=50K
59,?,367306,Bachelors,13,Married-civ-spouse,?,Husband,White,Male,0,0,40,United-States,<=50K
55,Private,54611,Bachelors,13,Married-civ-spouse,Sales,Husband,White,Male,0,0,15,United-States,>50K
23,Private,106615,Assoc-acdm,12,Never-married,Prof-specialty,Own-child,White,Female,2176,0,25,United-States,<=50K
37,State-gov,76767,Prof-school,15,Married-civ-spouse,Prof-specialty,Wife,White,Female,0,0,39,United-States,>50K
48,Private,194134,Some-college,10,Married-civ-spouse,Sales,Wife,White,Female,0,0,40,United-States,<=50K
63,Self-emp-not-inc,217715,5th-6th,3,Never-married,Sales,Not-in-family,White,Female,0,0,3,United-States,<=50K
31,Self-emp-not-inc,113364,HS-grad,9,Divorced,Craft-repair,Not-in-family,White,Male,0,0,60,United-States,<=50K
48,Self-emp-not-inc,121441,Some-college,10,Married-civ-spouse,Prof-specialty,Husband,White,Male,0,0,35,United-States,>50K
31,Private,192355,Bachelors,13,Married-civ-spouse,Prof-specialty,Husband,White,Male,0,0,40,United-States,>50K
30,Private,146980,HS-grad,9,Married-spouse-absent,Adm-clerical,Not-in-family,White,Female,0,0,40,United-States,<=50K
57,Private,336880,Masters,14,Married-civ-spouse,Exec-managerial,Husband,White,Male,0,0,45,United-States,>50K
60,Self-emp-inc,105339,Bachelors,13,Married-civ-spouse,Exec-managerial,Husband,White,Male,7298,0,60,United-States,>50K
53,Private,250034,Bachelors,13,Married-civ-spouse,Exec-managerial,Husband,Black,Male,0,0,50,United-States,>50K
48,Private,136224,Assoc-acdm,12,Divorced,Adm-clerical,Not-in-family,White,Female,0,0,40,United-States,<=50K
36,Private,33404,Bachelors,13,Married-civ-spouse,Sales,Husband,White,Male,0,1887,35,United-States,>50K
35,Private,186916,Some-college,10,Divorced,Exec-managerial,Not-in-family,White,Female,0,0,70,United-States,<=50K
51,Federal-gov,218124,Some-college,10,Divorced,Prof-specialty,Not-in-family,Black,Female,0,0,40,United-States,<=50K
50,Private,194004,Preschool,1,Never-married,Other-service,Not-in-family,Black,Female,0,0,40,Haiti,<=50K
42,Private,66687,Some-college,10,Divorced,Machine-op-inspct,Not-in-family,White,Female,0,0,40,United-States,<=50K
59,Private,192355,HS-grad,9,Married-civ-spouse,Handlers-cleaners,Husband,White,Male,0,0,40,United-States,>50K
34,Private,200401,HS-grad,9,Separated,Transport-moving,Own-child,White,Male,0,0,25,Columbia,<=50K
22,Private,40293,5th-6th,3,Married-civ-spouse,Machine-op-inspct,Other-relative,White,Female,0,0,40,Mexico,<=50K
54,Private,50385,Bachelors,13,Divorced,Exec-managerial,Not-in-family,Black,Female,0,0,45,United-States,>50K
53,Private,287480,HS-grad,9,Divorced,Sales,Not-in-family,White,Female,0,0,60,England,<=50K
54,Private,50700,Bachelors,13,Divorced,Exec-managerial,Not-in-family,Black,Female,0,0,45,United-States,>50K
52,Private,104501,Some-college,10,Married-civ-spouse,Prof-specialty,Husband,White,Male,0,0,40,Germany,>50K
35,Private,339482,Some-college,10,Married-civ-spouse,Machine-op-inspct,Husband,White,Male,0,0,40,United-States,<=50K
40,Private,122215,Assoc-acdm,12,Married-civ-spouse,Sales,Husband,White,Male,0,0,40,United-States,>50K
36,Private,189674,Some-college,10,Separated,Other-service,Other-relative,Black,Female,0,0,40,United-States,<=50K
21,Private,221955,HS-grad,9,Never-married,Machine-op-inspct,Unmarried,White,Male,0,0,40,Mexico,<=50K
25,State-gov,293726,Some-college,10,Never-married,Craft-repair,Not-in-family,White,Male,0,0,20,United-States,<=50K
57,Private,102442,Some-college,10,Divorced,Adm-clerical,Unmarried,White,Female,0,0,40,United-States,<=50K
20,Private,201729,Some-college,10,Never-married,Protective-serv,Own-child,White,Male,0,0,33,United-States,<=50K
28,Private,273147,Some-college,10,Never-married,Craft-repair,Not-in-family,Black,Male,0,0,40,United-States,<=50K
36,Private,98389,Assoc-acdm,12,Married-civ-spouse,Exec-managerial,Husband,White,Male,0,0,44,United-States,>50K
26,Private,85982,HS-grad,9,Married-civ-spouse,Transport-moving,Husband,White,Male,0,0,40,United-States,>50K
45,Self-emp-not-inc,287480,HS-grad,9,Married-civ-spouse,Exec-managerial,Husband,Asian-Pac-Islander,Male,0,0,40,China,<=50K
51,Private,455399,HS-grad,9,Divorced,Prof-specialty,Not-in-family,White,Male,0,0,40,United-States,<=50K
43,Private,136986,Some-college,10,Married-civ-spouse,Exec-managerial,Husband,White,Male,0,0,40,United-States,>50K
52,?,105803,Some-college,10,Married-civ-spouse,?,Husband,White,Male,0,0,12,United-States,<=50K
47,Private,317253,Some-college,10,Divorced,Machine-op-inspct,Not-in-family,Black,Male,0,0,40,United-States,<=50K
49,Self-emp-inc,197038,Bachelors,13,Married-civ-spouse,Exec-managerial,Husband,White,Male,0,0,50,United-States,>50K
30,Private,548580,HS-grad,9,Married-civ-spouse,Sales,Husband,White,Male,0,0,55,United-States,<=50K
36,Private,354078,Bachelors,13,Divorced,Adm-clerical,Unmarried,White,Female,0,0,40,United-States,<=50K
32,Private,154891,Bachelors,13,Divorced,Protective-serv,Not-in-family,Black,Male,0,0,60,United-States,>50K
39,Private,67433,Assoc-voc,11,Never-married,Prof-specialty,Not-in-family,White,Female,4650,0,32,United-States,<=50K
27,Private,213226,Bachelors,13,Married-civ-spouse,Prof-specialty,Wife,White,Female,7298,0,45,England,>50K
25,Private,164970,HS-grad,9,Never-married,Machine-op-inspct,Own-child,White,Male,4416,0,40,United-States,<=50K
54,Private,299324,5th-6th,3,Married-spouse-absent,Machine-op-inspct,Unmarried,White,Male,0,0,40,Mexico,<=50K
31,Private,192779,Bachelors,13,Married-civ-spouse,Prof-specialty,Husband,White,Male,0,0,40,United-States,>50K
43,Private,269015,HS-grad,9,Married-civ-spouse,Machine-op-inspct,Husband,Black,Male,0,0,40,Germany,>50K
53,Private,285575,HS-grad,9,Divorced,Sales,Not-in-family,White,Female,0,0,60,England,<=50K
40,Self-emp-inc,142717,Bachelors,13,Never-married,Prof-specialty,Not-in-family,White,Female,0,0,45,United-States,<=50K
46,Private,186110,Bachelors,13,Married-civ-spouse,Prof-specialty,Husband,White,Male,3103,0,40,United-States,>50K
43,Federal-gov,111483,Assoc-voc,11,Married-civ-spouse,Prof-specialty,Husband,White,Male,3137,0,40,United-States,>50K
28,Private,269786,HS-grad,9,Never-married,Transport-moving,Unmarried,White,Male,0,0,50,United-States,<=50K
50,Private,158642,Assoc-voc,11,Married-civ-spouse,Tech-support,Husband,White,Male,3103,0,40,United-States,>50K
29,Private,179468,Bachelors,13,Never-married,Adm-clerical,Not-in-family,White,Female,0,0,40,United-States,<=50K
51,Self-emp-not-inc,127149,11th,7,Married-civ-spouse,Farming-fishing,Husband,White,Male,0,0,45,United-States,>50K
39,Private,318865,HS-grad,9,Married-civ-spouse,Craft-repair,Husband,White,Male,0,0,40,United-States,<=50K
42,Private,171928,Masters,14,Married-civ-spouse,Adm-clerical,Husband,White,Male,0,1902,40,United-States,>50K
73,Private,187581,Some-college,10,Married-civ-spouse,Protective-serv,Husband,White,Male,0,0,40,United-States,<=50K
38,Private,179352,Assoc-acdm,12,Married-spouse-absent,Adm-clerical,Unmarried,White,Female,0,0,40,United-States,<=50K
18,Self-emp-not-inc,399087,HS-grad,9,Never-married,Farming-fishing,Other-relative,White,Male,0,0,40,United-States,<=50K
27,Private,212944,Bachelors,13,Married-civ-spouse,Prof-specialty,Wife,White,Female,7298,0,45,England,>50K
37,State-gov,46814,Bachelors,13,Never-married,Prof-specialty,Not-in-family,White,Male,0,0,38,United-States,<=50K
27,Private,167005,HS-grad,9,Married-spouse-absent,Farming-fishing,Own-child,White,Female,0,0,40,Mexico,<=50K
17,Private,152591,11th,7,Never-married,Handlers-cleaners,Own-child,White,Male,0,0,25,United-States,<=50K
41,Private,44464,7th-8th,4,Married-civ-spouse,Craft-repair,Husband,White,Male,0,0,40,?,<=50K
33,Private,188401,HS-grad,9,Never-married,Farming-fishing,Not-in-family,White,Male,0,0,40,United-States,<=50K
18,Self-emp-inc,378036,12th,8,Never-married,Farming-fishing,Own-child,White,Male,0,0,10,United-States,<=50K
40,Federal-gov,162003,Bachelors,13,Never-married,Prof-specialty,Not-in-family,White,Female,0,0,40,?,<=50K
24,Private,40293,HS-grad,9,Married-civ-spouse,Craft-repair,Husband,White,Male,0,0,60,United-States,<=50K
24,Private,117789,Bachelors,13,Never-married,Exec-managerial,Own-child,White,Female,0,0,40,United-States,<=50K
37,Private,292120,HS-grad,9,Divorced,Machine-op-inspct,Not-in-family,White,Male,0,0,40,United-States,<=50K
42,Private,172837,Masters,14,Married-civ-spouse,Adm-clerical,Husband,White,Male,0,1902,40,United-States,>50K
31,Private,124420,11th,7,Married-civ-spouse,Craft-repair,Husband,White,Male,0,0,40,United-States,<=50K
45,Private,176904,HS-grad,9,Never-married,Other-service,Not-in-family,White,Female,0,0,40,El-Salvador,<=50K
28,Private,206351,Some-college,10,Married-civ-spouse,Sales,Husband,White,Male,0,0,40,United-States,<=50K
32,Private,200227,Some-college,10,Married-civ-spouse,Adm-clerical,Wife,Other,Female,0,1740,40,?,<=50K
40,Private,109667,HS-grad,9,Married-civ-spouse,Handlers-cleaners,Husband,Black,Male,0,0,40,United-States,<=50K
29,Private,364986,Bachelors,13,Married-civ-spouse,Exec-managerial,Husband,White,Male,0,1628,47,United-States,<=50K
50,Private,113364,Bachelors,13,Married-civ-spouse,Sales,Husband,White,Male,0,0,40,United-States,<=50K
49,Local-gov,342414,Masters,14,Never-married,Prof-specialty,Not-in-family,White,Female,0,0,80,United-States,<=50K
71,State-gov,100063,HS-grad,9,Married-civ-spouse,Craft-repair,Husband,Black,Male,0,0,40,United-States,<=50K
45,Private,138513,Assoc-voc,11,Divorced,Exec-managerial,Not-in-family,White,Male,2174,0,50,United-States,<=50K
33,Private,182926,HS-grad,9,Never-married,Sales,Not-in-family,White,Female,0,0,45,United-States,<=50K
27,State-gov,68393,Bachelors,13,Never-married,Adm-clerical,Not-in-family,White,Female,0,0,40,United-States,<=50K
28,Local-gov,135138,Bachelors,13,Never-married,Adm-clerical,Not-in-family,Black,Female,4101,0,60,United-States,<=50K
54,Local-gov,188401,5th-6th,3,Never-married,Machine-op-inspct,Not-in-family,White,Male,0,2001,35,United-States,<=50K
20,Private,472411,HS-grad,9,Never-married,Craft-repair,Own-child,White,Male,0,0,40,United-States,<=50K
21,Private,73679,Some-college,10,Never-married,Exec-managerial,Own-child,White,Female,0,0,40,United-States,<=50K
56,Private,399087,HS-grad,9,Widowed,Adm-clerical,Not-in-family,White,Female,0,0,40,United-States,<=50K
47,Private,207066,HS-grad,9,Divorced,Adm-clerical,Not-in-family,White,Female,0,0,38,United-States,<=50K
55,Private,325353,Some-college,10,Divorced,Sales,Not-in-family,White,Male,0,0,65,United-States,>50K
46,Private,309895,Some-college,10,Separated,Adm-clerical,Unmarried,White,Female,0,0,40,United-States,<=50K
18,Federal-gov,280728,Some-college,10,Never-married,Sales,Own-child,White,Female,0,0,32,United-States,<=50K
71,Local-gov,337064,Masters,14,Widowed,Prof-specialty,Not-in-family,White,Female,0,0,40,United-States,<=50K
26,Private,165767,HS-grad,9,Married-civ-spouse,Sales,Husband,White,Male,0,0,40,United-States,<=50K
51,Private,223020,HS-grad,9,Married-civ-spouse,Machine-op-inspct,Husband,White,Male,0,0,40,United-States,>50K
42,Private,337001,Some-college,10,Divorced,Adm-clerical,Not-in-family,Black,Female,0,0,40,United-States,<=50K
63,?,335481,HS-grad,9,Married-civ-spouse,?,Husband,White,Male,0,0,20,United-States,<=50K
38,Private,49657,HS-grad,9,Married-civ-spouse,Handlers-cleaners,Husband,White,Male,0,0,40,United-States,<=50K
38,Private,237646,HS-grad,9,Married-civ-spouse,Machine-op-inspct,Husband,White,Male,0,0,40,United-States,<=50K
25,Private,370119,HS-grad,9,Divorced,Adm-clerical,Not-in-family,White,Female,0,0,40,United-States,<=50K
31,Private,93106,Assoc-voc,11,Never-married,Adm-clerical,Not-in-family,White,Female,0,0,40,United-States,<=50K
59,Private,167987,HS-grad,9,Married-spouse-absent,Priv-house-serv,Not-in-family,White,Female,0,0,36,Poland,<=50K
55,Self-emp-inc,79662,HS-grad,9,Married-civ-spouse,Transport-moving,Husband,White,Male,0,0,60,United-States,<=50K
37,Private,223669,5th-6th,3,Married-civ-spouse,Machine-op-inspct,Husband,White,Male,0,0,40,El-Salvador,<=50K
24,Private,228960,Assoc-acdm,12,Never-married,Adm-clerical,Own-child,White,Female,0,0,40,United-States,<=50K
43,State-gov,187802,Some-college,10,Separated,Craft-repair,Not-in-family,White,Male,0,0,37,United-States,<=50K
66,?,182237,7th-8th,4,Married-civ-spouse,?,Husband,White,Male,0,0,30,United-States,<=50K
43,Private,256916,HS-grad,9,Married-civ-spouse,Adm-clerical,Husband,White,Male,0,0,40,United-States,<=50K
23,Private,152591,HS-grad,9,Divorced,Craft-repair,Not-in-family,White,Male,4650,0,50,Ireland,<=50K
22,Private,163333,10th,6,Never-married,Sales,Own-child,White,Male,0,0,15,United-States,<=50K
52,State-gov,189759,HS-grad,9,Separated,Other-service,Not-in-family,White,Female,0,0,35,United-States,<=50K
58,Private,128162,HS-grad,9,Divorced,Sales,Not-in-family,White,Female,0,0,24,United-States,<=50K
54,Private,50385,Bachelors,13,Divorced,Exec-managerial,Not-in-family,Black,Female,0,0,45,United-States,>50K
63,Local-gov,215074,HS-grad,9,Divorced,Other-service,Unmarried,Black,Female,0,0,55,United-States,<=50K
22,Private,124520,Some-college,10,Never-married,Sales,Not-in-family,White,Male,0,0,30,United-States,<=50K
21,Private,230054,HS-grad,9,Never-married,Handlers-cleaners,Other-relative,White,Male,0,0,40,Mexico,<=50K
21,Self-emp-not-inc,317253,Some-college,10,Never-married,Other-service,Own-child,White,Male,0,0,30,United-States,<=50K
23,Private,195258,Some-college,10,Never-married,Adm-clerical,Own-child,Black,Female,0,0,24,United-States,<=50K
27,Private,259757,Bachelors,13,Never-married,Exec-managerial,Not-in-family,White,Female,0,0,40,United-States,<=50K
57,Private,169628,Bachelors,13,Married-civ-spouse,Protective-serv,Husband,White,Male,0,0,40,United-States,>50K
49,Private,190776,HS-grad,9,Married-civ-spouse,Craft-repair,Husband,White,Male,0,0,40,United-States,>50K
37,Private,189528,Assoc-acdm,12,Divorced,Adm-clerical,Not-in-family,White,Female,0,1504,40,United-States,<=50K
36,Private,29859,HS-grad,9,Never-married,Transport-moving,Other-relative,White,Male,0,0,50,United-States,<=50K
35,Private,215419,Some-college,10,Divorced,Adm-clerical,Not-in-family,White,Female,0,0,45,United-States,<=50K
40,State-gov,184466,Bachelors,13,Married-civ-spouse,Adm-clerical,Husband,White,Male,0,0,40,United-States,<=50K
39,Private,67433,Assoc-voc,11,Never-married,Prof-specialty,Not-in-family,White,Female,4787,0,32,United-States,<=50K
42,Private,244688,HS-grad,9,Married-civ-spouse,Sales,Husband,White,Male,0,0,50,United-States,<=50K
51,Private,224947,HS-grad,9,Married-civ-spouse,Machine-op-inspct,Husband,White,Male,0,0,40,United-States,>50K
41,Private,170769,Bachelors,13,Married-civ-spouse,Exec-managerial,Husband,White,Male,0,0,50,United-States,>50K
21,Private,73679,Some-college,10,Never-married,Exec-managerial,Own-child,White,Female,0,0,40,United-States,<=50K
65,?,371987,7th-8th,4,Married-civ-spouse,?,Husband,White,Male,0,0,20,United-States,<=50K
55,Private,110978,Bachelors,13,Married-civ-spouse,Exec-managerial,Husband,White,Male,0,1887,40,United-States,>50K
28,Private,34965,Bachelors,13,Never-married,Exec-managerial,Not-in-family,Black,Male,2174,0,50,United-States,<=50K
55,Self-emp-not-inc,225623,Some-college,10,Married-civ-spouse,Farming-fishing,Husband,White,Male,0,0,40,United-States,<=50K
71,State-gov,210982,HS-grad,9,Married-civ-spouse,Protective-serv,Husband,White,Male,0,0,28,United-States,<=50K
41,Private,264722,HS-grad,9,Divorced,Adm-clerical,Unmarried,White,Female,0,0,45,United-States,<=50K
47,Self-emp-not-inc,85982,Masters,14,Never-married,Prof-specialty,Not-in-family,Amer-Indian-Eskimo,Female,0,0,60,United-States,<=50K
49,Self-emp-inc,197038,Bachelors,13,Married-civ-spouse,Exec-managerial,Husband,White,Male,0,0,50,United-States,>50K
53,Private,348092,9th,5,Married-civ-spouse,Machine-op-inspct,Husband,Black,Male,0,0,40,United-States,<=50K
43,Local-gov,253770,Bachelors,13,Married-civ-spouse,Prof-specialty,Husband,White,Male,0,0,55,United-States,>50K
38,Private,188588,Bachelors,13,Never-married,Exec-managerial,Not-in-family,White,Male,0,1340,40,United-States,<=50K
48,Local-gov,378036,Bachelors,13,Married-civ-spouse,Exec-managerial,Husband,White,Male,0,0,60,Mexico,>50K
51,Private,249332,Bachelors,13,Married-civ-spouse,Exec-managerial,Husband,White,Male,0,0,55,United-States,>50K
48,Local-gov,102076,Bachelors,13,Never-married,Adm-clerical,Unmarried,White,Female,0,0,35,United-States,<=50K
52,Private,158924,HS-grad,9,Divorced,Other-service,Other-relative,Black,Female,0,0,38,United-States,<=50K
62,?,72618,7th-8th,4,Widowed,?,Not-in-family,Black,Male,0,0,40,United-States,<=50K
65,State-gov,29276,7th-8th,4,Widowed,Other-service,Other-relative,White,Female,0,0,24,United-States,<=50K
56,Private,283613,Bachelors,13,Married-civ-spouse,Adm-clerical,Wife,White,Female,0,0,40,United-States,>50K
50,Private,301638,Bachelors,13,Married-civ-spouse,Prof-specialty,Husband,White,Male,0,0,40,United-States,<=50K
55,Private,145214,Some-college,10,Divorced,Adm-clerical,Unmarried,White,Female,4650,0,20,United-States,<=50K
36,State-gov,77146,Masters,14,Never-married,Prof-specialty,Not-in-family,White,Male,0,0,40,United-States,<=50K
52,?,244395,HS-grad,9,Married-civ-spouse,?,Husband,White,Male,0,0,35,United-States,<=50K
44,Self-emp-inc,219701,HS-grad,9,Married-civ-spouse,Other-service,Husband,Black,Male,0,0,48,United-States,<=50K
32,Private,244395,11th,7,Married-civ-spouse,Craft-repair,Husband,White,Male,0,1672,48,United-States,<=50K
41,Private,119529,HS-grad,9,Married-civ-spouse,Tech-support,Husband,White,Male,0,0,40,United-States,<=50K
42,Federal-gov,158948,Assoc-acdm,12,Divorced,Prof-specialty,Unmarried,Asian-Pac-Islander,Female,0,0,40,Philippines,>50K
52,Self-emp-inc,233275,HS-grad,9,Married-civ-spouse,Exec-managerial,Husband,White,Male,15024,0,40,United-States,>50K
34,Private,42596,Some-college,10,Married-civ-spouse,Exec-managerial,Husband,White,Male,0,0,45,United-States,<=50K
49,Self-emp-not-inc,173095,HS-grad,9,Divorced,Sales,Not-in-family,White,Male,0,0,40,United-States,<=50K
38,Private,237868,HS-grad,9,Married-civ-spouse,Craft-repair,Husband,White,Male,0,0,45,United-States,>50K
23,Private,204226,Some-college,10,Never-married,Adm-clerical,Not-in-family,White,Female,0,0,40,United-States,<=50K
45,Private,346754,Bachelors,13,Never-married,Transport-moving,Not-in-family,White,Male,0,0,30,United-States,<=50K
59,?,368700,Bachelors,13,Married-civ-spouse,?,Husband,White,Male,0,0,40,United-States,<=50K
43,Self-emp-inc,241350,Some-college,10,Married-civ-spouse,Exec-managerial,Husband,White,Male,0,0,70,United-States,>50K
52,Private,159549,HS-grad,9,Divorced,Other-service,Other-relative,Black,Female,0,0,38,United-States,<=50K
48,Private,235218,HS-grad,9,Married-civ-spouse,Exec-managerial,Husband,White,Male,0,0,50,United-States,<=50K
31,Private,48014,Some-college,10,Married-civ-spouse,Craft-repair,Husband,White,Male,0,0,40,United-States,<=50K
23,Private,34845,HS-grad,9,Never-married,Transport-moving,Own-child,Black,Male,0,0,40,Haiti,<=50K
24,Private,175958,HS-grad,9,Married-civ-spouse,Craft-repair,Husband,White,Male,0,0,40,United-States,<=50K
35,Private,111483,HS-grad,9,Separated,Transport-moving,Not-in-family,White,Male,0,0,40,United-States,<=50K
33,Private,152652,Some-college,10,Divorced,Exec-managerial,Own-child,White,Female,0,0,40,United-States,<=50K
34,Private,355686,Bachelors,13,Married-civ-spouse,Sales,Husband,White,Male,0,0,40,United-States,<=50K
20,Private,637080,Some-college,10,Never-married,Sales,Not-in-family,White,Male,0,0,25,United-States,<=50K
34,State-gov,250782,Bachelors,13,Never-married,Prof-specialty,Not-in-family,White,Male,0,0,48,United-States,<=50K
34,Self-emp-not-inc,44464,Bachelors,13,Married-civ-spouse,Exec-managerial,Husband,White,Male,15024,0,35,United-States,>50K
40,State-gov,27012,Assoc-voc,11,Married-civ-spouse,Other-service,Husband,Black,Male,0,0,30,United-States,<=50K
33,Private,129707,Bachelors,13,Never-married,Adm-clerical,Not-in-family,White,Male,0,0,60,United-States,>50K
41,Private,149620,HS-grad,9,Married-civ-spouse,Craft-repair,Husband,White,Male,0,1848,40,United-States,>50K
39,Private,358355,Assoc-acdm,12,Married-civ-spouse,Machine-op-inspct,Husband,White,Male,0,0,40,United-States,<=50K
56,Private,40293,HS-grad,9,Widowed,Adm-clerical,Not-in-family,White,Female,0,0,40,United-States,<=50K
24,Private,142444,10th,6,Never-married,Machine-op-inspct,Not-in-family,White,Male,0,0,45,United-States,<=50K
21,Self-emp-not-inc,317253,Some-college,10,Never-married,Other-service,Own-child,White,Male,0,0,30,United-States,<=50K
22,Private,40293,5th-6th,3,Married-civ-spouse,Machine-op-inspct,Other-relative,White,Female,0,0,40,Mexico,<=50K
28,Private,79870,Some-college,10,Never-married,Adm-clerical,Other-relative,Black,Male,0,0,40,United-States,<=50K
48,Private,163215,Bachelors,13,Divorced,Exec-managerial,Not-in-family,White,Female,0,0,50,United-States,>50K
50,?,87263,HS-grad,9,Married-civ-spouse,?,Husband,White,Male,0,0,55,United-States,>50K
64,Private,393691,7th-8th,4,Married-civ-spouse,Farming-fishing,Husband,White,Male,0,0,40,United-States,>50K
41,Private,170866,Bachelors,13,Married-civ-spouse,Exec-managerial,Husband,White,Male,0,0,50,United-States,>50K
50,Private,466325,Bachelors,13,Married-spouse-absent,Sales,Not-in-family,White,Female,0,0,20,Germany,<=50K
24,State-gov,90046,Some-college,10,Never-married,Other-service,Not-in-family,White,Female,0,0,40,Canada,<=50K
41,Private,443508,Bachelors,13,Married-civ-spouse,Transport-moving,Husband,White,Male,0,0,48,Canada,>50K
45,Private,346754,Bachelors,13,Never-married,Transport-moving,Not-in-family,White,Male,0,0,30,United-States,<=50K
41,Private,43945,Bachelors,13,Married-civ-spouse,Transport-moving,Husband,White,Male,0,0,48,Canada,>50K
46,Private,179135,HS-grad,9,Divorced,Tech-support,Not-in-family,White,Female,0,0,20,United-States,<=50K
44,Private,114865,Some-college,10,Divorced,Machine-op-inspct,Not-in-family,White,Male,0,0,40,United-States,<=50K
44,Self-emp-not-inc,235218,HS-grad,9,Married-civ-spouse,Sales,Wife,White,Female,0,0,40,United-States,>50K
51,Private,455399,HS-grad,9,Divorced,Prof-specialty,Not-in-family,White,Male,0,0,40,United-States,<=50K
53,Private,548580,Some-college,10,Married-civ-spouse,Craft-repair,Husband,White,Male,0,0,40,Guatemala,<=50K
21,Private,191367,Some-college,10,Never-married,Other-service,Own-child,White,Male,0,0,40,United-States,<=50K
50,Private,217460,HS-grad,9,Married-civ-spouse,Craft-repair,Husband,White,Male,0,0,40,United-States,>50K
44,Private,99651,Masters,14,Married-civ-spouse,Exec-managerial,Husband,White,Male,5178,0,40,United-States,>50K
27,Self-emp-not-inc,64885,HS-grad,9,Married-civ-spouse,Farming-fishing,Husband,White,Male,0,0,50,United-States,<=50K
19,?,198863,Some-college,10,Never-married,?,Own-child,White,Female,0,0,40,United-States,<=50K
50,Private,168539,HS-grad,9,Married-civ-spouse,Craft-repair,Husband,White,Male,0,0,40,United-States,>50K
18,Private,51789,Some-college,10,Never-married,Other-service,Own-child,White,Male,0,0,8,United-States,<=50K
44,Local-gov,100479,Assoc-acdm,12,Married-civ-spouse,Prof-specialty,Husband,White,Male,0,0,48,United-States,<=50K
57,Private,102442,Some-college,10,Divorced,Adm-clerical,Unmarried,White,Female,0,0,40,United-States,<=50K
61,Private,87032,HS-grad,9,Widowed,Adm-clerical,Not-in-family,White,Female,0,0,40,United-States,<=50K
20,Private,164970,HS-grad,9,Never-married,Handlers-cleaners,Own-child,White,Female,0,0,20,United-States,<=50K
54,Private,263970,1st-4th,2,Married-civ-spouse,Transport-moving,Husband,White,Male,0,0,50,United-States,<=50K
31,Private,149620,12th,8,Married-civ-spouse,Craft-repair,Husband,White,Male,0,0,43,United-States,<=50K
29,Private,216867,Some-college,10,Never-married,Exec-managerial,Not-in-family,White,Female,0,0,40,United-States,<=50K
36,Private,398931,Bachelors,13,Married-civ-spouse,Sales,Husband,White,Male,0,1902,40,United-States,>50K
46,State-gov,102628,Masters,14,Widowed,Protective-serv,Unmarried,White,Male,0,0,40,United-States,<=50K
42,Private,322789,Assoc-acdm,12,Married-civ-spouse,Adm-clerical,Husband,White,Male,7688,0,42,United-States,>50K
18,?,91670,Some-college,10,Never-married,?,Own-child,Asian-Pac-Islander,Female,0,0,40,United-States,<=50K
53,Private,95864,HS-grad,9,Never-married,Adm-clerical,Other-relative,White,Male,0,0,35,United-States,<=50K
55,Self-emp-not-inc,271795,HS-grad,9,Married-civ-spouse,Other-service,Husband,White,Male,0,0,40,United-States,<=50K
44,Private,115618,Some-college,10,Divorced,Machine-op-inspct,Not-in-family,White,Male,0,0,40,United-States,<=50K
22,?,262285,Some-college,10,Never-married,?,Not-in-family,White,Female,0,0,28,United-States,<=50K
29,Private,197038,Prof-school,15,Divorced,Prof-specialty,Own-child,White,Female,2174,0,72,United-States,<=50K
27,Private,188972,HS-grad,9,Married-civ-spouse,Exec-managerial,Own-child,White,Male,0,0,40,United-States,<=50K
25,Self-emp-inc,98756,Some-college,10,Divorced,Adm-clerical,Own-child,White,Female,0,0,50,United-States,<=50K
74,Private,145231,HS-grad,9,Widowed,Other-service,Not-in-family,White,Female,0,0,28,United-States,<=50K
52,Self-emp-inc,233555,HS-grad,9,Married-civ-spouse,Exec-managerial,Husband,White,Male,15024,0,40,United-States,>50K
40,Private,113760,HS-grad,9,Divorced,Handlers-cleaners,Unmarried,Black,Female,0,0,40,United-States,<=50K
31,Private,210498,HS-grad,9,Married-civ-spouse,Transport-moving,Husband,White,Male,0,0,65,United-States,<=50K
57,Private,124420,HS-grad,9,Married-civ-spouse,Adm-clerical,Wife,White,Female,0,0,45,United-States,<=50K
52,Private,94391,HS-grad,9,Married-civ-spouse,Adm-clerical,Husband,White,Male,0,0,40,United-States,<=50K
31,Private,210982,HS-grad,9,Married-civ-spouse,Transport-moving,Husband,White,Male,0,0,65,United-States,<=50K
34,Self-emp-inc,51789,HS-grad,9,Divorced,Craft-repair,Not-in-family,Black,Male,0,0,50,United-States,<=50K
32,Private,391937,HS-grad,9,Never-married,Other-service,Unmarried,Black,Male,0,0,40,United-States,<=50K
21,?,27804,Some-college,10,Never-married,?,Own-child,White,Male,0,0,16,United-States,<=50K
22,Private,285127,Some-college,10,Never-married,Priv-house-serv,Own-child,White,Female,0,0,26,United-States,<=50K
62,Local-gov,136819,HS-grad,9,Divorced,Transport-moving,Other-relative,White,Male,0,0,40,United-States,<=50K
46,Private,367984,Prof-school,15,Married-civ-spouse,Prof-specialty,Husband,White,Male,99999,0,60,United-States,>50K
38,Private,198258,Assoc-voc,11,Married-civ-spouse,Sales,Husband,White,Male,0,0,40,United-States,<=50K
58,Private,97562,HS-grad,9,Married-civ-spouse,Sales,Wife,White,Female,0,0,38,United-States,<=50K
47,Local-gov,285575,Masters,14,Married-civ-spouse,Prof-specialty,Husband,White,Male,0,0,40,United-States,<=50K
22,Private,496025,Some-college,10,Married-civ-spouse,Machine-op-inspct,Husband,White,Male,0,0,40,Mexico,<=50K
63,Self-emp-not-inc,299324,7th-8th,4,Married-civ-spouse,Farming-fishing,Husband,White,Male,7688,0,60,United-States,>50K
48,Self-emp-not-inc,121124,Some-college,10,Married-civ-spouse,Prof-specialty,Husband,White,Male,0,0,35,United-States,>50K
30,State-gov,137613,Masters,14,Married-civ-spouse,Prof-specialty,Husband,Asian-Pac-Islander,Male,0,0,20,Taiwan,<=50K
33,Private,110978,Some-college,10,Divorced,Craft-repair,Other-relative,Other,Female,0,0,40,United-States,<=50K
37,Private,226500,Bachelors,13,Married-civ-spouse,Sales,Husband,White,Male,0,0,55,United-States,>50K
31,Private,149704,12th,8,Married-civ-spouse,Craft-repair,Husband,White,Male,0,0,43,United-States,<=50K
48,Private,99385,HS-grad,9,Separated,Adm-clerical,Not-in-family,White,Female,0,0,40,United-States,<=50K
43,Private,282609,Some-college,10,Divorced,Craft-repair,Unmarried,White,Male,0,0,42,United-States,<=50K
47,Private,140644,HS-grad,9,Married-civ-spouse,Exec-managerial,Husband,White,Male,0,0,40,United-States,>50K
31,Private,210498,HS-grad,9,Married-civ-spouse,Transport-moving,Husband,White,Male,0,0,65,United-States,<=50K
51,Private,158993,HS-grad,9,Married-civ-spouse,Transport-moving,Husband,White,Male,0,0,84,United-States,>50K
37,Private,105862,HS-grad,9,Married-civ-spouse,Handlers-cleaners,Husband,White,Male,0,0,40,United-States,<=50K
53,Self-emp-inc,232894,Assoc-acdm,12,Married-civ-spouse,Transport-moving,Husband,White,Male,0,0,45,United-States,>50K
46,Private,94809,Some-college,10,Divorced,Priv-house-serv,Unmarried,White,Female,0,0,30,United-States,<=50K
57,Private,337064,Masters,14,Married-civ-spouse,Exec-managerial,Husband,White,Male,0,0,45,United-States,>50K
47,Private,207513,HS-grad,9,Divorced,Adm-clerical,Not-in-family,White,Female,0,0,38,United-States,<=50K
45,Self-emp-inc,121124,Prof-school,15,Never-married,Craft-repair,Not-in-family,White,Male,0,0,50,United-States,>50K
19,Private,119832,Some-college,10,Never-married,Other-service,Own-child,White,Female,0,0,15,United-States,<=50K
38,Private,498785,HS-grad,9,Married-civ-spouse,Handlers-cleaners,Husband,White,Male,0,0,40,United-States,<=50K
64,Private,207513,Bachelors,13,Divorced,Exec-managerial,Not-in-family,White,Female,0,0,40,United-States,<=50K
40,Private,109800,HS-grad,9,Married-civ-spouse,Handlers-cleaners,Husband,Black,Male,0,0,40,United-States,<=50K
72,Private,131414,Some-college,10,Widowed,Adm-clerical,Not-in-family,White,Female,0,0,6,United-States,<=50K
30,Self-emp-not-inc,113364,Some-college,10,Never-married,Craft-repair,Own-child,White,Male,0,0,30,United-States,<=50K
57,Private,127728,Bachelors,13,Married-civ-spouse,Exec-managerial,Husband,White,Male,15024,0,50,United-States,>50K
25,Private,193081,Bachelors,13,Married-civ-spouse,Tech-support,Husband,White,Male,0,0,35,United-States,<=50K
43,Local-gov,85440,Masters,14,Married-civ-spouse,Prof-specialty,Husband,White,Male,0,0,45,United-States,>50K
36,Private,189528,Some-college,10,Separated,Other-service,Other-relative,Black,Female,0,0,40,United-States,<=50K
28,Private,349751,Bachelors,13,Never-married,Exec-managerial,Not-in-family,Black,Male,2174,0,50,United-States,<=50K
49,Private,168997,HS-grad,9,Married-civ-spouse,Craft-repair,Husband,White,Male,0,0,40,United-States,>50K
31,Private,188798,Masters,14,Married-civ-spouse,Exec-managerial,Wife,White,Female,0,0,40,United-States,>50K
40,Self-emp-inc,142030,Bachelors,13,Married-civ-spouse,Exec-managerial,Wife,White,Female,0,0,55,United-States,>50K
37,Private,164970,HS-grad,9,Married-civ-spouse,Handlers-cleaners,Husband,White,Male,0,2002,40,United-States,<=50K
35,Private,165922,HS-grad,9,Married-civ-spouse,Machine-op-inspct,Husband,White,Male,0,0,40,United-States,<=50K
49,State-gov,423222,Masters,14,Married-civ-spouse,Sales,Husband,White,Male,99999,0,80,United-States,>50K
20,Self-emp-not-inc,157569,Some-college,10,Never-married,Farming-fishing,Own-child,White,Male,0,2258,10,United-States,<=50K
39,Private,103710,HS-grad,9,Never-married,Sales,Unmarried,White,Female,0,0,60,United-States,<=50K
41,Private,191807,HS-grad,9,Married-civ-spouse,Adm-clerical,Own-child,White,Male,0,0,40,United-States,<=50K
42,Private,163215,Doctorate,16,Never-married,Prof-specialty,Not-in-family,White,Male,0,0,36,United-States,>50K
17,Self-emp-not-inc,365996,11th,7,Never-married,Farming-fishing,Own-child,White,Male,0,0,10,United-States,<=50K
59,Local-gov,93211,Bachelors,13,Married-civ-spouse,Exec-managerial,Wife,White,Female,0,0,22,United-States,>50K
53,Private,34845,9th,5,Married-civ-spouse,Machine-op-inspct,Husband,Black,Male,0,0,40,United-States,<=50K
21,Private,189759,Some-college,10,Never-married,Sales,Own-child,White,Male,0,0,40,United-States,<=50K
22,?,165673,Some-college,10,Never-married,?,Own-child,White,Female,0,0,40,Italy,<=50K
37,Private,222615,Assoc-voc,11,Never-married,Other-service,Not-in-family,White,Male,0,0,40,United-States,<=50K
62,Private,244395,Doctorate,16,Married-civ-spouse,Prof-specialty,Husband,White,Male,15024,0,50,United-States,>50K
31,Local-gov,240283,Some-college,10,Married-civ-spouse,Protective-serv,Husband,Black,Male,0,1902,50,United-States,>50K
49,Private,28334,Some-college,10,Married-civ-spouse,Exec-managerial,Husband,White,Male,0,0,45,United-States,>50K
21,Private,109800,Some-college,10,Never-married,Other-service,Own-child,White,Male,0,0,40,United-States,<=50K
46,Private,456062,Doctorate,16,Married-civ-spouse,Prof-specialty,Husband,White,Male,0,2415,55,United-States,>50K
27,Private,200227,Assoc-voc,11,Married-civ-spouse,Adm-clerical,Wife,Black,Female,0,0,40,United-States,<=50K
46,Private,219835,Some-college,10,Married-civ-spouse,Tech-support,Husband,White,Male,0,0,40,United-States,>50K
31,Private,272069,Assoc-voc,11,Divorced,Transport-moving,Not-in-family,White,Male,0,0,40,United-States,<=50K
24,State-gov,90046,Some-college,10,Never-married,Other-service,Not-in-family,White,Female,0,0,40,Canada,<=50K
41,Private,142717,HS-grad,9,Married-civ-spouse,Exec-managerial,Husband,White,Male,0,0,60,United-States,<=50K
42,Private,66118,Some-college,10,Divorced,Machine-op-inspct,Not-in-family,White,Female,0,0,40,United-States,<=50K
20,Private,182217,Some-college,10,Never-married,Farming-fishing,Own-child,White,Male,0,0,40,United-States,<=50K
42,Private,33619,Some-college,10,Divorced,Adm-clerical,Not-in-family,Black,Female,0,0,40,United-States,<=50K
35,Private,187098,Some-college,10,Divorced,Exec-managerial,Not-in-family,White,Female,0,0,70,United-States,<=50K
18,Self-emp-inc,37792,12th,8,Never-married,Farming-fishing,Own-child,White,Male,0,0,10,United-States,<=50K
45,Self-emp-not-inc,322789,HS-grad,9,Married-civ-spouse,Farming-fishing,Husband,White,Male,0,0,70,United-States,<=50K
36,Private,108293,HS-grad,9,Widowed,Other-service,Unmarried,White,Female,0,0,24,United-States,<=50K
31,Private,305474,1st-4th,2,Separated,Handlers-cleaners,Unmarried,White,Male,0,0,35,Honduras,<=50K
54,Self-emp-inc,166863,Prof-school,15,Married-civ-spouse,Prof-specialty,Husband,White,Male,99999,0,60,United-States,>50K
22,Private,302372,Bachelors,13,Never-married,Adm-clerical,Not-in-family,Asian-Pac-Islander,Female,0,0,10,Vietnam,<=50K
54,Private,261207,1st-4th,2,Married-civ-spouse,Transport-moving,Husband,White,Male,0,0,50,United-States,<=50K
25,Self-emp-inc,98756,Some-college,10,Divorced,Adm-clerical,Own-child,White,Female,0,0,50,United-States,<=50K
37,Private,94334,7th-8th,4,Never-married,Machine-op-inspct,Own-child,White,Female,0,0,25,United-States,<=50K
29,Private,178383,HS-grad,9,Married-civ-spouse,Transport-moving,Husband,White,Male,0,0,40,United-States,<=50K
45,Private,185397,Assoc-acdm,12,Divorced,Craft-repair,Not-in-family,White,Male,0,0,40,United-States,<=50K
48,Self-emp-not-inc,362067,HS-grad,9,Divorced,Craft-repair,Not-in-family,White,Male,0,0,60,United-States,>50K
30,Local-gov,378036,HS-grad,9,Separated,Other-service,Unmarried,White,Male,0,0,40,United-States,>50K
25,State-gov,29814,Some-college,10,Never-married,Craft-repair,Not-in-family,White,Male,0,0,20,United-States,<=50K
17,Private,151888,11th,7,Never-married,Handlers-cleaners,Own-child,White,Male,0,0,25,United-States,<=50K
45,Private,178551,Assoc-voc,11,Divorced,Handlers-cleaners,Not-in-family,White,Female,0,0,40,United-States,<=50K
32,Private,394708,HS-grad,9,Never-married,Other-service,Unmarried,Black,Male,0,0,40,United-States,<=50K
57,Private,200992,Assoc-acdm,12,Widowed,Adm-clerical,Other-relative,White,Female,0,0,40,United-States,<=50K
41,Private,192596,7th-8th,4,Married-civ-spouse,Other-service,Husband,White,Male,0,0,40,?,<=50K
63,Self-emp-not-inc,79662,1st-4th,2,Widowed,Other-service,Unmarried,White,Female,0,0,30,El-Salvador,<=50K
41,Local-gov,66118,Some-college,10,Married-civ-spouse,Transport-moving,Wife,White,Female,0,0,25,United-States,<=50K
38,Private,76317,Assoc-voc,11,Married-civ-spouse,Exec-managerial,Husband,White,Male,0,0,55,United-States,>50K
55,Private,243743,HS-grad,9,Divorced,Sales,Unmarried,White,Female,0,0,37,United-States,<=50K
29,Private,568490,HS-grad,9,Married-civ-spouse,Craft-repair,Husband,White,Male,0,0,40,United-States,<=50K
43,Local-gov,85440,Masters,14,Married-civ-spouse,Prof-specialty,Husband,White,Male,0,0,45,United-States,>50K
65,?,370119,7th-8th,4,Married-civ-spouse,?,Husband,White,Male,0,0,20,United-States,<=50K
55,Self-emp-inc,79662,HS-grad,9,Married-civ-spouse,Transport-moving,Husband,White,Male,0,0,60,United-States,<=50K
28,Private,198103,Assoc-voc,11,Married-civ-spouse,Sales,Husband,White,Male,0,0,40,United-States,<=50K
56,Private,398067,HS-grad,9,Widowed,Adm-clerical,Not-in-family,White,Female,0,0,40,United-States,<=50K
55,Private,190457,HS-grad,9,Married-civ-spouse,Sales,Husband,White,Male,0,0,40,United-States,<=50K
31,Private,100734,Doctorate,16,Never-married,Prof-specialty,Not-in-family,White,Female,0,0,28,United-States,<=50K
33,Private,170583,HS-grad,9,Married-civ-spouse,Craft-repair,Husband,White,Male,0,0,40,United-States,<=50K
27,Private,568490,HS-grad,9,Married-civ-spouse,Handlers-cleaners,Husband,Amer-Indian-Eskimo,Male,0,0,8,United-States,<=50K
17,Private,118792,11th,7,Never-married,Sales,Other-relative,White,Female,0,0,24,United-States,<=50K
20,Private,295912,Some-college,10,Never-married,Craft-repair,Not-in-family,White,Male,0,0,40,United-States,<=50K
23,Private,46401,Bachelors,13,Never-married,Exec-managerial,Not-in-family,White,Female,0,0,50,United-States,<=50K
20,Private,293623,Some-college,10,Never-married,Craft-repair,Not-in-family,White,Male,0,0,40,United-States,<=50K
45,Private,187560,Some-college,10,Married-civ-spouse,Craft-repair,Husband,White,Male,0,0,40,United-States,>50K
21,Private,73679,Some-college,10,Never-married,Exec-managerial,Own-child,White,Female,0,0,40,United-States,<=50K
30,Self-emp-not-inc,113364,Some-college,10,Never-married,Craft-repair,Own-child,White,Male,0,0,30,United-States,<=50K
27,Private,109997,HS-grad,9,Divorced,Other-service,Not-in-family,White,Female,0,0,40,United-States,<=50K
43,Private,26669,HS-grad,9,Married-civ-spouse,Machine-op-inspct,Husband,Black,Male,0,0,40,Germany,>50K
39,Private,508548,HS-grad,9,Married-civ-spouse,Prof-specialty,Husband,White,Male,0,0,40,United-States,<=50K
25,Private,183575,11th,7,Never-married,Craft-repair,Own-child,White,Male,0,0,40,United-States,<=50K
37,Local-gov,223020,Assoc-voc,11,Never-married,Other-service,Unmarried,Black,Female,0,0,32,United-States,<=50K
18,Private,513977,Some-college,10,Never-married,Other-service,Own-child,White,Male,0,0,8,United-States,<=50K
36,Private,220603,Masters,14,Divorced,Exec-managerial,Not-in-family,White,Male,0,0,50,Greece,>50K
79,?,142233,Prof-school,15,Married-civ-spouse,?,Husband,White,Male,0,0,10,United-States,<=50K
31,Private,93140,Assoc-voc,11,Never-married,Adm-clerical,Not-in-family,White,Female,0,0,40,United-States,<=50K
42,Local-gov,281647,Bachelors,13,Never-married,Prof-specialty,Not-in-family,White,Male,0,0,50,United-States,<=50K
36,Private,220237,Masters,14,Divorced,Exec-managerial,Not-in-family,White,Male,0,0,50,Greece,>50K
66,Private,33487,HS-grad,9,Married-civ-spouse,Other-service,Husband,Black,Male,0,0,4,United-States,<=50K
42,Private,172837,Masters,14,Married-civ-spouse,Prof-specialty,Husband,White,Male,0,0,40,United-States,<=50K
22,Private,218309,Some-college,10,Married-civ-spouse,Sales,Husband,White,Male,0,0,55,United-States,<=50K
52,Private,256916,Assoc-voc,11,Divorced,Adm-clerical,Not-in-family,White,Female,0,0,40,Germany,<=50K
45,Local-gov,191776,Masters,14,Divorced,Prof-specialty,Not-in-family,White,Female,0,0,40,United-States,<=50K
30,Private,183620,HS-grad,9,Married-civ-spouse,Sales,Husband,White,Male,0,0,45,United-States,<=50K
47,Private,120672,Bachelors,13,Married-civ-spouse,Craft-repair,Husband,White,Male,15024,0,50,United-States,>50K
18,?,91670,Some-college,10,Never-married,?,Own-child,Asian-Pac-Islander,Female,0,0,40,United-States,<=50K
41,Private,170617,Bachelors,13,Married-civ-spouse,Exec-managerial,Husband,White,Male,0,0,50,United-States,>50K
21,?,277488,Some-college,10,Never-married,?,Own-child,White,Male,0,0,16,United-States,<=50K
41,Private,144608,HS-grad,9,Married-civ-spouse,Exec-managerial,Husband,White,Male,0,0,60,United-States,<=50K
51,Private,61270,HS-grad,9,Married-civ-spouse,Handlers-cleaners,Husband,White,Male,0,0,40,United-States,>50K
40,Self-emp-inc,64885,Masters,14,Married-civ-spouse,Sales,Husband,White,Male,0,0,70,United-States,>50K
49,State-gov,154891,HS-grad,9,Divorced,Exec-managerial,Unmarried,White,Female,0,0,44,United-States,<=50K
32,Private,325353,9th,5,Separated,Other-service,Unmarried,Other,Female,0,0,40,Mexico,<=50K
62,Private,244087,Doctorate,16,Married-civ-spouse,Prof-specialty,Husband,White,Male,15024,0,50,United-States,>50K
26,Private,216867,Masters,14,Never-married,Prof-specialty,Not-in-family,White,Female,0,0,10,United-States,<=50K
28,Local-gov,136224,Bachelors,13,Never-married,Adm-clerical,Not-in-family,Black,Female,4101,0,60,United-States,<=50K
70,Self-emp-inc,243240,9th,5,Divorced,Sales,Not-in-family,White,Male,0,0,45,United-States,<=50K
35,Local-gov,116960,Masters,14,Married-civ-spouse,Prof-specialty,Husband,White,Male,0,1887,40,United-States,>50K
23,Private,209609,Bachelors,13,Never-married,Sales,Own-child,White,Male,0,0,40,United-States,<=50K
60,?,191118,HS-grad,9,Married-civ-spouse,?,Husband,White,Male,0,1848,40,United-States,>50K
54,State-gov,103179,Doctorate,16,Married-civ-spouse,Exec-managerial,Husband,White,Male,0,1902,50,United-States,>50K
47,Local-gov,287480,Masters,14,Married-civ-spouse,Prof-specialty,Husband,White,Male,0,0,40,United-States,<=50K
44,Private,71269,Some-college,10,Divorced,Exec-managerial,Not-in-family,White,Male,0,0,50,United-States,<=50K
34,State-gov,240554,HS-grad,9,Divorced,Transport-moving,Unmarried,White,Female,0,0,40,United-States,<=50K
40,Private,163333,Some-college,10,Married-civ-spouse,Tech-support,Husband,White,Male,0,0,55,United-States,>50K
17,Private,118792,11th,7,Never-married,Sales,Other-relative,White,Female,0,0,24,United-States,<=50K
39,Private,304960,Some-college,10,Divorced,Exec-managerial,Unmarried,White,Female,0,0,15,United-States,<=50K
25,Private,261519,HS-grad,9,Never-married,Sales,Own-child,White,Male,0,0,35,United-States,<=50K
25,Private,261319,HS-grad,9,Never-married,Sales,Own-child,White,Male,0,0,35,United-States,<=50K
24,Private,117963,Bachelors,13,Never-married,Exec-managerial,Own-child,White,Female,0,0,40,United-States,<=50K
63,Private,256173,Assoc-voc,11,Divorced,Other-service,Not-in-family,White,Female,0,0,20,United-States,<=50K
36,Private,219835,Masters,14,Divorced,Exec-managerial,Not-in-family,White,Male,0,0,50,Greece,>50K
19,Private,226032,Some-college,10,Never-married,Other-service,Own-child,White,Male,0,0,30,United-States,<=50K
47,Private,348796,HS-grad,9,Married-civ-spouse,Transport-moving,Husband,White,Male,0,0,60,United-States,<=50K
24,Private,359985,Bachelors,13,Never-married,Sales,Not-in-family,White,Male,0,0,50,United-States,<=50K
50,Private,158242,Assoc-voc,11,Married-civ-spouse,Tech-support,Husband,White,Male,3103,0,40,United-States,>50K
28,Private,228457,10th,6,Never-married,Machine-op-inspct,Unmarried,White,Female,0,0,40,United-States,<=50K
33,Private,278114,HS-grad,9,Married-civ-spouse,Prof-specialty,Husband,White,Male,0,0,60,United-States,<=50K
27,Private,93206,Some-college,10,Never-married,Handlers-cleaners,Own-child,Asian-Pac-Islander,Male,0,0,40,United-States,<=50K
40,Private,100292,HS-grad,9,Married-civ-spouse,Sales,Husband,White,Male,0,0,52,United-States,>50K
48,Private,99385,HS-grad,9,Separated,Adm-clerical,Not-in-family,White,Female,0,0,40,United-States,<=50K
47,Self-emp-not-inc,117310,HS-grad,9,Never-married,Other-service,Not-in-family,White,Female,0,1848,48,United-States,<=50K
36,Private,108293,HS-grad,9,Widowed,Other-service,Unmarried,White,Female,0,0,24,United-States,<=50K
46,Private,370119,Prof-school,15,Married-civ-spouse,Prof-specialty,Husband,White,Male,99999,0,60,United-States,>50K
40,Private,163455,Some-college,10,Married-civ-spouse,Tech-support,Husband,White,Male,0,0,55,United-States,>50K
25,Private,371987,HS-grad,9,Divorced,Adm-clerical,Not-in-family,White,Female,0,0,40,United-States,<=50K
25,Private,374423,HS-grad,9,Divorced,Adm-clerical,Not-in-family,White,Female,0,0,40,United-States,<=50K
73,Private,187560,Some-college,10,Married-civ-spouse,Protective-serv,Husband,White,Male,0,0,40,United-States,<=50K
19,Private,67759,HS-grad,9,Never-married,Machine-op-inspct,Own-child,White,Male,0,0,43,United-States,<=50K
38,Private,93140,HS-grad,9,Separated,Machine-op-inspct,Unmarried,Black,Female,0,0,28,United-States,<=50K
40,Private,100292,HS-grad,9,Married-civ-spouse,Sales,Husband,White,Male,0,0,52,United-States,>50K
33,Private,183470,HS-grad,9,Never-married,Sales,Not-in-family,White,Female,0,0,45,United-States,<=50K
37,State-gov,76767,Prof-school,15,Married-civ-spouse,Prof-specialty,Wife,White,Female,0,0,39,United-States,>50K
36,Private,353263,Bachelors,13,Married-civ-spouse,Prof-specialty,Husband,White,Male,0,0,60,United-States,>50K
28,Private,311350,Some-college,10,Never-married,Machine-op-inspct,Not-in-family,White,Male,0,0,42,United-States,<=50K
23,Private,46746,Bachelors,13,Never-married,Exec-managerial,Not-in-family,White,Female,0,0,50,United-States,<=50K
55,Private,51838,Bachelors,13,Married-civ-spouse,Sales,Husband,White,Male,0,0,15,United-States,>50K
33,State-gov,427812,Bachelors,13,Married-civ-spouse,Prof-specialty,Husband,White,Male,0,0,15,Mexico,<=50K
34,Private,42596,Some-college,10,Married-civ-spouse,Exec-managerial,Husband,White,Male,0,0,45,United-States,<=50K
31,Private,117789,HS-grad,9,Never-married,Handlers-cleaners,Not-in-family,White,Male,0,0,60,United-States,<=50K
33,Private,157145,9th,5,Married-civ-spouse,Machine-op-inspct,Husband,White,Male,0,0,50,United-States,<=50K
40,Self-emp-inc,142444,Bachelors,13,Never-married,Prof-specialty,Not-in-family,White,Female,0,0,45,United-States,<=50K
69,Self-emp-inc,266463,Assoc-acdm,12,Married-civ-spouse,Sales,Husband,White,Male,0,0,40,United-States,>50K
51,Private,231181,Some-college,10,Never-married,Machine-op-inspct,Not-in-family,White,Male,0,0,21,United-States,<=50K
38,?,75024,7th-8th,4,Divorced,?,Not-in-family,White,Female,0,0,40,United-States,<=50K
31,Local-gov,240504,Some-college,10,Married-civ-spouse,Protective-serv,Husband,Black,Male,0,1902,50,United-States,>50K
30,Private,102320,Assoc-voc,11,Separated,Tech-support,Own-child,White,Female,0,0,40,United-States,<=50K
18,Private,377113,10th,6,Never-married,Transport-moving,Not-in-family,White,Male,0,0,56,United-States,<=50K
40,Self-emp-inc,142233,Bachelors,13,Never-married,Prof-specialty,Not-in-family,White,Female,0,0,45,United-States,<=50K
50,Private,174714,Some-college,10,Married-civ-spouse,Sales,Husband,White,Male,0,0,45,United-States,>50K
36,Private,49398,Bachelors,13,Married-civ-spouse,Prof-specialty,Husband,White,Male,0,0,50,United-States,>50K
22,Private,59924,HS-grad,9,Never-married,Other-service,Own-child,White,Female,0,0,40,United-States,<=50K
33,Private,182378,HS-grad,9,Never-married,Sales,Not-in-family,White,Female,0,0,45,United-States,<=50K
17,Private,331552,12th,8,Never-married,Adm-clerical,Own-child,White,Female,0,0,30,United-States,<=50K
44,Private,114865,Some-college,10,Divorced,Machine-op-inspct,Not-in-family,White,Male,0,0,40,United-States,<=50K
41,Private,192596,7th-8th,4,Married-civ-spouse,Other-service,Husband,White,Male,0,0,40,?,<=50K
36,Private,496025,Bachelors,13,Married-civ-spouse,Prof-specialty,Husband,White,Male,0,0,50,United-States,>50K
21,Private,191243,Some-college,10,Never-married,Other-service,Own-child,White,Male,0,0,40,United-States,<=50K
47,Private,158294,HS-grad,9,Married-civ-spouse,Tech-support,Wife,White,Female,0,0,40,United-States,<=50K
20,Private,177212,Some-college,10,Never-married,Other-service,Own-child,White,Male,0,0,30,United-States,<=50K
55,Self-emp-not-inc,224947,Some-college,10,Married-civ-spouse,Farming-fishing,Husband,White,Male,0,0,40,United-States,<=50K
40,Private,182237,Some-college,10,Married-civ-spouse,Other-service,Wife,White,Female,0,0,40,Scotland,<=50K
69,Self-emp-inc,266463,Assoc-acdm,12,Married-civ-spouse,Sales,Husband,White,Male,0,0,40,United-States,>50K
41,Private,110732,Some-college,10,Divorced,Tech-support,Not-in-family,White,Female,0,0,40,United-States,<=50K
36,Private,250770,1st-4th,2,Never-married,Other-service,Other-relative,Other,Female,0,0,40,El-Salvador,<=50K
41,Private,350853,Some-college,10,Married-civ-spouse,Exec-managerial,Wife,White,Female,0,1902,40,United-States,>50K
39,Private,318865,HS-grad,9,Married-civ-spouse,Craft-repair,Husband,White,Male,0,0,40,United-States,<=50K
35,Private,23813,HS-grad,9,Married-civ-spouse,Handlers-cleaners,Husband,White,Male,0,0,60,United-States,<=50K
35,Local-gov,116960,Masters,14,Married-civ-spouse,Prof-specialty,Husband,White,Male,0,1887,40,United-States,>50K
37,Private,105862,HS-grad,9,Married-civ-spouse,Handlers-cleaners,Husband,White,Male,0,0,40,United-States,<=50K
71,State-gov,210982,HS-grad,9,Married-civ-spouse,Protective-serv,Husband,White,Male,0,0,28,United-States,<=50K
42,Private,548580,Some-college,10,Divorced,Farming-fishing,Not-in-family,White,Male,0,0,40,United-States,<=50K
47,Private,147430,HS-grad,9,Married-civ-spouse,Craft-repair,Husband,White,Male,0,0,40,United-States,>50K
55,Private,343447,HS-grad,9,Never-married,Exec-managerial,Not-in-family,White,Male,0,0,54,United-States,<=50K
41,Private,158948,Bachelors,13,Married-civ-spouse,Sales,Husband,White,Male,0,0,40,United-States,<=50K
18,Private,131699,HS-grad,9,Never-married,Other-service,Own-child,White,Female,0,0,40,United-States,<=50K
25,Private,258102,Bachelors,13,Never-married,Prof-specialty,Not-in-family,White,Male,0,0,45,United-States,<=50K
36,Private,295912,HS-grad,9,Never-married,Transport-moving,Other-relative,White,Male,0,0,50,United-States,<=50K
29,Private,232894,Some-college,10,Married-civ-spouse,Adm-clerical,Husband,Black,Male,0,0,50,United-States,<=50K
23,Private,203635,Some-college,10,Never-married,Adm-clerical,Not-in-family,White,Female,0,0,40,United-States,<=50K
33,Private,91163,HS-grad,9,Separated,Other-service,Other-relative,Black,Female,0,0,40,United-States,<=50K
65,State-gov,291981,7th-8th,4,Widowed,Other-service,Other-relative,White,Female,0,0,24,United-States,<=50K
20,Private,218550,Some-college,10,Never-married,Sales,Own-child,White,Male,0,0,30,?,<=50K
43,Self-emp-inc,240554,Some-college,10,Married-civ-spouse,Exec-managerial,Husband,White,Male,0,0,70,United-States,>50K
32,Private,79702,Some-college,10,Married-civ-spouse,Exec-managerial,Own-child,White,Female,25236,0,40,Japan,<=50K
25,Self-emp-inc,98756,Some-college,10,Divorced,Adm-clerical,Own-child,White,Female,0,0,50,United-States,<=50K
26,Private,433330,11th,7,Separated,Other-service,Unmarried,Black,Male,0,0,40,United-States,<=50K
34,Private,200992,HS-grad,9,Separated,Transport-moving,Own-child,White,Male,0,0,25,Columbia,<=50K
43,Private,269323,HS-grad,9,Married-civ-spouse,Machine-op-inspct,Husband,Black,Male,0,0,40,Germany,>50K
48,Private,355320,Bachelors,13,Married-civ-spouse,Prof-specialty,Husband,White,Male,0,0,45,Canada,>50K
56,Private,398931,HS-grad,9,Widowed,Adm-clerical,Not-in-family,White,Female,0,0,40,United-States,<=50K
47,Private,122215,HS-grad,9,Divorced,Adm-clerical,Not-in-family,White,Female,0,0,40,United-States,<=50K
28,Private,292120,Some-college,10,Never-married,Adm-clerical,Own-child,White,Female,0,0,42,United-States,<=50K
43,Self-emp-inc,175485,Some-college,10,Married-civ-spouse,Exec-managerial,Husband,White,Male,0,0,40,United-States,<=50K
46,Private,165922,HS-grad,9,Married-civ-spouse,Craft-repair,Husband,White,Male,0,0,40,United-States,>50K
33,Private,339482,HS-grad,9,Married-civ-spouse,Craft-repair,Husband,White,Male,0,0,40,United-States,<=50K
51,Private,171409,Some-college,10,Married-civ-spouse,Transport-moving,Husband,White,Male,0,0,40,United-States,>50K
38,?,75024,7th-8th,4,Divorced,?,Not-in-family,White,Female,0,0,40,United-States,<=50K
51,Private,143046,Doctorate,16,Divorced,Craft-repair,Not-in-family,White,Female,4787,0,60,United-States,>50K
49,Private,423222,Masters,14,Married-civ-spouse,Sales,Husband,White,Male,0,0,50,United-States,>50K
45,Self-emp-not-inc,286750,HS-grad,9,Married-civ-spouse,Exec-managerial,Husband,Asian-Pac-Islander,Male,0,0,40,China,<=50K
35,Private,187098,Some-college,10,Divorced,Exec-managerial,Not-in-family,White,Female,0,0,70,United-States,<=50K
25,Local-gov,191921,Bachelors,13,Never-married,Craft-repair,Own-child,White,Male,0,0,25,United-States,<=50K
46,Private,212840,11th,7,Married-civ-spouse,Craft-repair,Husband,White,Male,0,0,32,United-States,<=50K
54,Private,508548,Bachelors,13,Divorced,Exec-managerial,Not-in-family,Black,Female,0,0,45,United-States,>50K
24,Private,200997,HS-grad,9,Never-married,Handlers-cleaners,Own-child,White,Male,0,0,45,United-States,<=50K
21,Private,73679,Some-college,10,Never-married,Exec-managerial,Own-child,White,Female,0,0,40,United-States,<=50K
18,Private,377113,10th,6,Never-married,Transport-moving,Not-in-family,White,Male,0,0,56,United-States,<=50K
30,Private,175643,HS-grad,9,Married-civ-spouse,Craft-repair,Husband,White,Male,0,0,42,United-States,>50K
53,Self-emp-inc,232894,Assoc-acdm,12,Married-civ-spouse,Transport-moving,Husband,White,Male,0,0,45,United-States,>50K
49,Private,174181,HS-grad,9,Married-civ-spouse,Craft-repair,Husband,White,Male,0,0,40,United-States,>50K
20,Private,272913,HS-grad,9,Never-married,Machine-op-inspct,Own-child,Black,Male,0,0,40,United-States,<=50K
59,Private,230039,HS-grad,9,Married-civ-spouse,Sales,Husband,White,Male,0,0,40,United-States,<=50K
34,State-gov,240504,HS-grad,9,Divorced,Transport-moving,Unmarried,White,Female,0,0,40,United-States,<=50K
54,Self-emp-inc,165937,Prof-school,15,Married-civ-spouse,Prof-specialty,Husband,White,Male,99999,0,60,United-States,>50K
25,Private,206600,12th,8,Married-civ-spouse,Machine-op-inspct,Husband,White,Male,0,0,40,El-Salvador,<=50K
23,Private,380544,Some-college,10,Married-civ-spouse,Adm-clerical,Husband,White,Male,0,0,40,United-States,>50K
43,Private,140854,HS-grad,9,Widowed,Craft-repair,Unmarried,White,Female,0,0,40,Italy,<=50K
45,Self-emp-not-inc,285295,HS-grad,9,Married-civ-spouse,Exec-managerial,Husband,Asian-Pac-Islander,Male,0,0,40,China,<=50K
59,Private,19302,HS-grad,9,Married-civ-spouse,Handlers-cleaners,Husband,White,Male,0,0,40,United-States,>50K
55,Private,84774,HS-grad,9,Married-civ-spouse,Priv-house-serv,Wife,White,Female,0,0,30,United-States,<=50K
20,Private,190776,HS-grad,9,Never-married,Other-service,Own-child,White,Female,0,0,30,United-States,<=50K
51,Local-gov,154891,HS-grad,9,Divorced,Protective-serv,Unmarried,White,Male,0,0,52,United-States,<=50K
46,Private,121768,Bachelors,13,Married-civ-spouse,Craft-repair,Husband,White,Male,0,0,44,United-States,>50K
20,?,174655,Some-college,10,Never-married,?,Own-child,White,Male,0,0,20,United-States,<=50K
31,Private,220603,Prof-school,15,Divorced,Tech-support,Not-in-family,White,Female,0,0,35,United-States,<=50K
31,Private,182926,10th,6,Separated,Transport-moving,Unmarried,White,Male,0,0,40,United-States,<=50K
74,Private,146365,HS-grad,9,Widowed,Other-service,Not-in-family,White,Female,0,0,28,United-States,<=50K
66,Private,33487,HS-grad,9,Married-civ-spouse,Other-service,Husband,Black,Male,0,0,4,United-States,<=50K
31,Private,122215,HS-grad,9,Separated,Handlers-cleaners,Not-in-family,White,Male,0,0,40,United-States,<=50K
24,Private,282779,Bachelors,13,Married-civ-spouse,Prof-specialty,Husband,White,Male,0,0,40,United-States,<=50K
42,Private,66118,Some-college,10,Divorced,Machine-op-inspct,Not-in-family,White,Female,0,0,40,United-States,<=50K
22,Private,200401,Some-college,10,Never-married,Sales,Own-child,White,Male,0,0,15,United-States,<=50K
36,Private,50132,Bachelors,13,Married-civ-spouse,Prof-specialty,Husband,White,Male,0,0,50,United-States,>50K
38,Federal-gov,340880,Some-college,10,Married-civ-spouse,Adm-clerical,Husband,Asian-Pac-Islander,Male,0,0,40,Philippines,>50K
58,Private,97562,HS-grad,9,Married-civ-spouse,Sales,Wife,White,Female,0,0,38,United-States,<=50K
65,State-gov,292120,7th-8th,4,Widowed,Other-service,Other-relative,White,Female,0,0,24,United-States,<=50K
24,Private,152724,HS-grad,9,Never-married,Machine-op-inspct,Unmarried,Black,Male,0,0,40,United-States,<=50K
38,Private,191118,Assoc-acdm,12,Divorced,Craft-repair,Unmarried,White,Female,0,0,40,United-States,<=50K
51,Private,171540,Some-college,10,Married-civ-spouse,Transport-moving,Husband,White,Male,0,0,40,United-States,>50K
38,Private,188798,Bachelors,13,Never-married,Exec-managerial,Not-in-family,White,Male,0,1380,40,United-States,<=50K
77,Self-emp-not-inc,161964,Preschool,1,Widowed,Exec-managerial,Not-in-family,White,Female,0,0,60,United-States,<=50K
27,Local-gov,191118,HS-grad,9,Never-married,Other-service,Own-child,White,Male,0,0,45,United-States,<=50K
34,Private,186110,HS-grad,9,Married-civ-spouse,Handlers-cleaners,Husband,White,Male,0,0,70,United-States,<=50K
37,Private,223020,5th-6th,3,Married-civ-spouse,Machine-op-inspct,Husband,White,Male,0,0,40,El-Salvador,<=50K
47,Self-emp-not-inc,109421,Bachelors,13,Married-civ-spouse,Exec-managerial,Husband,White,Male,0,0,50,United-States,<=50K
57,Local-gov,343447,HS-grad,9,Divorced,Protective-serv,Not-in-family,White,Female,0,0,40,United-States,<=50K
38,Private,190776,Assoc-acdm,12,Divorced,Craft-repair,Unmarried,White,Female,0,0,40,United-States,<=50K
17,Private,79682,10th,6,Never-married,Priv-house-serv,Other-relative,White,Male,0,0,30,United-States,<=50K
21,Private,225623,Some-college,10,Never-married,Other-service,Other-relative,White,Female,0,0,30,United-States,<=50K
53,Private,250770,Bachelors,13,Married-civ-spouse,Exec-managerial,Husband,Black,Male,0,0,50,United-States,>50K
41,Private,140854,HS-grad,9,Married-spouse-absent,Adm-clerical,Unmarried,White,Female,0,0,40,United-States,<=50K
52,Self-emp-inc,233275,HS-grad,9,Married-civ-spouse,Exec-managerial,Husband,White,Male,15024,0,40,United-States,>50K
21,Private,189759,Some-college,10,Never-married,Sales,Own-child,White,Male,0,0,40,United-States,<=50K
22,Private,88050,Assoc-acdm,12,Married-civ-spouse,Exec-managerial,Husband,Asian-Pac-Islander,Male,0,0,6,United-States,<=50K
27,Private,180280,Assoc-voc,11,Married-spouse-absent,Tech-support,Own-child,White,Female,0,0,40,United-States,<=50K
26,Private,164938,HS-grad,9,Married-civ-spouse,Sales,Husband,White,Male,0,0,40,United-States,<=50K
38,Private,178768,Assoc-acdm,12,Married-spouse-absent,Adm-clerical,Unmarried,White,Female,0,0,40,United-States,<=50K
30,Private,36058,Some-college,10,Married-civ-spouse,Exec-managerial,Husband,White,Male,0,0,50,United-States,<=50K
35,Private,187334,Some-college,10,Divorced,Exec-managerial,Not-in-family,White,Female,0,0,70,United-States,<=50K
29,Private,127918,Bachelors,13,Married-civ-spouse,Sales,Husband,White,Male,0,0,45,United-States,<=50K
34,State-gov,252013,Bachelors,13,Never-married,Prof-specialty,Not-in-family,White,Male,0,0,48,United-States,<=50K
20,Private,282069,Some-college,10,Never-married,Other-service,Own-child,White,Male,0,0,50,United-States,<=50K
22,Private,218550,Some-college,10,Married-civ-spouse,Sales,Husband,White,Male,0,0,55,United-States,<=50K
31,Private,252529,Bachelors,13,Divorced,Exec-managerial,Unmarried,White,Female,0,0,40,United-States,<=50K
79,?,142370,Prof-school,15,Married-civ-spouse,?,Husband,White,Male,0,0,10,United-States,<=50K
27,Private,141545,HS-grad,9,Married-civ-spouse,Transport-moving,Husband,White,Male,0,1902,45,United-States,<=50K
45,Private,244087,Bachelors,13,Married-civ-spouse,Exec-managerial,Husband,White,Male,0,0,60,United-States,>50K
26,Private,350853,5th-6th,3,Never-married,Transport-moving,Not-in-family,White,Male,0,0,40,?,<=50K
28,Private,168514,HS-grad,9,Never-married,Other-service,Own-child,White,Female,0,0,40,United-States,<=50K
37,State-gov,46746,Bachelors,13,Never-married,Prof-specialty,Not-in-family,White,Male,0,0,38,United-States,<=50K
29,Private,413297,Assoc-acdm,12,Never-married,Sales,Not-in-family,White,Male,0,0,45,Mexico,<=50K
47,Private,323798,Prof-school,15,Married-civ-spouse,Prof-specialty,Husband,White,Male,15024,0,55,United-States,>50K
34,Private,174655,Some-college,10,Married-civ-spouse,Other-service,Husband,White,Male,0,0,50,United-States,<=50K
53,Private,348092,HS-grad,9,Divorced,Prof-specialty,Not-in-family,White,Male,4787,0,46,United-States,>50K
37,Private,164938,HS-grad,9,Married-civ-spouse,Handlers-cleaners,Husband,White,Male,0,2002,40,United-States,<=50K
19,?,200401,Some-college,10,Never-married,?,Own-child,White,Female,0,0,40,United-States,<=50K
35,Private,115792,Bachelors,13,Married-civ-spouse,Prof-specialty,Husband,White,Male,0,0,55,United-States,<=50K
25,Private,165034,HS-grad,9,Never-married,Machine-op-inspct,Own-child,White,Male,4416,0,40,United-States,<=50K
71,Local-gov,364986,Bachelors,13,Widowed,Prof-specialty,Unmarried,White,Female,0,0,6,United-States,<=50K
53,Private,249751,Bachelors,13,Married-civ-spouse,Exec-managerial,Husband,Black,Male,0,0,50,United-States,>50K
69,Private,272913,HS-grad,9,Widowed,Adm-clerical,Not-in-family,White,Female,0,0,40,United-States,<=50K
59,Private,167987,HS-grad,9,Married-spouse-absent,Priv-house-serv,Not-in-family,White,Female,0,0,36,Portugal,<=50K
19,Private,119529,Some-college,10,Never-married,Other-service,Own-child,White,Female,0,0,15,United-States,<=50K
17,Self-emp-not-inc,365996,11th,7,Never-married,Farming-fishing,Own-child,White,Male,0,0,10,United-States,<=50K
32,Private,244395,11th,7,Married-civ-spouse,Craft-repair,Husband,White,Male,0,1672,48,United-States,<=50K
29,Private,72618,HS-grad,9,Never-married,Handlers-cleaners,Own-child,Asian-Pac-Islander,Male,0,0,26,United-States,<=50K
21,Private,73091,Some-college,10,Never-married,Exec-managerial,Own-child,White,Female,0,0,40,United-States,<=50K
22,Private,112693,HS-grad,9,Married-civ-spouse,Craft-repair,Husband,White,Male,0,0,35,United-States,<=50K
27,Private,29276,Assoc-acdm,12,Never-married,Craft-repair,Unmarried,White,Male,0,0,40,United-States,<=50K
24,Private,117528,Bachelors,13,Never-married,Prof-specialty,Own-child,White,Female,0,0,40,United-States,<=50K
21,?,278114,Some-college,10,Never-married,?,Own-child,White,Male,0,0,16,United-States,<=50K
23,Private,86939,HS-grad,9,Married-spouse-absent,Machine-op-inspct,Not-in-family,White,Male,0,0,40,United-States,<=50K
53,Federal-gov,177120,Some-college,10,Never-married,Prof-specialty,Unmarried,White,Female,0,0,40,United-States,<=50K
63,Self-emp-not-inc,335481,7th-8th,4,Married-civ-spouse,Craft-repair,Husband,White,Male,0,0,40,United-States,<=50K
49,State-gov,207120,HS-grad,9,Married-civ-spouse,Handlers-cleaners,Husband,White,Male,0,0,40,United-States,>50K
28,Local-gov,304710,Assoc-acdm,12,Never-married,Adm-clerical,Not-in-family,White,Female,0,1980,40,United-States,<=50K
20,Private,281743,Some-college,10,Never-married,Other-service,Own-child,White,Male,0,0,50,United-States,<=50K
19,Private,184682,HS-grad,9,Never-married,Other-service,Own-child,White,Female,0,0,32,United-States,<=50K
57,Private,170617,Bachelors,13,Married-civ-spouse,Protective-serv,Husband,White,Male,0,0,40,United-States,>50K
27,Private,147236,Some-college,10,Never-married,Exec-managerial,Own-child,White,Female,0,0,40,United-States,<=50K
50,Private,157887,Assoc-voc,11,Married-civ-spouse,Tech-support,Husband,White,Male,3103,0,40,United-States,>50K
30,Private,48014,Masters,14,Never-married,Adm-clerical,Not-in-family,White,Female,0,0,40,France,<=50K
55,Private,164898,HS-grad,9,Separated,Other-service,Not-in-family,White,Female,0,0,16,United-States,<=50K
49,Private,157569,HS-grad,9,Married-civ-spouse,Craft-repair,Husband,White,Male,0,0,40,United-States,<=50K
45,Private,176315,HS-grad,9,Never-married,Other-service,Not-in-family,White,Female,0,0,40,El-Salvador,<=50K
51,Private,261319,HS-grad,9,Married-civ-spouse,Other-service,Husband,White,Male,0,0,40,Cuba,>50K
34,Self-emp-not-inc,197496,HS-grad,9,Married-civ-spouse,Craft-repair,Husband,White,Male,0,0,40,United-States,<=50K
60,Private,311907,Bachelors,13,Married-civ-spouse,Exec-managerial,Husband,White,Male,0,0,45,United-States,>50K
29,Private,244688,Assoc-voc,11,Married-civ-spouse,Tech-support,Husband,White,Male,0,2051,40,United-States,<=50K
45,Private,179135,HS-grad,9,Divorced,Adm-clerical,Not-in-family,White,Female,0,0,40,United-States,<=50K
43,Private,137126,Some-college,10,Married-civ-spouse,Exec-managerial,Husband,White,Male,0,0,40,United-States,>50K
36,Private,164332,HS-grad,9,Married-civ-spouse,Exec-managerial,Husband,White,Male,0,0,40,United-States,<=50K
25,Private,37170,HS-grad,9,Divorced,Adm-clerical,Not-in-family,White,Female,0,0,40,United-States,<=50K
47,Private,387468,Some-college,10,Married-civ-spouse,Prof-specialty,Husband,White,Male,0,0,40,Scotland,>50K
33,Private,217530,Assoc-acdm,12,Married-civ-spouse,Prof-specialty,Husband,White,Male,0,0,40,United-States,>50K
41,Private,171409,Bachelors,13,Married-civ-spouse,Exec-managerial,Husband,White,Male,0,0,50,United-States,>50K
24,Private,187802,Assoc-acdm,12,Never-married,Prof-specialty,Own-child,White,Male,0,0,40,United-States,<=50K
26,Self-emp-not-inc,109609,Some-college,10,Separated,Craft-repair,Not-in-family,White,Male,0,0,30,United-States,<=50K
55,Private,191243,HS-grad,9,Married-civ-spouse,Sales,Husband,White,Male,0,0,40,United-States,<=50K
52,Private,256362,Bachelors,13,Married-civ-spouse,Exec-managerial,Husband,White,Male,0,0,50,United-States,<=50K
34,?,181008,HS-grad,9,Divorced,?,Not-in-family,White,Female,0,0,40,United-States,<=50K
27,Private,200401,Assoc-voc,11,Married-civ-spouse,Adm-clerical,Wife,Black,Female,0,0,40,United-States,<=50K
49,Self-emp-not-inc,173095,HS-grad,9,Divorced,Sales,Not-in-family,White,Male,0,0,40,United-States,<=50K
53,Private,346754,Some-college,10,Married-civ-spouse,Exec-managerial,Wife,White,Female,0,0,40,United-States,>50K
32,Private,183575,Assoc-voc,11,Married-civ-spouse,Craft-repair,Husband,Amer-Indian-Eskimo,Male,0,0,42,United-States,<=50K
47,Private,140644,HS-grad,9,Married-civ-spouse,Exec-managerial,Husband,White,Male,0,0,40,United-States,>50K
55,Private,191202,HS-grad,9,Married-civ-spouse,Sales,Husband,White,Male,0,0,40,United-States,<=50K
43,State-gov,187560,Some-college,10,Separated,Craft-repair,Not-in-family,White,Male,0,0,37,United-States,<=50K
19,Private,68552,HS-grad,9,Never-married,Handlers-cleaners,Own-child,White,Male,0,0,30,United-States,<=50K
23,Private,42251,Bachelors,13,Never-married,Exec-managerial,Not-in-family,White,Female,0,0,45,United-States,<=50K
19,Private,38948,11th,7,Never-married,Other-service,Own-child,White,Male,0,0,40,United-States,<=50K
33,State-gov,42596,Bachelors,13,Married-civ-spouse,Prof-specialty,Husband,White,Male,0,0,15,Mexico,<=50K
29,Private,422933,HS-grad,9,Never-married,Machine-op-inspct,Not-in-family,White,Male,0,0,48,United-States,<=50K
61,Local-gov,144032,Masters,14,Married-civ-spouse,Exec-managerial,Husband,White,Male,7298,0,60,United-States,>50K
40,Private,182217,Some-college,10,Married-civ-spouse,Other-service,Wife,White,Female,0,0,40,Scotland,<=50K
62,Private,244214,Doctorate,16,Married-civ-spouse,Prof-specialty,Husband,White,Male,15024,0,50,United-States,>50K
46,Private,186067,Bachelors,13,Married-civ-spouse,Prof-specialty,Husband,White,Male,3103,0,40,United-States,>50K
46,Private,412316,HS-grad,9,Married-civ-spouse,Craft-repair,Husband,Black,Male,0,1902,40,United-States,>50K
36,Private,210673,Assoc-voc,11,Divorced,Prof-specialty,Not-in-family,White,Male,0,0,40,United-States,>50K
45,Private,179565,HS-grad,9,Divorced,Adm-clerical,Not-in-family,White,Female,0,0,40,United-States,<=50K
34,Private,355686,Bachelors,13,Married-civ-spouse,Sales,Husband,White,Male,0,0,40,United-States,<=50K
20,Private,167405,Some-college,10,Never-married,Priv-house-serv,Own-child,White,Female,0,0,40,United-States,<=50K
28,Local-gov,135567,Bachelors,13,Never-married,Adm-clerical,Not-in-family,Black,Female,4101,0,60,United-States,<=50K
41,Private,158926,Bachelors,13,Married-civ-spouse,Sales,Husband,White,Male,0,0,40,United-States,<=50K
20,Private,167005,Some-college,10,Never-married,Priv-house-serv,Own-child,White,Female,0,0,40,United-States,<=50K
18,Private,59380,HS-grad,9,Never-married,Priv-house-serv,Other-relative,White,Female,0,0,10,United-States,<=50K
34,Private,212944,Bachelors,13,Married-civ-spouse,Prof-specialty,Husband,White,Male,0,0,40,Iran,>50K
35,Private,170411,HS-grad,9,Never-married,Machine-op-inspct,Unmarried,Black,Female,0,0,48,United-States,<=50K
39,Private,149909,Some-college,10,Married-civ-spouse,Craft-repair,Husband,White,Male,0,0,55,United-States,>50K
26,Private,110103,HS-grad,9,Never-married,Other-service,Not-in-family,White,Female,0,1762,40,United-States,<=50K
29,Private,246367,11th,7,Never-married,Other-service,Unmarried,Black,Female,0,0,40,United-States,<=50K
45,Private,194095,Assoc-voc,11,Never-married,Other-service,Unmarried,White,Female,0,0,40,Mexico,<=50K
43,Self-emp-not-inc,160369,Some-college,10,Never-married,Sales,Not-in-family,White,Male,0,0,65,United-States,<=50K
42,Private,66118,Some-college,10,Divorced,Machine-op-inspct,Not-in-family,White,Female,0,0,40,United-States,<=50K
41,Private,69333,HS-grad,9,Married-civ-spouse,Craft-repair,Husband,White,Male,0,0,45,United-States,>50K
74,Private,147236,HS-grad,9,Widowed,Other-service,Not-in-family,White,Female,0,0,28,United-States,<=50K
38,Private,49657,HS-grad,9,Married-civ-spouse,Handlers-cleaners,Husband,White,Male,0,0,40,United-States,<=50K
20,Private,30687,Some-college,10,Never-married,Other-service,Own-child,White,Male,0,0,16,United-States,<=50K
33,Local-gov,120508,Bachelors,13,Divorced,Protective-serv,Unmarried,White,Female,0,0,60,Germany,<=50K
25,Private,257756,Bachelors,13,Never-married,Exec-managerial,Not-in-family,White,Male,0,0,50,United-States,<=50K
34,Private,347446,Assoc-acdm,12,Never-married,Exec-managerial,Own-child,White,Female,0,0,50,United-States,<=50K
31,Private,79190,HS-grad,9,Never-married,Other-service,Own-child,White,Female,0,0,35,United-States,<=50K
49,Private,131414,Bachelors,13,Married-civ-spouse,Exec-managerial,Husband,White,Male,0,0,50,United-States,>50K
47,State-gov,187581,Assoc-voc,11,Married-civ-spouse,Tech-support,Husband,White,Male,0,0,48,United-States,>50K
26,Federal-gov,172297,Assoc-voc,11,Never-married,Craft-repair,Own-child,White,Male,0,0,50,Japan,<=50K
27,Private,189674,HS-grad,9,Married-civ-spouse,Exec-managerial,Own-child,White,Male,0,0,40,United-States,<=50K
34,State-gov,253770,Bachelors,13,Never-married,Prof-specialty,Not-in-family,White,Male,0,0,48,United-States,<=50K
24,Private,201520,HS-grad,9,Never-married,Handlers-cleaners,Own-child,White,Male,0,0,45,United-States,<=50K
59,State-gov,136986,Masters,14,Married-civ-spouse,Prof-specialty,Husband,White,Male,0,0,8,United-States,>50K
29,Private,367306,Bachelors,13,Married-civ-spouse,Exec-managerial,Husband,White,Male,0,1602,47,United-States,<=50K
40,Private,305474,HS-grad,9,Married-civ-spouse,Craft-repair,Husband,White,Male,0,0,40,United-States,<=50K
22,Private,199698,Some-college,10,Never-married,Sales,Own-child,White,Male,0,0,15,United-States,<=50K
19,Private,283613,7th-8th,4,Never-married,Adm-clerical,Own-child,White,Male,0,0,80,United-States,<=50K
19,?,193602,Some-college,10,Never-married,?,Own-child,White,Male,0,0,40,United-States,<=50K
58,Private,225623,HS-grad,9,Separated,Other-service,Not-in-family,White,Female,2907,0,43,United-States,<=50K
27,Private,187802,HS-grad,9,Never-married,Handlers-cleaners,Own-child,White,Male,0,0,40,United-States,<=50K
30,Self-emp-inc,178244,Some-college,10,Married-civ-spouse,Craft-repair,Husband,Black,Male,0,0,70,United-States,<=50K
54,Private,262285,1st-4th,2,Married-civ-spouse,Transport-moving,Husband,White,Male,0,0,50,United-States,<=50K
28,Self-emp-not-inc,204734,Bachelors,13,Never-married,Tech-support,Not-in-family,White,Male,0,0,45,United-States,<=50K
27,Private,199539,Some-college,10,Never-married,Adm-clerical,Own-child,White,Female,0,0,40,Mexico,<=50K
51,Private,244395,Some-college,10,Married-civ-spouse,Adm-clerical,Wife,White,Female,0,0,40,United-States,<=50K
26,Private,165065,HS-grad,9,Married-civ-spouse,Sales,Husband,White,Male,0,0,40,United-States,<=50K
22,Private,170617,11th,7,Never-married,Craft-repair,Not-in-family,Amer-Indian-Eskimo,Male,0,0,40,United-States,<=50K
25,Private,370119,Some-college,10,Never-married,Adm-clerical,Own-child,White,Female,0,0,40,United-States,<=50K
31,Private,272069,Assoc-voc,11,Divorced,Transport-moving,Not-in-family,White,Male,0,0,40,United-States,<=50K
31,Private,100734,Doctorate,16,Never-married,Prof-specialty,Not-in-family,White,Female,0,0,28,United-States,<=50K
28,Local-gov,305474,Assoc-acdm,12,Never-married,Adm-clerical,Not-in-family,White,Female,0,1980,40,United-States,<=50K
66,Private,336880,HS-grad,9,Married-civ-spouse,Other-service,Husband,Black,Male,0,0,4,United-States,<=50K
63,Self-emp-not-inc,217715,5th-6th,3,Never-married,Sales,Not-in-family,White,Female,0,0,3,United-States,<=50K
37,Local-gov,223020,Assoc-voc,11,Never-married,Other-service,Unmarried,Black,Female,0,0,32,United-States,<=50K
42,Private,196116,HS-grad,9,Married-civ-spouse,Machine-op-inspct,Husband,White,Male,0,0,40,United-States,>50K
34,Private,110622,Masters,14,Divorced,Exec-managerial,Other-relative,Asian-Pac-Islander,Female,0,0,40,South,<=50K
48,Private,163204,Bachelors,13,Divorced,Exec-managerial,Not-in-family,White,Female,0,0,50,United-States,>50K
23,Private,543028,HS-grad,9,Never-married,Sales,Own-child,Black,Male,0,0,40,United-States,<=50K
31,Private,122220,HS-grad,9,Separated,Handlers-cleaners,Not-in-family,White,Male,0,0,40,United-States,<=50K
44,Private,114865,Some-college,10,Divorced,Machine-op-inspct,Not-in-family,White,Male,0,0,40,United-States,<=50K
41,Private,171409,Bachelors,13,Married-civ-spouse,Exec-managerial,Husband,White,Male,0,0,50,United-States,>50K
29,Private,245317,Assoc-voc,11,Married-civ-spouse,Tech-support,Husband,White,Male,0,2051,40,United-States,<=50K
36,Private,498785,Bachelors,13,Married-civ-spouse,Prof-specialty,Husband,White,Male,0,0,50,United-States,>50K
63,?,231181,Masters,14,Married-civ-spouse,?,Husband,White,Male,0,0,30,United-States,<=50K
25,Private,257910,Bachelors,13,Never-married,Exec-managerial,Not-in-family,White,Male,0,0,50,United-States,<=50K
36,Self-emp-not-inc,206351,Bachelors,13,Never-married,Craft-repair,Own-child,White,Male,0,0,40,United-States,<=50K
51,Private,142717,Doctorate,16,Divorced,Craft-repair,Not-in-family,White,Female,4787,0,60,United-States,>50K
26,Private,210982,Assoc-voc,11,Separated,Adm-clerical,Unmarried,Black,Female,114,0,40,United-States,<=50K
22,Local-gov,38973,Some-college,10,Never-married,Prof-specialty,Own-child,White,Female,594,0,25,United-States,<=50K
23,Private,208946,Bachelors,13,Never-married,Sales,Own-child,White,Male,0,0,40,United-States,<=50K
20,State-gov,113588,HS-grad,9,Never-married,Tech-support,Own-child,White,Female,0,0,24,United-States,<=50K
37,Private,224947,Assoc-voc,11,Never-married,Other-service,Not-in-family,White,Male,0,0,40,United-States,<=50K
41,Private,159549,Bachelors,13,Married-civ-spouse,Sales,Husband,White,Male,0,0,40,United-States,<=50K
50,Private,213019,HS-grad,9,Married-civ-spouse,Craft-repair,Husband,White,Male,0,0,40,United-States,>50K
41,Private,149169,Bachelors,13,Married-civ-spouse,Exec-managerial,Husband,White,Male,0,0,60,United-States,>50K
40,Private,30846,HS-grad,9,Married-civ-spouse,Craft-repair,Husband,White,Male,0,0,40,United-States,<=50K
37,Private,137613,HS-grad,9,Never-married,Handlers-cleaners,Own-child,White,Male,4386,0,40,United-States,>50K
25,Local-gov,191807,Bachelors,13,Never-married,Craft-repair,Own-child,White,Male,0,0,25,United-States,<=50K
46,Private,367306,Prof-school,15,Married-civ-spouse,Prof-specialty,Husband,White,Male,99999,0,60,United-States,>50K
28,Private,180280,Bachelors,13,Married-civ-spouse,Exec-managerial,Husband,White,Male,0,0,50,England,>50K
35,Private,23813,HS-grad,9,Married-civ-spouse,Handlers-cleaners,Husband,White,Male,0,0,60,United-States,<=50K
