age,workclass,fnlwgt,education,education-num,marital-status,occupation,relationship,race,sex,capital-gain,capital-loss,hours-per-week,native-country,income
32,Private,87263,Masters,14,Married-civ-spouse,Sales,Husband,White,Male,0,0,60,United-States,>50K
39,Private,191776,HS-grad,9,Married-civ-spouse,Transport-moving,Husband,White,Male,0,0,56,United-States,<=50K
29,Private,209101,HS-grad,9,Married-civ-spouse,Craft-repair,Husband,White,Male,0,0,40,United-States,<=50K
41,Self-emp-not-inc,32528,Assoc-voc,11,Married-civ-spouse,Farming-fishing,Husband,White,Male,0,0,45,United-States,<=50K
38,Private,43311,5th-6th,3,Married-civ-spouse,Other-service,Wife,White,Female,0,0,40,El-Salvador,<=50K
53,Private,239303,HS-grad,9,Divorced,Adm-clerical,Unmarried,White,Female,0,0,40,United-States,<=50K
28,Private,181553,Bachelors,13,Married-civ-spouse,Exec-managerial,Husband,White,Male,0,0,50,England,>50K
33,State-gov,357691,Masters,14,Married-civ-spouse,Protective-serv,Husband,Black,Male,0,0,40,United-States,<=50K
53,Private,237582,Some-college,10,Married-civ-spouse,Exec-managerial,Husband,White,Male,0,0,50,United-States,>50K
27,Private,310483,Bachelors,13,Divorced,Prof-specialty,Not-in-family,White,Male,0,0,50,United-States,<=50K
30,Private,561334,HS-grad,9,Married-civ-spouse,Sales,Husband,White,Male,0,0,55,United-States,<=50K
17,Private,95909,11th,7,Never-married,Handlers-cleaners,Own-child,White,Male,0,0,12,United-States,<=50K
19,Private,219867,HS-grad,9,Never-married,Adm-clerical,Other-relative,White,Female,0,0,35,United-States,<=50K
32,Private,72887,HS-grad,9,Married-civ-spouse,Craft-repair,Husband,White,Male,0,0,40,United-States,<=50K
23,?,169628,Assoc-acdm,12,Never-married,?,Own-child,Asian-Pac-Islander,Male,0,0,16,Philippines,<=50K
23,Private,221172,Some-college,10,Never-married,Other-service,Own-child,White,Male,0,0,35,United-States,<=50K
38,Private,198170,Assoc-voc,11,Married-civ-spouse,Sales,Husband,White,Male,0,0,40,United-States,<=50K
19,Private,410114,Some-college,10,Never-married,Machine-op-inspct,Own-child,White,Male,0,0,40,United-States,<=50K
50,Private,96586,Assoc-voc,11,Married-civ-spouse,Other-service,Husband,White,Male,0,0,40,United-States,<=50K
33,Private,456618,HS-grad,9,Married-civ-spouse,Sales,Husband,White,Male,0,0,40,United-States,>50K
52,Private,153078,9th,5,Separated,Other-service,Not-in-family,Black,Female,0,0,30,United-States,<=50K
37,Private,220993,HS-grad,9,Never-married,Other-service,Own-child,Amer-Indian-Eskimo,Male,0,0,18,United-States,<=50K
46,Self-emp-inc,214695,Doctorate,16,Married-civ-spouse,Prof-specialty,Husband,White,Male,0,0,60,United-States,>50K
24,Private,28443,Bachelors,13,Married-civ-spouse,Prof-specialty,Husband,White,Male,0,0,40,United-States,<=50K
17,?,171461,10th,6,Never-married,?,Own-child,White,Female,0,0,20,United-States,<=50K
42,Private,187149,Masters,14,Married-civ-spouse,Exec-managerial,Husband,White,Male,0,2415,55,United-States,>50K
28,State-gov,209464,HS-grad,9,Married-civ-spouse,Protective-serv,Husband,White,Male,0,0,40,United-States,<=50K
56,Private,225605,HS-grad,9,Married-civ-spouse,Prof-specialty,Husband,White,Male,0,0,40,United-States,<=50K
46,Private,186916,HS-grad,9,Divorced,Craft-repair,Other-relative,White,Male,0,0,48,United-States,>50K
52,Private,154120,9th,5,Separated,Other-service,Not-in-family,Black,Female,0,0,30,United-States,<=50K
53,Federal-gov,118059,Assoc-acdm,12,Married-civ-spouse,Adm-clerical,Husband,White,Male,0,0,40,United-States,<=50K
44,Private,231180,Assoc-acdm,12,Widowed,Adm-clerical,Unmarried,White,Female,0,0,40,United-States,<=50K
32,Private,188246,HS-grad,9,Divorced,Craft-repair,Own-child,White,Male,0,0,40,United-States,<=50K
18,Private,138557,11th,7,Never-married,Handlers-cleaners,Own-child,White,Male,0,0,40,United-States,<=50K
32,Private,249550,Some-college,10,Never-married,Prof-specialty,Not-in-family,White,Male,0,0,44,United-States,<=50K
30,Private,121168,Bachelors,13,Never-married,Sales,Not-in-family,White,Male,0,0,40,United-States,>50K
26,Private,374969,HS-grad,9,Never-married,Handlers-cleaners,Own-child,White,Male,0,0,52,United-States,<=50K
27,Private,56658,HS-grad,9,Married-civ-spouse,Handlers-cleaners,Husband,Amer-Indian-Eskimo,Male,0,0,8,United-States,<=50K
32,Private,184529,Assoc-voc,11,Married-civ-spouse,Craft-repair,Husband,Amer-Indian-Eskimo,Male,0,0,42,United-States,<=50K
38,Federal-gov,337606,Some-college,10,Married-civ-spouse,Adm-clerical,Husband,Asian-Pac-Islander,Male,0,0,40,Philippines,>50K
38,Private,206974,HS-grad,9,Married-civ-spouse,Craft-repair,Husband,White,Male,0,0,40,United-States,<=50K
34,Private,553405,Some-college,10,Married-civ-spouse,Exec-managerial,Husband,White,Male,0,0,50,United-States,>50K
41,Private,56658,HS-grad,9,Married-civ-spouse,Craft-repair,Husband,White,Male,0,0,45,United-States,<=50K
36,Private,51415,Some-college,10,Divorced,Adm-clerical,Unmarried,White,Female,0,0,40,United-States,<=50K
55,Private,181008,Assoc-acdm,12,Divorced,Other-service,Not-in-family,White,Female,0,0,52,United-States,<=50K
35,Local-gov,116960,Masters,14,Married-civ-spouse,Prof-specialty,Husband,White,Male,0,1887,40,United-States,>50K
51,Without-pay,124963,Assoc-acdm,12,Married-civ-spouse,Sales,Husband,White,Male,0,0,45,United-States,<=50K
43,State-gov,98989,HS-grad,9,Married-civ-spouse,Other-service,Husband,Amer-Indian-Eskimo,Male,0,0,40,United-States,<=50K
25,Private,121370,Bachelors,13,Divorced,Craft-repair,Not-in-family,White,Male,0,0,40,United-States,<=50K
50,Self-emp-not-inc,280440,Masters,14,Married-civ-spouse,Exec-managerial,Husband,White,Male,0,0,20,United-States,<=50K
37,Private,191807,Bachelors,13,Married-civ-spouse,Adm-clerical,Husband,White,Male,0,0,50,United-States,>50K
79,Private,187334,HS-grad,9,Married-civ-spouse,Prof-specialty,Husband,White,Male,0,0,7,United-States,<=50K
49,Private,201783,HS-grad,9,Divorced,Sales,Not-in-family,White,Female,0,0,32,United-States,<=50K
23,Private,170915,HS-grad,9,Never-married,Sales,Unmarried,White,Female,0,0,48,United-States,<=50K
32,Private,87310,Masters,14,Married-civ-spouse,Sales,Husband,White,Male,0,0,60,United-States,>50K
42,Private,285408,HS-grad,9,Married-civ-spouse,Craft-repair,Husband,White,Male,0,0,40,United-States,<=50K
38,Private,198258,Assoc-voc,11,Married-civ-spouse,Sales,Husband,White,Male,0,0,40,United-States,<=50K
30,Private,204729,1st-4th,15,Never-married,Exec-managerial,Not-in-family,White,Female,0,0,40,Honduras,<=50K
54,Self-emp-not-inc,36327,7th-8th,4,Married-civ-spouse,Machine-op-inspct,Husband,White,Male,0,0,50,United-States,<=50K
33,State-gov,85632,Some-college,10,Married-civ-spouse,Adm-clerical,Wife,White,Female,0,0,40,United-States,<=50K
37,Private,199177,Some-college,10,Married-civ-spouse,Other-service,Wife,White,Female,0,0,40,United-States,<=50K
18,Private,51838,Some-college,10,Never-married,Other-service,Own-child,White,Male,0,0,8,United-States,<=50K
25,Private,469572,Some-college,10,Never-married,Prof-specialty,Not-in-family,White,Male,8614,0,40,United-States,>50K
30,Private,143582,Bachelors,13,Married-civ-spouse,Prof-specialty,Husband,White,Male,0,0,40,United-States,>50K
28,Private,132326,HS-grad,9,Never-married,Adm-clerical,Own-child,White,Male,0,0,40,United-States,<=50K
34,Self-emp-not-inc,246981,HS-grad,9,Married-civ-spouse,Farming-fishing,Husband,White,Male,0,0,45,United-States,<=50K
38,Private,431513,5th-6th,3,Married-civ-spouse,Other-service,Wife,White,Female,0,0,40,El-Salvador,<=50K
33,Private,159589,HS-grad,9,Married-civ-spouse,Machine-op-inspct,Husband,White,Male,0,0,50,United-States,>50K
28,Private,48014,HS-grad,9,Never-married,Adm-clerical,Not-in-family,White,Female,0,0,40,United-States,<=50K
52,Private,94448,Assoc-voc,11,Married-civ-spouse,Prof-specialty,Husband,White,Male,0,0,40,United-States,<=50K
22,Private,73392,Some-college,10,Never-married,Other-service,Own-child,Asian-Pac-Islander,Male,0,0,24,United-States,<=50K
32,Private,280728,Assoc-voc,11,Divorced,Sales,Unmarried,White,Female,0,1380,40,United-States,<=50K
27,Private,420691,5th-6th,3,Never-married,Other-service,Not-in-family,White,Male,0,0,75,Mexico,<=50K
43,Private,335997,HS-grad,9,Married-civ-spouse,Handlers-cleaners,Husband,Black,Male,0,0,40,United-States,<=50K
31,Private,221172,Prof-school,15,Divorced,Tech-support,Not-in-family,White,Female,0,0,35,United-States,<=50K
37,Self-emp-not-inc,182378,HS-grad,9,Divorced,Craft-repair,Not-in-family,White,Male,0,0,50,United-States,<=50K
32,Private,281647,Assoc-voc,11,Divorced,Sales,Unmarried,White,Female,0,1380,40,United-States,<=50K
32,Private,257756,HS-grad,9,Married-civ-spouse,Machine-op-inspct,Husband,White,Male,0,0,40,United-States,>50K
37,Private,194740,HS-grad,9,Divorced,Craft-repair,Not-in-family,White,Male,0,0,50,United-States,<=50K
26,Private,329980,HS-grad,9,Separated,Other-service,Not-in-family,White,Male,0,0,40,United-States,<=50K
38,Private,191814,Bachelors,13,Married-civ-spouse,Exec-managerial,Husband,White,Male,7688,0,40,United-States,>50K
21,Self-emp-not-inc,23580,7th-8th,4,Never-married,Craft-repair,Not-in-family,White,Male,0,0,40,United-States,<=50K
51,Private,27804,Some-college,10,Divorced,Priv-house-serv,Unmarried,Amer-Indian-Eskimo,Female,0,0,35,United-States,<=50K
21,Private,133963,5th-6th,3,Never-married,Farming-fishing,Not-in-family,White,Male,2176,0,36,Mexico,<=50K
68,Self-emp-not-inc,191776,Some-college,10,Widowed,Adm-clerical,Not-in-family,White,Male,0,0,40,United-States,<=50K
34,Private,181388,HS-grad,9,Divorced,Adm-clerical,Not-in-family,White,Female,0,0,40,United-States,<=50K
56,Private,161510,Bachelors,13,Married-civ-spouse,Exec-managerial,Husband,White,Male,0,0,40,United-States,>50K
26,Private,45857,Some-college,10,Never-married,Adm-clerical,Own-child,White,Male,2597,0,40,United-States,<=50K
66,?,182237,7th-8th,4,Married-civ-spouse,?,Husband,White,Male,0,0,30,United-States,<=50K
23,Private,307267,Masters,14,Never-married,Other-service,Not-in-family,White,Female,0,0,10,United-States,<=50K
25,Private,210794,Bachelors,13,Never-married,Prof-specialty,Own-child,White,Female,0,0,40,United-States,<=50K
56,Private,134195,Masters,14,Never-married,Sales,Not-in-family,White,Male,0,0,50,United-States,<=50K
62,?,83439,7th-8th,4,Married-civ-spouse,?,Husband,White,Male,0,0,40,United-States,<=50K
37,Self-emp-not-inc,181388,HS-grad,9,Divorced,Craft-repair,Not-in-family,White,Male,0,0,50,United-States,<=50K
49,?,272069,Bachelors,13,Married-civ-spouse,?,Husband,White,Male,13550,0,60,United-States,>50K
52,Private,153751,9th,5,Separated,Other-service,Not-in-family,Black,Female,0,0,30,United-States,<=50K
18,Local-gov,158420,7th-8th,4,Never-married,Farming-fishing,Own-child,White,Male,0,0,40,United-States,<=50K
34,Private,299347,Bachelors,13,Married-civ-spouse,Sales,Husband,White,Male,0,0,50,United-States,>50K
31,Self-emp-not-inc,113176,HS-grad,9,Divorced,Craft-repair,Not-in-family,White,Male,0,0,60,United-States,<=50K
41,Private,125768,Some-college,10,Divorced,Craft-repair,Not-in-family,White,Male,0,0,40,United-States,>50K
47,Self-emp-inc,101926,Bachelors,13,Divorced,Exec-managerial,Not-in-family,White,Male,0,0,70,United-States,>50K
30,Private,121168,Bachelors,13,Never-married,Sales,Not-in-family,White,Male,0,0,40,United-States,>50K
24,Private,207875,Bachelors,13,Never-married,Adm-clerical,Own-child,White,Female,0,0,40,United-States,<=50K
33,Private,110978,Some-college,10,Divorced,Craft-repair,Other-relative,Other,Female,0,0,40,United-States,<=50K
51,Local-gov,254148,Doctorate,16,Divorced,Prof-specialty,Not-in-family,White,Female,0,0,45,United-States,>50K
36,Private,188274,Some-college,10,Married-civ-spouse,Exec-managerial,Husband,White,Male,0,0,50,United-States,>50K
23,Private,133963,Assoc-voc,11,Never-married,Adm-clerical,Unmarried,White,Female,0,0,40,United-States,<=50K
57,Self-emp-not-inc,166459,HS-grad,9,Married-civ-spouse,Craft-repair,Husband,White,Male,0,0,50,United-States,<=50K
41,Private,106679,Masters,14,Never-married,Exec-managerial,Not-in-family,White,Male,2597,0,50,United-States,>50K
30,Private,398067,1st-4th,2,Separated,Priv-house-serv,Other-relative,White,Female,0,0,30,Mexico,<=50K
28,Private,213019,HS-grad,9,Married-civ-spouse,Machine-op-inspct,Husband,White,Male,2580,0,40,United-States,<=50K
54,Federal-gov,334946,12th,8,Married-civ-spouse,Adm-clerical,Husband,White,Male,0,0,40,United-States,<=50K
19,?,194097,Some-college,10,Never-married,?,Own-child,White,Male,0,0,40,United-States,<=50K
37,Private,337606,Some-college,10,Married-civ-spouse,Transport-moving,Husband,White,Male,0,0,50,United-States,<=50K
21,Private,305673,Some-college,10,Never-married,Exec-managerial,Not-in-family,White,Female,0,0,38,United-States,<=50K
63,Private,256362,Assoc-voc,11,Divorced,Other-service,Not-in-family,White,Female,0,0,20,United-States,<=50K
21,Private,553405,Some-college,10,Never-married,Adm-clerical,Own-child,White,Male,0,0,40,United-States,<=50K
46,Private,58683,HS-grad,9,Divorced,Other-service,Not-in-family,White,Male,0,0,25,United-States,<=50K
23,Private,131620,Some-college,10,Never-married,Adm-clerical,Not-in-family,White,Female,0,0,40,United-States,<=50K
21,Private,163921,Some-college,10,Never-married,Handlers-cleaners,Own-child,White,Male,0,0,30,United-States,<=50K
38,Private,32528,Some-college,10,Married-civ-spouse,Exec-managerial,Husband,White,Male,0,0,40,United-States,>50K
55,Private,85041,HS-grad,9,Married-civ-spouse,Priv-house-serv,Wife,White,Female,0,0,30,United-States,<=50K
25,Private,359808,5th-6th,3,Never-married,Adm-clerical,Not-in-family,White,Female,0,0,33,Mexico,<=50K
18,Self-emp-not-inc,132717,HS-grad,9,Never-married,Farming-fishing,Own-child,White,Male,0,0,40,United-States,<=50K
42,Private,183111,Masters,14,Married-civ-spouse,Prof-specialty,Wife,White,Female,0,0,45,United-States,>50K
40,Federal-gov,77332,Some-college,10,Divorced,Adm-clerical,Not-in-family,White,Female,0,0,50,United-States,<=50K
33,Private,205469,Some-college,10,Married-civ-spouse,Exec-managerial,Husband,White,Male,0,0,56,United-States,>50K
47,Private,192713,HS-grad,9,Married-civ-spouse,Sales,Husband,White,Male,0,0,50,United-States,>50K
60,Private,205469,HS-grad,9,Separated,Other-service,Not-in-family,White,Female,0,0,25,United-States,<=50K
39,Private,191754,5th-6th,3,Married-civ-spouse,Machine-op-inspct,Husband,White,Male,0,0,40,United-States,<=50K
21,State-gov,151888,Some-college,10,Never-married,Adm-clerical,Own-child,White,Female,0,0,30,United-States,<=50K
35,Private,54595,12th,8,Never-married,Sales,Not-in-family,Black,Female,0,0,40,United-States,<=50K
23,Private,176486,Some-college,10,Never-married,Other-service,Other-relative,White,Female,0,0,25,United-States,<=50K
46,Private,403911,HS-grad,9,Married-civ-spouse,Craft-repair,Husband,Black,Male,0,1902,40,United-States,>50K
56,Local-gov,277203,Bachelors,13,Married-civ-spouse,Protective-serv,Husband,White,Male,0,0,40,United-States,>50K
27,Local-gov,191256,HS-grad,9,Never-married,Other-service,Own-child,White,Male,0,0,45,United-States,<=50K
18,Private,141332,11th,7,Never-married,Sales,Own-child,Black,Male,0,0,8,United-States,<=50K
27,Private,81853,Bachelors,13,Never-married,Exec-managerial,Other-relative,White,Male,0,0,45,Germany,<=50K
40,Local-gov,233149,HS-grad,9,Never-married,Adm-clerical,Unmarried,Black,Female,0,0,35,United-States,<=50K
32,Private,316120,11th,7,Never-married,Other-service,Unmarried,Black,Female,0,0,40,Jamaica,<=50K
25,Private,164488,Bachelors,13,Never-married,Tech-support,Not-in-family,White,Male,0,0,40,United-States,<=50K
50,Private,96586,Assoc-voc,11,Married-civ-spouse,Other-service,Husband,White,Male,0,0,40,United-States,<=50K
30,State-gov,61989,Some-college,10,Never-married,Prof-specialty,Not-in-family,White,Female,0,0,5,United-States,<=50K
36,Private,136413,Bachelors,13,Married-civ-spouse,Craft-repair,Husband,White,Male,0,0,48,United-States,>50K
40,Local-gov,234537,HS-grad,9,Never-married,Adm-clerical,Unmarried,Black,Female,0,0,35,United-States,<=50K
37,Private,191517,1st-4th,2,Married-civ-spouse,Craft-repair,Husband,Asian-Pac-Islander,Male,0,0,40,Cambodia,<=50K
42,Private,183470,Masters,14,Married-civ-spouse,Prof-specialty,Wife,White,Female,0,0,45,United-States,>50K
36,Private,126613,11th,7,Married-civ-spouse,Exec-managerial,Husband,White,Male,0,1579,40,United-States,<=50K
27,Private,202559,Bachelors,13,Never-married,Prof-specialty,Own-child,Black,Male,0,0,40,United-States,<=50K
45,Self-emp-inc,84324,Assoc-acdm,12,Married-civ-spouse,Prof-specialty,Husband,White,Male,0,0,50,United-States,>50K
56,?,129673,Some-college,10,Widowed,?,Not-in-family,Black,Female,0,0,40,United-States,<=50K
64,Federal-gov,387663,Prof-school,15,Married-civ-spouse,Prof-specialty,Husband,White,Male,13550,0,45,?,>50K
25,Private,228608,Some-college,10,Never-married,Craft-repair,Other-relative,Asian-Pac-Islander,Female,0,0,40,Cambodia,<=50K
28,Private,60288,HS-grad,9,Never-married,Adm-clerical,Own-child,White,Female,0,0,40,United-States,<=50K
22,Private,218309,Some-college,10,Married-civ-spouse,Sales,Husband,White,Male,0,0,55,United-States,<=50K
63,Private,102412,HS-grad,9,Divorced,Sales,Not-in-family,White,Female,0,0,40,United-States,<=50K
41,Private,125461,Some-college,10,Divorced,Craft-repair,Not-in-family,White,Male,0,0,40,United-States,>50K
32,Private,250034,Some-college,10,Never-married,Prof-specialty,Not-in-family,White,Male,0,0,44,United-States,<=50K
38,Private,93140,HS-grad,9,Separated,Machine-op-inspct,Unmarried,Black,Female,0,0,28,United-States,<=50K
33,Private,300915,Some-college,10,Divorced,Machine-op-inspct,Not-in-family,Black,Male,0,0,40,United-States,<=50K
39,Self-emp-inc,122742,Assoc-acdm,12,Married-civ-spouse,Exec-managerial,Husband,White,Male,15024,0,55,United-States,>50K
42,Private,186824,Masters,14,Married-civ-spouse,Exec-managerial,Husband,White,Male,0,2415,55,United-States,>50K
62,?,83439,7th-8th,4,Married-civ-spouse,?,Husband,White,Male,0,0,40,United-States,<=50K
36,Self-emp-not-inc,164488,Masters,14,Never-married,Sales,Not-in-family,White,Male,10520,0,45,United-States,>50K
55,State-gov,136819,HS-grad,9,Married-civ-spouse,Protective-serv,Husband,White,Male,0,0,40,United-States,<=50K
36,Self-emp-not-inc,33975,HS-grad,9,Married-civ-spouse,Craft-repair,Husband,White,Male,0,0,40,United-States,<=50K
30,Private,87418,Bachelors,13,Married-civ-spouse,Exec-managerial,Husband,White,Male,0,0,45,United-States,>50K
27,Private,58683,HS-grad,9,Separated,Craft-repair,Own-child,White,Male,0,0,40,United-States,<=50K
17,Private,165922,11th,7,Never-married,Handlers-cleaners,Own-child,White,Male,0,0,20,Peru,<=50K
20,Private,227065,HS-grad,9,Married-civ-spouse,Adm-clerical,Husband,White,Male,0,0,60,United-States,<=50K
23,Private,204082,Some-college,10,Never-married,Handlers-cleaners,Own-child,White,Male,0,0,10,United-States,<=50K
51,Private,117700,Some-college,10,Married-civ-spouse,Adm-clerical,Wife,White,Female,0,0,40,United-States,<=50K
36,Private,206520,Bachelors,13,Married-civ-spouse,Sales,Husband,White,Male,15024,0,65,United-States,>50K
31,Self-emp-not-inc,234960,Some-college,10,Married-civ-spouse,Craft-repair,Husband,White,Male,0,0,60,United-States,<=50K
24,Private,116531,HS-grad,9,Never-married,Craft-repair,Own-child,White,Male,0,0,40,United-States,<=50K
62,Private,134779,Some-college,10,Divorced,Prof-specialty,Not-in-family,White,Female,4650,0,40,United-States,<=50K
46,Private,58150,Bachelors,13,Married-civ-spouse,Exec-managerial,Husband,White,Male,15024,0,55,United-States,>50K
49,Private,116927,Bachelors,13,Married-civ-spouse,Sales,Husband,White,Male,0,0,60,United-States,<=50K
25,Private,344415,HS-grad,9,Married-civ-spouse,Other-service,Husband,White,Male,0,0,50,Mexico,<=50K
44,Self-emp-inc,219941,HS-grad,9,Married-civ-spouse,Other-service,Husband,Black,Male,0,0,48,United-States,<=50K
39,Private,181666,Doctorate,16,Divorced,Exec-managerial,Not-in-family,White,Female,0,2559,60,England,>50K
44,Self-emp-inc,220603,HS-grad,9,Married-civ-spouse,Other-service,Husband,Black,Male,0,0,48,United-States,<=50K
55,Private,197184,HS-grad,9,Never-married,Priv-house-serv,Unmarried,White,Female,0,0,40,Mexico,<=50K
40,Private,353881,Some-college,10,Married-civ-spouse,Craft-repair,Husband,Black,Male,0,0,40,United-States,>50K
44,Private,187334,HS-grad,9,Married-civ-spouse,Machine-op-inspct,Husband,White,Male,0,0,40,United-States,<=50K
41,Private,149909,HS-grad,9,Married-civ-spouse,Craft-repair,Husband,White,Male,0,1848,40,United-States,>50K
25,Local-gov,45474,Bachelors,13,Married-civ-spouse,Prof-specialty,Husband,White,Male,0,0,60,United-States,<=50K
27,Private,220748,HS-grad,9,Never-married,Handlers-cleaners,Other-relative,Black,Male,0,0,48,United-States,<=50K
41,Private,145717,HS-grad,9,Married-civ-spouse,Machine-op-inspct,Husband,White,Male,0,0,40,United-States,>50K
29,Private,211570,Bachelors,13,Married-civ-spouse,Sales,Husband,White,Male,0,0,40,United-States,<=50K
64,?,105289,Some-college,10,Widowed,?,Unmarried,White,Female,0,0,8,United-States,<=50K
41,Self-emp-not-inc,443508,Masters,14,Divorced,Sales,Unmarried,White,Male,0,0,5,United-States,>50K
42,Private,34037,Doctorate,16,Never-married,Prof-specialty,Not-in-family,White,Male,0,0,50,United-States,<=50K
38,Private,79303,Bachelors,13,Married-civ-spouse,Prof-specialty,Wife,White,Female,0,0,40,United-States,>50K
35,Private,186110,HS-grad,9,Divorced,Transport-moving,Not-in-family,White,Male,0,0,45,United-States,<=50K
51,Private,61989,HS-grad,9,Married-civ-spouse,Handlers-cleaners,Husband,White,Male,0,0,40,United-States,>50K
69,Private,229954,Bachelors,13,Widowed,Prof-specialty,Not-in-family,White,Male,0,2282,40,United-States,>50K
45,Private,149102,Some-college,10,Divorced,Craft-repair,Not-in-family,White,Male,0,0,50,United-States,<=50K
24,Private,95552,HS-grad,9,Never-married,Tech-support,Own-child,White,Male,0,0,40,United-States,<=50K
55,Private,202062,Bachelors,13,Married-civ-spouse,Other-service,Other-relative,Asian-Pac-Islander,Male,0,0,35,Philippines,<=50K
39,Private,103710,HS-grad,9,Never-married,Sales,Unmarried,White,Female,0,0,60,United-States,<=50K
35,Private,34037,HS-grad,9,Divorced,Craft-repair,Unmarried,White,Female,0,0,48,United-States,<=50K
52,Federal-gov,290856,Bachelors,13,Married-civ-spouse,Prof-specialty,Husband,White,Male,0,0,40,United-States,>50K
50,Private,193666,HS-grad,9,Married-civ-spouse,Exec-managerial,Husband,White,Male,0,0,60,United-States,<=50K
31,Private,246981,Some-college,10,Married-civ-spouse,Other-service,Husband,Black,Male,0,0,35,United-States,<=50K
34,Private,145389,HS-grad,9,Married-civ-spouse,Adm-clerical,Wife,White,Female,4064,0,35,United-States,<=50K
22,Private,220230,Some-college,10,Never-married,Sales,Own-child,White,Female,0,0,25,United-States,<=50K
26,Private,181388,Some-college,10,Married-civ-spouse,Machine-op-inspct,Wife,White,Female,0,0,40,United-States,<=50K
37,Private,191776,Bachelors,13,Married-civ-spouse,Adm-clerical,Husband,White,Male,0,0,50,United-States,>50K
34,Private,209464,Some-college,10,Married-civ-spouse,Adm-clerical,Husband,White,Male,0,0,40,United-States,>50K
40,Federal-gov,77332,Some-college,10,Divorced,Adm-clerical,Not-in-family,White,Female,0,0,50,United-States,<=50K
28,Private,173673,5th-6th,3,Never-married,Other-service,Not-in-family,White,Female,0,0,40,Mexico,<=50K
54,Private,352080,Some-college,10,Divorced,Adm-clerical,Not-in-family,White,Female,0,0,35,United-States,<=50K
43,Local-gov,419146,Some-college,10,Separated,Craft-repair,Not-in-family,Black,Male,0,0,40,United-States,<=50K
28,Self-emp-not-inc,180928,HS-grad,9,Never-married,Exec-managerial,Own-child,White,Male,0,0,40,United-States,<=50K
37,Private,316120,Bachelors,13,Never-married,Adm-clerical,Other-relative,Black,Female,0,0,40,United-States,<=50K
26,Private,32172,Bachelors,13,Never-married,Prof-specialty,Not-in-family,White,Female,0,0,45,United-States,<=50K
29,Private,163212,Bachelors,13,Married-civ-spouse,Adm-clerical,Wife,Asian-Pac-Islander,Female,0,0,45,United-States,>50K
41,Private,149102,Bachelors,13,Married-civ-spouse,Exec-managerial,Husband,White,Male,0,0,60,United-States,>50K
33,Private,35626,Bachelors,13,Never-married,Adm-clerical,Own-child,White,Female,0,0,10,United-States,<=50K
33,State-gov,357691,Masters,14,Married-civ-spouse,Protective-serv,Husband,Black,Male,0,0,40,United-States,<=50K
57,Local-gov,170066,HS-grad,9,Married-civ-spouse,Transport-moving,Husband,White,Male,0,0,25,United-States,>50K
55,State-gov,137421,HS-grad,9,Married-civ-spouse,Protective-serv,Husband,White,Male,0,0,40,United-States,<=50K
34,Private,145175,HS-grad,9,Married-civ-spouse,Adm-clerical,Wife,White,Female,4064,0,35,United-States,<=50K
47,Private,104068,HS-grad,9,Divorced,Prof-specialty,Unmarried,Amer-Indian-Eskimo,Female,0,0,40,United-States,<=50K
33,Local-gov,155057,Assoc-voc,11,Married-civ-spouse,Tech-support,Husband,White,Male,0,0,40,United-States,<=50K
35,Private,214896,HS-grad,9,Divorced,Adm-clerical,Not-in-family,White,Female,0,0,45,United-States,<=50K
50,Private,109277,9th,5,Married-civ-spouse,Machine-op-inspct,Husband,White,Male,0,0,48,United-States,<=50K
47,Private,34572,HS-grad,9,Married-civ-spouse,Transport-moving,Husband,White,Male,0,0,60,United-States,<=50K
40,Private,388594,Assoc-voc,11,Never-married,Prof-specialty,Not-in-family,White,Female,0,0,50,United-States,<=50K
32,Private,188274,HS-grad,9,Divorced,Craft-repair,Own-child,White,Male,0,0,40,United-States,<=50K
56,Private,161662,Bachelors,13,Married-civ-spouse,Exec-managerial,Husband,White,Male,0,0,42,United-States,>50K
24,Private,202214,Some-college,10,Never-married,Adm-clerical,Own-child,Black,Female,0,0,40,United-States,<=50K
49,Self-emp-not-inc,219835,Bachelors,13,Married-civ-spouse,Sales,Husband,White,Male,15024,0,40,United-States,>50K
37,Private,33619,Some-college,10,Married-civ-spouse,Transport-moving,Husband,White,Male,0,0,50,United-States,<=50K
47,Private,151107,Prof-school,15,Married-civ-spouse,Exec-managerial,Husband,White,Male,7688,0,60,United-States,>50K
28,State-gov,210673,HS-grad,9,Married-civ-spouse,Protective-serv,Husband,White,Male,0,0,40,United-States,<=50K
28,Private,204082,Preschool,1,Never-married,Farming-fishing,Not-in-family,White,Male,0,0,38,Mexico,<=50K
36,Private,136357,Bachelors,13,Married-civ-spouse,Craft-repair,Husband,White,Male,0,0,48,United-States,>50K
28,Private,225605,10th,6,Never-married,Machine-op-inspct,Unmarried,White,Female,0,0,40,United-States,<=50K
35,Self-emp-not-inc,280440,HS-grad,9,Married-civ-spouse,Craft-repair,Husband,White,Male,0,0,40,United-States,<=50K
27,Private,309778,Bachelors,13,Divorced,Prof-specialty,Not-in-family,White,Male,0,0,50,United-States,<=50K
37,Private,340755,11th,7,Separated,Other-service,Unmarried,Black,Female,0,0,40,United-States,<=50K
41,Private,150057,HS-grad,9,Married-civ-spouse,Craft-repair,Husband,White,Male,0,1848,40,United-States,>50K
46,Private,76131,5th-6th,3,Married-civ-spouse,Other-service,Wife,Asian-Pac-Islander,Female,0,0,40,Philippines,>50K
51,Self-emp-not-inc,85902,10th,6,Widowed,Transport-moving,Other-relative,White,Female,0,0,40,United-States,<=50K
26,Private,323069,Bachelors,13,Never-married,Prof-specialty,Not-in-family,White,Female,0,0,45,United-States,<=50K
53,State-gov,197042,Masters,14,Married-civ-spouse,Exec-managerial,Husband,White,Male,0,0,70,United-States,>50K
27,Private,208703,HS-grad,9,Never-married,Protective-serv,Own-child,White,Male,0,0,40,Japan,<=50K
21,Private,225890,Some-college,10,Never-married,Other-service,Other-relative,White,Female,0,0,30,United-States,<=50K
66,Private,85982,10th,6,Widowed,Transport-moving,Not-in-family,White,Female,0,0,11,United-States,<=50K
49,Local-gov,173673,Bachelors,13,Never-married,Prof-specialty,Not-in-family,White,Female,0,0,50,United-States,<=50K
24,Private,206974,Bachelors,13,Never-married,Adm-clerical,Own-child,White,Female,0,0,40,United-States,<=50K
28,Private,211482,HS-grad,9,Married-civ-spouse,Machine-op-inspct,Husband,White,Male,2580,0,40,United-States,<=50K
48,Local-gov,67716,Masters,14,Married-civ-spouse,Prof-specialty,Husband,White,Male,7688,0,50,United-States,>50K
45,Private,116360,HS-grad,9,Divorced,Other-service,Not-in-family,Black,Female,0,0,35,United-States,<=50K
41,Private,168693,HS-grad,9,Married-civ-spouse,Machine-op-inspct,Wife,Black,Female,0,0,40,?,<=50K
33,Private,160456,HS-grad,9,Married-civ-spouse,Machine-op-inspct,Husband,White,Male,0,0,50,United-States,>50K
21,Private,145441,Some-college,10,Never-married,Prof-specialty,Not-in-family,White,Female,0,0,25,United-States,<=50K
50,Local-gov,254935,Some-college,10,Married-civ-spouse,Farming-fishing,Husband,White,Male,0,0,40,Mexico,<=50K
39,Private,150675,Some-college,10,Married-civ-spouse,Craft-repair,Husband,White,Male,0,0,55,United-States,>50K
47,Self-emp-not-inc,117310,HS-grad,9,Never-married,Other-service,Not-in-family,White,Female,0,1876,48,United-States,<=50K
21,Private,561334,Some-college,10,Never-married,Adm-clerical,Own-child,White,Male,0,0,40,United-States,<=50K
35,Private,254935,Some-college,10,Married-civ-spouse,Craft-repair,Husband,White,Male,0,0,55,United-States,<=50K
37,Self-emp-not-inc,33895,Bachelors,13,Separated,Transport-moving,Not-in-family,White,Male,0,0,50,United-States,<=50K
51,Private,158420,HS-grad,9,Married-civ-spouse,Transport-moving,Husband,White,Male,0,0,84,United-States,>50K
21,State-gov,151790,Some-college,10,Never-married,Adm-clerical,Own-child,White,Female,0,0,30,United-States,<=50K
31,Private,104756,Bachelors,13,Married-civ-spouse,Sales,Husband,White,Male,0,0,50,United-States,>50K
45,Private,461678,HS-grad,9,Divorced,Adm-clerical,Not-in-family,White,Female,0,0,28,United-States,<=50K
48,Local-gov,281647,Bachelors,13,Married-civ-spouse,Prof-specialty,Husband,White,Male,0,0,40,United-States,<=50K
41,Self-emp-not-inc,32916,Assoc-voc,11,Married-civ-spouse,Farming-fishing,Husband,White,Male,0,0,45,United-States,<=50K
50,Private,113163,HS-grad,9,Divorced,Adm-clerical,Not-in-family,White,Female,0,0,40,United-States,<=50K
60,Private,177287,HS-grad,9,Married-civ-spouse,Craft-repair,Husband,White,Male,0,0,35,United-States,<=50K
37,State-gov,46401,Bachelors,13,Never-married,Prof-specialty,Not-in-family,White,Male,0,0,38,United-States,<=50K
54,Private,104501,Some-college,10,Married-civ-spouse,Sales,Husband,White,Male,15024,0,40,United-States,>50K
54,Private,139391,HS-grad,9,Widowed,Adm-clerical,Unmarried,White,Female,0,0,40,United-States,<=50K
21,Private,191342,Some-college,10,Never-married,Other-service,Own-child,White,Male,0,0,40,United-States,<=50K
22,Private,171095,11th,7,Never-married,Craft-repair,Not-in-family,Amer-Indian-Eskimo,Male,0,0,40,United-States,<=50K
31,Private,109428,Assoc-acdm,12,Married-civ-spouse,Adm-clerical,Wife,White,Female,0,1740,40,United-States,<=50K
40,Private,133963,10th,6,Separated,Transport-moving,Unmarried,White,Female,0,0,70,United-States,<=50K
48,Private,147430,Bachelors,13,Never-married,Exec-managerial,Not-in-family,White,Male,0,0,50,United-States,<=50K
31,Private,344200,Some-college,10,Married-civ-spouse,Sales,Husband,White,Male,0,0,40,United-States,<=50K
44,Local-gov,56651,Bachelors,13,Married-civ-spouse,Exec-managerial,Husband,White,Male,0,0,52,United-States,<=50K
57,Local-gov,169628,HS-grad,9,Married-civ-spouse,Transport-moving,Husband,White,Male,0,0,25,United-States,>50K
45,Federal-gov,171095,HS-grad,9,Divorced,Tech-support,Not-in-family,White,Female,4865,0,40,United-States,<=50K
37,Private,226296,Bachelors,13,Married-civ-spouse,Sales,Husband,White,Male,0,0,55,United-States,>50K
33,State-gov,30619,Masters,14,Never-married,Prof-specialty,Not-in-family,White,Male,0,0,50,United-States,<=50K
62,Self-emp-not-inc,134195,12th,8,Married-civ-spouse,Craft-repair,Husband,White,Male,0,0,40,United-States,>50K
50,Private,337606,HS-grad,9,Married-civ-spouse,Machine-op-inspct,Husband,White,Male,0,1485,40,United-States,<=50K
22,?,220124,Some-college,10,Never-married,?,Own-child,Black,Male,0,0,40,United-States,<=50K
34,Private,141058,Some-college,10,Married-civ-spouse,Other-service,Husband,White,Male,0,0,62,Mexico,<=50K
70,Private,210794,10th,6,Widowed,Adm-clerical,Other-relative,White,Male,0,0,20,United-States,<=50K
31,Private,271544,Assoc-voc,11,Divorced,Transport-moving,Not-in-family,White,Male,0,0,40,United-States,<=50K
34,Self-emp-not-inc,235951,Bachelors,13,Married-civ-spouse,Prof-specialty,Husband,Black,Male,0,1887,48,United-States,>50K
35,Private,162205,Assoc-voc,11,Divorced,Adm-clerical,Not-in-family,White,Female,6849,0,40,United-States,<=50K
71,Private,244688,7th-8th,4,Married-civ-spouse,Transport-moving,Husband,White,Male,6514,0,40,United-States,>50K
37,Private,315291,Bachelors,13,Never-married,Adm-clerical,Other-relative,Black,Female,0,0,40,United-States,<=50K
25,Private,359985,5th-6th,3,Never-married,Adm-clerical,Not-in-family,White,Female,0,0,33,Mexico,<=50K
32,Private,52537,Some-college,10,Never-married,Tech-support,Not-in-family,Black,Male,0,0,38,United-States,<=50K
24,Private,95552,HS-grad,9,Never-married,Tech-support,Own-child,White,Male,0,0,40,United-States,<=50K
26,Private,322547,Bachelors,13,Never-married,Prof-specialty,Not-in-family,White,Female,0,0,45,United-States,<=50K
19,Private,67716,HS-grad,9,Never-married,Machine-op-inspct,Own-child,White,Male,0,0,43,United-States,<=50K
56,Private,134045,Masters,14,Never-married,Sales,Not-in-family,White,Male,0,0,50,United-States,<=50K
34,Private,145231,HS-grad,9,Married-civ-spouse,Adm-clerical,Wife,White,Female,4064,0,35,United-States,<=50K
45,Local-gov,191367,Masters,14,Divorced,Prof-specialty,Not-in-family,White,Female,0,0,40,United-States,<=50K
45,Federal-gov,171705,HS-grad,9,Divorced,Tech-support,Not-in-family,White,Female,4865,0,40,United-States,<=50K
62,?,83439,7th-8th,4,Married-civ-spouse,?,Husband,White,Male,0,0,40,United-States,<=50K
58,Private,98630,Masters,14,Married-civ-spouse,Prof-specialty,Husband,White,Male,0,0,40,United-States,>50K
61,Self-emp-not-inc,32528,HS-grad,9,Married-civ-spouse,Farming-fishing,Wife,White,Female,2176,0,40,United-States,<=50K
42,Private,183390,Masters,14,Married-civ-spouse,Prof-specialty,Wife,White,Female,0,0,45,United-States,>50K
46,Local-gov,196385,Some-college,10,Married-civ-spouse,Exec-managerial,Wife,White,Female,0,0,50,United-States,<=50K
43,Private,199596,HS-grad,9,Separated,Adm-clerical,Unmarried,White,Female,0,0,20,United-States,<=50K
35,Private,102976,HS-grad,9,Divorced,Exec-managerial,Not-in-family,White,Male,0,0,50,United-States,<=50K
46,State-gov,166459,Some-college,10,Married-civ-spouse,Exec-managerial,Husband,White,Male,0,0,40,United-States,>50K
30,Private,142921,Bachelors,13,Married-civ-spouse,Prof-specialty,Husband,White,Male,0,0,40,United-States,>50K
35,Private,213019,HS-grad,9,Divorced,Adm-clerical,Not-in-family,White,Female,0,0,45,United-States,<=50K
58,Private,98630,Masters,14,Married-civ-spouse,Prof-specialty,Husband,White,Male,0,0,40,United-States,>50K
39,Self-emp-inc,122742,Assoc-acdm,12,Married-civ-spouse,Exec-managerial,Husband,White,Male,15024,0,55,United-States,>50K
53,Private,249550,Bachelors,13,Married-civ-spouse,Exec-managerial,Husband,Black,Male,0,0,50,United-States,>50K
37,Self-emp-inc,116641,Masters,14,Divorced,Exec-managerial,Not-in-family,White,Female,0,0,70,United-States,<=50K
28,Private,302146,Bachelors,13,Married-civ-spouse,Prof-specialty,Husband,White,Male,0,1902,43,United-States,>50K
31,Self-emp-not-inc,113364,HS-grad,9,Divorced,Craft-repair,Not-in-family,White,Male,0,0,60,United-States,<=50K
38,Private,216145,Bachelors,13,Divorced,Other-service,Not-in-family,Black,Female,0,0,60,?,<=50K
46,Private,385452,Bachelors,13,Divorced,Prof-specialty,Unmarried,Black,Female,0,0,32,United-States,<=50K
46,Self-emp-not-inc,199596,Some-college,10,Divorced,Exec-managerial,Unmarried,White,Female,0,0,50,United-States,<=50K
64,Self-emp-not-inc,210867,HS-grad,9,Married-civ-spouse,Craft-repair,Husband,White,Male,0,0,20,United-States,<=50K
23,Private,217460,HS-grad,9,Never-married,Transport-moving,Own-child,White,Male,0,0,40,United-States,<=50K
25,Private,36039,5th-6th,3,Never-married,Adm-clerical,Not-in-family,White,Female,0,0,33,Mexico,<=50K
54,Private,50385,Bachelors,13,Divorced,Exec-managerial,Not-in-family,Black,Female,0,0,45,United-States,>50K
55,Private,52537,HS-grad,9,Divorced,Other-service,Unmarried,White,Female,0,0,40,United-States,<=50K
42,Private,210714,Masters,14,Divorced,Tech-support,Unmarried,Black,Female,4687,0,35,United-States,>50K
41,Private,104334,Some-college,10,Married-civ-spouse,Sales,Husband,White,Male,0,0,50,United-States,>50K
60,Private,165505,Some-college,10,Married-civ-spouse,Handlers-cleaners,Husband,White,Male,0,0,40,United-States,<=50K
40,Private,122041,Assoc-acdm,12,Married-civ-spouse,Sales,Husband,White,Male,0,0,40,United-States,>50K
36,Private,189674,Some-college,10,Separated,Other-service,Other-relative,Black,Female,0,0,40,United-States,<=50K
27,Private,194740,9th,5,Never-married,Other-service,Own-child,White,Male,0,0,50,Mexico,<=50K
36,State-gov,77146,Masters,14,Never-married,Prof-specialty,Not-in-family,White,Male,0,0,40,United-States,<=50K
53,Private,170915,Bachelors,13,Divorced,Adm-clerical,Unmarried,White,Female,0,0,40,United-States,<=50K
18,Private,165065,Some-college,10,Never-married,Sales,Own-child,White,Male,0,0,15,United-States,<=50K
43,Local-gov,413760,Some-college,10,Separated,Craft-repair,Not-in-family,Black,Male,0,0,40,United-States,<=50K
30,Private,87418,Bachelors,13,Married-civ-spouse,Exec-managerial,Husband,White,Male,0,0,45,United-States,>50K
23,Private,216149,HS-grad,9,Never-married,Transport-moving,Own-child,White,Male,0,0,40,United-States,<=50K
38,Private,216867,HS-grad,9,Married-civ-spouse,Machine-op-inspct,Husband,Black,Male,0,1740,40,Haiti,<=50K
32,Private,188246,HS-grad,9,Divorced,Craft-repair,Own-child,White,Male,0,0,40,United-States,<=50K
33,Private,205469,Some-college,10,Married-civ-spouse,Exec-managerial,Husband,White,Male,0,0,40,United-States,>50K
22,?,165517,Some-college,10,Never-married,?,Own-child,White,Female,0,0,40,Italy,<=50K
29,Private,211870,Bachelors,13,Married-civ-spouse,Sales,Husband,White,Male,0,0,40,United-States,<=50K
57,Self-emp-not-inc,258121,Bachelors,13,Married-civ-spouse,Exec-managerial,Husband,White,Male,0,0,50,United-States,<=50K
29,Private,353881,HS-grad,9,Married-civ-spouse,Sales,Husband,White,Male,0,0,60,United-States,<=50K
45,Private,97176,11th,7,Divorced,Adm-clerical,Unmarried,White,Female,0,0,16,United-States,<=50K
29,Private,189674,Bachelors,13,Never-married,Prof-specialty,Not-in-family,White,Male,10520,0,50,United-States,>50K
51,Self-emp-not-inc,85902,10th,6,Widowed,Transport-moving,Other-relative,White,Female,0,0,40,United-States,<=50K
42,Local-gov,175642,Bachelors,13,Never-married,Adm-clerical,Not-in-family,White,Female,99999,0,40,United-States,>50K
28,Self-emp-not-inc,181008,HS-grad,9,Never-married,Exec-managerial,Own-child,White,Male,0,0,40,United-States,<=50K
70,Private,210673,10th,6,Widowed,Adm-clerical,Other-relative,White,Male,0,0,20,United-States,<=50K
33,Private,204729,Some-college,10,Married-civ-spouse,Exec-managerial,Husband,White,Male,0,0,40,United-States,>50K
52,Self-emp-inc,74712,HS-grad,9,Married-civ-spouse,Sales,Husband,Asian-Pac-Islander,Male,0,0,40,United-States,>50K
28,Private,142921,HS-grad,9,Married-spouse-absent,Other-service,Not-in-family,Asian-Pac-Islander,Female,0,0,40,South,<=50K
28,Self-emp-not-inc,228921,Bachelors,13,Never-married,Sales,Not-in-family,White,Female,0,0,48,United-States,<=50K
53,Private,177916,Bachelors,13,Married-civ-spouse,Adm-clerical,Husband,White,Male,7298,0,40,United-States,>50K
44,Private,196385,Bachelors,13,Married-civ-spouse,Craft-repair,Husband,White,Male,7298,0,40,United-States,>50K
20,Private,33551,HS-grad,9,Never-married,Transport-moving,Own-child,White,Male,0,0,40,United-States,<=50K
44,Private,197150,Bachelors,13,Married-civ-spouse,Craft-repair,Husband,White,Male,7298,0,40,United-States,>50K
34,Private,319637,HS-grad,9,Never-married,Other-service,Not-in-family,White,Female,0,0,28,United-States,<=50K
62,Self-emp-not-inc,134768,12th,8,Married-civ-spouse,Craft-repair,Husband,White,Male,0,0,40,United-States,>50K
42,Private,28443,HS-grad,9,Married-civ-spouse,Craft-repair,Husband,White,Male,0,0,40,United-States,<=50K
58,Private,312771,Assoc-voc,11,Married-civ-spouse,Craft-repair,Husband,White,Male,0,1887,48,United-States,>50K
77,Self-emp-not-inc,139347,Some-college,10,Married-civ-spouse,Sales,Husband,White,Male,0,0,40,United-States,<=50K
36,Self-emp-not-inc,206974,Bachelors,13,Never-married,Craft-repair,Own-child,White,Male,0,0,40,United-States,<=50K
21,Private,290856,HS-grad,9,Never-married,Sales,Not-in-family,White,Male,0,0,60,United-States,<=50K
35,Private,99357,Masters,14,Married-civ-spouse,Prof-specialty,Wife,White,Female,15024,0,50,United-States,>50K
37,State-gov,46814,Bachelors,13,Never-married,Prof-specialty,Not-in-family,White,Male,0,0,38,United-States,<=50K
30,Private,323069,HS-grad,9,Never-married,Adm-clerical,Not-in-family,White,Female,0,0,30,United-States,<=50K
18,Private,210867,11th,7,Never-married,Other-service,Own-child,White,Male,0,0,15,United-States,<=50K
20,Private,334946,5th-6th,3,Married-civ-spouse,Craft-repair,Husband,White,Male,0,0,40,Mexico,<=50K
44,Private,111483,HS-grad,9,Never-married,Adm-clerical,Own-child,White,Male,0,1504,50,United-States,<=50K
47,Private,343579,1st-4th,2,Married-spouse-absent,Farming-fishing,Not-in-family,White,Male,0,0,12,Mexico,<=50K
28,Private,175127,Bachelors,13,Never-married,Adm-clerical,Not-in-family,White,Female,0,0,30,?,<=50K
20,Private,227626,HS-grad,9,Married-civ-spouse,Adm-clerical,Husband,White,Male,0,0,60,United-States,<=50K
19,Private,198362,7th-8th,4,Never-married,Other-service,Not-in-family,White,Female,0,0,40,United-States,<=50K
46,Private,57929,HS-grad,9,Divorced,Other-service,Not-in-family,White,Male,0,0,25,United-States,<=50K
42,Private,187334,Masters,14,Married-civ-spouse,Exec-managerial,Husband,White,Male,0,2415,55,United-States,>50K
39,Private,191517,5th-6th,3,Married-civ-spouse,Machine-op-inspct,Husband,White,Male,0,0,40,United-States,<=50K
24,Private,85041,HS-grad,9,Separated,Other-service,Unmarried,White,Female,0,0,25,United-States,<=50K
28,Private,206139,Some-college,10,Married-civ-spouse,Sales,Husband,White,Male,0,0,40,United-States,<=50K
32,Private,281219,Assoc-voc,11,Divorced,Sales,Unmarried,White,Female,0,1380,40,United-States,<=50K
60,Private,240842,HS-grad,9,Married-civ-spouse,Machine-op-inspct,Husband,Black,Male,0,0,40,United-States,<=50K
36,Private,126675,11th,7,Married-civ-spouse,Exec-managerial,Husband,White,Male,0,1579,40,United-States,<=50K
50,Private,113129,Bachelors,13,Married-civ-spouse,Sales,Husband,White,Male,0,0,40,United-States,<=50K
40,Private,110732,HS-grad,9,Never-married,Adm-clerical,Own-child,White,Female,0,0,50,United-States,<=50K
27,Private,220603,HS-grad,9,Never-married,Handlers-cleaners,Other-relative,Black,Male,0,0,48,United-States,<=50K
41,Private,302146,Bachelors,13,Divorced,Prof-specialty,Not-in-family,White,Male,4650,0,45,United-States,<=50K
22,Private,119721,HS-grad,9,Never-married,Sales,Not-in-family,White,Female,0,0,40,United-States,<=50K
24,Private,89347,11th,7,Never-married,Machine-op-inspct,Not-in-family,White,Female,0,0,40,United-States,<=50K
28,Local-gov,135158,Bachelors,13,Never-married,Adm-clerical,Not-in-family,Black,Female,4101,0,60,United-States,<=50K
25,Private,121370,Bachelors,13,Divorced,Craft-repair,Not-in-family,White,Male,0,0,40,United-States,<=50K
25,Private,176178,HS-grad,9,Never-married,Craft-repair,Other-relative,White,Male,0,0,40,United-States,<=50K
20,Private,74631,Some-college,10,Never-married,Sales,Not-in-family,White,Female,0,0,50,United-States,<=50K
56,Private,40293,HS-grad,9,Widowed,Adm-clerical,Not-in-family,White,Female,0,0,40,United-States,<=50K
34,Private,180928,HS-grad,9,Divorced,Adm-clerical,Not-in-family,White,Female,0,0,40,United-States,<=50K
59,Private,453067,Some-college,10,Married-civ-spouse,Prof-specialty,Husband,White,Male,0,0,36,United-States,>50K
32,Private,86808,Some-college,10,Never-married,Other-service,Own-child,White,Female,0,0,38,United-States,<=50K
20,Private,184655,Some-college,10,Never-married,Tech-support,Own-child,White,Female,0,0,20,United-States,<=50K
66,Local-gov,261062,Masters,14,Widowed,Prof-specialty,Not-in-family,White,Female,0,0,40,United-States,<=50K
28,Local-gov,169069,HS-grad,9,Never-married,Protective-serv,Not-in-family,White,Male,0,0,40,United-States,<=50K
49,Private,340917,Masters,14,Married-civ-spouse,Sales,Husband,White,Male,0,0,40,United-States,>50K
25,Private,228921,Some-college,10,Never-married,Craft-repair,Other-relative,Asian-Pac-Islander,Female,0,0,40,Cambodia,<=50K
36,?,393962,HS-grad,9,Married-spouse-absent,?,Unmarried,Black,Male,0,0,50,United-States,<=50K
36,Private,66473,HS-grad,9,Married-civ-spouse,Sales,Husband,White,Male,0,0,50,United-States,<=50K
54,Private,191256,HS-grad,9,Married-civ-spouse,Sales,Husband,White,Male,0,0,40,United-States,<=50K
35,Private,267790,HS-grad,9,Divorced,Other-service,Not-in-family,White,Female,0,0,45,United-States,<=50K
45,Federal-gov,359808,Assoc-acdm,12,Never-married,Exec-managerial,Not-in-family,White,Male,0,0,40,United-States,<=50K
60,Private,205934,HS-grad,9,Separated,Other-service,Not-in-family,White,Female,0,0,25,United-States,<=50K
46,Private,32916,HS-grad,9,Married-civ-spouse,Transport-moving,Husband,White,Male,0,0,60,United-States,<=50K
35,Self-emp-not-inc,129499,7th-8th,4,Married-civ-spouse,Farming-fishing,Husband,White,Male,0,0,40,United-States,<=50K
24,Private,206974,Bachelors,13,Never-married,Adm-clerical,Own-child,White,Female,0,0,40,United-States,<=50K
24,Self-emp-not-inc,172047,Assoc-acdm,12,Never-married,Craft-repair,Own-child,White,Male,0,0,40,United-States,<=50K
44,Local-gov,281219,Assoc-voc,11,Married-civ-spouse,Farming-fishing,Husband,White,Male,0,0,40,United-States,<=50K
39,Private,278228,HS-grad,9,Married-civ-spouse,Adm-clerical,Husband,White,Male,0,0,40,United-States,<=50K
23,Private,152246,HS-grad,9,Divorced,Craft-repair,Not-in-family,White,Male,4650,0,50,Ireland,<=50K
18,Private,149988,10th,6,Never-married,Sales,Own-child,White,Male,0,0,40,United-States,<=50K
52,State-gov,189728,HS-grad,9,Separated,Other-service,Not-in-family,White,Female,0,0,35,United-States,<=50K
63,Private,102412,HS-grad,9,Divorced,Sales,Not-in-family,White,Female,0,0,40,United-States,<=50K
42,Private,210498,Masters,14,Divorced,Tech-support,Unmarried,Black,Female,4687,0,35,United-States,>50K
45,Private,116391,HS-grad,9,Divorced,Other-service,Not-in-family,Black,Female,0,0,35,United-States,<=50K
50,Local-gov,254935,Some-college,10,Married-civ-spouse,Farming-fishing,Husband,White,Male,0,0,40,Mexico,<=50K
34,Private,344804,HS-grad,9,Never-married,Handlers-cleaners,Not-in-family,White,Male,0,0,60,United-States,<=50K
28,Private,286853,Some-college,10,Never-married,Other-service,Not-in-family,White,Male,0,0,35,United-States,<=50K
29,Private,54342,Some-college,10,Never-married,Adm-clerical,Own-child,Black,Female,0,0,40,United-States,<=50K
45,Private,97176,11th,7,Divorced,Adm-clerical,Unmarried,White,Female,0,0,16,United-States,<=50K
43,Private,111567,Bachelors,13,Married-civ-spouse,Prof-specialty,Husband,White,Male,0,0,50,United-States,>50K
44,Private,275395,HS-grad,9,Married-civ-spouse,Craft-repair,Husband,White,Male,0,0,40,United-States,<=50K
64,Private,207853,Bachelors,13,Divorced,Exec-managerial,Not-in-family,White,Female,0,0,40,United-States,<=50K
56,Private,134195,Masters,14,Never-married,Sales,Not-in-family,White,Male,0,0,50,United-States,<=50K
36,Private,51838,Some-college,10,Divorced,Adm-clerical,Unmarried,White,Female,0,0,40,United-States,<=50K
34,Self-emp-inc,196545,HS-grad,9,Married-civ-spouse,Exec-managerial,Husband,White,Male,0,0,50,United-States,<=50K
62,Private,82906,Bachelors,13,Married-civ-spouse,Exec-managerial,Wife,White,Female,4064,0,35,England,<=50K
42,Private,245053,HS-grad,9,Married-civ-spouse,Sales,Husband,White,Male,0,0,50,United-States,<=50K
32,Self-emp-inc,99309,HS-grad,9,Married-civ-spouse,Exec-managerial,Husband,White,Male,0,0,40,United-States,>50K
44,Private,118059,Doctorate,16,Married-civ-spouse,Prof-specialty,Husband,White,Male,0,0,55,United-States,>50K
21,Private,30619,Some-college,10,Never-married,Exec-managerial,Not-in-family,White,Female,0,0,38,United-States,<=50K
66,?,182926,7th-8th,4,Married-civ-spouse,?,Husband,White,Male,0,0,30,United-States,<=50K
49,Local-gov,106554,Bachelors,13,Divorced,Prof-specialty,Unmarried,White,Female,0,0,40,United-States,>50K
25,Private,164473,Bachelors,13,Never-married,Tech-support,Not-in-family,White,Male,0,0,40,United-States,<=50K
45,State-gov,94754,Masters,14,Married-civ-spouse,Adm-clerical,Husband,White,Male,0,0,40,India,<=50K
54,Private,193434,HS-grad,9,Married-civ-spouse,Sales,Husband,White,Male,0,0,40,United-States,<=50K
35,Private,33975,HS-grad,9,Divorced,Craft-repair,Unmarried,White,Female,0,0,48,United-States,<=50K
47,Self-emp-not-inc,85982,Masters,14,Never-married,Prof-specialty,Not-in-family,Amer-Indian-Eskimo,Female,0,0,60,United-States,<=50K
45,Private,26669,Bachelors,13,Married-civ-spouse,Exec-managerial,Husband,White,Male,0,0,50,United-States,>50K
53,Federal-gov,118059,Assoc-acdm,12,Married-civ-spouse,Adm-clerical,Husband,White,Male,0,0,40,United-States,<=50K
41,Local-gov,234537,Prof-school,15,Married-civ-spouse,Prof-specialty,Husband,White,Male,0,0,50,United-States,>50K
58,Private,31267,Assoc-voc,11,Married-civ-spouse,Craft-repair,Husband,White,Male,0,1887,48,United-States,>50K
41,Local-gov,23580,Prof-school,15,Married-civ-spouse,Prof-specialty,Husband,White,Male,0,0,50,United-States,>50K
45,Private,266860,Bachelors,13,Married-civ-spouse,Exec-managerial,Husband,White,Male,0,0,50,United-States,>50K
49,Local-gov,172695,Bachelors,13,Never-married,Prof-specialty,Not-in-family,White,Female,0,0,50,United-States,<=50K
45,Private,115178,HS-grad,9,Divorced,Other-service,Not-in-family,Black,Female,0,0,35,United-States,<=50K
36,?,387663,HS-grad,9,Married-spouse-absent,?,Unmarried,Black,Male,0,0,50,United-States,<=50K
32,Self-emp-not-inc,183111,Masters,14,Never-married,Prof-specialty,Not-in-family,White,Male,0,0,40,United-States,<=50K
27,Private,329980,Bachelors,13,Married-civ-spouse,Tech-support,Wife,White,Female,0,0,40,United-States,>50K
52,Private,94448,Assoc-voc,11,Married-civ-spouse,Prof-specialty,Husband,White,Male,0,0,40,United-States,<=50K
41,Local-gov,52037,Some-college,10,Divorced,Adm-clerical,Unmarried,White,Female,0,0,40,United-States,<=50K
36,State-gov,77146,Masters,14,Never-married,Prof-specialty,Not-in-family,White,Male,0,0,40,United-States,<=50K
34,Self-emp-not-inc,246981,HS-grad,9,Married-civ-spouse,Farming-fishing,Husband,White,Male,0,0,45,United-States,<=50K
44,Self-emp-inc,219941,HS-grad,9,Married-civ-spouse,Other-service,Husband,Black,Male,0,0,48,United-States,<=50K
36,Private,126754,11th,7,Married-civ-spouse,Exec-managerial,Husband,White,Male,0,1579,40,United-States,<=50K
55,State-gov,136413,HS-grad,9,Married-civ-spouse,Protective-serv,Husband,White,Male,0,0,40,United-States,<=50K
54,Private,513977,Bachelors,13,Divorced,Exec-managerial,Not-in-family,Black,Female,0,0,45,United-States,>50K
50,Private,267790,HS-grad,9,Married-civ-spouse,Transport-moving,Husband,White,Male,7298,0,40,United-States,>50K
29,Private,350853,Some-college,10,Married-civ-spouse,Handlers-cleaners,Husband,White,Male,0,0,60,United-States,<=50K
37,Self-emp-not-inc,181553,HS-grad,9,Divorced,Craft-repair,Not-in-family,White,Male,0,0,50,United-States,<=50K
28,Private,181008,Bachelors,13,Married-civ-spouse,Exec-managerial,Husband,White,Male,0,0,50,England,>50K
41,Local-gov,52037,Some-college,10,Divorced,Adm-clerical,Unmarried,White,Female,0,0,40,United-States,<=50K
63,Self-emp-not-inc,233149,Bachelors,13,Never-married,Transport-moving,Not-in-family,White,Male,0,0,40,United-States,<=50K
62,?,83439,7th-8th,4,Married-civ-spouse,?,Husband,White,Male,0,0,40,United-States,<=50K
47,Self-emp-inc,77660,Some-college,10,Married-civ-spouse,Exec-managerial,Husband,White,Male,13550,0,50,United-States,>50K
28,Private,143766,HS-grad,9,Married-spouse-absent,Other-service,Not-in-family,Asian-Pac-Islander,Female,0,0,40,South,<=50K
52,Private,161662,HS-grad,9,Married-civ-spouse,Adm-clerical,Husband,White,Male,0,0,48,United-States,<=50K
30,Private,340755,Some-college,10,Married-civ-spouse,Machine-op-inspct,Husband,White,Male,0,0,40,United-States,<=50K
27,Private,214896,HS-grad,9,Never-married,Sales,Own-child,Black,Male,0,0,60,United-States,<=50K
30,Private,149169,HS-grad,9,Married-civ-spouse,Craft-repair,Husband,White,Male,0,0,50,United-States,<=50K
33,Federal-gov,138111,HS-grad,9,Never-married,Other-service,Not-in-family,White,Male,0,0,32,United-States,<=50K
39,Private,27016,Some-college,10,Divorced,Adm-clerical,Unmarried,White,Female,0,0,35,United-States,<=50K
24,Private,274200,HS-grad,9,Married-civ-spouse,Machine-op-inspct,Husband,White,Male,0,0,50,United-States,<=50K
19,Private,410632,Some-college,10,Never-married,Machine-op-inspct,Own-child,White,Male,0,0,40,United-States,<=50K
21,Self-emp-not-inc,23580,7th-8th,4,Never-married,Craft-repair,Not-in-family,White,Male,0,0,40,United-States,<=50K
63,Self-emp-not-inc,296991,7th-8th,4,Married-civ-spouse,Farming-fishing,Husband,White,Male,7688,0,60,United-States,>50K
55,Private,353628,7th-8th,4,Married-civ-spouse,Transport-moving,Husband,White,Male,0,0,50,United-States,<=50K
69,Private,228921,Bachelors,13,Widowed,Prof-specialty,Not-in-family,White,Male,0,2282,40,United-States,>50K
41,Private,149704,HS-grad,9,Married-civ-spouse,Craft-repair,Husband,White,Male,0,1848,40,United-States,>50K
50,Private,96586,Assoc-voc,11,Married-civ-spouse,Other-service,Husband,White,Male,0,0,40,United-States,<=50K
48,Private,477867,HS-grad,9,Widowed,Handlers-cleaners,Other-relative,White,Female,0,0,48,United-States,<=50K
25,Private,69311,10th,6,Never-married,Machine-op-inspct,Own-child,White,Male,0,0,40,United-States,<=50K
20,State-gov,178390,Some-college,10,Never-married,Farming-fishing,Not-in-family,White,Male,0,0,40,United-States,<=50K
25,Private,211482,Bachelors,13,Never-married,Prof-specialty,Own-child,White,Female,0,0,40,United-States,<=50K
43,Local-gov,42017,Some-college,10,Separated,Craft-repair,Not-in-family,Black,Male,0,0,40,United-States,<=50K
51,Local-gov,254148,Doctorate,16,Divorced,Prof-specialty,Not-in-family,White,Female,0,0,45,United-States,>50K
49,?,271544,Bachelors,13,Married-civ-spouse,?,Husband,White,Male,15024,0,60,United-States,>50K
57,Private,280440,Bachelors,13,Married-civ-spouse,Exec-managerial,Husband,White,Male,0,0,50,United-States,>50K
45,Private,266860,Bachelors,13,Married-civ-spouse,Exec-managerial,Husband,White,Male,0,0,50,United-States,>50K
50,Private,46401,Bachelors,13,Married-spouse-absent,Sales,Not-in-family,White,Female,0,0,20,Germany,<=50K
51,State-gov,42017,Some-college,10,Divorced,Prof-specialty,Not-in-family,White,Female,0,0,40,United-States,<=50K
41,Private,443508,Bachelors,13,Married-civ-spouse,Transport-moving,Husband,White,Male,0,0,48,Canada,>50K
37,Self-emp-not-inc,34037,Bachelors,13,Separated,Transport-moving,Not-in-family,White,Male,0,0,50,United-States,<=50K
51,Self-emp-inc,539563,Prof-school,15,Divorced,Prof-specialty,Not-in-family,White,Male,27828,0,60,United-States,>50K
40,Private,213019,HS-grad,9,Divorced,Sales,Unmarried,White,Female,0,0,30,United-States,<=50K
44,Private,108946,Some-college,10,Never-married,Craft-repair,Not-in-family,White,Male,0,0,38,United-States,<=50K
51,Private,142717,Doctorate,16,Divorced,Craft-repair,Not-in-family,White,Female,4787,0,60,United-States,>50K
48,Private,75050,HS-grad,9,Divorced,Transport-moving,Other-relative,White,Male,0,0,60,United-States,<=50K
53,Private,239155,Some-college,10,Married-civ-spouse,Exec-managerial,Husband,White,Male,0,0,50,United-States,>50K
30,Private,174592,Some-college,10,Never-married,Craft-repair,Own-child,White,Male,0,0,40,United-States,<=50K
37,Private,191807,Bachelors,13,Married-civ-spouse,Adm-clerical,Husband,White,Male,0,0,50,United-States,>50K
48,Local-gov,67759,Masters,14,Married-civ-spouse,Prof-specialty,Husband,White,Male,7688,0,50,United-States,>50K
34,Self-emp-not-inc,242375,HS-grad,9,Married-civ-spouse,Farming-fishing,Husband,White,Male,0,0,45,United-States,<=50K
20,?,358655,Some-college,10,Never-married,?,Own-child,White,Female,0,0,35,United-States,<=50K
33,Private,160634,HS-grad,9,Married-civ-spouse,Machine-op-inspct,Husband,White,Male,0,0,50,United-States,>50K
18,Private,51415,Some-college,10,Never-married,Other-service,Own-child,White,Male,0,0,8,United-States,<=50K
45,Private,107231,Assoc-acdm,12,Married-civ-spouse,Craft-repair,Husband,White,Male,0,0,45,United-States,<=50K
28,Private,116360,Some-college,10,Divorced,Adm-clerical,Unmarried,White,Female,0,0,40,United-States,<=50K
55,Private,96415,HS-grad,9,Widowed,Other-service,Unmarried,Black,Female,0,0,35,United-States,<=50K
29,Private,160512,HS-grad,9,Separated,Adm-clerical,Own-child,White,Female,0,0,40,United-States,<=50K
55,Private,35448,7th-8th,4,Married-civ-spouse,Transport-moving,Husband,White,Male,0,0,50,United-States,<=50K
29,Private,183241,Assoc-voc,11,Married-civ-spouse,Machine-op-inspct,Husband,White,Male,0,0,40,United-States,<=50K
46,Self-emp-not-inc,199251,Some-college,10,Divorced,Exec-managerial,Unmarried,White,Female,0,0,50,United-States,<=50K
28,Private,301251,Bachelors,13,Married-civ-spouse,Prof-specialty,Husband,White,Male,0,1902,43,United-States,>50K
39,Private,191807,Bachelors,13,Separated,Sales,Not-in-family,White,Male,0,0,50,United-States,<=50K
48,Local-gov,67433,Masters,14,Married-civ-spouse,Prof-specialty,Husband,White,Male,7688,0,50,United-States,>50K
18,?,91709,Some-college,10,Never-married,?,Own-child,Asian-Pac-Islander,Female,0,0,40,United-States,<=50K
24,Private,95552,HS-grad,9,Never-married,Tech-support,Own-child,White,Male,0,0,40,United-States,<=50K
54,Self-emp-not-inc,57101,HS-grad,9,Married-civ-spouse,Craft-repair,Husband,White,Male,0,0,35,United-States,<=50K
60,Local-gov,134768,Some-college,10,Married-civ-spouse,Protective-serv,Husband,White,Male,0,0,40,United-States,<=50K
31,Private,221955,Some-college,10,Never-married,Adm-clerical,Not-in-family,White,Female,0,0,43,United-States,<=50K
35,Private,163167,Assoc-voc,11,Divorced,Adm-clerical,Not-in-family,White,Female,6849,0,40,United-States,<=50K
23,Self-emp-not-inc,188335,HS-grad,9,Married-civ-spouse,Handlers-cleaners,Own-child,White,Male,0,0,40,United-States,<=50K
28,Private,608881,HS-grad,9,Never-married,Adm-clerical,Own-child,White,Female,0,0,40,United-States,<=50K
74,Private,146365,HS-grad,9,Widowed,Other-service,Not-in-family,White,Female,0,0,28,United-States,<=50K
53,Private,177787,Bachelors,13,Married-civ-spouse,Adm-clerical,Husband,White,Male,7298,0,40,United-States,>50K
20,Private,187560,HS-grad,9,Never-married,Craft-repair,Own-child,Black,Female,0,0,40,United-States,<=50K
28,Private,179991,HS-grad,9,Married-civ-spouse,Transport-moving,Husband,White,Male,0,0,70,United-States,<=50K
22,?,35448,HS-grad,9,Married-civ-spouse,?,Wife,White,Female,0,0,22,United-States,<=50K
47,Private,93557,HS-grad,9,Married-civ-spouse,Farming-fishing,Husband,White,Male,0,0,40,United-States,<=50K
21,Private,293726,HS-grad,9,Never-married,Sales,Not-in-family,White,Male,0,0,60,United-States,<=50K
53,Private,76128,HS-grad,9,Divorced,Craft-repair,Not-in-family,Other,Male,0,0,60,Ecuador,<=50K
27,Private,151790,HS-grad,9,Never-married,Machine-op-inspct,Own-child,Asian-Pac-Islander,Male,0,0,40,Philippines,<=50K
23,?,237943,Some-college,10,Never-married,?,Own-child,White,Male,0,0,30,United-States,<=50K
22,State-gov,309348,Some-college,10,Never-married,Adm-clerical,Not-in-family,White,Female,0,0,15,United-States,<=50K
36,Private,128876,HS-grad,9,Divorced,Transport-moving,Not-in-family,White,Male,0,0,40,United-States,<=50K
49,State-gov,421633,Masters,14,Married-civ-spouse,Sales,Husband,White,Male,99999,0,80,United-States,>50K
29,Private,182926,Assoc-voc,11,Married-civ-spouse,Machine-op-inspct,Husband,White,Male,0,0,40,United-States,<=50K
38,Private,431513,5th-6th,3,Married-civ-spouse,Other-service,Wife,White,Female,0,0,40,El-Salvador,<=50K
47,Local-gov,287372,Masters,14,Married-civ-spouse,Prof-specialty,Husband,White,Male,0,0,40,United-States,<=50K
28,Private,198286,Assoc-voc,11,Married-civ-spouse,Sales,Husband,White,Male,0,0,40,United-States,<=50K
63,Self-emp-not-inc,299347,7th-8th,4,Married-civ-spouse,Farming-fishing,Husband,White,Male,7688,0,60,United-States,>50K
46,State-gov,165767,Some-college,10,Married-civ-spouse,Exec-managerial,Husband,White,Male,0,0,40,United-States,>50K
43,State-gov,98989,HS-grad,9,Married-civ-spouse,Other-service,Husband,Amer-Indian-Eskimo,Male,0,0,40,United-States,<=50K
39,Private,181983,Doctorate,16,Divorced,Exec-managerial,Not-in-family,White,Female,0,2559,60,England,>50K
37,Private,226500,Bachelors,13,Married-civ-spouse,Sales,Husband,White,Male,0,0,55,United-States,>50K
38,Private,271346,HS-grad,9,Married-civ-spouse,Farming-fishing,Husband,White,Male,0,0,43,United-States,<=50K
54,Private,96710,HS-grad,9,Married-civ-spouse,Priv-house-serv,Other-relative,Black,Female,0,0,20,United-States,<=50K
23,Private,91658,Some-college,10,Divorced,Handlers-cleaners,Own-child,White,Male,0,0,40,United-States,<=50K
46,Self-emp-not-inc,102869,HS-grad,9,Married-civ-spouse,Sales,Husband,White,Male,0,0,40,United-States,>50K
35,Private,106961,HS-grad,9,Married-civ-spouse,Sales,Husband,White,Male,0,0,60,United-States,<=50K
51,Private,158948,HS-grad,9,Married-civ-spouse,Transport-moving,Husband,White,Male,0,0,84,United-States,>50K
38,Private,107882,HS-grad,9,Married-civ-spouse,Craft-repair,Husband,White,Male,0,0,40,United-States,<=50K
51,Private,163921,Bachelors,13,Married-civ-spouse,Transport-moving,Husband,White,Male,0,0,56,United-States,>50K
61,Private,54440,Some-college,10,Married-civ-spouse,Sales,Husband,White,Male,0,0,40,United-States,<=50K
68,Private,193746,Doctorate,16,Married-civ-spouse,Prof-specialty,Husband,White,Male,20051,0,55,United-States,>50K
56,Private,198759,HS-grad,9,Divorced,Adm-clerical,Not-in-family,White,Female,0,0,40,United-States,<=50K
41,Private,149169,Bachelors,13,Married-civ-spouse,Exec-managerial,Husband,White,Male,0,0,60,United-States,>50K
23,Private,177287,Some-college,10,Never-married,Other-service,Other-relative,White,Female,0,0,25,United-States,<=50K
40,Private,382272,HS-grad,9,Married-civ-spouse,Handlers-cleaners,Husband,White,Male,0,0,40,United-States,<=50K
64,Private,207188,Bachelors,13,Divorced,Exec-managerial,Not-in-family,White,Female,0,0,40,United-States,<=50K
38,Private,206974,HS-grad,9,Married-civ-spouse,Craft-repair,Husband,White,Male,0,0,40,United-States,<=50K
68,Private,203784,Some-college,10,Widowed,Exec-managerial,Not-in-family,White,Female,0,0,45,United-States,<=50K
46,Self-emp-not-inc,231180,Some-college,10,Separated,Prof-specialty,Not-in-family,White,Male,0,0,20,United-States,<=50K
68,Private,193451,Doctorate,16,Married-civ-spouse,Prof-specialty,Husband,White,Male,15024,0,55,United-States,>50K
33,Local-gov,156266,Assoc-voc,11,Married-civ-spouse,Tech-support,Husband,White,Male,0,0,40,United-States,<=50K
41,Local-gov,235951,Prof-school,15,Married-civ-spouse,Prof-specialty,Husband,White,Male,0,0,50,United-States,>50K
36,Private,189462,Some-college,10,Separated,Other-service,Other-relative,Black,Female,0,0,40,United-States,<=50K
18,Private,138557,11th,7,Never-married,Handlers-cleaners,Own-child,White,Male,0,0,40,United-States,<=50K
21,Private,164177,HS-grad,9,Married-civ-spouse,Craft-repair,Husband,White,Male,0,0,40,United-States,<=50K
42,Private,183111,Masters,14,Married-civ-spouse,Prof-specialty,Wife,White,Female,0,0,45,United-States,>50K
42,Private,183241,Masters,14,Married-civ-spouse,Prof-specialty,Wife,White,Female,0,0,45,United-States,>50K
50,Private,336880,HS-grad,9,Married-civ-spouse,Machine-op-inspct,Husband,White,Male,0,1485,40,United-States,<=50K
49,Private,126540,HS-grad,9,Married-civ-spouse,Sales,Husband,White,Male,0,0,40,United-States,<=50K
49,State-gov,423222,Masters,14,Married-civ-spouse,Sales,Husband,White,Male,99999,0,80,United-States,>50K
30,Private,113129,Some-college,10,Never-married,Other-service,Not-in-family,White,Male,0,0,24,United-States,<=50K
35,Private,108946,HS-grad,9,Divorced,Tech-support,Unmarried,White,Female,0,0,40,United-States,<=50K
29,Private,191177,HS-grad,9,Married-civ-spouse,Adm-clerical,Wife,White,Female,0,0,18,United-States,<=50K
48,Private,346754,Bachelors,13,Married-spouse-absent,Prof-specialty,Not-in-family,White,Male,0,0,37,United-States,>50K
17,Private,165532,11th,7,Never-married,Handlers-cleaners,Own-child,White,Male,0,0,20,Peru,<=50K
38,Private,79303,Bachelors,13,Married-civ-spouse,Prof-specialty,Wife,White,Female,0,0,40,United-States,>50K
22,Private,89347,Assoc-acdm,12,Married-civ-spouse,Exec-managerial,Husband,Asian-Pac-Islander,Male,0,0,6,United-States,<=50K
19,Private,220124,Some-college,10,Never-married,Farming-fishing,Own-child,White,Male,0,0,50,United-States,<=50K
32,Private,174181,Some-college,10,Never-married,Adm-clerical,Not-in-family,White,Female,0,0,60,United-States,<=50K
63,Self-emp-not-inc,230883,Bachelors,13,Never-married,Transport-moving,Not-in-family,White,Male,0,0,40,United-States,<=50K
68,Private,194095,Doctorate,16,Married-civ-spouse,Prof-specialty,Husband,White,Male,2174,0,55,United-States,>50K
42,Private,186824,Masters,14,Married-civ-spouse,Exec-managerial,Husband,White,Male,0,2415,55,United-States,>50K
52,Private,329980,Some-college,10,Never-married,Exec-managerial,Not-in-family,White,Male,0,0,40,United-States,<=50K
23,Private,117700,HS-grad,9,Never-married,Craft-repair,Own-child,White,Male,0,0,40,United-States,<=50K
58,Private,313986,Assoc-voc,11,Married-civ-spouse,Craft-repair,Husband,White,Male,0,1887,48,United-States,>50K
24,Private,456460,Assoc-acdm,12,Married-civ-spouse,Adm-clerical,Wife,White,Female,0,0,40,United-States,<=50K
35,Private,169995,Some-college,10,Married-civ-spouse,Tech-support,Husband,White,Male,0,0,40,United-States,>50K
31,Private,272209,Assoc-voc,11,Divorced,Transport-moving,Not-in-family,White,Male,0,0,40,United-States,<=50K
30,State-gov,61989,Some-college,10,Never-married,Prof-specialty,Not-in-family,White,Female,0,0,5,United-States,<=50K
50,Private,193666,HS-grad,9,Married-civ-spouse,Exec-managerial,Husband,White,Male,0,0,60,United-States,<=50K
35,State-gov,35626,Some-college,10,Divorced,Adm-clerical,Unmarried,White,Female,0,0,15,United-States,<=50K
24,Private,200496,HS-grad,9,Never-married,Handlers-cleaners,Own-child,White,Male,0,0,45,United-States,<=50K
51,Private,277203,Some-college,10,Divorced,Priv-house-serv,Unmarried,Amer-Indian-Eskimo,Female,0,0,35,United-States,<=50K
46,Private,250238,Some-college,10,Divorced,Exec-managerial,Not-in-family,White,Female,0,0,40,United-States,<=50K
33,Private,272069,Assoc-acdm,12,Never-married,Adm-clerical,Unmarried,Asian-Pac-Islander,Male,0,0,30,Hong,<=50K
45,Self-emp-not-inc,323069,HS-grad,9,Married-civ-spouse,Farming-fishing,Husband,White,Male,0,0,70,United-States,<=50K
51,Private,194290,HS-grad,9,Married-civ-spouse,Protective-serv,Husband,White,Male,0,0,40,United-States,<=50K
25,Private,68840,10th,6,Never-married,Machine-op-inspct,Own-child,White,Male,0,0,40,United-States,<=50K
54,Self-emp-inc,166863,Prof-school,15,Married-civ-spouse,Prof-specialty,Husband,White,Male,99999,0,60,United-States,>50K
42,Private,204209,Assoc-voc,11,Separated,Sales,Unmarried,Black,Female,0,0,25,United-States,<=50K
51,Private,163708,Bachelors,13,Married-civ-spouse,Transport-moving,Husband,White,Male,0,0,56,United-States,>50K
35,State-gov,357691,Some-college,10,Divorced,Adm-clerical,Unmarried,White,Female,0,0,15,United-States,<=50K
43,Private,22149,Bachelors,13,Separated,Adm-clerical,Unmarried,White,Female,0,0,35,United-States,<=50K
37,Self-emp-not-inc,183241,HS-grad,9,Married-civ-spouse,Prof-specialty,Husband,White,Male,3137,0,30,United-States,<=50K
35,Private,126569,HS-grad,9,Divorced,Craft-repair,Own-child,White,Male,0,0,20,United-States,<=50K
44,Federal-gov,316769,Prof-school,15,Divorced,Prof-specialty,Unmarried,White,Male,0,0,40,United-States,>50K
23,Private,86808,HS-grad,9,Married-spouse-absent,Machine-op-inspct,Not-in-family,White,Male,0,0,40,United-States,<=50K
46,Self-emp-not-inc,231347,Some-college,10,Separated,Prof-specialty,Not-in-family,White,Male,0,0,20,United-States,<=50K
17,Private,121370,11th,7,Never-married,Craft-repair,Own-child,White,Male,0,0,20,United-States,<=50K
27,Private,122922,Bachelors,13,Never-married,Sales,Not-in-family,White,Female,0,0,40,United-States,<=50K
34,Self-emp-inc,513977,HS-grad,9,Divorced,Craft-repair,Not-in-family,Black,Male,0,0,50,United-States,<=50K
44,Private,229732,Assoc-acdm,12,Widowed,Adm-clerical,Unmarried,White,Female,0,0,40,United-States,<=50K
41,Private,116391,Bachelors,13,Married-civ-spouse,Handlers-cleaners,Husband,White,Male,0,0,40,Germany,<=50K
66,Local-gov,26669,Masters,14,Widowed,Prof-specialty,Not-in-family,White,Female,0,0,40,United-States,<=50K
37,Private,199177,Some-college,10,Married-civ-spouse,Other-service,Wife,White,Female,0,0,40,United-States,<=50K
28,Private,180928,Bachelors,13,Married-civ-spouse,Exec-managerial,Husband,White,Male,0,0,50,England,>50K
40,Private,214881,HS-grad,9,Divorced,Sales,Unmarried,White,Female,0,0,30,United-States,<=50K
29,Private,56658,HS-grad,9,Married-civ-spouse,Craft-repair,Husband,White,Male,0,0,40,United-States,<=50K
49,Private,340755,Masters,14,Married-civ-spouse,Sales,Husband,White,Male,0,0,40,United-States,>50K
62,?,83413,7th-8th,4,Married-civ-spouse,?,Husband,White,Male,0,0,40,United-States,<=50K
46,State-gov,353687,HS-grad,9,Married-civ-spouse,Transport-moving,Husband,White,Male,0,0,40,United-States,<=50K
40,Private,119742,Bachelors,13,Married-civ-spouse,Sales,Husband,White,Male,0,0,45,United-States,<=50K
54,Private,139347,HS-grad,9,Widowed,Adm-clerical,Unmarried,White,Female,0,0,40,United-States,<=50K
58,Private,177916,HS-grad,9,Married-civ-spouse,Machine-op-inspct,Husband,White,Male,0,0,40,United-States,<=50K
24,Private,117789,Bachelors,13,Never-married,Prof-specialty,Own-child,White,Female,0,0,40,United-States,<=50K
36,Self-emp-not-inc,122215,HS-grad,9,Married-civ-spouse,Craft-repair,Husband,White,Male,0,0,47,United-States,<=50K
27,Private,568490,HS-grad,9,Married-civ-spouse,Handlers-cleaners,Husband,Amer-Indian-Eskimo,Male,0,0,8,United-States,<=50K
19,Private,168539,HS-grad,9,Never-married,Sales,Own-child,White,Female,0,0,25,United-States,<=50K
19,Private,220124,Some-college,10,Never-married,Farming-fishing,Own-child,White,Male,0,0,50,United-States,<=50K
28,Private,173673,5th-6th,3,Never-married,Other-service,Not-in-family,White,Female,0,0,40,Mexico,<=50K
21,Private,305474,Some-college,10,Never-married,Exec-managerial,Not-in-family,White,Female,0,0,38,United-States,<=50K
38,Private,221915,Some-college,10,Married-civ-spouse,Exec-managerial,Husband,White,Male,0,0,40,United-States,>50K
29,Private,543477,Some-college,10,Never-married,Adm-clerical,Own-child,Black,Female,0,0,40,United-States,<=50K
44,Private,109273,Some-college,10,Never-married,Craft-repair,Not-in-family,White,Male,0,0,38,United-States,<=50K
31,Private,122493,HS-grad,9,Divorced,Adm-clerical,Unmarried,White,Female,0,0,40,United-States,<=50K
40,Private,137304,Masters,14,Married-spouse-absent,Exec-managerial,Not-in-family,Asian-Pac-Islander,Male,0,0,35,India,>50K
47,Private,93557,HS-grad,9,Married-civ-spouse,Farming-fishing,Husband,White,Male,0,0,40,United-States,<=50K
25,Private,69739,10th,6,Never-married,Machine-op-inspct,Own-child,White,Male,0,0,40,United-States,<=50K
45,Private,462440,11th,7,Widowed,Other-service,Not-in-family,Black,Female,0,0,20,United-States,<=50K
26,Private,456460,Some-college,10,Never-married,Adm-clerical,Own-child,White,Male,27828,0,40,United-States,<=50K
27,Private,343447,Some-college,10,Never-married,Adm-clerical,Other-relative,Asian-Pac-Islander,Male,0,0,40,India,<=50K
56,Private,77415,11th,7,Married-civ-spouse,Farming-fishing,Husband,White,Male,0,0,50,United-States,<=50K
26,Private,285127,Assoc-voc,11,Never-married,Other-service,Not-in-family,White,Female,0,0,40,United-States,<=50K
42,Private,340599,Doctorate,16,Never-married,Prof-specialty,Not-in-family,White,Male,0,0,50,United-States,<=50K
22,Private,315476,11th,7,Never-married,Craft-repair,Unmarried,White,Male,0,0,40,United-States,<=50K
60,Private,240810,HS-grad,9,Married-civ-spouse,Machine-op-inspct,Husband,Black,Male,0,0,40,United-States,<=50K
42,Private,173673,Masters,14,Married-civ-spouse,Prof-specialty,Husband,White,Male,0,0,40,United-States,<=50K
34,Private,141058,Some-college,10,Married-civ-spouse,Other-service,Husband,White,Male,0,0,62,Mexico,<=50K
46,Local-gov,121168,HS-grad,9,Divorced,Adm-clerical,Unmarried,White,Female,0,0,30,United-States,<=50K
63,Private,102412,HS-grad,9,Divorced,Sales,Not-in-family,White,Female,0,0,40,United-States,<=50K
33,Local-gov,113364,HS-grad,9,Married-civ-spouse,Other-service,Husband,White,Male,0,0,40,United-States,<=50K
41,Private,106679,Masters,14,Never-married,Exec-managerial,Not-in-family,White,Male,27828,0,50,United-States,>50K
18,?,91670,Some-college,10,Never-married,?,Own-child,Asian-Pac-Islander,Female,0,0,40,United-States,<=50K
44,Local-gov,281219,Assoc-voc,11,Married-civ-spouse,Farming-fishing,Husband,White,Male,0,0,40,United-States,<=50K
23,?,237582,Some-college,10,Never-married,?,Own-child,White,Male,0,0,30,United-States,<=50K
52,Private,161510,HS-grad,9,Married-civ-spouse,Adm-clerical,Husband,White,Male,0,0,48,United-States,<=50K
51,Private,61270,HS-grad,9,Married-civ-spouse,Handlers-cleaners,Husband,White,Male,0,0,40,United-States,>50K
33,Private,85902,Masters,14,Married-civ-spouse,Sales,Husband,White,Male,0,0,60,United-States,>50K
35,Private,34037,HS-grad,9,Divorced,Craft-repair,Unmarried,White,Female,0,0,48,United-States,<=50K
45,Private,461678,11th,7,Widowed,Other-service,Not-in-family,Black,Female,0,0,20,United-States,<=50K
46,Private,186172,Bachelors,13,Married-civ-spouse,Prof-specialty,Husband,White,Male,2829,0,40,United-States,>50K
31,Private,104509,Some-college,10,Separated,Other-service,Unmarried,White,Female,0,0,35,United-States,<=50K
28,Local-gov,135607,Bachelors,13,Never-married,Adm-clerical,Not-in-family,Black,Female,4101,0,60,United-States,<=50K
43,Self-emp-inc,259757,Bachelors,13,Divorced,Farming-fishing,Not-in-family,White,Male,0,0,35,United-States,<=50K
35,Local-gov,116960,Masters,14,Married-civ-spouse,Prof-specialty,Husband,White,Male,0,1887,40,United-States,>50K
30,Private,158420,Bachelors,13,Never-married,Prof-specialty,Not-in-family,White,Male,0,0,50,Iran,<=50K
48,Private,138111,HS-grad,9,Married-civ-spouse,Craft-repair,Husband,White,Male,0,1485,55,United-States,>50K
72,Self-emp-not-inc,286853,Prof-school,15,Married-civ-spouse,Prof-specialty,Husband,White,Male,0,2246,28,United-States,>50K
42,Local-gov,281219,Bachelors,13,Never-married,Prof-specialty,Not-in-family,White,Male,0,0,50,United-States,<=50K
41,Private,56658,HS-grad,9,Married-civ-spouse,Craft-repair,Husband,White,Male,0,0,45,United-States,<=50K
36,Private,94954,HS-grad,9,Divorced,Transport-moving,Not-in-family,White,Female,0,0,40,United-States,<=50K
54,Private,104501,Some-college,10,Married-civ-spouse,Sales,Husband,White,Male,15024,0,40,United-States,>50K
17,Private,162205,10th,6,Never-married,Handlers-cleaners,Own-child,White,Female,0,0,15,United-States,<=50K
54,Private,353012,Some-college,10,Divorced,Adm-clerical,Not-in-family,White,Female,0,0,35,United-States,<=50K
33,Federal-gov,137814,HS-grad,9,Never-married,Other-service,Not-in-family,White,Male,0,0,32,United-States,<=50K
26,Private,195258,HS-grad,9,Never-married,Sales,Own-child,White,Male,0,0,40,United-States,<=50K
27,Private,116531,Bachelors,13,Never-married,Exec-managerial,Not-in-family,White,Female,0,0,40,United-States,<=50K
45,Private,97176,11th,7,Divorced,Adm-clerical,Unmarried,White,Female,0,0,16,United-States,<=50K
41,Self-emp-not-inc,433989,Masters,14,Divorced,Sales,Unmarried,White,Male,0,0,5,United-States,>50K
28,Private,287480,Some-college,10,Never-married,Other-service,Not-in-family,White,Male,0,0,35,United-States,<=50K
46,Private,33551,HS-grad,9,Married-civ-spouse,Transport-moving,Husband,White,Male,0,0,60,United-States,<=50K
42,Private,33975,Doctorate,16,Never-married,Prof-specialty,Not-in-family,White,Male,0,0,50,United-States,<=50K
71,Private,244688,7th-8th,4,Married-civ-spouse,Transport-moving,Husband,White,Male,6514,0,40,United-States,>50K
28,Private,226500,10th,6,Never-married,Machine-op-inspct,Unmarried,White,Female,0,0,40,United-States,<=50K
50,Private,194095,HS-grad,9,Married-civ-spouse,Exec-managerial,Husband,White,Male,0,0,60,United-States,<=50K
31,Private,363130,Some-college,10,Married-civ-spouse,Exec-managerial,Husband,Black,Male,0,0,40,United-States,>50K
40,Private,100292,HS-grad,9,Married-civ-spouse,Sales,Husband,White,Male,0,0,52,United-States,>50K
28,Private,50132,HS-grad,9,Never-married,Adm-clerical,Not-in-family,White,Female,0,0,40,United-States,<=50K
36,Private,29859,HS-grad,9,Never-married,Other-service,Not-in-family,Black,Female,0,2001,40,United-States,<=50K
48,Private,47022,HS-grad,9,Widowed,Handlers-cleaners,Other-relative,White,Female,0,0,48,United-States,<=50K
49,State-gov,428030,Masters,14,Married-civ-spouse,Sales,Husband,White,Male,99999,0,80,United-States,>50K
41,Private,104334,Some-college,10,Married-civ-spouse,Sales,Husband,White,Male,0,0,50,United-States,>50K
35,Private,214896,HS-grad,9,Divorced,Adm-clerical,Not-in-family,White,Female,0,0,45,United-States,<=50K
45,Private,45857,HS-grad,9,Divorced,Adm-clerical,Not-in-family,White,Female,0,0,28,United-States,<=50K
77,Self-emp-not-inc,139391,Some-college,10,Married-civ-spouse,Sales,Husband,White,Male,0,0,40,United-States,<=50K
19,Private,67759,HS-grad,9,Never-married,Machine-op-inspct,Own-child,White,Male,0,0,43,United-States,<=50K
38,Private,93140,HS-grad,9,Separated,Machine-op-inspct,Unmarried,Black,Female,0,0,28,United-States,<=50K
39,Private,103710,HS-grad,9,Never-married,Sales,Unmarried,White,Female,0,0,60,United-States,<=50K
41,Private,141332,HS-grad,9,Married-spouse-absent,Adm-clerical,Unmarried,White,Female,0,0,40,United-States,<=50K
42,Private,453067,Bachelors,13,Never-married,Sales,Not-in-family,White,Male,0,0,40,United-States,>50K
50,Private,307267,Bachelors,13,Married-civ-spouse,Sales,Husband,White,Male,0,0,45,United-States,>50K
44,Private,353881,Some-college,10,Separated,Exec-managerial,Not-in-family,White,Male,0,1980,45,England,<=50K
33,Private,41356,Bachelors,13,Never-married,Adm-clerical,Not-in-family,White,Female,0,0,50,United-States,<=50K
34,Private,97723,Bachelors,13,Married-civ-spouse,Prof-specialty,Husband,White,Male,0,0,40,United-States,>50K
51,Without-pay,124971,Assoc-acdm,12,Married-civ-spouse,Sales,Husband,White,Male,0,0,45,United-States,<=50K
28,Local-gov,283227,Some-college,10,Married-civ-spouse,Exec-managerial,Husband,White,Male,0,0,65,United-States,<=50K
37,Self-emp-not-inc,153751,HS-grad,9,Never-married,Farming-fishing,Not-in-family,White,Male,0,0,86,United-States,<=50K
35,Self-emp-not-inc,128487,7th-8th,4,Married-civ-spouse,Farming-fishing,Husband,White,Male,0,0,40,United-States,<=50K
28,Private,173673,5th-6th,3,Never-married,Other-service,Not-in-family,White,Female,0,0,40,Laos,<=50K
58,Private,98630,Masters,14,Married-civ-spouse,Prof-specialty,Husband,White,Male,0,0,40,United-States,>50K
52,Private,32916,Some-college,10,Never-married,Exec-managerial,Not-in-family,White,Male,0,0,40,United-States,<=50K
21,?,177287,Some-college,10,Never-married,?,Own-child,White,Female,0,0,40,United-States,<=50K
34,Self-emp-not-inc,234960,Bachelors,13,Married-civ-spouse,Prof-specialty,Husband,Black,Male,0,1887,48,United-States,>50K
46,Private,251786,1st-4th,2,Separated,Other-service,Not-in-family,White,Female,0,0,40,Mexico,<=50K
23,Private,197420,5th-6th,3,Married-civ-spouse,Transport-moving,Other-relative,White,Male,0,0,40,Mexico,<=50K
29,Self-emp-inc,124692,Bachelors,13,Never-married,Sales,Own-child,White,Female,0,0,40,United-States,<=50K
31,Private,168539,Bachelors,13,Married-civ-spouse,Prof-specialty,Husband,White,Male,7688,0,40,Canada,>50K
34,Private,29859,Bachelors,13,Married-civ-spouse,Sales,Husband,White,Male,0,0,50,United-States,>50K
22,Private,59664,HS-grad,9,Never-married,Other-service,Own-child,White,Female,0,0,40,United-States,<=50K
34,Private,316120,HS-grad,9,Never-married,Other-service,Not-in-family,White,Female,0,0,28,United-States,<=50K
17,Self-emp-inc,412149,9th,5,Never-married,Sales,Own-child,White,Female,0,0,40,United-States,<=50K
34,Private,106014,Some-college,10,Divorced,Craft-repair,Not-in-family,White,Male,0,0,60,United-States,<=50K
37,Private,191342,1st-4th,2,Married-civ-spouse,Craft-repair,Husband,Asian-Pac-Islander,Male,0,0,40,Cambodia,<=50K
38,Private,312771,Assoc-voc,11,Married-civ-spouse,Sales,Husband,White,Male,0,0,40,United-States,>50K
42,Private,169628,Some-college,10,Married-civ-spouse,Prof-specialty,Husband,White,Male,0,0,45,United-States,<=50K
52,Private,164170,HS-grad,9,Married-civ-spouse,Other-service,Wife,White,Female,0,0,38,United-States,<=50K
18,Private,138111,11th,7,Never-married,Handlers-cleaners,Own-child,White,Male,0,0,40,United-States,<=50K
50,Self-emp-not-inc,278632,Masters,14,Married-civ-spouse,Exec-managerial,Husband,White,Male,0,0,20,United-States,<=50K
33,State-gov,85632,Some-college,10,Married-civ-spouse,Adm-clerical,Wife,White,Female,0,0,40,United-States,<=50K
62,Self-emp-not-inc,134779,12th,8,Married-civ-spouse,Craft-repair,Husband,White,Male,0,0,40,United-States,>50K
31,Private,220993,Prof-school,15,Divorced,Tech-support,Not-in-family,White,Female,0,0,35,United-States,<=50K
29,Private,190350,12th,8,Never-married,Other-service,Unmarried,Black,Female,0,0,35,?,<=50K
51,Local-gov,252029,Doctorate,16,Divorced,Prof-specialty,Not-in-family,White,Female,0,0,45,United-States,>50K
61,Private,273803,HS-grad,9,Married-civ-spouse,Craft-repair,Husband,White,Male,0,0,40,United-States,<=50K
34,Private,187149,HS-grad,9,Married-civ-spouse,Handlers-cleaners,Husband,White,Male,0,0,70,United-States,<=50K
35,Local-gov,116960,Masters,14,Married-civ-spouse,Prof-specialty,Husband,White,Male,0,1887,40,United-States,>50K
36,Self-emp-not-inc,122609,HS-grad,9,Married-civ-spouse,Craft-repair,Husband,White,Male,0,0,47,United-States,<=50K
55,State-gov,137304,HS-grad,9,Married-civ-spouse,Protective-serv,Husband,White,Male,0,0,40,United-States,<=50K
21,Private,31267,Some-college,10,Never-married,Craft-repair,Not-in-family,White,Male,0,0,40,United-States,<=50K
48,Private,138557,HS-grad,9,Married-civ-spouse,Craft-repair,Husband,White,Male,0,1485,55,United-States,>50K
34,Private,34965,HS-grad,9,Never-married,Handlers-cleaners,Not-in-family,White,Male,0,0,60,United-States,<=50K
53,Private,154120,9th,5,Married-civ-spouse,Transport-moving,Husband,White,Male,0,0,40,United-States,<=50K
29,Private,191243,HS-grad,9,Never-married,Exec-managerial,Not-in-family,White,Female,0,0,55,United-States,<=50K
28,Private,33895,Bachelors,13,Never-married,Sales,Not-in-family,White,Male,0,0,45,United-States,<=50K
40,Local-gov,101795,HS-grad,9,Never-married,Protective-serv,Not-in-family,White,Male,0,0,42,United-States,<=50K
22,Private,219867,Some-college,10,Married-civ-spouse,Sales,Husband,White,Male,0,0,55,United-States,<=50K
23,Private,131620,Some-college,10,Never-married,Adm-clerical,Not-in-family,White,Female,0,0,40,United-States,<=50K
43,Private,33551,HS-grad,9,Married-civ-spouse,Handlers-cleaners,Husband,Black,Male,0,0,40,United-States,<=50K
67,Private,159589,11th,7,Widowed,Other-service,Not-in-family,White,Female,0,0,40,United-States,<=50K
28,Private,202662,Preschool,1,Never-married,Farming-fishing,Not-in-family,White,Male,0,0,38,Mexico,<=50K
48,Self-emp-inc,214994,Some-college,10,Married-civ-spouse,Exec-managerial,Husband,White,Male,0,0,55,United-States,>50K
39,Private,67433,Assoc-voc,11,Never-married,Prof-specialty,Not-in-family,White,Female,4650,0,32,United-States,<=50K
28,Private,293726,Some-college,10,Never-married,Adm-clerical,Own-child,White,Female,0,0,42,United-States,<=50K
27,Private,212091,11th,7,Never-married,Handlers-cleaners,Other-relative,Black,Male,0,0,40,United-States,<=50K
63,Self-emp-not-inc,232475,Bachelors,13,Never-married,Transport-moving,Not-in-family,White,Male,0,0,40,United-States,<=50K
60,State-gov,270379,HS-grad,9,Married-civ-spouse,Protective-serv,Husband,Amer-Indian-Eskimo,Male,0,0,40,United-States,>50K
41,Private,443508,Bachelors,13,Married-civ-spouse,Transport-moving,Husband,White,Male,0,0,48,Canada,>50K
55,Private,96415,HS-grad,9,Widowed,Other-service,Unmarried,Black,Female,0,0,35,United-States,<=50K
48,Private,116825,HS-grad,9,Divorced,Adm-clerical,Unmarried,White,Female,0,0,45,United-States,<=50K
20,Private,74631,Some-college,10,Never-married,Sales,Not-in-family,White,Female,0,0,50,United-States,<=50K
34,Self-emp-not-inc,34965,Some-college,10,Married-civ-spouse,Craft-repair,Husband,White,Male,0,0,40,United-States,<=50K
44,Private,120277,Bachelors,13,Married-civ-spouse,Prof-specialty,Husband,White,Male,15024,0,50,Italy,>50K
43,Private,283037,HS-grad,9,Married-civ-spouse,Craft-repair,Husband,White,Male,0,0,40,United-States,<=50K
46,State-gov,165852,Some-college,10,Married-civ-spouse,Exec-managerial,Husband,White,Male,0,0,40,United-States,>50K
47,Private,59380,Some-college,10,Divorced,Adm-clerical,Unmarried,White,Female,0,0,42,United-States,<=50K
51,Private,142717,Doctorate,16,Divorced,Craft-repair,Not-in-family,White,Female,4787,0,60,United-States,>50K
49,Private,428030,Masters,14,Married-civ-spouse,Sales,Husband,White,Male,0,0,50,United-States,>50K
45,Private,77927,Bachelors,13,Widowed,Other-service,Own-child,Asian-Pac-Islander,Female,0,0,40,Philippines,<=50K
33,Private,152246,Some-college,10,Divorced,Exec-managerial,Own-child,White,Female,0,0,40,United-States,<=50K
18,Local-gov,159032,7th-8th,4,Never-married,Farming-fishing,Own-child,White,Male,0,0,40,United-States,<=50K
52,Private,202872,7th-8th,4,Married-civ-spouse,Craft-repair,Husband,White,Male,0,0,40,United-States,<=50K
54,Private,513977,Bachelors,13,Divorced,Exec-managerial,Not-in-family,Black,Female,0,0,45,United-States,>50K
29,Private,163204,HS-grad,9,Divorced,Sales,Own-child,White,Male,0,0,40,United-States,<=50K
21,Private,305673,Some-college,10,Never-married,Exec-managerial,Not-in-family,White,Female,0,0,38,United-States,<=50K
18,Private,374969,10th,6,Never-married,Transport-moving,Not-in-family,White,Male,0,0,56,United-States,<=50K
24,Private,200401,HS-grad,9,Never-married,Handlers-cleaners,Own-child,White,Male,0,0,45,United-States,<=50K
41,Private,438696,Bachelors,13,Married-civ-spouse,Transport-moving,Husband,White,Male,0,0,48,Canada,>50K
47,Private,147430,HS-grad,9,Married-civ-spouse,Craft-repair,Husband,White,Male,0,0,40,United-States,>50K
37,Private,221172,HS-grad,9,Never-married,Other-service,Own-child,Amer-Indian-Eskimo,Male,0,0,18,United-States,<=50K
42,Private,167534,HS-grad,9,Married-civ-spouse,Handlers-cleaners,Husband,White,Male,5013,0,35,United-States,<=50K
49,Private,202062,HS-grad,9,Divorced,Sales,Not-in-family,White,Female,0,0,32,United-States,<=50K
54,Self-emp-inc,165922,Prof-school,15,Married-civ-spouse,Prof-specialty,Husband,White,Male,99999,0,60,United-States,>50K
25,Private,207853,7th-8th,4,Married-civ-spouse,Handlers-cleaners,Husband,White,Male,0,0,40,Mexico,<=50K
38,Federal-gov,172047,Some-college,10,Divorced,Adm-clerical,Not-in-family,White,Male,0,0,40,United-States,>50K
54,Private,140237,HS-grad,9,Widowed,Adm-clerical,Unmarried,White,Female,0,0,40,United-States,<=50K
27,Private,151888,HS-grad,9,Never-married,Machine-op-inspct,Own-child,Asian-Pac-Islander,Male,0,0,40,Philippines,<=50K
47,Private,192713,HS-grad,9,Married-civ-spouse,Sales,Husband,White,Male,0,0,50,United-States,>50K
50,Private,133963,HS-grad,9,Divorced,Adm-clerical,Unmarried,White,Female,0,0,35,United-States,<=50K
18,Private,185397,HS-grad,9,Never-married,Sales,Own-child,White,Female,0,0,33,United-States,<=50K
37,Private,194690,HS-grad,9,Divorced,Craft-repair,Not-in-family,White,Male,0,0,50,United-States,<=50K
44,Private,110213,Bachelors,13,Married-civ-spouse,Exec-managerial,Husband,White,Male,0,0,40,United-States,>50K
22,?,219867,Some-college,10,Never-married,?,Own-child,Black,Male,0,0,40,United-States,<=50K
35,Private,162205,Assoc-voc,11,Divorced,Adm-clerical,Not-in-family,White,Female,6849,0,40,United-States,<=50K
31,Private,183111,10th,6,Separated,Transport-moving,Unmarried,White,Male,0,0,40,United-States,<=50K
60,Private,206066,HS-grad,9,Separated,Other-service,Not-in-family,White,Female,0,0,25,United-States,<=50K
64,Self-emp-not-inc,211570,HS-grad,9,Married-civ-spouse,Craft-repair,Husband,White,Male,0,0,20,United-States,<=50K
24,Private,199657,HS-grad,9,Never-married,Handlers-cleaners,Own-child,White,Male,0,0,45,United-States,<=50K
26,Private,321709,Bachelors,13,Never-married,Prof-specialty,Not-in-family,White,Female,0,0,45,United-States,<=50K
46,Private,250238,Some-college,10,Divorced,Exec-managerial,Not-in-family,White,Female,0,0,40,United-States,<=50K
23,Private,230883,Some-college,10,Never-married,Handlers-cleaners,Own-child,Black,Male,0,0,22,United-States,<=50K
34,Private,304960,Bachelors,13,Married-civ-spouse,Sales,Husband,White,Male,0,0,50,United-States,>50K
31,Private,363405,Some-college,10,Married-civ-spouse,Exec-managerial,Husband,Black,Male,0,0,40,United-States,>50K
55,Private,85041,HS-grad,9,Married-civ-spouse,Priv-house-serv,Wife,White,Female,0,0,30,United-States,<=50K
69,Private,102874,HS-grad,9,Widowed,Adm-clerical,Not-in-family,White,Female,0,0,24,United-States,<=50K
23,Private,230704,Some-college,10,Never-married,Handlers-cleaners,Own-child,Black,Male,0,0,22,United-States,<=50K
32,Private,294760,Assoc-acdm,12,Divorced,Machine-op-inspct,Not-in-family,White,Female,0,0,50,United-States,<=50K
59,Private,453067,Some-college,10,Married-civ-spouse,Prof-specialty,Husband,White,Male,0,0,36,United-States,>50K
75,Self-emp-not-inc,106873,11th,7,Widowed,Sales,Not-in-family,White,Male,0,0,40,United-States,<=50K
64,?,104756,Some-college,10,Widowed,?,Unmarried,White,Female,0,0,8,United-States,<=50K
26,Private,37546,HS-grad,9,Never-married,Handlers-cleaners,Own-child,White,Male,0,0,52,United-States,<=50K
49,Private,272669,HS-grad,9,Married-civ-spouse,Exec-managerial,Husband,White,Male,0,0,72,United-States,<=50K
36,Private,296991,Assoc-voc,11,Married-civ-spouse,Tech-support,Husband,White,Male,0,0,50,United-States,<=50K
35,Self-emp-not-inc,128876,7th-8th,4,Married-civ-spouse,Farming-fishing,Husband,White,Male,0,0,40,United-States,<=50K
55,Private,52537,HS-grad,9,Divorced,Other-service,Unmarried,White,Female,0,0,40,United-States,<=50K
31,Private,122609,HS-grad,9,Divorced,Adm-clerical,Unmarried,White,Female,0,0,40,United-States,<=50K
21,Private,353628,10th,6,Separated,Sales,Unmarried,Black,Female,0,0,38,United-States,<=50K
21,Private,225267,Some-college,10,Never-married,Other-service,Other-relative,White,Female,0,0,30,United-States,<=50K
39,Private,320818,Masters,14,Never-married,Exec-managerial,Not-in-family,Black,Male,8614,0,52,United-States,>50K
41,Private,141058,HS-grad,9,Married-spouse-absent,Adm-clerical,Unmarried,White,Female,0,0,40,United-States,<=50K
28,Private,21174,HS-grad,9,Married-civ-spouse,Machine-op-inspct,Husband,White,Male,2414,0,40,United-States,<=50K
30,Private,194901,HS-grad,9,Never-married,Sales,Other-relative,White,Male,0,0,40,United-States,<=50K
44,Local-gov,56520,Bachelors,13,Married-civ-spouse,Exec-managerial,Husband,White,Male,0,0,52,United-States,<=50K
31,Private,142921,Bachelors,13,Never-married,Tech-support,Not-in-family,White,Female,0,0,40,United-States,<=50K
35,Private,106873,HS-grad,9,Married-civ-spouse,Sales,Husband,White,Male,0,0,60,United-States,<=50K
28,Private,164113,Assoc-voc,11,Married-civ-spouse,Adm-clerical,Wife,Asian-Pac-Islander,Female,0,0,40,India,<=50K
30,Private,361742,Some-college,10,Married-civ-spouse,Exec-managerial,Husband,White,Male,0,0,50,United-States,<=50K
46,Self-emp-not-inc,199596,Some-college,10,Divorced,Exec-managerial,Unmarried,White,Female,0,0,50,United-States,<=50K
38,Private,270059,Assoc-voc,11,Married-civ-spouse,Transport-moving,Husband,White,Male,0,0,70,United-States,<=50K
26,State-gov,239155,Bachelors,13,Married-civ-spouse,Adm-clerical,Husband,White,Male,3942,0,7,United-States,<=50K
19,Private,220124,Some-college,10,Never-married,Farming-fishing,Own-child,White,Male,0,0,50,United-States,<=50K
35,Private,170066,Some-college,10,Married-civ-spouse,Tech-support,Husband,White,Male,0,0,40,United-States,>50K
26,Private,78277,Assoc-voc,11,Divorced,Prof-specialty,Unmarried,White,Female,0,0,36,United-States,<=50K
73,Local-gov,233149,7th-8th,4,Married-civ-spouse,Protective-serv,Husband,White,Male,2228,0,10,United-States,<=50K
38,Private,163212,HS-grad,9,Married-civ-spouse,Transport-moving,Husband,White,Male,0,1740,40,United-States,<=50K
31,Private,111567,Bachelors,13,Married-civ-spouse,Exec-managerial,Husband,White,Male,0,0,70,United-States,>50K
26,Private,35032,5th-6th,3,Never-married,Transport-moving,Not-in-family,White,Male,0,0,40,?,<=50K
23,Private,172009,HS-grad,9,Never-married,Sales,Unmarried,White,Female,0,0,48,United-States,<=50K
37,State-gov,46401,Bachelors,13,Never-married,Prof-specialty,Not-in-family,White,Male,0,0,38,United-States,<=50K
36,Private,358682,Bachelors,13,Never-married,Exec-managerial,Other-relative,White,Male,0,0,50,?,<=50K
48,Local-gov,67716,Masters,14,Married-civ-spouse,Prof-specialty,Husband,White,Male,7688,0,50,United-States,>50K
60,Private,165065,Some-college,10,Married-civ-spouse,Handlers-cleaners,Husband,White,Male,0,0,40,United-States,<=50K
51,Self-emp-inc,54373,Prof-school,15,Divorced,Prof-specialty,Not-in-family,White,Male,27828,0,60,United-States,>50K
50,Private,33619,HS-grad,9,Married-civ-spouse,Machine-op-inspct,Husband,White,Male,0,1485,40,United-States,<=50K
20,?,359985,Some-college,10,Never-married,?,Own-child,White,Female,0,0,35,United-States,<=50K
36,Private,294760,Assoc-voc,11,Married-civ-spouse,Tech-support,Husband,White,Male,0,0,50,United-States,<=50K
25,Private,165505,HS-grad,9,Never-married,Machine-op-inspct,Own-child,White,Male,4416,0,40,United-States,<=50K
67,Private,160369,11th,7,Widowed,Other-service,Not-in-family,White,Female,0,0,40,United-States,<=50K
46,Private,403911,Assoc-voc,11,Married-civ-spouse,Craft-repair,Husband,Black,Male,0,0,40,United-States,>50K
60,Private,205934,HS-grad,9,Separated,Other-service,Not-in-family,White,Female,0,0,25,United-States,<=50K
30,Private,477867,Masters,14,Never-married,Adm-clerical,Not-in-family,White,Female,0,0,40,France,<=50K
20,Private,212091,Some-college,10,Never-married,Other-service,Own-child,White,Female,0,0,16,United-States,<=50K
17,Private,121370,11th,7,Never-married,Craft-repair,Own-child,White,Male,0,0,20,United-States,<=50K
44,Private,275395,HS-grad,9,Married-civ-spouse,Craft-repair,Husband,White,Male,0,0,40,United-States,<=50K
24,Private,309778,HS-grad,9,Never-married,Handlers-cleaners,Own-child,White,Male,0,0,30,United-States,<=50K
24,Private,384795,Some-college,10,Married-spouse-absent,Farming-fishing,Unmarried,White,Female,0,0,40,United-States,<=50K
22,Private,112693,HS-grad,9,Married-civ-spouse,Craft-repair,Husband,White,Male,0,0,35,United-States,<=50K
23,Private,430151,11th,7,Never-married,Craft-repair,Unmarried,White,Male,0,0,30,United-States,<=50K
23,Private,142717,Masters,14,Never-married,Prof-specialty,Own-child,White,Female,0,0,36,United-States,<=50K
23,?,237943,Some-college,10,Never-married,?,Own-child,White,Male,0,0,30,United-States,<=50K
23,Self-emp-not-inc,189674,HS-grad,9,Married-civ-spouse,Handlers-cleaners,Own-child,White,Male,0,0,40,United-States,<=50K
28,Private,290856,Some-college,10,Never-married,Adm-clerical,Own-child,White,Female,0,0,42,United-States,<=50K
65,Self-emp-inc,226215,Bachelors,13,Never-married,Exec-managerial,Not-in-family,White,Male,0,0,40,United-States,<=50K
36,Self-emp-not-inc,350103,HS-grad,9,Married-civ-spouse,Craft-repair,Husband,White,Male,0,0,40,United-States,<=50K
18,Private,297847,HS-grad,9,Never-married,Other-service,Own-child,White,Female,0,0,20,United-States,<=50K
20,State-gov,178390,Some-college,10,Never-married,Farming-fishing,Not-in-family,White,Male,0,0,40,United-States,<=50K
25,Private,34572,HS-grad,9,Married-civ-spouse,Other-service,Husband,White,Male,0,0,50,Mexico,<=50K
50,Private,179991,Prof-school,15,Married-civ-spouse,Prof-specialty,Husband,White,Male,0,0,60,United-States,>50K
20,State-gov,178517,Some-college,10,Never-married,Farming-fishing,Not-in-family,White,Male,0,0,40,United-States,<=50K
71,Private,244395,7th-8th,4,Married-civ-spouse,Transport-moving,Husband,White,Male,6514,0,40,United-States,>50K
23,Private,142921,Masters,14,Never-married,Prof-specialty,Own-child,White,Female,0,0,36,United-States,<=50K
34,Private,32172,HS-grad,9,Never-married,Other-service,Not-in-family,White,Female,0,0,28,United-States,<=50K
49,Private,157569,HS-grad,9,Married-civ-spouse,Craft-repair,Husband,White,Male,0,0,40,United-States,<=50K
34,Private,316120,HS-grad,9,Never-married,Other-service,Not-in-family,White,Female,0,0,28,United-States,<=50K
41,Private,119111,HS-grad,9,Married-civ-spouse,Sales,Husband,White,Male,0,0,49,United-States,>50K
58,Self-emp-not-inc,193090,HS-grad,9,Married-civ-spouse,Craft-repair,Husband,White,Male,0,0,20,United-States,<=50K
49,Private,420691,Masters,14,Married-civ-spouse,Sales,Husband,White,Male,0,0,50,United-States,>50K
36,Private,126754,11th,7,Married-civ-spouse,Exec-managerial,Husband,White,Male,0,1579,40,United-States,<=50K
52,Private,257756,Assoc-voc,11,Divorced,Adm-clerical,Not-in-family,White,Female,0,0,40,Haiti,<=50K
38,Private,222450,Some-college,10,Married-civ-spouse,Exec-managerial,Husband,White,Male,0,0,40,United-States,>50K
52,Private,119079,HS-grad,9,Married-civ-spouse,Machine-op-inspct,Husband,White,Male,0,0,40,United-States,<=50K
47,Private,93557,HS-grad,9,Married-civ-spouse,Farming-fishing,Husband,White,Male,0,0,40,United-States,<=50K
34,State-gov,204461,Masters,14,Married-civ-spouse,Prof-specialty,Husband,White,Male,0,0,50,United-States,>50K
46,Private,186539,Bachelors,13,Married-civ-spouse,Prof-specialty,Husband,White,Male,3103,0,40,United-States,>50K
39,Private,245317,Bachelors,13,Married-civ-spouse,Prof-specialty,Husband,White,Male,0,0,50,United-States,>50K
33,Private,100154,10th,6,Separated,Handlers-cleaners,Not-in-family,White,Male,0,0,40,United-States,<=50K
20,State-gov,178390,Some-college,10,Never-married,Farming-fishing,Not-in-family,White,Male,0,0,40,United-States,<=50K
51,Private,193746,HS-grad,9,Married-civ-spouse,Protective-serv,Husband,White,Male,0,0,40,United-States,<=50K
53,Federal-gov,117847,Assoc-acdm,12,Married-civ-spouse,Adm-clerical,Husband,White,Male,0,0,40,United-States,<=50K
35,Private,214695,HS-grad,9,Divorced,Adm-clerical,Not-in-family,White,Female,0,0,45,United-States,<=50K
30,Private,337908,Assoc-acdm,12,Married-civ-spouse,Adm-clerical,Wife,Black,Female,0,0,20,United-States,<=50K
36,Self-emp-not-inc,361742,HS-grad,9,Divorced,Transport-moving,Not-in-family,White,Male,0,0,60,United-States,<=50K
41,Private,124692,Some-college,10,Married-civ-spouse,Exec-managerial,Own-child,White,Male,0,0,40,United-States,>50K
28,Private,25955,Assoc-voc,11,Never-married,Prof-specialty,Unmarried,Amer-Indian-Eskimo,Male,0,0,40,United-States,<=50K
41,Private,145389,HS-grad,9,Married-civ-spouse,Machine-op-inspct,Husband,White,Male,0,0,40,United-States,>50K
51,Self-emp-inc,178530,HS-grad,9,Married-civ-spouse,Sales,Husband,White,Male,0,0,50,United-States,<=50K
52,Private,32825,Some-college,10,Never-married,Exec-managerial,Not-in-family,White,Male,0,0,40,United-States,<=50K
19,Private,68840,HS-grad,9,Never-married,Handlers-cleaners,Own-child,White,Male,0,0,30,United-States,<=50K
24,Private,207188,Bachelors,13,Never-married,Adm-clerical,Own-child,White,Female,0,0,40,United-States,<=50K
18,Private,283037,5th-6th,3,Never-married,Handlers-cleaners,Other-relative,White,Male,0,0,30,Honduras,<=50K
34,State-gov,203784,Masters,14,Married-civ-spouse,Prof-specialty,Husband,White,Male,0,0,50,United-States,>50K
26,Private,383300,HS-grad,9,Never-married,Handlers-cleaners,Own-child,White,Male,0,0,52,United-States,<=50K
51,Private,106679,Bachelors,13,Married-civ-spouse,Exec-managerial,Husband,White,Male,5178,0,60,United-States,>50K
51,Private,245873,Some-college,10,Married-civ-spouse,Adm-clerical,Wife,White,Female,0,0,40,United-States,<=50K
44,Private,202053,Bachelors,13,Married-civ-spouse,Exec-managerial,Husband,White,Male,13550,0,45,United-States,>50K
38,Private,191814,Bachelors,13,Married-civ-spouse,Exec-managerial,Husband,White,Male,7688,0,40,United-States,>50K
46,Private,40666,HS-grad,9,Married-civ-spouse,Craft-repair,Husband,Black,Male,0,1902,40,United-States,>50K
44,Federal-gov,315776,Prof-school,15,Divorced,Prof-specialty,Unmarried,White,Male,0,0,40,United-States,>50K
35,Private,215990,HS-grad,9,Divorced,Adm-clerical,Not-in-family,White,Female,0,0,45,United-States,<=50K
33,Private,310483,Masters,14,Married-civ-spouse,Prof-specialty,Husband,White,Male,0,0,45,United-States,<=50K
20,Private,412149,Some-college,10,Never-married,Prof-specialty,Not-in-family,White,Female,0,0,40,United-States,<=50K
28,Local-gov,135289,Bachelors,13,Never-married,Adm-clerical,Not-in-family,Black,Female,4101,0,60,United-States,<=50K
30,Private,157614,Bachelors,13,Never-married,Prof-specialty,Not-in-family,White,Male,0,0,50,Iran,<=50K
19,Private,164938,Some-college,10,Never-married,Sales,Own-child,White,Female,0,0,20,United-States,<=50K
22,Private,128876,HS-grad,9,Never-married,Adm-clerical,Not-in-family,White,Female,0,0,10,United-States,<=50K
39,Private,235951,Bachelors,13,Married-civ-spouse,Sales,Husband,White,Male,0,0,30,United-States,>50K
62,Private,271544,HS-grad,9,Divorced,Priv-house-serv,Unmarried,Black,Female,0,0,99,United-States,<=50K
36,Private,187560,Some-college,10,Married-civ-spouse,Exec-managerial,Husband,White,Male,0,0,50,United-States,>50K
26,Private,110103,HS-grad,9,Never-married,Other-service,Not-in-family,White,Female,0,1762,40,United-States,<=50K
42,Private,206066,Assoc-voc,11,Separated,Sales,Unmarried,Black,Female,0,0,25,United-States,<=50K
31,Private,374969,Bachelors,13,Never-married,Prof-specialty,Not-in-family,White,Female,0,0,40,United-States,<=50K
52,State-gov,168035,Some-college,10,Married-civ-spouse,Tech-support,Husband,White,Male,0,0,45,United-States,<=50K
21,Private,222130,HS-grad,9,Never-married,Machine-op-inspct,Unmarried,White,Male,0,0,40,Mexico,<=50K
32,Self-emp-inc,99309,HS-grad,9,Married-civ-spouse,Exec-managerial,Husband,White,Male,0,0,40,United-States,>50K
74,Private,147236,HS-grad,9,Widowed,Other-service,Not-in-family,White,Female,0,0,28,United-States,<=50K
47,Private,93557,HS-grad,9,Married-civ-spouse,Farming-fishing,Husband,White,Male,0,0,40,United-States,<=50K
18,Private,54373,Some-college,10,Never-married,Other-service,Own-child,White,Male,0,0,20,United-States,<=50K
35,Private,268553,HS-grad,9,Divorced,Other-service,Not-in-family,White,Female,0,0,45,United-States,<=50K
27,Private,421633,Bachelors,13,Never-married,Craft-repair,Not-in-family,White,Male,0,0,50,United-States,<=50K
26,Private,286853,Assoc-voc,11,Never-married,Other-service,Not-in-family,White,Female,0,0,40,United-States,<=50K
55,Private,52953,HS-grad,9,Divorced,Other-service,Unmarried,White,Female,0,0,40,United-States,<=50K
36,Private,135289,Bachelors,13,Married-civ-spouse,Craft-repair,Husband,White,Male,0,0,48,United-States,>50K
71,Private,244688,7th-8th,4,Married-civ-spouse,Transport-moving,Husband,White,Male,6514,0,40,United-States,>50K
34,Private,373448,HS-grad,9,Never-married,Adm-clerical,Own-child,White,Male,0,0,50,United-States,<=50K
23,Self-emp-not-inc,188925,HS-grad,9,Married-civ-spouse,Handlers-cleaners,Own-child,White,Male,0,0,40,United-States,<=50K
58,Self-emp-not-inc,203277,9th,5,Separated,Craft-repair,Not-in-family,White,Male,0,0,40,United-States,<=50K
30,Private,145231,HS-grad,9,Never-married,Craft-repair,Not-in-family,White,Male,0,0,45,United-States,<=50K
45,State-gov,94754,Masters,14,Married-civ-spouse,Adm-clerical,Husband,White,Male,0,0,40,India,<=50K
25,Local-gov,456460,Bachelors,13,Married-civ-spouse,Prof-specialty,Husband,White,Male,0,0,60,United-States,<=50K
38,Private,27016,HS-grad,9,Married-civ-spouse,Farming-fishing,Husband,White,Male,0,0,42,United-States,<=50K
18,Private,165767,Some-college,10,Never-married,Sales,Own-child,White,Male,0,0,15,United-States,<=50K
26,Self-emp-inc,97952,Bachelors,13,Never-married,Exec-managerial,Own-child,White,Male,0,0,80,United-States,<=50K
19,?,193746,Some-college,10,Never-married,?,Own-child,White,Male,0,0,40,United-States,<=50K
61,Private,149726,HS-grad,9,Married-civ-spouse,Adm-clerical,Wife,White,Female,2414,0,5,United-States,<=50K
27,Private,168035,HS-grad,9,Never-married,Exec-managerial,Own-child,White,Male,0,0,40,United-States,<=50K
18,Private,51415,Some-college,10,Never-married,Other-service,Own-child,White,Male,0,0,8,United-States,<=50K
65,Local-gov,240166,11th,7,Married-civ-spouse,Transport-moving,Husband,White,Male,0,0,35,United-States,<=50K
30,Private,157991,Bachelors,13,Never-married,Prof-specialty,Not-in-family,White,Male,0,0,50,Iran,<=50K
27,Private,198362,Some-college,10,Married-spouse-absent,Exec-managerial,Not-in-family,White,Female,0,0,40,United-States,<=50K
33,State-gov,85572,Some-college,10,Married-civ-spouse,Adm-clerical,Wife,White,Female,0,0,40,United-States,<=50K
29,Private,177937,HS-grad,9,Married-civ-spouse,Machine-op-inspct,Husband,White,Male,0,0,40,United-States,<=50K
22,Private,170701,11th,7,Never-married,Craft-repair,Not-in-family,Amer-Indian-Eskimo,Male,0,0,40,United-States,<=50K
28,Private,294183,Some-college,10,Never-married,Adm-clerical,Own-child,White,Female,0,0,40,United-States,<=50K
31,Private,272209,Assoc-voc,11,Divorced,Transport-moving,Not-in-family,White,Male,0,0,40,United-States,<=50K
33,Private,157216,Masters,14,Never-married,Sales,Not-in-family,White,Female,0,0,40,United-States,<=50K
25,Private,359985,5th-6th,3,Never-married,Adm-clerical,Not-in-family,White,Female,0,0,33,Mexico,<=50K
66,Private,33619,HS-grad,9,Married-civ-spouse,Other-service,Husband,Black,Male,0,0,4,United-States,<=50K
46,Private,251243,1st-4th,2,Separated,Other-service,Not-in-family,White,Female,0,0,40,Mexico,<=50K
42,Private,204494,Assoc-voc,11,Separated,Sales,Unmarried,Black,Female,0,0,25,United-States,<=50K
33,Private,149981,HS-grad,9,Married-civ-spouse,Sales,Husband,White,Male,0,0,40,United-States,>50K
36,Local-gov,198145,Bachelors,13,Divorced,Prof-specialty,Unmarried,Black,Female,0,0,40,United-States,<=50K
49,Local-gov,106554,Bachelors,13,Divorced,Prof-specialty,Unmarried,White,Female,0,0,40,United-States,>50K
28,Private,258121,Assoc-voc,11,Never-married,Prof-specialty,Unmarried,Amer-Indian-Eskimo,Male,0,0,40,United-States,<=50K
20,Private,104164,HS-grad,9,Never-married,Handlers-cleaners,Own-child,White,Male,0,0,40,United-States,<=50K
25,Private,137814,Some-college,10,Never-married,Other-service,Not-in-family,White,Male,2174,0,40,United-States,<=50K
39,Private,245317,Bachelors,13,Married-civ-spouse,Prof-specialty,Husband,White,Male,0,0,50,United-States,>50K
32,Private,244688,11th,7,Married-civ-spouse,Craft-repair,Husband,White,Male,0,1672,48,United-States,<=50K
30,Private,87418,Bachelors,13,Married-civ-spouse,Exec-managerial,Husband,White,Male,0,0,45,United-States,>50K
39,Private,191367,5th-6th,3,Married-civ-spouse,Machine-op-inspct,Husband,White,Male,0,0,40,United-States,<=50K
18,Private,138342,11th,7,Never-married,Handlers-cleaners,Own-child,White,Male,0,0,40,United-States,<=50K
24,Self-emp-not-inc,172047,Assoc-acdm,12,Never-married,Craft-repair,Own-child,White,Male,0,0,40,United-States,<=50K
49,Local-gov,106554,Bachelors,13,Divorced,Prof-specialty,Unmarried,White,Female,0,0,40,United-States,>50K
42,Private,210498,Masters,14,Divorced,Tech-support,Unmarried,Black,Female,4687,0,35,United-States,>50K
39,Private,66687,Assoc-voc,11,Never-married,Prof-specialty,Not-in-family,White,Female,4650,0,32,United-States,<=50K
23,Private,285004,Bachelors,13,Never-married,Sales,Not-in-family,Asian-Pac-Islander,Male,0,0,50,Taiwan,<=50K
20,State-gov,113588,HS-grad,9,Never-married,Tech-support,Own-child,White,Female,0,0,24,United-States,<=50K
65,Self-emp-inc,226215,Bachelors,13,Never-married,Exec-managerial,Not-in-family,White,Male,0,0,40,United-States,<=50K
66,Local-gov,261062,Masters,14,Widowed,Prof-specialty,Not-in-family,White,Female,0,0,40,United-States,<=50K
52,Self-emp-inc,74631,HS-grad,9,Married-civ-spouse,Sales,Husband,Asian-Pac-Islander,Male,0,0,40,United-States,>50K
31,Private,111567,Bachelors,13,Married-civ-spouse,Exec-managerial,Husband,White,Male,0,0,70,United-States,>50K
42,Private,285127,HS-grad,9,Married-civ-spouse,Craft-repair,Husband,White,Male,0,0,40,United-States,<=50K
43,Private,177937,Bachelors,13,Never-married,Prof-specialty,Not-in-family,White,Male,0,0,40,?,>50K
58,Self-emp-not-inc,202872,9th,5,Separated,Craft-repair,Not-in-family,White,Male,0,0,40,United-States,<=50K
46,Private,57929,Bachelors,13,Married-civ-spouse,Exec-managerial,Husband,White,Male,15024,0,55,United-States,>50K
39,Private,149988,Some-college,10,Married-civ-spouse,Craft-repair,Husband,White,Male,0,0,55,United-States,>50K
49,Private,275369,HS-grad,9,Married-civ-spouse,Exec-managerial,Husband,White,Male,0,0,72,United-States,<=50K
