age,workclass,fnlwgt,education,education-num,marital-status,occupation,relationship,race,sex,capital-gain,capital-loss,hours-per-week,native-country,income
28,Private,632733,Masters,14,Married-civ-spouse,Sales,Husband,White,Male,0,0,60,United-States,>50K
47,Private,201723,HS-grad,9,Married-civ-spouse,Transport-moving,Husband,White,Male,0,0,40,United-States,<=50K
29,Private,271933,HS-grad,9,Married-civ-spouse,Adm-clerical,Husband,White,Male,0,0,30,Mexico,<=50K
32,State-gov,69333,Bachelors,13,Married-civ-spouse,Tech-support,Husband,White,Male,0,0,20,United-States,<=50K
67,Self-emp-inc,116294,Bachelors,13,Widowed,Other-service,Unmarried,White,Female,0,0,35,United-States,<=50K
45,Private,45857,HS-grad,9,Divorced,Adm-clerical,Not-in-family,White,Female,0,0,28,United-States,<=50K
47,Private,186191,Prof-school,15,Married-civ-spouse,Prof-specialty,Husband,White,Male,0,0,60,?,>50K
30,Private,212944,Some-college,10,Married-civ-spouse,Tech-support,Husband,Black,Male,0,0,14,United-States,<=50K
53,Private,238360,Some-college,10,Married-civ-spouse,Exec-managerial,Husband,White,Male,0,0,50,United-States,>50K
27,Private,193746,Bachelors,13,Divorced,Exec-managerial,Not-in-family,White,Male,0,0,52,United-States,<=50K
26,Private,240842,HS-grad,9,Married-civ-spouse,Machine-op-inspct,Husband,White,Male,0,0,60,United-States,<=50K
17,Private,315291,11th,7,Never-married,Other-service,Own-child,White,Male,0,0,25,United-States,<=50K
21,Private,464484,HS-grad,9,Married-spouse-absent,Adm-clerical,Own-child,White,Female,0,0,40,United-States,<=50K
36,Private,496526,HS-grad,9,Married-civ-spouse,Exec-managerial,Husband,White,Male,0,0,40,United-States,<=50K
33,Private,272669,Assoc-acdm,12,Never-married,Adm-clerical,Unmarried,Asian-Pac-Islander,Male,0,0,30,Hong,<=50K
22,Private,200574,Some-college,10,Never-married,Sales,Own-child,White,Male,0,0,15,United-States,<=50K
28,Private,197816,Assoc-voc,11,Married-civ-spouse,Sales,Husband,White,Male,0,0,40,United-States,<=50K
46,Federal-gov,55237,Some-college,10,Divorced,Machine-op-inspct,Unmarried,White,Male,0,0,40,United-States,<=50K
50,Private,96586,Assoc-voc,11,Married-civ-spouse,Other-service,Husband,White,Male,0,0,40,United-States,<=50K
39,Self-emp-not-inc,140782,HS-grad,9,Married-civ-spouse,Sales,Husband,White,Male,0,0,50,United-States,>50K
35,Private,54595,12th,8,Never-married,Sales,Not-in-family,Black,Female,0,0,40,United-States,<=50K
38,Private,34037,HS-grad,9,Never-married,Adm-clerical,Not-in-family,Black,Male,0,2339,47,United-States,<=50K
59,State-gov,136986,Masters,14,Married-civ-spouse,Prof-specialty,Husband,White,Male,0,0,8,United-States,>50K
28,Private,198388,Assoc-voc,11,Married-civ-spouse,Sales,Husband,White,Male,0,0,40,United-States,<=50K
17,?,41643,11th,7,Never-married,?,Own-child,White,Female,0,0,15,United-States,<=50K
34,Private,87218,Masters,14,Married-civ-spouse,Exec-managerial,Husband,White,Male,0,1887,50,United-States,>50K
34,Self-emp-not-inc,244395,HS-grad,9,Married-civ-spouse,Farming-fishing,Husband,White,Male,0,0,45,United-States,<=50K
51,Private,194097,HS-grad,9,Married-civ-spouse,Protective-serv,Husband,White,Male,0,0,40,United-States,<=50K
47,Private,118831,HS-grad,9,Divorced,Craft-repair,Not-in-family,White,Male,0,0,40,United-States,>50K
19,Private,105289,10th,6,Never-married,Other-service,Other-relative,Black,Female,0,0,20,United-States,<=50K
52,Private,104501,12th,8,Married-civ-spouse,Exec-managerial,Husband,White,Male,0,0,60,United-States,>50K
44,Private,230856,Assoc-acdm,12,Widowed,Adm-clerical,Unmarried,White,Female,0,0,40,United-States,<=50K
35,Private,108140,HS-grad,9,Divorced,Craft-repair,Not-in-family,White,Male,0,0,40,United-States,<=50K
26,Self-emp-not-inc,330132,Bachelors,13,Never-married,Sales,Not-in-family,White,Male,0,0,60,United-States,>50K
35,Private,224474,Some-college,10,Never-married,Exec-managerial,Not-in-family,White,Male,0,0,60,United-States,<=50K
33,Private,149726,HS-grad,9,Married-civ-spouse,Sales,Husband,White,Male,0,0,40,United-States,>50K
22,Private,54102,HS-grad,9,Never-married,Other-service,Own-child,White,Male,0,0,40,United-States,<=50K
51,Private,282549,HS-grad,9,Married-civ-spouse,Machine-op-inspct,Husband,Black,Male,3325,0,40,United-States,<=50K
29,Self-emp-not-inc,75435,Some-college,10,Married-civ-spouse,Prof-specialty,Husband,Amer-Indian-Eskimo,Male,0,0,40,United-States,<=50K
48,?,353994,Some-college,10,Married-civ-spouse,?,Husband,White,Male,0,0,40,?,>50K
32,Private,202662,HS-grad,9,Married-civ-spouse,Adm-clerical,Husband,White,Male,0,0,40,United-States,<=50K
50,Self-emp-inc,119079,Some-college,10,Married-civ-spouse,Exec-managerial,Husband,White,Male,0,0,99,United-States,>50K
61,?,69285,HS-grad,9,Married-civ-spouse,?,Husband,White,Male,0,0,36,United-States,<=50K
20,Private,256253,Some-college,10,Never-married,Sales,Own-child,White,Female,0,0,6,United-States,<=50K
37,Private,44797,Assoc-acdm,12,Divorced,Exec-managerial,Not-in-family,White,Female,0,0,40,United-States,<=50K
51,Local-gov,146325,Doctorate,16,Married-civ-spouse,Prof-specialty,Husband,White,Male,0,1887,40,United-States,>50K
32,State-gov,160029,Assoc-acdm,12,Married-civ-spouse,Craft-repair,Husband,White,Male,0,0,40,United-States,<=50K
43,Private,334741,HS-grad,9,Married-civ-spouse,Handlers-cleaners,Husband,Black,Male,0,0,40,United-States,<=50K
46,Private,149102,Bachelors,13,Divorced,Prof-specialty,Not-in-family,White,Male,0,0,45,England,>50K
34,Private,342121,Bachelors,13,Married-civ-spouse,Exec-managerial,Husband,White,Male,0,0,40,United-States,>50K
27,Self-emp-inc,219611,12th,8,Married-civ-spouse,Adm-clerical,Husband,White,Male,0,0,40,United-States,>50K
70,Local-gov,127463,HS-grad,9,Married-civ-spouse,Sales,Husband,White,Male,0,0,40,United-States,<=50K
48,Private,116517,HS-grad,9,Divorced,Adm-clerical,Unmarried,White,Female,0,0,45,United-States,<=50K
41,Private,109419,HS-grad,9,Never-married,Sales,Not-in-family,White,Female,0,0,40,United-States,<=50K
28,Private,632733,Masters,14,Married-civ-spouse,Sales,Husband,White,Male,0,0,60,United-States,>50K
38,Federal-gov,236648,HS-grad,9,Married-civ-spouse,Craft-repair,Husband,White,Male,0,0,40,United-States,<=50K
37,Private,141584,Assoc-acdm,12,Married-civ-spouse,Other-service,Husband,White,Male,0,0,47,United-States,<=50K
18,?,215990,Some-college,10,Never-married,?,Own-child,White,Female,0,1602,24,United-States,<=50K
39,State-gov,318918,Bachelors,13,Married-civ-spouse,Exec-managerial,Husband,White,Male,0,0,40,United-States,<=50K
33,Private,258121,Some-college,10,Married-civ-spouse,Craft-repair,Wife,White,Female,0,0,60,United-States,<=50K
50,Self-emp-not-inc,165219,Prof-school,15,Married-civ-spouse,Prof-specialty,Wife,White,Female,0,0,35,United-States,>50K
20,State-gov,178530,Some-college,10,Never-married,Farming-fishing,Not-in-family,White,Male,0,0,40,United-States,<=50K
40,Private,199118,Prof-school,15,Married-civ-spouse,Prof-specialty,Wife,White,Female,15024,0,30,United-States,>50K
31,Private,19302,Bachelors,13,Married-civ-spouse,Prof-specialty,Husband,White,Male,0,0,40,United-States,>50K
44,Private,152909,HS-grad,9,Never-married,Other-service,Unmarried,White,Male,0,0,40,United-States,<=50K
34,Self-emp-not-inc,247711,HS-grad,9,Married-civ-spouse,Farming-fishing,Husband,White,Male,0,0,45,United-States,<=50K
23,Private,175759,11th,7,Never-married,Farming-fishing,Other-relative,White,Female,0,0,40,Puerto-Rico,<=50K
41,Private,111895,HS-grad,9,Married-civ-spouse,Craft-repair,Husband,White,Male,0,0,60,United-States,>50K
70,?,149040,HS-grad,9,Widowed,?,Not-in-family,White,Female,3103,0,12,United-States,<=50K
52,Private,94448,Assoc-voc,11,Married-civ-spouse,Prof-specialty,Husband,White,Male,0,0,40,United-States,<=50K
27,Private,93206,Some-college,10,Never-married,Handlers-cleaners,Own-child,Asian-Pac-Islander,Male,0,0,40,United-States,<=50K
37,Private,189385,Assoc-acdm,12,Divorced,Adm-clerical,Not-in-family,White,Female,0,1504,40,United-States,<=50K
27,Private,430151,Bachelors,13,Never-married,Craft-repair,Not-in-family,White,Male,0,0,50,United-States,<=50K
28,Private,407043,HS-grad,9,Married-civ-spouse,Adm-clerical,Husband,Black,Male,0,0,40,United-States,<=50K
37,Private,44797,Assoc-acdm,12,Divorced,Exec-managerial,Not-in-family,White,Female,0,0,40,United-States,<=50K
39,Private,198183,HS-grad,9,Divorced,Craft-repair,Unmarried,White,Male,0,0,50,El-Salvador,<=50K
39,Private,182268,Doctorate,16,Divorced,Exec-managerial,Not-in-family,White,Female,0,2559,60,England,>50K
27,Private,81540,HS-grad,9,Married-civ-spouse,Craft-repair,Husband,White,Male,0,0,40,United-States,>50K
29,Private,188729,HS-grad,9,Divorced,Farming-fishing,Not-in-family,White,Male,0,0,40,United-States,<=50K
29,Private,206599,HS-grad,9,Never-married,Handlers-cleaners,Not-in-family,White,Male,0,0,40,United-States,<=50K
35,Private,182556,Assoc-voc,11,Married-civ-spouse,Exec-managerial,Husband,White,Male,7298,0,50,United-States,>50K
18,Private,135716,Some-college,10,Never-married,Adm-clerical,Own-child,White,Male,0,0,40,United-States,<=50K
51,Private,27804,Some-college,10,Divorced,Priv-house-serv,Unmarried,Amer-Indian-Eskimo,Female,0,0,35,United-States,<=50K
24,Private,180280,Assoc-acdm,12,Never-married,Craft-repair,Not-in-family,White,Male,2354,0,40,United-States,<=50K
20,Private,158352,Some-college,10,Never-married,Craft-repair,Own-child,White,Male,0,0,40,United-States,<=50K
25,Private,37088,HS-grad,9,Divorced,Adm-clerical,Not-in-family,White,Female,0,0,40,United-States,<=50K
56,Private,161538,Bachelors,13,Married-civ-spouse,Exec-managerial,Husband,White,Male,0,0,42,United-States,>50K
70,?,93206,Some-college,10,Widowed,?,Not-in-family,White,Female,0,0,25,United-States,<=50K
63,?,231714,Masters,14,Married-civ-spouse,?,Husband,White,Male,0,0,30,United-States,<=50K
65,State-gov,29276,7th-8th,4,Widowed,Other-service,Other-relative,White,Female,0,0,24,United-States,<=50K
46,Private,87250,Bachelors,13,Separated,Tech-support,Unmarried,White,Female,0,0,40,United-States,<=50K
49,Private,116927,Bachelors,13,Married-civ-spouse,Sales,Husband,White,Male,0,0,60,United-States,<=50K
62,?,83439,7th-8th,4,Married-civ-spouse,?,Husband,White,Male,0,0,40,United-States,<=50K
29,Private,188246,HS-grad,9,Divorced,Farming-fishing,Not-in-family,White,Male,0,0,40,United-States,<=50K
60,?,131852,5th-6th,3,Married-civ-spouse,?,Husband,White,Male,0,0,30,United-States,>50K
22,Private,305874,Bachelors,13,Never-married,Adm-clerical,Not-in-family,Asian-Pac-Islander,Female,0,0,10,Vietnam,<=50K
21,Private,214627,11th,7,Never-married,Handlers-cleaners,Own-child,White,Male,0,0,40,United-States,<=50K
30,Private,488720,Some-college,10,Married-civ-spouse,Transport-moving,Husband,White,Male,0,0,80,United-States,>50K
35,Private,108140,HS-grad,9,Divorced,Craft-repair,Not-in-family,White,Male,0,0,40,United-States,<=50K
33,Private,205704,Some-college,10,Married-civ-spouse,Exec-managerial,Husband,White,Male,0,0,40,United-States,>50K
41,Private,125491,Some-college,10,Divorced,Craft-repair,Not-in-family,White,Male,0,0,40,United-States,>50K
26,Private,29675,Prof-school,15,Never-married,Prof-specialty,Not-in-family,White,Male,0,0,40,United-States,>50K
62,Private,202662,HS-grad,9,Widowed,Craft-repair,Unmarried,Black,Female,0,0,40,United-States,<=50K
47,Private,227890,Some-college,10,Divorced,Adm-clerical,Unmarried,Black,Female,0,0,40,United-States,<=50K
51,Local-gov,25249,Doctorate,16,Divorced,Prof-specialty,Not-in-family,White,Female,0,0,45,United-States,>50K
50,Private,195891,Some-college,10,Married-civ-spouse,Exec-managerial,Husband,White,Male,0,0,50,United-States,>50K
28,?,30759,HS-grad,9,Married-civ-spouse,?,Wife,White,Female,0,0,17,Honduras,<=50K
53,Private,149909,HS-grad,9,Married-civ-spouse,Machine-op-inspct,Husband,White,Male,0,0,40,United-States,<=50K
37,Private,105803,HS-grad,9,Married-civ-spouse,Craft-repair,Husband,White,Male,2964,0,45,United-States,>50K
24,Private,37546,Bachelors,13,Never-married,Sales,Own-child,White,Female,0,1504,40,United-States,<=50K
44,Local-gov,56870,Bachelors,13,Married-civ-spouse,Exec-managerial,Husband,White,Male,0,0,52,United-States,<=50K
47,Private,277695,10th,6,Married-civ-spouse,Craft-repair,Husband,White,Male,0,0,35,United-States,<=50K
19,?,194095,Some-college,10,Never-married,?,Own-child,White,Male,0,0,40,United-States,<=50K
53,Private,121836,Some-college,10,Married-civ-spouse,Sales,Husband,White,Male,0,0,55,United-States,<=50K
50,Local-gov,36327,Some-college,10,Widowed,Adm-clerical,Unmarried,White,Female,0,0,40,United-States,<=50K
48,Private,135924,Assoc-acdm,12,Divorced,Adm-clerical,Not-in-family,White,Female,0,0,40,United-States,<=50K
19,Private,144397,Some-college,10,Never-married,Adm-clerical,Own-child,White,Male,0,0,18,United-States,<=50K
46,Private,589809,HS-grad,9,Divorced,Other-service,Not-in-family,White,Male,0,0,25,United-States,<=50K
19,Private,102723,Some-college,10,Never-married,Adm-clerical,Own-child,White,Female,0,0,40,United-States,<=50K
22,Private,147430,Some-college,10,Never-married,Other-service,Not-in-family,White,Male,0,0,15,United-States,<=50K
53,Self-emp-inc,290640,Some-college,10,Married-civ-spouse,Sales,Husband,White,Male,0,0,50,United-States,>50K
45,Federal-gov,87218,HS-grad,9,Married-civ-spouse,Adm-clerical,Wife,White,Female,0,0,37,United-States,<=50K
23,Private,175837,11th,7,Never-married,Farming-fishing,Other-relative,White,Female,0,0,40,Puerto-Rico,<=50K
20,Private,104164,HS-grad,9,Never-married,Handlers-cleaners,Own-child,White,Male,0,0,40,United-States,<=50K
52,Local-gov,100226,Bachelors,13,Married-civ-spouse,Adm-clerical,Wife,White,Female,0,0,40,United-States,>50K
39,Private,236318,Some-college,10,Divorced,Adm-clerical,Not-in-family,White,Female,0,0,40,United-States,<=50K
50,Self-emp-inc,119111,Some-college,10,Married-civ-spouse,Exec-managerial,Husband,White,Male,0,0,99,United-States,>50K
50,Private,237943,HS-grad,9,Married-civ-spouse,Sales,Husband,White,Male,0,1887,55,United-States,>50K
59,Private,168337,HS-grad,9,Married-spouse-absent,Priv-house-serv,Not-in-family,White,Female,0,0,36,Poland,<=50K
37,Private,142030,Assoc-acdm,12,Married-civ-spouse,Other-service,Husband,White,Male,0,0,47,United-States,<=50K
19,Private,102723,Some-college,10,Never-married,Adm-clerical,Own-child,White,Female,0,0,40,United-States,<=50K
24,State-gov,39236,Masters,14,Never-married,Prof-specialty,Not-in-family,Black,Female,0,0,40,United-States,<=50K
20,Private,187158,Some-college,10,Never-married,Adm-clerical,Own-child,White,Female,0,0,15,United-States,<=50K
46,Self-emp-not-inc,214627,Bachelors,13,Married-civ-spouse,Sales,Husband,White,Male,0,1977,45,United-States,>50K
49,Private,340755,Masters,14,Married-civ-spouse,Sales,Husband,White,Male,0,0,40,United-States,>50K
26,Private,114765,HS-grad,9,Never-married,Craft-repair,Own-child,White,Male,0,0,40,United-States,<=50K
30,Private,169104,Assoc-acdm,12,Never-married,Other-service,Other-relative,Asian-Pac-Islander,Male,0,0,40,Vietnam,<=50K
17,Private,371987,11th,7,Never-married,Handlers-cleaners,Own-child,White,Male,0,0,30,United-States,<=50K
62,Private,110103,HS-grad,9,Widowed,Craft-repair,Unmarried,Black,Female,0,0,40,United-States,<=50K
17,?,171114,10th,6,Never-married,?,Own-child,White,Female,0,0,20,United-States,<=50K
55,Self-emp-not-inc,52888,Prof-school,15,Married-civ-spouse,Prof-specialty,Wife,White,Female,0,0,10,United-States,<=50K
40,Private,69333,Bachelors,13,Married-civ-spouse,Farming-fishing,Husband,White,Male,0,0,40,United-States,<=50K
32,Private,54782,Some-college,10,Never-married,Prof-specialty,Own-child,White,Female,0,0,40,United-States,<=50K
57,Private,145033,Bachelors,13,Married-civ-spouse,Exec-managerial,Husband,White,Male,0,0,40,United-States,>50K
65,?,327406,HS-grad,9,Widowed,?,Unmarried,White,Female,0,0,40,United-States,<=50K
26,Federal-gov,73471,Some-college,10,Married-civ-spouse,Exec-managerial,Husband,White,Male,0,0,32,United-States,<=50K
49,Local-gov,106554,Bachelors,13,Divorced,Prof-specialty,Unmarried,White,Female,0,0,40,United-States,>50K
36,Private,126613,11th,7,Married-civ-spouse,Exec-managerial,Husband,White,Male,0,1579,40,United-States,<=50K
30,Private,170217,Assoc-acdm,12,Never-married,Other-service,Other-relative,Asian-Pac-Islander,Male,0,0,40,Vietnam,<=50K
50,Self-emp-not-inc,57758,Assoc-voc,11,Married-civ-spouse,Sales,Husband,White,Male,0,0,60,United-States,>50K
18,?,91670,Some-college,10,Never-married,?,Own-child,Asian-Pac-Islander,Female,0,0,40,United-States,<=50K
40,Private,132222,Some-college,10,Married-civ-spouse,Machine-op-inspct,Husband,White,Male,4101,0,50,United-States,>50K
38,Private,216145,Bachelors,13,Divorced,Other-service,Not-in-family,Black,Female,0,0,60,?,<=50K
24,Private,85041,HS-grad,9,Separated,Other-service,Unmarried,White,Female,0,0,25,United-States,<=50K
21,Private,305874,Some-college,10,Married-civ-spouse,Craft-repair,Husband,White,Male,0,0,54,United-States,<=50K
50,Private,113176,HS-grad,9,Divorced,Adm-clerical,Not-in-family,White,Female,0,0,40,United-States,<=50K
47,Private,118729,HS-grad,9,Divorced,Craft-repair,Not-in-family,White,Male,0,0,40,United-States,>50K
27,Private,41356,Some-college,10,Never-married,Sales,Not-in-family,White,Male,0,0,50,United-States,<=50K
39,Private,97136,HS-grad,9,Never-married,Machine-op-inspct,Unmarried,Black,Female,0,0,40,United-States,<=50K
48,?,144397,Some-college,10,Divorced,?,Unmarried,Black,Female,0,0,30,United-States,<=50K
39,Self-emp-inc,122742,Assoc-acdm,12,Married-civ-spouse,Exec-managerial,Husband,White,Male,15024,0,55,United-States,>50K
35,Local-gov,116927,Masters,14,Married-civ-spouse,Prof-specialty,Husband,White,Male,0,1887,40,United-States,>50K
62,?,83439,7th-8th,4,Married-civ-spouse,?,Husband,White,Male,0,0,40,United-States,<=50K
40,Private,198813,Prof-school,15,Married-civ-spouse,Prof-specialty,Wife,White,Female,15024,0,30,United-States,>50K
71,State-gov,210673,HS-grad,9,Married-civ-spouse,Protective-serv,Husband,White,Male,0,0,28,United-States,<=50K
35,Self-emp-not-inc,278322,HS-grad,9,Married-civ-spouse,Craft-repair,Husband,White,Male,0,0,40,United-States,<=50K
37,Private,77820,Bachelors,13,Married-civ-spouse,Exec-managerial,Husband,White,Male,0,0,50,United-States,>50K
34,Private,236318,HS-grad,9,Never-married,Machine-op-inspct,Unmarried,White,Male,0,0,40,United-States,<=50K
17,Private,380390,11th,7,Never-married,Handlers-cleaners,Own-child,White,Male,0,0,30,United-States,<=50K
20,Private,227310,HS-grad,9,Married-civ-spouse,Adm-clerical,Husband,White,Male,0,0,60,United-States,<=50K
46,Self-emp-not-inc,231347,Some-college,10,Separated,Prof-specialty,Not-in-family,White,Male,0,0,20,United-States,<=50K
26,Private,181372,Some-college,10,Married-civ-spouse,Machine-op-inspct,Wife,White,Female,0,0,40,United-States,<=50K
48,State-gov,43705,Masters,14,Married-civ-spouse,Prof-specialty,Husband,White,Male,0,0,61,United-States,>50K
32,Self-emp-not-inc,46814,Some-college,10,Married-civ-spouse,Farming-fishing,Husband,White,Male,0,0,65,United-States,<=50K
21,Private,163814,HS-grad,9,Married-civ-spouse,Craft-repair,Husband,White,Male,0,0,40,United-States,<=50K
22,Local-gov,393480,Some-college,10,Never-married,Prof-specialty,Own-child,White,Female,594,0,25,United-States,<=50K
61,Federal-gov,95680,Assoc-acdm,12,Married-civ-spouse,Exec-managerial,Husband,Asian-Pac-Islander,Male,3103,0,40,United-States,>50K
50,Private,109277,9th,5,Married-civ-spouse,Machine-op-inspct,Husband,White,Male,0,0,48,United-States,<=50K
27,Private,56651,HS-grad,9,Married-civ-spouse,Machine-op-inspct,Husband,White,Male,0,0,40,United-States,<=50K
40,State-gov,267556,Assoc-voc,11,Married-civ-spouse,Other-service,Husband,Black,Male,0,0,30,United-States,<=50K
41,Private,84817,Assoc-voc,11,Divorced,Prof-specialty,Unmarried,White,Female,3887,0,40,United-States,<=50K
37,Private,191342,1st-4th,2,Married-civ-spouse,Craft-repair,Husband,Asian-Pac-Islander,Male,0,0,40,Cambodia,<=50K
23,Private,241013,HS-grad,9,Never-married,Other-service,Not-in-family,White,Female,0,0,30,United-States,<=50K
40,Private,354558,Some-college,10,Married-civ-spouse,Craft-repair,Husband,Black,Male,0,0,40,United-States,>50K
34,Private,187581,HS-grad,9,Married-civ-spouse,Machine-op-inspct,Husband,White,Male,0,0,40,United-States,<=50K
51,Local-gov,146325,Doctorate,16,Married-civ-spouse,Prof-specialty,Husband,White,Male,0,1887,40,United-States,>50K
44,Local-gov,56651,Bachelors,13,Married-civ-spouse,Exec-managerial,Husband,White,Male,0,0,52,United-States,<=50K
51,Private,103824,HS-grad,9,Never-married,Other-service,Not-in-family,Black,Male,0,0,40,Haiti,<=50K
43,Private,240842,HS-grad,9,Married-civ-spouse,Machine-op-inspct,Husband,White,Male,0,0,40,United-States,>50K
40,Private,120277,Bachelors,13,Married-civ-spouse,Sales,Husband,White,Male,0,0,45,United-States,<=50K
70,?,149640,HS-grad,9,Widowed,?,Not-in-family,White,Female,2964,0,12,United-States,<=50K
46,Private,149704,Bachelors,13,Divorced,Prof-specialty,Not-in-family,White,Male,0,0,45,England,>50K
47,Self-emp-not-inc,94100,Bachelors,13,Never-married,Farming-fishing,Not-in-family,White,Male,0,0,65,United-States,<=50K
40,Self-emp-inc,141584,Bachelors,13,Married-civ-spouse,Exec-managerial,Wife,White,Female,0,0,55,United-States,>50K
35,Private,111377,HS-grad,9,Separated,Transport-moving,Not-in-family,White,Male,0,0,40,United-States,<=50K
50,Private,238360,HS-grad,9,Married-civ-spouse,Sales,Husband,White,Male,0,1887,55,United-States,>50K
69,Private,229259,Bachelors,13,Widowed,Prof-specialty,Not-in-family,White,Male,0,2282,40,United-States,>50K
54,?,95329,Some-college,10,Divorced,?,Own-child,White,Male,0,0,50,United-States,<=50K
20,Private,266467,HS-grad,9,Never-married,Other-service,Own-child,White,Male,0,0,25,United-States,<=50K
26,Private,159021,Masters,14,Never-married,Prof-specialty,Not-in-family,Asian-Pac-Islander,Male,0,0,20,India,<=50K
45,Private,176841,HS-grad,9,Never-married,Other-service,Not-in-family,White,Female,0,0,40,El-Salvador,<=50K
39,Private,192337,HS-grad,9,Divorced,Adm-clerical,Unmarried,White,Female,0,0,40,United-States,<=50K
41,Local-gov,184466,Masters,14,Married-civ-spouse,Prof-specialty,Husband,White,Male,0,0,38,United-States,>50K
50,Private,193746,HS-grad,9,Married-civ-spouse,Exec-managerial,Husband,White,Male,0,0,60,United-States,<=50K
44,Private,285127,Some-college,10,Married-civ-spouse,Transport-moving,Husband,Black,Male,0,0,40,United-States,<=50K
70,?,149040,HS-grad,9,Widowed,?,Not-in-family,White,Female,2964,0,12,United-States,<=50K
24,Private,271312,Some-college,10,Never-married,Sales,Not-in-family,White,Female,0,0,25,United-States,<=50K
19,Private,102723,Some-college,10,Never-married,Adm-clerical,Own-child,White,Female,0,0,40,United-States,<=50K
51,Local-gov,169104,Bachelors,13,Married-civ-spouse,Exec-managerial,Husband,White,Male,0,0,50,United-States,>50K
34,Private,209214,Some-college,10,Married-civ-spouse,Adm-clerical,Husband,White,Male,0,0,40,United-States,>50K
26,Private,34419,Some-college,10,Divorced,Adm-clerical,Not-in-family,White,Female,0,0,40,United-States,<=50K
39,Self-emp-not-inc,59313,Masters,14,Never-married,Prof-specialty,Not-in-family,White,Female,0,0,50,Columbia,<=50K
26,Private,34393,Some-college,10,Divorced,Adm-clerical,Not-in-family,White,Female,0,0,40,United-States,<=50K
43,Local-gov,41643,Some-college,10,Separated,Craft-repair,Not-in-family,Black,Male,0,0,40,United-States,<=50K
28,State-gov,210673,HS-grad,9,Married-civ-spouse,Protective-serv,Husband,White,Male,0,0,40,United-States,<=50K
23,Private,125768,Some-college,10,Never-married,Other-service,Not-in-family,Asian-Pac-Islander,Female,0,0,35,Vietnam,<=50K
46,Private,251243,1st-4th,2,Separated,Other-service,Not-in-family,White,Female,0,0,40,Mexico,<=50K
32,Private,102986,5th-6th,3,Married-civ-spouse,Machine-op-inspct,Wife,Asian-Pac-Islander,Female,0,0,40,Laos,>50K
50,Private,197322,11th,7,Married-civ-spouse,Exec-managerial,Husband,White,Male,0,0,50,United-States,>50K
23,Private,133728,Assoc-voc,11,Never-married,Adm-clerical,Unmarried,White,Female,0,0,40,United-States,<=50K
22,Private,88050,Assoc-acdm,12,Married-civ-spouse,Exec-managerial,Husband,Asian-Pac-Islander,Male,0,0,6,United-States,<=50K
56,Private,182217,HS-grad,9,Married-civ-spouse,Transport-moving,Husband,White,Male,0,0,48,United-States,>50K
40,Self-emp-not-inc,209547,Bachelors,13,Married-civ-spouse,Sales,Husband,White,Male,0,0,40,United-States,<=50K
26,Private,180871,Some-college,10,Married-civ-spouse,Machine-op-inspct,Wife,White,Female,0,0,40,United-States,<=50K
36,Private,221533,HS-grad,9,Divorced,Adm-clerical,Unmarried,Black,Female,0,0,40,United-States,<=50K
33,Local-gov,155594,Assoc-voc,11,Married-civ-spouse,Tech-support,Husband,White,Male,0,0,40,United-States,<=50K
41,Private,265932,HS-grad,9,Divorced,Adm-clerical,Unmarried,White,Female,0,0,45,United-States,<=50K
56,Private,136413,1st-4th,2,Married-civ-spouse,Craft-repair,Husband,White,Male,0,0,40,United-States,<=50K
53,Private,69251,HS-grad,9,Married-civ-spouse,Transport-moving,Husband,White,Male,0,0,40,United-States,<=50K
28,Private,60374,Bachelors,13,Never-married,Exec-managerial,Own-child,White,Female,0,0,45,United-States,<=50K
39,Private,197150,HS-grad,9,Divorced,Craft-repair,Unmarried,White,Male,0,0,50,El-Salvador,<=50K
56,Private,161662,Bachelors,13,Married-civ-spouse,Exec-managerial,Husband,White,Male,0,0,42,United-States,>50K
22,Local-gov,211032,Some-college,10,Never-married,Adm-clerical,Own-child,Black,Female,0,0,40,United-States,<=50K
34,Self-emp-not-inc,45093,Bachelors,13,Married-civ-spouse,Exec-managerial,Husband,White,Male,15024,0,35,United-States,>50K
35,Private,26669,Some-college,10,Married-civ-spouse,Sales,Husband,White,Male,0,0,50,United-States,<=50K
49,Private,187098,Masters,14,Married-civ-spouse,Exec-managerial,Husband,White,Male,15024,0,50,United-States,>50K
71,State-gov,210673,HS-grad,9,Married-civ-spouse,Protective-serv,Husband,White,Male,0,0,28,United-States,<=50K
22,Private,124950,Some-college,10,Never-married,Sales,Not-in-family,White,Male,0,0,30,United-States,<=50K
46,Local-gov,234953,Masters,14,Divorced,Exec-managerial,Not-in-family,White,Male,0,0,50,United-States,>50K
37,Private,208703,5th-6th,3,Never-married,Machine-op-inspct,Unmarried,White,Female,0,0,40,Mexico,<=50K
28,State-gov,210498,HS-grad,9,Married-civ-spouse,Protective-serv,Husband,White,Male,0,0,40,United-States,<=50K
27,Private,193898,Bachelors,13,Divorced,Exec-managerial,Not-in-family,White,Male,0,0,52,United-States,<=50K
19,Private,361341,12th,8,Never-married,Prof-specialty,Not-in-family,Asian-Pac-Islander,Female,0,0,25,Thailand,<=50K
41,Private,150993,HS-grad,9,Married-civ-spouse,Craft-repair,Husband,White,Male,0,1848,40,United-States,>50K
32,Private,354558,Bachelors,13,Married-civ-spouse,Exec-managerial,Other-relative,Asian-Pac-Islander,Female,0,0,40,China,>50K
27,Private,34393,Assoc-voc,11,Never-married,Prof-specialty,Not-in-family,White,Female,0,1876,36,Canada,<=50K
46,Self-emp-not-inc,165767,Doctorate,16,Never-married,Prof-specialty,Not-in-family,White,Female,0,0,45,United-States,<=50K
41,Self-emp-inc,223342,HS-grad,9,Married-civ-spouse,Sales,Husband,White,Male,0,1887,55,United-States,>50K
37,Private,198813,HS-grad,9,Never-married,Handlers-cleaners,Own-child,White,Male,0,0,40,United-States,<=50K
20,Private,413760,Some-college,10,Never-married,Prof-specialty,Not-in-family,White,Female,0,0,40,United-States,<=50K
66,Private,85041,10th,6,Widowed,Transport-moving,Not-in-family,White,Female,0,0,11,United-States,<=50K
35,Local-gov,184466,Masters,14,Never-married,Prof-specialty,Own-child,White,Female,0,0,25,United-States,<=50K
23,Private,175837,11th,7,Never-married,Farming-fishing,Other-relative,White,Female,0,0,40,Puerto-Rico,<=50K
35,Private,266529,Some-college,10,Married-civ-spouse,Sales,Husband,White,Male,0,0,50,United-States,<=50K
49,Private,187492,Masters,14,Married-civ-spouse,Exec-managerial,Husband,White,Male,15024,0,50,United-States,>50K
54,Private,96710,HS-grad,9,Married-civ-spouse,Priv-house-serv,Other-relative,Black,Female,0,0,20,United-States,<=50K
25,Private,200574,Some-college,10,Never-married,Other-service,Unmarried,Black,Female,0,0,40,United-States,<=50K
41,Private,112031,HS-grad,9,Married-civ-spouse,Craft-repair,Husband,White,Male,0,0,60,United-States,>50K
19,Private,450141,Some-college,10,Never-married,Farming-fishing,Not-in-family,White,Female,0,0,15,United-States,<=50K
50,Local-gov,254500,Some-college,10,Married-civ-spouse,Farming-fishing,Husband,White,Male,0,0,40,Mexico,<=50K
42,Private,212760,Some-college,10,Married-civ-spouse,Sales,Husband,White,Male,0,0,60,United-States,>50K
47,Private,160261,HS-grad,9,Married-civ-spouse,Tech-support,Wife,White,Female,0,0,40,United-States,<=50K
20,State-gov,178416,Some-college,10,Never-married,Farming-fishing,Not-in-family,White,Male,0,0,40,United-States,<=50K
42,Private,200681,Some-college,10,Married-civ-spouse,Craft-repair,Husband,White,Male,0,0,50,United-States,<=50K
27,Private,247025,Bachelors,13,Never-married,Sales,Not-in-family,White,Female,0,2258,55,United-States,<=50K
51,Private,158924,HS-grad,9,Married-civ-spouse,Transport-moving,Husband,White,Male,0,0,84,United-States,>50K
24,State-gov,323069,Bachelors,13,Never-married,Exec-managerial,Not-in-family,White,Female,0,0,40,United-States,<=50K
34,Private,106761,Bachelors,13,Married-civ-spouse,Sales,Husband,White,Male,0,0,45,United-States,>50K
67,Private,221915,HS-grad,9,Divorced,Adm-clerical,Not-in-family,White,Female,0,0,15,United-States,<=50K
61,Private,195946,7th-8th,4,Married-civ-spouse,Machine-op-inspct,Husband,White,Male,0,0,40,United-States,<=50K
28,Private,252029,Bachelors,13,Married-civ-spouse,Prof-specialty,Husband,White,Male,0,0,50,United-States,<=50K
45,Private,178390,HS-grad,9,Divorced,Adm-clerical,Not-in-family,White,Female,0,0,40,United-States,<=50K
53,Private,149640,HS-grad,9,Married-civ-spouse,Machine-op-inspct,Husband,White,Male,0,0,40,United-States,<=50K
42,Self-emp-not-inc,199698,Prof-school,15,Never-married,Prof-specialty,Not-in-family,White,Male,0,0,38,United-States,<=50K
40,Private,133515,Some-college,10,Married-civ-spouse,Machine-op-inspct,Husband,White,Male,4386,0,50,United-States,>50K
62,Private,202662,HS-grad,9,Widowed,Craft-repair,Unmarried,Black,Female,0,0,40,United-States,<=50K
21,Private,126675,Some-college,10,Never-married,Other-service,Own-child,White,Female,0,0,40,United-States,<=50K
33,Private,274200,Assoc-acdm,12,Never-married,Adm-clerical,Unmarried,Asian-Pac-Islander,Male,0,0,30,Hong,<=50K
24,Private,374450,Bachelors,13,Never-married,Sales,Own-child,White,Female,0,1504,40,United-States,<=50K
23,Self-emp-not-inc,149704,10th,6,Never-married,Sales,Own-child,White,Female,0,0,40,United-States,<=50K
35,Private,223811,Some-college,10,Never-married,Exec-managerial,Not-in-family,White,Male,0,0,60,United-States,<=50K
35,Private,268661,Some-college,10,Married-civ-spouse,Sales,Husband,White,Male,0,0,50,United-States,<=50K
44,Local-gov,56630,Bachelors,13,Married-civ-spouse,Exec-managerial,Husband,White,Male,0,0,52,United-States,<=50K
56,Private,181705,HS-grad,9,Married-civ-spouse,Transport-moving,Husband,White,Male,0,0,48,United-States,>50K
43,Private,303426,HS-grad,9,Divorced,Other-service,Unmarried,Asian-Pac-Islander,Male,5721,0,40,Philippines,<=50K
46,Private,182268,Doctorate,16,Married-civ-spouse,Prof-specialty,Husband,White,Male,0,0,55,United-States,>50K
23,State-gov,278155,Bachelors,13,Never-married,Adm-clerical,Own-child,White,Male,0,0,40,United-States,<=50K
35,Private,165726,Bachelors,13,Married-civ-spouse,Exec-managerial,Husband,White,Male,0,0,50,United-States,>50K
50,Private,337606,HS-grad,9,Married-civ-spouse,Machine-op-inspct,Husband,White,Male,0,1485,40,United-States,<=50K
20,?,34965,Some-college,10,Never-married,?,Own-child,Amer-Indian-Eskimo,Male,0,0,72,United-States,<=50K
20,State-gov,178416,Some-college,10,Never-married,Farming-fishing,Not-in-family,White,Male,0,0,40,United-States,<=50K
82,?,295621,7th-8th,4,Widowed,?,Not-in-family,White,Male,0,0,5,United-States,<=50K
58,Private,220783,Bachelors,13,Divorced,Transport-moving,Not-in-family,White,Male,0,0,45,United-States,<=50K
55,Local-gov,260761,Prof-school,15,Married-civ-spouse,Prof-specialty,Husband,White,Male,0,1902,40,United-States,>50K
41,Private,84817,Assoc-voc,11,Divorced,Prof-specialty,Unmarried,White,Female,3887,0,40,United-States,<=50K
47,Private,354558,Bachelors,13,Married-civ-spouse,Prof-specialty,Husband,White,Male,15024,0,40,United-States,>50K
36,Private,118831,Assoc-acdm,12,Never-married,Adm-clerical,Unmarried,Black,Female,0,0,40,Jamaica,<=50K
37,Private,44797,Assoc-acdm,12,Divorced,Exec-managerial,Not-in-family,White,Female,0,0,40,United-States,<=50K
32,Private,52537,Some-college,10,Never-married,Tech-support,Not-in-family,Black,Male,0,0,38,United-States,<=50K
50,Self-emp-not-inc,91103,HS-grad,9,Married-civ-spouse,Craft-repair,Husband,White,Male,0,0,51,United-States,>50K
46,Private,251786,1st-4th,2,Separated,Other-service,Not-in-family,White,Female,0,0,40,Mexico,<=50K
17,Private,353994,HS-grad,9,Never-married,Other-service,Own-child,White,Male,0,0,40,United-States,<=50K
49,Private,116825,Bachelors,13,Married-civ-spouse,Sales,Husband,White,Male,0,0,60,United-States,<=50K
34,Private,145246,HS-grad,9,Married-civ-spouse,Adm-clerical,Wife,White,Female,4064,0,35,United-States,<=50K
34,Local-gov,254148,Bachelors,13,Divorced,Prof-specialty,Unmarried,White,Female,0,0,40,United-States,<=50K
26,Private,195946,HS-grad,9,Never-married,Adm-clerical,Own-child,White,Female,2354,0,40,United-States,<=50K
60,?,131762,5th-6th,3,Married-civ-spouse,?,Husband,White,Male,0,0,30,United-States,>50K
58,State-gov,198286,Bachelors,13,Married-civ-spouse,Adm-clerical,Husband,White,Male,0,0,35,United-States,>50K
35,State-gov,28738,Bachelors,13,Never-married,Adm-clerical,Not-in-family,White,Female,4101,0,40,United-States,<=50K
33,Private,229954,Bachelors,13,Never-married,Sales,Not-in-family,White,Male,0,0,45,United-States,>50K
65,Private,180060,Some-college,10,Married-civ-spouse,Exec-managerial,Wife,White,Female,0,0,40,United-States,<=50K
37,Private,209214,5th-6th,3,Never-married,Machine-op-inspct,Unmarried,White,Female,0,0,40,Mexico,<=50K
35,Private,102976,HS-grad,9,Divorced,Exec-managerial,Not-in-family,White,Male,0,0,50,United-States,<=50K
53,Self-emp-inc,293176,Some-college,10,Married-civ-spouse,Sales,Husband,White,Male,0,0,50,United-States,>50K
31,Private,192337,Bachelors,13,Married-civ-spouse,Prof-specialty,Husband,White,Male,0,0,40,United-States,>50K
31,Private,262043,HS-grad,9,Never-married,Adm-clerical,Not-in-family,White,Female,0,0,40,Germany,<=50K
48,Private,82910,Masters,14,Married-civ-spouse,Prof-specialty,Husband,White,Male,0,0,50,United-States,>50K
35,Private,183898,Assoc-voc,11,Married-civ-spouse,Exec-managerial,Husband,White,Male,7298,0,50,United-States,>50K
40,Private,352080,Some-college,10,Married-civ-spouse,Craft-repair,Husband,Black,Male,0,0,40,United-States,>50K
48,Private,135924,Assoc-acdm,12,Divorced,Adm-clerical,Not-in-family,White,Female,0,0,40,United-States,<=50K
34,Private,87218,Masters,14,Married-civ-spouse,Exec-managerial,Husband,White,Male,0,1887,50,United-States,>50K
29,Private,112031,HS-grad,9,Divorced,Craft-repair,Not-in-family,White,Female,0,0,50,United-States,<=50K
38,Private,216145,Bachelors,13,Divorced,Other-service,Not-in-family,Black,Female,0,0,60,?,<=50K
28,Private,175837,9th,5,Divorced,Prof-specialty,Not-in-family,Black,Female,0,0,40,United-States,<=50K
25,Local-gov,187792,Some-college,10,Divorced,Protective-serv,Not-in-family,White,Female,0,0,40,United-States,<=50K
57,Private,142764,Bachelors,13,Married-civ-spouse,Exec-managerial,Husband,White,Male,0,0,40,United-States,>50K
35,Private,111483,HS-grad,9,Separated,Transport-moving,Not-in-family,White,Male,0,0,40,United-States,<=50K
23,Private,176175,11th,7,Never-married,Farming-fishing,Other-relative,White,Female,0,0,40,Puerto-Rico,<=50K
32,Private,353994,Bachelors,13,Married-civ-spouse,Exec-managerial,Other-relative,Asian-Pac-Islander,Female,0,0,40,China,>50K
55,Private,91819,HS-grad,9,Divorced,Adm-clerical,Not-in-family,White,Female,0,0,40,United-States,<=50K
45,Local-gov,214989,Bachelors,13,Divorced,Prof-specialty,Not-in-family,White,Female,0,0,50,United-States,>50K
50,Private,173411,Some-college,10,Married-civ-spouse,Sales,Husband,White,Male,0,0,45,United-States,>50K
36,Private,287927,Some-college,10,Married-civ-spouse,Exec-managerial,Husband,White,Male,0,0,45,United-States,<=50K
40,Private,122215,Assoc-acdm,12,Married-civ-spouse,Sales,Husband,White,Male,0,0,40,United-States,>50K
23,Private,125461,Some-college,10,Never-married,Other-service,Not-in-family,Asian-Pac-Islander,Female,0,0,35,Vietnam,<=50K
21,Private,227890,HS-grad,9,Never-married,Craft-repair,Own-child,White,Male,0,0,40,United-States,<=50K
46,Self-emp-not-inc,230856,Some-college,10,Separated,Prof-specialty,Not-in-family,White,Male,0,0,20,United-States,<=50K
36,Private,130589,Some-college,10,Divorced,Exec-managerial,Not-in-family,White,Male,0,0,45,United-States,<=50K
20,Private,234953,HS-grad,9,Never-married,Sales,Unmarried,White,Male,0,0,40,United-States,<=50K
43,Local-gov,413760,Some-college,10,Separated,Craft-repair,Not-in-family,Black,Male,0,0,40,United-States,<=50K
32,Federal-gov,83413,Bachelors,13,Married-civ-spouse,Adm-clerical,Husband,White,Male,0,0,35,United-States,>50K
23,Private,216145,HS-grad,9,Never-married,Transport-moving,Own-child,White,Male,0,0,40,United-States,<=50K
55,Self-emp-not-inc,79011,HS-grad,9,Married-civ-spouse,Farming-fishing,Husband,Asian-Pac-Islander,Male,0,0,70,United-States,<=50K
36,Private,48014,HS-grad,9,Divorced,Machine-op-inspct,Unmarried,White,Male,0,0,40,United-States,<=50K
33,Private,205005,Some-college,10,Married-civ-spouse,Exec-managerial,Husband,White,Male,0,0,40,United-States,>50K
18,?,215419,Some-college,10,Never-married,?,Own-child,White,Female,0,1602,24,United-States,<=50K
33,Private,31362,Masters,14,Married-civ-spouse,Prof-specialty,Husband,White,Male,0,0,45,United-States,<=50K
53,Self-emp-not-inc,257940,7th-8th,4,Married-civ-spouse,Machine-op-inspct,Husband,White,Male,0,0,40,United-States,<=50K
26,Private,237943,HS-grad,9,Married-civ-spouse,Machine-op-inspct,Husband,White,Male,0,0,60,United-States,<=50K
37,Private,44797,Assoc-acdm,12,Divorced,Exec-managerial,Not-in-family,White,Female,0,0,40,United-States,<=50K
45,Local-gov,140644,Bachelors,13,Divorced,Protective-serv,Not-in-family,White,Male,0,0,40,United-States,>50K
39,Private,67433,Assoc-voc,11,Never-married,Prof-specialty,Not-in-family,White,Female,4650,0,32,United-States,<=50K
49,Local-gov,119904,Bachelors,13,Married-civ-spouse,Prof-specialty,Wife,White,Female,7688,0,30,United-States,>50K
37,Private,161141,HS-grad,9,Never-married,Handlers-cleaners,Not-in-family,White,Male,0,0,40,United-States,<=50K
67,Self-emp-not-inc,152102,HS-grad,9,Widowed,Farming-fishing,Not-in-family,White,Male,0,0,65,United-States,<=50K
37,Private,175431,Bachelors,13,Married-civ-spouse,Tech-support,Husband,White,Male,0,0,40,United-States,>50K
49,State-gov,208703,HS-grad,9,Married-civ-spouse,Handlers-cleaners,Husband,White,Male,0,0,40,United-States,>50K
45,Private,176315,HS-grad,9,Never-married,Other-service,Not-in-family,White,Female,0,0,40,El-Salvador,<=50K
46,Self-emp-not-inc,165767,Doctorate,16,Never-married,Prof-specialty,Not-in-family,White,Female,0,0,45,United-States,<=50K
66,Self-emp-inc,197816,Bachelors,13,Married-civ-spouse,Exec-managerial,Husband,White,Male,10605,0,40,United-States,>50K
36,Private,134768,Bachelors,13,Married-civ-spouse,Craft-repair,Husband,White,Male,0,0,48,United-States,>50K
28,Private,268661,HS-grad,9,Never-married,Transport-moving,Unmarried,White,Male,0,0,50,United-States,<=50K
66,Self-emp-inc,198183,Bachelors,13,Married-civ-spouse,Exec-managerial,Husband,White,Male,10605,0,40,United-States,>50K
26,Private,243240,Bachelors,13,Never-married,Other-service,Not-in-family,White,Female,0,0,38,United-States,<=50K
58,State-gov,198183,Bachelors,13,Married-civ-spouse,Adm-clerical,Husband,White,Male,0,0,35,United-States,>50K
41,Private,334946,HS-grad,9,Married-civ-spouse,Craft-repair,Husband,White,Male,0,0,45,United-States,<=50K
51,Local-gov,145714,Doctorate,16,Married-civ-spouse,Prof-specialty,Husband,White,Male,0,1887,40,United-States,>50K
53,Self-emp-inc,293176,Some-college,10,Married-civ-spouse,Sales,Husband,White,Male,0,0,50,United-States,>50K
23,Private,179991,Assoc-voc,11,Never-married,Adm-clerical,Own-child,White,Female,0,0,40,United-States,<=50K
29,Private,354201,HS-grad,9,Married-civ-spouse,Sales,Husband,White,Male,0,0,60,United-States,<=50K
52,Self-emp-inc,287190,HS-grad,9,Married-civ-spouse,Exec-managerial,Wife,White,Female,15024,0,40,United-States,>50K
24,Private,180195,Assoc-acdm,12,Never-married,Craft-repair,Not-in-family,White,Male,2354,0,40,United-States,<=50K
31,Private,263970,HS-grad,9,Never-married,Adm-clerical,Not-in-family,White,Female,0,0,40,Germany,<=50K
17,Private,31115,11th,7,Never-married,Other-service,Own-child,White,Male,0,0,25,United-States,<=50K
23,?,303090,Assoc-acdm,12,Married-civ-spouse,?,Husband,White,Male,0,0,40,El-Salvador,<=50K
26,Private,113588,HS-grad,9,Never-married,Craft-repair,Own-child,White,Male,0,0,40,United-States,<=50K
37,State-gov,46746,Bachelors,13,Never-married,Prof-specialty,Not-in-family,White,Male,0,0,38,United-States,<=50K
28,Private,175109,Bachelors,13,Never-married,Adm-clerical,Not-in-family,White,Female,0,0,30,?,<=50K
43,Self-emp-not-inc,350387,HS-grad,9,Married-civ-spouse,Craft-repair,Husband,White,Male,0,0,60,United-States,<=50K
24,Private,20676,Bachelors,13,Never-married,Adm-clerical,Own-child,White,Female,0,0,40,United-States,<=50K
46,Private,57929,HS-grad,9,Divorced,Other-service,Not-in-family,White,Male,0,0,25,United-States,<=50K
50,Private,145175,Prof-school,15,Married-civ-spouse,Prof-specialty,Husband,White,Male,0,2415,60,United-States,>50K
22,Private,310655,7th-8th,4,Married-civ-spouse,Handlers-cleaners,Husband,White,Male,0,0,40,United-States,<=50K
45,Private,176690,HS-grad,9,Never-married,Other-service,Not-in-family,White,Female,0,0,40,El-Salvador,<=50K
53,Private,121441,Some-college,10,Married-civ-spouse,Sales,Husband,White,Male,0,0,55,United-States,<=50K
22,Private,220669,Some-college,10,Never-married,Sales,Own-child,White,Female,0,0,25,United-States,<=50K
60,Private,241013,HS-grad,9,Married-civ-spouse,Machine-op-inspct,Husband,Black,Male,0,0,40,United-States,<=50K
36,Private,126675,11th,7,Married-civ-spouse,Exec-managerial,Husband,White,Male,0,1579,40,United-States,<=50K
41,Private,187581,Bachelors,13,Married-civ-spouse,Prof-specialty,Husband,White,Male,0,0,40,United-States,<=50K
54,Private,221336,Prof-school,15,Never-married,Prof-specialty,Other-relative,White,Female,0,0,65,United-States,<=50K
20,?,34393,Some-college,10,Never-married,?,Own-child,Amer-Indian-Eskimo,Male,0,0,72,United-States,<=50K
66,Self-emp-not-inc,176315,Bachelors,13,Divorced,Sales,Not-in-family,White,Male,401,0,20,United-States,<=50K
29,Private,118230,HS-grad,9,Never-married,Sales,Not-in-family,White,Female,0,0,35,United-States,<=50K
28,Private,60772,Bachelors,13,Never-married,Exec-managerial,Own-child,White,Female,0,0,45,United-States,<=50K
26,Private,210338,Assoc-voc,11,Separated,Adm-clerical,Unmarried,Black,Female,114,0,40,United-States,<=50K
54,Local-gov,188330,5th-6th,3,Never-married,Machine-op-inspct,Not-in-family,White,Male,0,2001,35,United-States,<=50K
26,Private,237943,HS-grad,9,Never-married,Craft-repair,Not-in-family,White,Male,0,0,40,United-States,<=50K
20,Private,256504,Some-college,10,Never-married,Sales,Own-child,White,Female,0,0,6,United-States,<=50K
69,Private,271312,HS-grad,9,Widowed,Adm-clerical,Not-in-family,White,Female,0,0,40,United-States,<=50K
45,Private,178530,HS-grad,9,Divorced,Adm-clerical,Not-in-family,White,Female,0,0,40,United-States,<=50K
52,Self-emp-not-inc,44434,Some-college,10,Married-civ-spouse,Sales,Husband,White,Male,0,0,55,United-States,>50K
28,Private,252013,Some-college,10,Never-married,Adm-clerical,Unmarried,White,Female,0,0,45,Japan,<=50K
19,Private,139466,Some-college,10,Never-married,Sales,Own-child,White,Female,0,0,25,United-States,<=50K
66,Local-gov,261062,Masters,14,Widowed,Prof-specialty,Not-in-family,White,Female,0,0,40,United-States,<=50K
34,Private,188246,HS-grad,9,Married-civ-spouse,Machine-op-inspct,Husband,White,Male,0,0,40,United-States,<=50K
49,Private,340755,Masters,14,Married-civ-spouse,Sales,Husband,White,Male,0,0,40,United-States,>50K
27,Private,255474,Some-college,10,Divorced,Adm-clerical,Unmarried,Black,Female,0,0,36,United-States,<=50K
82,?,407043,HS-grad,9,Never-married,?,Not-in-family,White,Male,0,0,3,United-States,<=50K
27,Private,56651,HS-grad,9,Married-civ-spouse,Machine-op-inspct,Husband,White,Male,0,0,40,United-States,<=50K
51,Private,193602,HS-grad,9,Married-civ-spouse,Protective-serv,Husband,White,Male,0,0,40,United-States,<=50K
45,Private,178517,HS-grad,9,Divorced,Adm-clerical,Not-in-family,White,Female,0,0,40,United-States,<=50K
27,Private,430151,Bachelors,13,Never-married,Craft-repair,Not-in-family,White,Male,0,0,50,United-States,<=50K
59,Private,168337,HS-grad,9,Married-spouse-absent,Priv-house-serv,Not-in-family,White,Female,0,0,36,Poland,<=50K
48,Private,385959,HS-grad,9,Married-civ-spouse,Tech-support,Husband,White,Male,0,0,89,United-States,<=50K
37,Private,128378,1st-4th,2,Married-civ-spouse,Other-service,Husband,White,Male,0,0,53,Mexico,<=50K
24,Private,229259,Assoc-acdm,12,Never-married,Adm-clerical,Own-child,White,Female,0,0,40,United-States,<=50K
43,State-gov,187792,Some-college,10,Separated,Craft-repair,Not-in-family,White,Male,0,0,37,United-States,<=50K
63,?,231347,Masters,14,Married-civ-spouse,?,Husband,White,Male,0,0,30,United-States,<=50K
35,Self-emp-not-inc,278322,HS-grad,9,Married-civ-spouse,Craft-repair,Husband,White,Male,0,0,40,United-States,<=50K
41,Private,46366,HS-grad,9,Divorced,Exec-managerial,Not-in-family,White,Male,2202,0,50,United-States,<=50K
51,Private,120277,10th,6,Never-married,Farming-fishing,Own-child,White,Male,0,0,40,United-States,<=50K
48,Private,131762,HS-grad,9,Never-married,Other-service,Not-in-family,White,Female,0,0,30,United-States,<=50K
50,Private,133728,HS-grad,9,Divorced,Adm-clerical,Unmarried,White,Female,0,0,35,United-States,<=50K
42,Private,210275,Masters,14,Divorced,Tech-support,Unmarried,Black,Female,4687,0,35,United-States,>50K
48,Private,118831,HS-grad,9,Divorced,Handlers-cleaners,Unmarried,Asian-Pac-Islander,Female,0,0,40,South,<=50K
30,Private,113324,Some-college,10,Never-married,Other-service,Not-in-family,White,Male,0,0,24,United-States,<=50K
28,Private,142725,HS-grad,9,Never-married,Machine-op-inspct,Not-in-family,White,Male,0,0,48,United-States,<=50K
29,State-gov,245053,Some-college,10,Never-married,Prof-specialty,Not-in-family,White,Male,0,0,35,United-States,<=50K
22,Local-gov,211032,Some-college,10,Never-married,Adm-clerical,Own-child,Black,Female,0,0,40,United-States,<=50K
17,?,41643,11th,7,Never-married,?,Own-child,White,Female,0,0,15,United-States,<=50K
43,Private,111483,Bachelors,13,Married-civ-spouse,Prof-specialty,Husband,White,Male,0,0,50,United-States,>50K
50,Private,214627,HS-grad,9,Married-civ-spouse,Craft-repair,Husband,White,Male,0,0,40,United-States,>50K
37,Private,189382,Assoc-acdm,12,Divorced,Adm-clerical,Not-in-family,White,Female,0,1504,40,United-States,<=50K
37,Private,161141,HS-grad,9,Never-married,Handlers-cleaners,Not-in-family,White,Male,0,0,40,United-States,<=50K
26,Private,34393,Some-college,10,Divorced,Adm-clerical,Not-in-family,White,Female,0,0,40,United-States,<=50K
35,Self-emp-not-inc,278632,HS-grad,9,Married-civ-spouse,Craft-repair,Husband,White,Male,0,0,40,United-States,<=50K
25,Private,262778,Bachelors,13,Never-married,Sales,Not-in-family,White,Female,6849,0,50,United-States,<=50K
29,Private,354558,HS-grad,9,Married-civ-spouse,Sales,Husband,White,Male,0,0,60,United-States,<=50K
51,Private,62463,HS-grad,9,Married-civ-spouse,Handlers-cleaners,Husband,White,Male,0,0,40,United-States,>50K
55,Private,125000,Prof-school,15,Married-civ-spouse,Exec-managerial,Husband,White,Male,0,0,60,United-States,>50K
20,Private,367240,Some-college,10,Never-married,Adm-clerical,Own-child,White,Female,0,0,35,United-States,<=50K
63,?,232220,Masters,14,Married-civ-spouse,?,Husband,White,Male,0,0,30,United-States,<=50K
39,Private,182217,Doctorate,16,Divorced,Exec-managerial,Not-in-family,White,Female,0,2559,60,France,>50K
28,Private,34965,Bachelors,13,Never-married,Exec-managerial,Not-in-family,Black,Male,2174,0,50,United-States,<=50K
62,Private,171114,Some-college,10,Married-civ-spouse,Craft-repair,Husband,White,Male,0,0,45,United-States,<=50K
53,Self-emp-not-inc,303090,HS-grad,9,Married-civ-spouse,Sales,Husband,White,Male,0,0,35,United-States,<=50K
41,Private,265638,HS-grad,9,Divorced,Adm-clerical,Unmarried,White,Female,0,0,45,United-States,<=50K
29,Private,244395,11th,7,Never-married,Other-service,Unmarried,Black,Female,0,0,40,United-States,<=50K
40,Private,221172,Assoc-acdm,12,Married-civ-spouse,Exec-managerial,Husband,White,Male,0,0,50,United-States,>50K
35,Local-gov,191524,Bachelors,13,Married-civ-spouse,Craft-repair,Husband,White,Male,0,0,40,United-States,<=50K
44,Local-gov,145175,Masters,14,Married-civ-spouse,Prof-specialty,Husband,White,Male,0,0,44,United-States,>50K
37,Self-emp-not-inc,156015,Prof-school,15,Never-married,Prof-specialty,Own-child,White,Male,0,1564,55,United-States,>50K
24,Private,398931,HS-grad,9,Married-civ-spouse,Craft-repair,Husband,White,Male,0,0,60,United-States,<=50K
39,Private,243786,Bachelors,13,Married-civ-spouse,Prof-specialty,Husband,White,Male,0,0,50,United-States,>50K
55,?,227203,Assoc-acdm,12,Married-spouse-absent,?,Not-in-family,White,Female,0,0,5,United-States,<=50K
25,Private,364946,HS-grad,9,Divorced,Adm-clerical,Not-in-family,White,Female,0,0,40,United-States,<=50K
20,?,34419,Some-college,10,Never-married,?,Own-child,Amer-Indian-Eskimo,Male,0,0,72,United-States,<=50K
44,Private,153997,HS-grad,9,Never-married,Other-service,Unmarried,White,Male,0,0,40,United-States,<=50K
33,Private,116294,Bachelors,13,Never-married,Prof-specialty,Own-child,White,Female,0,0,40,United-States,>50K
52,Private,256362,Bachelors,13,Married-civ-spouse,Exec-managerial,Husband,White,Male,0,0,50,United-States,<=50K
46,Private,94809,Some-college,10,Divorced,Priv-house-serv,Unmarried,White,Female,0,0,30,United-States,<=50K
26,Private,476558,7th-8th,4,Never-married,Craft-repair,Not-in-family,White,Male,0,0,40,Nicaragua,<=50K
61,?,69311,HS-grad,9,Married-civ-spouse,?,Husband,White,Male,0,0,37,United-States,<=50K
43,Private,33394,HS-grad,9,Married-civ-spouse,Handlers-cleaners,Husband,Black,Male,0,0,40,United-States,<=50K
36,Private,126743,11th,7,Married-civ-spouse,Exec-managerial,Husband,White,Male,0,1579,40,United-States,<=50K
49,Private,125491,HS-grad,9,Married-civ-spouse,Sales,Husband,White,Male,0,0,40,United-States,<=50K
32,Private,354558,Bachelors,13,Married-civ-spouse,Exec-managerial,Other-relative,Asian-Pac-Islander,Female,0,0,40,China,>50K
53,Private,88842,HS-grad,9,Married-civ-spouse,Exec-managerial,Husband,White,Male,99999,0,40,United-States,>50K
66,?,31478,Some-college,10,Married-civ-spouse,?,Husband,White,Male,0,0,20,United-States,<=50K
35,Private,108140,HS-grad,9,Divorced,Craft-repair,Not-in-family,White,Male,0,0,40,United-States,<=50K
33,Private,302847,HS-grad,9,Married-civ-spouse,Craft-repair,Husband,White,Male,0,0,60,United-States,>50K
27,Private,167336,Some-college,10,Never-married,Adm-clerical,Not-in-family,White,Female,0,0,39,United-States,<=50K
45,Private,34862,Bachelors,13,Never-married,Transport-moving,Not-in-family,White,Male,0,0,30,United-States,<=50K
61,?,69285,HS-grad,9,Married-civ-spouse,?,Husband,White,Male,0,0,37,United-States,<=50K
53,Self-emp-inc,291981,Some-college,10,Married-civ-spouse,Sales,Husband,White,Male,0,0,50,United-States,>50K
28,Private,175710,9th,5,Divorced,Prof-specialty,Not-in-family,Black,Female,0,0,40,United-States,<=50K
50,Private,193898,HS-grad,9,Married-civ-spouse,Exec-managerial,Husband,White,Male,0,0,60,United-States,<=50K
29,Private,37088,Some-college,10,Married-civ-spouse,Craft-repair,Husband,White,Male,0,0,40,United-States,<=50K
27,Self-emp-not-inc,358783,HS-grad,9,Never-married,Sales,Not-in-family,Black,Male,0,0,40,United-States,<=50K
27,Private,138358,HS-grad,9,Married-civ-spouse,Craft-repair,Husband,White,Male,0,0,53,United-States,<=50K
33,Federal-gov,138358,HS-grad,9,Never-married,Other-service,Not-in-family,White,Male,0,0,32,United-States,<=50K
32,Private,198258,Some-college,10,Divorced,Exec-managerial,Not-in-family,White,Female,0,0,38,United-States,<=50K
28,Private,254211,Bachelors,13,Married-civ-spouse,Prof-specialty,Husband,White,Male,0,0,50,United-States,<=50K
18,Private,228921,Some-college,10,Never-married,Other-service,Own-child,White,Male,0,0,30,United-States,<=50K
36,Self-emp-not-inc,239155,12th,8,Never-married,Craft-repair,Own-child,White,Male,0,0,40,United-States,<=50K
33,Private,194290,HS-grad,9,Married-civ-spouse,Exec-managerial,Husband,White,Male,5178,0,50,United-States,>50K
26,Private,271933,Bachelors,13,Never-married,Sales,Not-in-family,Asian-Pac-Islander,Male,0,0,20,South,<=50K
69,Private,228921,Bachelors,13,Widowed,Prof-specialty,Not-in-family,White,Male,0,2282,40,United-States,>50K
41,Private,149726,HS-grad,9,Married-civ-spouse,Craft-repair,Husband,White,Male,0,1848,40,United-States,>50K
50,Private,96586,Assoc-voc,11,Married-civ-spouse,Other-service,Husband,White,Male,0,0,40,United-States,<=50K
57,Private,96346,HS-grad,9,Widowed,Prof-specialty,Not-in-family,White,Female,0,0,57,United-States,<=50K
24,Private,142030,10th,6,Never-married,Machine-op-inspct,Not-in-family,White,Male,0,0,45,United-States,<=50K
19,Private,221336,Some-college,10,Never-married,Other-service,Own-child,White,Male,0,0,30,United-States,<=50K
28,Private,244087,11th,7,Separated,Craft-repair,Unmarried,White,Female,0,0,40,United-States,<=50K
43,Local-gov,41643,Some-college,10,Separated,Craft-repair,Not-in-family,Black,Male,0,0,40,United-States,<=50K
65,Private,236391,Bachelors,13,Divorced,Adm-clerical,Not-in-family,White,Female,0,0,40,United-States,<=50K
61,Federal-gov,95680,Assoc-acdm,12,Married-civ-spouse,Exec-managerial,Husband,Asian-Pac-Islander,Male,3103,0,40,United-States,>50K
57,Private,258498,9th,5,Married-civ-spouse,Craft-repair,Husband,White,Male,0,0,40,United-States,>50K
50,Private,179135,Prof-school,15,Married-civ-spouse,Prof-specialty,Husband,White,Male,0,0,60,United-States,>50K
30,Private,39890,1st-4th,2,Separated,Priv-house-serv,Other-relative,White,Female,0,0,30,Mexico,<=50K
46,Private,250552,Some-college,10,Divorced,Exec-managerial,Not-in-family,White,Female,0,0,40,United-States,<=50K
32,Private,87310,Masters,14,Married-civ-spouse,Sales,Husband,White,Male,0,0,60,United-States,>50K
23,Private,44434,Some-college,10,Never-married,Transport-moving,Own-child,White,Male,0,0,15,United-States,<=50K
26,Private,94477,Some-college,10,Married-civ-spouse,Transport-moving,Husband,White,Male,7298,0,55,United-States,>50K
40,Private,213019,HS-grad,9,Divorced,Sales,Unmarried,White,Female,0,0,30,United-States,<=50K
41,Self-emp-not-inc,225707,Some-college,10,Separated,Craft-repair,Not-in-family,White,Male,0,0,40,United-States,<=50K
45,Local-gov,37546,HS-grad,9,Married-civ-spouse,Transport-moving,Wife,White,Female,5178,0,40,United-States,>50K
46,Private,57929,HS-grad,9,Divorced,Other-service,Not-in-family,White,Male,0,0,25,United-States,<=50K
53,Private,238360,Some-college,10,Married-civ-spouse,Exec-managerial,Husband,White,Male,0,0,50,United-States,>50K
20,Private,157786,Some-college,10,Never-married,Craft-repair,Own-child,White,Male,0,0,40,United-States,<=50K
48,Private,167336,Masters,14,Married-civ-spouse,Exec-managerial,Husband,White,Male,0,0,40,United-States,>50K
47,Private,355686,Bachelors,13,Married-civ-spouse,Prof-specialty,Husband,White,Male,15024,0,40,United-States,>50K
26,Private,236687,HS-grad,9,Married-civ-spouse,Machine-op-inspct,Husband,White,Male,0,0,60,United-States,<=50K
20,?,357173,Some-college,10,Never-married,?,Own-child,White,Female,0,0,35,United-States,<=50K
38,Private,236391,HS-grad,9,Married-civ-spouse,Craft-repair,Husband,White,Male,0,0,45,United-States,>50K
18,Private,230215,Some-college,10,Never-married,Other-service,Own-child,White,Male,0,0,30,United-States,<=50K
37,Private,126743,1st-4th,2,Married-civ-spouse,Other-service,Husband,White,Male,0,0,53,Mexico,<=50K
26,Self-emp-not-inc,109667,Some-college,10,Separated,Craft-repair,Not-in-family,White,Male,0,0,30,United-States,<=50K
39,Private,97136,HS-grad,9,Never-married,Machine-op-inspct,Unmarried,Black,Female,0,0,40,United-States,<=50K
29,Private,160728,HS-grad,9,Separated,Adm-clerical,Own-child,White,Female,0,0,40,United-States,<=50K
37,Private,282549,9th,5,Married-civ-spouse,Transport-moving,Husband,White,Male,0,0,40,United-States,<=50K
28,Private,38360,Bachelors,13,Married-civ-spouse,Exec-managerial,Husband,White,Male,0,0,50,United-States,<=50K
20,Private,256253,Some-college,10,Never-married,Sales,Own-child,White,Female,0,0,6,United-States,<=50K
36,Private,398931,Bachelors,13,Married-civ-spouse,Sales,Husband,White,Male,0,1902,40,United-States,>50K
27,Private,114865,Bachelors,13,Never-married,Sales,Own-child,White,Male,0,0,40,United-States,<=50K
34,Private,175710,Bachelors,13,Married-civ-spouse,Exec-managerial,Husband,White,Male,3103,0,55,United-States,>50K
18,?,91819,Some-college,10,Never-married,?,Own-child,Asian-Pac-Islander,Female,0,0,40,United-States,<=50K
53,Private,95864,HS-grad,9,Never-married,Adm-clerical,Other-relative,White,Male,0,0,35,United-States,<=50K
45,Private,45857,HS-grad,9,Divorced,Adm-clerical,Not-in-family,White,Female,0,0,28,United-States,<=50K
60,Local-gov,135289,Some-college,10,Married-civ-spouse,Protective-serv,Husband,White,Male,0,0,40,United-States,<=50K
55,?,227065,Assoc-acdm,12,Married-spouse-absent,?,Not-in-family,White,Female,0,0,5,United-States,<=50K
41,Private,84817,Assoc-voc,11,Divorced,Prof-specialty,Unmarried,White,Female,3887,0,40,United-States,<=50K
20,Private,216867,HS-grad,9,Never-married,Machine-op-inspct,Other-relative,White,Male,0,0,40,United-States,<=50K
35,Private,340755,HS-grad,9,Divorced,Craft-repair,Unmarried,White,Female,0,0,48,United-States,<=50K
73,Private,295621,HS-grad,9,Widowed,Other-service,Other-relative,White,Female,0,0,12,United-States,<=50K
46,Private,118714,HS-grad,9,Married-civ-spouse,Craft-repair,Husband,White,Male,7298,0,40,United-States,>50K
21,Private,221533,HS-grad,9,Never-married,Other-service,Own-child,Black,Female,0,0,30,United-States,<=50K
55,Self-emp-inc,79436,HS-grad,9,Married-civ-spouse,Transport-moving,Husband,White,Male,0,0,60,United-States,<=50K
28,?,309974,HS-grad,9,Married-civ-spouse,?,Wife,White,Female,0,0,17,Honduras,<=50K
36,Private,49626,HS-grad,9,Married-civ-spouse,Exec-managerial,Husband,White,Male,0,0,40,United-States,<=50K
48,Private,38950,HS-grad,9,Married-civ-spouse,Tech-support,Husband,White,Male,0,0,89,United-States,<=50K
43,Private,304710,HS-grad,9,Divorced,Other-service,Unmarried,Asian-Pac-Islander,Male,5721,0,40,Philippines,<=50K
22,Private,145231,HS-grad,9,Never-married,Handlers-cleaners,Own-child,Amer-Indian-Eskimo,Male,0,0,40,United-States,<=50K
20,?,174714,Some-college,10,Never-married,?,Own-child,White,Male,0,0,20,United-States,<=50K
47,Private,146497,Some-college,10,Separated,Adm-clerical,Unmarried,White,Female,0,0,16,Germany,<=50K
29,Private,188798,HS-grad,9,Divorced,Farming-fishing,Not-in-family,White,Male,0,0,40,United-States,<=50K
51,Private,145704,Masters,14,Married-civ-spouse,Exec-managerial,Husband,White,Male,99999,0,50,?,>50K
38,Private,181667,Assoc-voc,11,Married-civ-spouse,Exec-managerial,Husband,White,Male,0,0,40,United-States,<=50K
52,Private,123160,HS-grad,9,Married-civ-spouse,Adm-clerical,Wife,White,Female,0,0,38,United-States,<=50K
47,Local-gov,287190,Masters,14,Married-civ-spouse,Prof-specialty,Husband,White,Male,0,0,40,United-States,<=50K
28,Local-gov,206139,Assoc-acdm,12,Married-civ-spouse,Protective-serv,Husband,White,Male,0,0,45,United-States,>50K
63,Self-emp-not-inc,301251,7th-8th,4,Married-civ-spouse,Farming-fishing,Husband,White,Male,7688,0,60,United-States,>50K
40,Self-emp-inc,193524,Some-college,10,Married-civ-spouse,Farming-fishing,Husband,White,Male,0,0,40,United-States,>50K
43,Private,334741,HS-grad,9,Married-civ-spouse,Handlers-cleaners,Husband,Black,Male,0,0,40,United-States,<=50K
35,Local-gov,215039,Some-college,10,Divorced,Adm-clerical,Unmarried,White,Female,0,0,40,United-States,<=50K
37,Self-emp-inc,126675,Assoc-voc,11,Married-civ-spouse,Sales,Husband,White,Male,0,0,60,United-States,>50K
26,Private,242375,HS-grad,9,Married-civ-spouse,Machine-op-inspct,Husband,White,Male,0,0,60,United-States,<=50K
34,Private,212064,HS-grad,9,Separated,Adm-clerical,Unmarried,White,Female,7443,0,35,United-States,<=50K
46,Federal-gov,553473,Some-college,10,Divorced,Machine-op-inspct,Unmarried,White,Male,0,0,40,United-States,<=50K
46,Self-emp-not-inc,102869,HS-grad,9,Married-civ-spouse,Sales,Husband,White,Male,0,0,40,United-States,>50K
36,Private,160456,HS-grad,9,Married-civ-spouse,Machine-op-inspct,Husband,White,Male,0,0,60,United-States,<=50K
30,Private,490332,Some-college,10,Married-civ-spouse,Transport-moving,Husband,White,Male,0,0,80,United-States,>50K
37,Private,109277,HS-grad,9,Married-civ-spouse,Machine-op-inspct,Husband,White,Male,0,0,40,Portugal,<=50K
40,Private,122215,Assoc-acdm,12,Married-civ-spouse,Sales,Husband,White,Male,0,0,40,United-States,>50K
65,Private,94552,Some-college,10,Divorced,Adm-clerical,Not-in-family,White,Female,0,0,40,United-States,<=50K
45,Private,24274,Bachelors,13,Married-civ-spouse,Exec-managerial,Husband,White,Male,0,0,60,United-States,>50K
45,Private,46028,HS-grad,9,Divorced,Adm-clerical,Not-in-family,White,Female,0,0,28,United-States,<=50K
51,Local-gov,169104,Bachelors,13,Married-civ-spouse,Exec-managerial,Husband,White,Male,0,0,50,United-States,>50K
25,Private,201520,Some-college,10,Never-married,Other-service,Unmarried,Black,Female,0,0,40,United-States,<=50K
36,Private,49626,HS-grad,9,Married-civ-spouse,Exec-managerial,Husband,White,Male,0,0,40,United-States,<=50K
37,Private,44780,Assoc-acdm,12,Divorced,Exec-managerial,Not-in-family,White,Female,0,0,40,United-States,<=50K
32,Private,155408,HS-grad,9,Married-civ-spouse,Exec-managerial,Husband,White,Male,0,0,40,United-States,<=50K
59,Local-gov,129777,Some-college,10,Widowed,Other-service,Not-in-family,White,Female,0,0,40,Poland,<=50K
46,Self-emp-not-inc,231347,Some-college,10,Separated,Prof-specialty,Not-in-family,White,Male,0,0,20,United-States,<=50K
62,Private,243786,Doctorate,16,Married-civ-spouse,Prof-specialty,Husband,White,Male,15020,0,50,United-States,>50K
33,Local-gov,156873,Assoc-voc,11,Married-civ-spouse,Tech-support,Husband,White,Male,0,0,40,United-States,<=50K
49,Private,423605,Masters,14,Married-civ-spouse,Sales,Husband,White,Male,0,0,50,United-States,>50K
36,Private,189385,Some-college,10,Separated,Other-service,Other-relative,Black,Female,0,0,40,United-States,<=50K
28,Private,349751,Bachelors,13,Never-married,Exec-managerial,Not-in-family,Black,Male,2174,0,50,United-States,<=50K
30,Private,175878,HS-grad,9,Married-civ-spouse,Craft-repair,Husband,White,Male,0,0,42,United-States,>50K
31,Private,106437,Prof-school,15,Married-civ-spouse,Prof-specialty,Wife,White,Female,0,0,60,United-States,>50K
31,Private,106437,Prof-school,15,Married-civ-spouse,Prof-specialty,Wife,White,Female,0,0,60,United-States,>50K
50,Private,337488,HS-grad,9,Married-civ-spouse,Machine-op-inspct,Husband,White,Male,0,1485,40,United-States,<=50K
53,Private,149909,HS-grad,9,Married-civ-spouse,Machine-op-inspct,Husband,White,Male,0,0,40,United-States,<=50K
63,Self-emp-not-inc,29859,7th-8th,4,Married-civ-spouse,Farming-fishing,Husband,White,Male,7688,0,60,United-States,>50K
20,Self-emp-not-inc,157289,Some-college,10,Never-married,Farming-fishing,Own-child,White,Male,0,2258,10,United-States,<=50K
25,Private,109419,HS-grad,9,Never-married,Adm-clerical,Own-child,White,Female,0,0,40,United-States,<=50K
34,Private,145246,HS-grad,9,Married-civ-spouse,Adm-clerical,Wife,White,Female,4064,0,35,United-States,<=50K
26,Private,296991,Prof-school,15,Never-married,Prof-specialty,Not-in-family,White,Male,0,0,40,United-States,>50K
17,Private,165726,11th,7,Never-married,Handlers-cleaners,Own-child,White,Male,0,0,20,Peru,<=50K
46,Private,226032,Bachelors,13,Married-civ-spouse,Sales,Wife,White,Female,0,0,16,United-States,>50K
45,Private,290560,Assoc-acdm,12,Divorced,Adm-clerical,Unmarried,Black,Male,0,0,35,United-States,<=50K
20,Private,201783,Some-college,10,Never-married,Protective-serv,Own-child,White,Male,0,0,33,United-States,<=50K
22,?,165219,Some-college,10,Never-married,?,Own-child,White,Female,0,0,40,Italy,<=50K
39,Private,190964,Bachelors,13,Separated,Sales,Not-in-family,White,Male,0,0,50,United-States,<=50K
40,Private,202952,Prof-school,15,Married-civ-spouse,Prof-specialty,Husband,White,Male,15024,0,55,United-States,>50K
59,Private,52888,Some-college,10,Married-civ-spouse,Craft-repair,Husband,White,Male,0,1887,55,United-States,>50K
82,?,29488,7th-8th,4,Widowed,?,Not-in-family,White,Male,0,0,5,United-States,<=50K
18,Private,136819,Some-college,10,Never-married,Adm-clerical,Own-child,White,Male,0,0,40,United-States,<=50K
56,Private,157786,Bachelors,13,Married-civ-spouse,Exec-managerial,Husband,White,Male,0,1902,55,United-States,>50K
30,Private,337908,Assoc-acdm,12,Married-civ-spouse,Adm-clerical,Wife,Black,Female,0,0,20,United-States,<=50K
46,Private,218490,Some-college,10,Married-civ-spouse,Tech-support,Husband,White,Male,0,0,40,United-States,>50K
35,Private,80479,Assoc-voc,11,Divorced,Sales,Not-in-family,White,Male,0,0,40,United-States,<=50K
19,State-gov,165726,Some-college,10,Never-married,Other-service,Own-child,White,Female,0,0,40,United-States,<=50K
50,Private,193602,HS-grad,9,Married-civ-spouse,Exec-managerial,Husband,White,Male,0,0,60,United-States,<=50K
39,Private,235259,Some-college,10,Divorced,Adm-clerical,Not-in-family,White,Female,0,0,40,United-States,<=50K
21,Private,190964,Some-college,10,Never-married,Other-service,Own-child,White,Male,0,0,40,United-States,<=50K
49,Self-emp-not-inc,161662,Some-college,10,Divorced,Exec-managerial,Not-in-family,Amer-Indian-Eskimo,Female,0,0,40,United-States,<=50K
49,Local-gov,222584,Some-college,10,Divorced,Adm-clerical,Not-in-family,White,Female,0,0,44,United-States,<=50K
33,Private,271710,Assoc-acdm,12,Never-married,Adm-clerical,Unmarried,Asian-Pac-Islander,Male,0,0,30,Hong,<=50K
49,Private,277488,HS-grad,9,Married-civ-spouse,Exec-managerial,Husband,White,Male,0,0,72,United-States,<=50K
48,Private,131762,HS-grad,9,Never-married,Other-service,Not-in-family,White,Female,0,0,30,United-States,<=50K
23,Private,423222,11th,7,Never-married,Craft-repair,Unmarried,White,Male,0,0,30,United-States,<=50K
56,Self-emp-not-inc,163665,HS-grad,9,Widowed,Adm-clerical,Unmarried,White,Female,99999,0,40,United-States,>50K
22,Private,302847,Bachelors,13,Never-married,Adm-clerical,Not-in-family,Asian-Pac-Islander,Female,0,0,10,Vietnam,<=50K
33,Private,194336,12th,8,Married-civ-spouse,Transport-moving,Husband,White,Male,0,0,40,United-States,<=50K
39,Private,23580,Some-college,10,Divorced,Adm-clerical,Not-in-family,White,Female,0,0,40,United-States,<=50K
39,Private,66473,Assoc-voc,11,Never-married,Prof-specialty,Not-in-family,White,Female,4650,0,32,United-States,<=50K
36,Private,266529,HS-grad,9,Married-civ-spouse,Craft-repair,Husband,White,Male,4064,0,40,United-States,<=50K
31,Private,106014,Assoc-voc,11,Divorced,Craft-repair,Unmarried,White,Male,0,0,40,United-States,<=50K
46,Local-gov,232220,Masters,14,Divorced,Exec-managerial,Not-in-family,White,Male,0,0,50,United-States,>50K
17,Private,35306,HS-grad,9,Never-married,Other-service,Own-child,White,Male,0,0,40,United-States,<=50K
29,State-gov,246439,Some-college,10,Never-married,Prof-specialty,Not-in-family,White,Male,0,0,35,United-States,<=50K
17,Private,100828,11th,7,Never-married,Other-service,Not-in-family,White,Male,0,0,20,United-States,<=50K
45,Private,178517,Assoc-voc,11,Divorced,Handlers-cleaners,Not-in-family,White,Female,0,0,40,United-States,<=50K
31,Self-emp-not-inc,195891,HS-grad,9,Married-civ-spouse,Craft-repair,Own-child,White,Male,0,0,40,United-States,<=50K
44,Private,229335,Assoc-acdm,12,Widowed,Adm-clerical,Unmarried,White,Female,0,0,40,United-States,<=50K
50,Private,128378,5th-6th,3,Married-civ-spouse,Handlers-cleaners,Husband,White,Male,0,0,55,?,<=50K
65,State-gov,29441,7th-8th,4,Widowed,Other-service,Other-relative,White,Female,0,0,24,United-States,<=50K
26,Private,181372,Some-college,10,Married-civ-spouse,Machine-op-inspct,Wife,White,Female,0,0,40,United-States,<=50K
30,Local-gov,158924,Bachelors,13,Married-civ-spouse,Protective-serv,Husband,White,Male,0,0,70,United-States,>50K
67,Private,221915,HS-grad,9,Divorced,Adm-clerical,Not-in-family,White,Female,0,0,15,United-States,<=50K
33,Private,34037,HS-grad,9,Married-civ-spouse,Craft-repair,Husband,White,Male,0,0,40,United-States,<=50K
49,Private,34037,Masters,14,Married-civ-spouse,Sales,Husband,White,Male,0,0,40,United-States,>50K
61,?,69251,HS-grad,9,Married-civ-spouse,?,Husband,White,Male,0,0,37,United-States,<=50K
53,Private,69251,HS-grad,9,Married-civ-spouse,Transport-moving,Husband,White,Male,0,0,40,United-States,<=50K
37,Private,126675,1st-4th,2,Married-civ-spouse,Other-service,Husband,White,Male,0,0,53,Mexico,<=50K
48,Private,129777,HS-grad,9,Widowed,Adm-clerical,Unmarried,White,Female,0,0,40,United-States,<=50K
53,Private,149102,HS-grad,9,Married-civ-spouse,Machine-op-inspct,Husband,White,Male,0,0,40,United-States,<=50K
27,Private,122922,Bachelors,13,Never-married,Sales,Not-in-family,White,Female,0,0,40,United-States,<=50K
32,Private,154087,HS-grad,9,Married-civ-spouse,Exec-managerial,Husband,White,Male,0,0,40,United-States,<=50K
26,Local-gov,73471,HS-grad,9,Never-married,Handlers-cleaners,Own-child,Amer-Indian-Eskimo,Male,0,0,30,United-States,<=50K
17,Private,159537,11th,7,Never-married,Other-service,Other-relative,White,Female,0,0,22,United-States,<=50K
18,Private,135924,Some-college,10,Never-married,Adm-clerical,Own-child,White,Male,0,0,40,United-States,<=50K
33,Private,41099,Bachelors,13,Never-married,Adm-clerical,Not-in-family,White,Female,0,0,50,United-States,<=50K
19,Private,223669,Some-college,10,Never-married,Other-service,Own-child,White,Male,0,0,30,United-States,<=50K
38,Private,321865,Some-college,10,Married-civ-spouse,Exec-managerial,Husband,White,Male,0,0,40,United-States,>50K
39,State-gov,189382,Some-college,10,Separated,Exec-managerial,Unmarried,Black,Female,0,0,30,United-States,<=50K
26,Self-emp-not-inc,109667,Some-college,10,Separated,Craft-repair,Not-in-family,White,Male,0,0,30,United-States,<=50K
31,Private,180871,HS-grad,9,Divorced,Adm-clerical,Unmarried,White,Female,0,0,35,United-States,<=50K
44,Private,172695,HS-grad,9,Married-civ-spouse,Adm-clerical,Husband,Black,Male,0,0,52,United-States,>50K
36,Private,49626,HS-grad,9,Married-civ-spouse,Exec-managerial,Husband,White,Male,0,0,40,United-States,<=50K
21,Private,215039,11th,7,Never-married,Handlers-cleaners,Own-child,White,Male,0,0,40,United-States,<=50K
56,Federal-gov,33798,Assoc-voc,11,Widowed,Adm-clerical,Unmarried,Black,Female,0,0,40,United-States,<=50K
32,Private,216129,Some-college,10,Never-married,Craft-repair,Not-in-family,White,Male,4650,0,45,United-States,<=50K
38,Federal-gov,172695,Some-college,10,Divorced,Adm-clerical,Not-in-family,White,Male,0,0,40,United-States,>50K
62,?,83439,7th-8th,4,Married-civ-spouse,?,Husband,White,Male,0,0,40,United-States,<=50K
33,Private,41356,Bachelors,13,Never-married,Adm-clerical,Not-in-family,White,Female,0,0,50,United-States,<=50K
42,Private,340763,Doctorate,16,Never-married,Prof-specialty,Not-in-family,White,Male,0,0,50,United-States,<=50K
59,Federal-gov,98984,Bachelors,13,Divorced,Adm-clerical,Not-in-family,White,Male,0,0,40,United-States,<=50K
55,Self-emp-not-inc,77820,HS-grad,9,Married-civ-spouse,Farming-fishing,Husband,Asian-Pac-Islander,Male,0,0,70,United-States,<=50K
42,Private,173370,Masters,14,Married-civ-spouse,Prof-specialty,Husband,White,Male,0,0,40,United-States,<=50K
43,Self-emp-inc,320451,Some-college,10,Married-civ-spouse,Machine-op-inspct,Husband,White,Male,0,0,50,United-States,<=50K
46,Local-gov,120914,HS-grad,9,Divorced,Adm-clerical,Unmarried,White,Female,0,0,30,United-States,<=50K
35,Private,114765,Bachelors,13,Divorced,Sales,Not-in-family,White,Female,0,0,40,United-States,<=50K
33,Local-gov,115488,Bachelors,13,Married-civ-spouse,Prof-specialty,Husband,White,Male,0,0,50,United-States,<=50K
46,Private,185797,Bachelors,13,Married-civ-spouse,Prof-specialty,Husband,White,Male,3103,0,40,United-States,>50K
69,?,632733,Some-college,10,Widowed,?,Not-in-family,White,Female,0,0,20,United-States,<=50K
38,Private,181372,Assoc-voc,11,Married-civ-spouse,Exec-managerial,Husband,White,Male,0,0,40,United-States,<=50K
20,?,57929,Some-college,10,Never-married,?,Own-child,White,Male,0,0,15,United-States,<=50K
60,Private,242375,HS-grad,9,Married-civ-spouse,Machine-op-inspct,Husband,Black,Male,0,0,40,United-States,<=50K
51,Private,608881,HS-grad,9,Married-civ-spouse,Handlers-cleaners,Husband,White,Male,0,0,40,United-States,>50K
30,Private,490332,Some-college,10,Married-civ-spouse,Transport-moving,Husband,White,Male,0,0,80,United-States,>50K
37,Private,144397,HS-grad,9,Divorced,Exec-managerial,Unmarried,White,Female,0,0,50,United-States,<=50K
56,Federal-gov,33798,Assoc-voc,11,Widowed,Adm-clerical,Unmarried,Black,Female,0,0,40,United-States,<=50K
62,Private,244087,Doctorate,16,Married-civ-spouse,Prof-specialty,Husband,White,Male,15024,0,50,United-States,>50K
19,Private,139466,Some-college,10,Never-married,Sales,Own-child,White,Female,0,0,25,United-States,<=50K
29,Local-gov,152909,Masters,14,Never-married,Prof-specialty,Other-relative,Asian-Pac-Islander,Female,1506,0,40,United-States,<=50K
45,Private,184804,Assoc-acdm,12,Divorced,Craft-repair,Not-in-family,White,Male,0,0,40,United-States,<=50K
35,Local-gov,116927,Masters,14,Married-civ-spouse,Prof-specialty,Husband,White,Male,0,1887,40,United-States,>50K
27,Private,114967,Bachelors,13,Never-married,Sales,Own-child,White,Male,0,0,40,United-States,<=50K
43,Private,142689,HS-grad,9,Married-civ-spouse,Other-service,Husband,White,Male,0,1887,80,United-States,>50K
54,State-gov,103179,Doctorate,16,Married-civ-spouse,Exec-managerial,Husband,White,Male,0,1902,50,United-States,>50K
47,Local-gov,28738,Masters,14,Married-civ-spouse,Prof-specialty,Husband,White,Male,0,0,40,United-States,<=50K
49,Private,79662,HS-grad,9,Married-civ-spouse,Handlers-cleaners,Husband,White,Male,0,0,48,United-States,<=50K
23,Private,442478,HS-grad,9,Divorced,Other-service,Not-in-family,White,Female,0,0,24,United-States,<=50K
53,Self-emp-inc,290640,Some-college,10,Married-civ-spouse,Sales,Husband,White,Male,0,0,50,United-States,>50K
17,Private,28544,11th,7,Never-married,Sales,Not-in-family,White,Female,0,0,20,United-States,<=50K
32,Private,198286,Some-college,10,Divorced,Exec-managerial,Not-in-family,White,Female,0,0,38,United-States,<=50K
33,Federal-gov,137814,HS-grad,9,Never-married,Other-service,Not-in-family,White,Male,0,0,32,United-States,<=50K
30,Private,194897,HS-grad,9,Never-married,Sales,Other-relative,White,Male,0,0,40,United-States,<=50K
29,Private,188798,Bachelors,13,Never-married,Adm-clerical,Not-in-family,White,Female,0,0,45,United-States,<=50K
61,Private,57758,Bachelors,13,Divorced,Adm-clerical,Not-in-family,White,Female,0,0,35,United-States,<=50K
46,Private,149102,Bachelors,13,Divorced,Prof-specialty,Not-in-family,White,Male,0,0,45,England,>50K
22,Private,200681,Some-college,10,Never-married,Sales,Own-child,White,Male,0,0,15,United-States,<=50K
47,Private,201928,HS-grad,9,Married-civ-spouse,Transport-moving,Husband,White,Male,0,0,40,United-States,<=50K
42,Private,339482,Doctorate,16,Never-married,Prof-specialty,Not-in-family,White,Male,0,0,50,United-States,<=50K
47,Private,354558,Bachelors,13,Married-civ-spouse,Prof-specialty,Husband,White,Male,15024,0,40,United-States,>50K
23,Private,180871,Assoc-voc,11,Never-married,Adm-clerical,Own-child,White,Female,0,0,40,United-States,<=50K
49,Private,274424,HS-grad,9,Married-civ-spouse,Exec-managerial,Husband,White,Male,0,0,72,United-States,<=50K
40,Private,352080,Some-college,10,Married-civ-spouse,Craft-repair,Husband,Black,Male,0,0,40,United-States,>50K
40,Private,100292,HS-grad,9,Married-civ-spouse,Sales,Husband,White,Male,0,0,52,United-States,>50K
30,Private,327154,HS-grad,9,Never-married,Adm-clerical,Not-in-family,White,Female,0,0,30,United-States,<=50K
53,Local-gov,137250,Masters,14,Widowed,Prof-specialty,Unmarried,Black,Female,0,1602,35,United-States,<=50K
57,Private,96346,HS-grad,9,Widowed,Prof-specialty,Not-in-family,White,Female,0,0,57,United-States,<=50K
49,Private,187370,Masters,14,Married-civ-spouse,Exec-managerial,Husband,White,Male,15024,0,50,United-States,>50K
40,Private,163212,Some-college,10,Married-civ-spouse,Tech-support,Husband,White,Male,0,0,55,United-States,>50K
35,Private,339482,HS-grad,9,Divorced,Craft-repair,Unmarried,White,Female,0,0,48,United-States,<=50K
45,Private,45857,HS-grad,9,Divorced,Adm-clerical,Not-in-family,White,Female,0,0,28,United-States,<=50K
56,Self-emp-inc,304710,Some-college,10,Married-civ-spouse,Sales,Husband,White,Male,0,0,50,United-States,<=50K
22,Private,54560,HS-grad,9,Never-married,Other-service,Own-child,White,Male,0,0,40,United-States,<=50K
39,Private,97136,HS-grad,9,Never-married,Machine-op-inspct,Unmarried,Black,Female,0,0,40,United-States,<=50K
39,State-gov,112873,HS-grad,9,Married-civ-spouse,Protective-serv,Other-relative,White,Female,0,0,40,United-States,<=50K
29,Private,118230,HS-grad,9,Never-married,Sales,Not-in-family,White,Female,0,0,35,United-States,<=50K
26,Self-emp-not-inc,331861,Bachelors,13,Never-married,Sales,Not-in-family,White,Male,0,0,60,United-States,>50K
50,Private,256504,Doctorate,16,Married-civ-spouse,Sales,Husband,White,Male,0,0,50,United-States,>50K
38,Federal-gov,336167,Some-college,10,Married-civ-spouse,Adm-clerical,Husband,Asian-Pac-Islander,Male,0,0,40,Philippines,>50K
27,Private,96219,Bachelors,13,Never-married,Adm-clerical,Not-in-family,White,Female,0,0,45,United-States,<=50K
32,Federal-gov,83407,Bachelors,13,Married-civ-spouse,Adm-clerical,Husband,White,Male,0,0,35,United-States,>50K
32,State-gov,71151,Bachelors,13,Married-civ-spouse,Tech-support,Husband,White,Male,0,0,20,United-States,<=50K
36,Private,290560,Some-college,10,Married-civ-spouse,Exec-managerial,Husband,White,Male,0,0,45,United-States,<=50K
37,Self-emp-not-inc,153997,HS-grad,9,Never-married,Farming-fishing,Not-in-family,White,Male,0,0,86,United-States,<=50K
30,Private,112283,Bachelors,13,Married-civ-spouse,Other-service,Husband,White,Male,0,0,60,United-States,>50K
29,Self-emp-inc,124950,Bachelors,13,Never-married,Sales,Own-child,White,Female,0,0,40,United-States,<=50K
52,Self-emp-inc,229335,Prof-school,15,Married-civ-spouse,Prof-specialty,Husband,White,Male,0,0,40,United-States,>50K
52,Private,329733,Some-college,10,Never-married,Exec-managerial,Not-in-family,White,Male,0,0,40,United-States,<=50K
38,?,75024,7th-8th,4,Divorced,?,Not-in-family,White,Female,0,0,40,United-States,<=50K
29,Self-emp-not-inc,75435,Some-college,10,Married-civ-spouse,Prof-specialty,Husband,Amer-Indian-Eskimo,Male,0,0,40,United-States,<=50K
46,Private,172695,11th,7,Widowed,Other-service,Not-in-family,White,Female,0,0,27,El-Salvador,<=50K
33,Private,194897,12th,8,Married-civ-spouse,Transport-moving,Husband,White,Male,0,0,40,United-States,<=50K
46,Self-emp-not-inc,165289,Doctorate,16,Never-married,Prof-specialty,Not-in-family,White,Female,0,0,45,United-States,<=50K
52,Private,267556,Some-college,10,Married-civ-spouse,Prof-specialty,Husband,White,Male,0,0,45,United-States,>50K
46,Private,278155,Doctorate,16,Married-civ-spouse,Sales,Husband,White,Male,0,0,40,United-States,>50K
27,?,330132,HS-grad,9,Never-married,?,Not-in-family,White,Female,0,0,25,United-States,<=50K
23,Private,240842,HS-grad,9,Never-married,Other-service,Not-in-family,White,Female,0,0,30,United-States,<=50K
17,?,413760,11th,7,Never-married,?,Own-child,White,Female,0,0,15,United-States,<=50K
36,Private,130532,Some-college,10,Divorced,Exec-managerial,Not-in-family,White,Male,0,0,45,United-States,<=50K
50,Private,128378,5th-6th,3,Married-civ-spouse,Handlers-cleaners,Husband,White,Male,0,0,55,?,<=50K
28,Local-gov,205852,Assoc-acdm,12,Married-civ-spouse,Protective-serv,Husband,White,Male,0,0,45,United-States,>50K
53,Private,121441,Some-college,10,Married-civ-spouse,Sales,Husband,White,Male,0,0,55,United-States,<=50K
52,Private,164177,HS-grad,9,Married-civ-spouse,Other-service,Wife,White,Female,0,0,38,United-States,<=50K
20,?,173411,Some-college,10,Never-married,?,Own-child,White,Male,0,0,20,United-States,<=50K
48,Self-emp-not-inc,90042,Some-college,10,Married-civ-spouse,Prof-specialty,Husband,White,Male,0,0,5,United-States,<=50K
33,Private,258498,Some-college,10,Married-civ-spouse,Craft-repair,Wife,White,Female,0,0,60,United-States,<=50K
57,Private,170562,Bachelors,13,Married-civ-spouse,Protective-serv,Husband,White,Male,0,0,40,United-States,>50K
27,Private,254500,Some-college,10,Divorced,Adm-clerical,Unmarried,Black,Female,0,0,36,United-States,<=50K
29,Private,190350,12th,8,Never-married,Other-service,Unmarried,Black,Female,0,0,35,?,<=50K
32,State-gov,110171,Some-college,10,Married-civ-spouse,Prof-specialty,Wife,White,Female,0,1902,40,United-States,>50K
47,Private,28544,HS-grad,9,Married-civ-spouse,Exec-managerial,Husband,White,Male,0,0,40,United-States,<=50K
36,Private,160968,HS-grad,9,Married-civ-spouse,Machine-op-inspct,Husband,White,Male,0,0,60,United-States,<=50K
51,Local-gov,146244,Doctorate,16,Married-civ-spouse,Prof-specialty,Husband,White,Male,0,1887,40,United-States,>50K
29,Private,149102,HS-grad,9,Married-civ-spouse,Farming-fishing,Husband,White,Male,0,0,60,United-States,<=50K
71,State-gov,210714,HS-grad,9,Married-civ-spouse,Protective-serv,Husband,White,Male,0,0,28,United-States,<=50K
32,Private,250552,Some-college,10,Never-married,Prof-specialty,Not-in-family,White,Male,0,0,44,United-States,<=50K
55,Private,125159,Prof-school,15,Married-civ-spouse,Exec-managerial,Husband,White,Male,0,0,60,United-States,>50K
34,Private,350387,HS-grad,9,Never-married,Handlers-cleaners,Not-in-family,White,Male,0,0,60,United-States,<=50K
39,Private,129173,Bachelors,13,Married-civ-spouse,Sales,Husband,White,Male,3464,0,40,United-States,<=50K
39,State-gov,112812,HS-grad,9,Married-civ-spouse,Protective-serv,Other-relative,White,Female,0,0,40,United-States,<=50K
28,Private,252013,Bachelors,13,Married-civ-spouse,Prof-specialty,Husband,White,Male,0,0,50,United-States,<=50K
64,Local-gov,113176,HS-grad,9,Widowed,Exec-managerial,Not-in-family,White,Male,0,0,40,United-States,<=50K
32,Private,193741,Some-college,10,Married-civ-spouse,Machine-op-inspct,Husband,Asian-Pac-Islander,Male,0,0,40,Philippines,<=50K
22,?,164473,Some-college,10,Never-married,?,Own-child,White,Female,0,0,40,Italy,<=50K
39,Private,97136,HS-grad,9,Never-married,Machine-op-inspct,Unmarried,Black,Female,0,0,40,United-States,<=50K
67,Private,160261,11th,7,Widowed,Other-service,Not-in-family,White,Female,0,0,40,United-States,<=50K
19,Private,221533,Some-college,10,Never-married,Other-service,Own-child,White,Male,0,0,30,United-States,<=50K
49,State-gov,175109,Some-college,10,Married-civ-spouse,Prof-specialty,Husband,White,Male,0,0,50,United-States,>50K
22,Local-gov,391349,Some-college,10,Never-married,Prof-specialty,Own-child,White,Female,594,0,25,United-States,<=50K
25,Private,254211,Some-college,10,Never-married,Adm-clerical,Not-in-family,White,Female,0,0,40,United-States,<=50K
35,Local-gov,72887,HS-grad,9,Divorced,Farming-fishing,Own-child,Asian-Pac-Islander,Male,0,0,56,United-States,<=50K
26,Private,168337,HS-grad,9,Never-married,Transport-moving,Own-child,White,Male,0,0,50,United-States,<=50K
52,Self-emp-inc,74712,HS-grad,9,Married-civ-spouse,Sales,Husband,Asian-Pac-Islander,Male,0,0,40,United-States,>50K
47,Private,186172,Prof-school,15,Married-civ-spouse,Prof-specialty,Husband,White,Male,0,0,60,?,>50K
73,Private,29675,HS-grad,9,Widowed,Other-service,Other-relative,White,Female,0,0,12,United-States,<=50K
48,Private,116825,HS-grad,9,Divorced,Adm-clerical,Unmarried,White,Female,0,0,45,United-States,<=50K
20,Private,256362,Some-college,10,Never-married,Sales,Own-child,White,Female,0,0,6,United-States,<=50K
43,Self-emp-inc,321709,Some-college,10,Married-civ-spouse,Machine-op-inspct,Husband,White,Male,0,0,50,United-States,<=50K
30,Private,176175,HS-grad,9,Married-civ-spouse,Craft-repair,Husband,White,Male,0,0,42,United-States,>50K
29,Private,272913,HS-grad,9,Married-civ-spouse,Adm-clerical,Husband,White,Male,0,0,30,Nicaragua,<=50K
51,Private,171114,Some-college,10,Married-civ-spouse,Transport-moving,Husband,White,Male,0,0,40,United-States,>50K
38,?,75024,7th-8th,4,Divorced,?,Not-in-family,White,Female,0,0,40,United-States,<=50K
49,Local-gov,106554,Bachelors,13,Divorced,Prof-specialty,Unmarried,White,Female,0,0,40,United-States,>50K
49,Private,340763,Masters,14,Married-civ-spouse,Sales,Husband,White,Male,0,0,40,United-States,>50K
57,Private,122497,9th,5,Widowed,Other-service,Unmarried,Black,Male,0,0,52,?,<=50K
25,Local-gov,187792,Some-college,10,Divorced,Protective-serv,Not-in-family,White,Female,0,0,40,United-States,<=50K
18,Private,282609,5th-6th,3,Never-married,Handlers-cleaners,Other-relative,White,Male,0,0,30,Honduras,<=50K
29,Private,55614,Assoc-voc,11,Married-civ-spouse,Adm-clerical,Husband,White,Male,0,0,40,United-States,<=50K
48,Private,163212,Bachelors,13,Divorced,Exec-managerial,Not-in-family,White,Female,0,0,50,United-States,>50K
20,Private,223811,HS-grad,9,Never-married,Handlers-cleaners,Not-in-family,White,Male,0,0,40,United-States,<=50K
19,Private,44797,Some-college,10,Never-married,Farming-fishing,Not-in-family,White,Female,0,0,15,United-States,<=50K
31,Private,182217,10th,6,Separated,Transport-moving,Unmarried,White,Male,0,0,40,United-States,<=50K
37,Self-emp-not-inc,154205,HS-grad,9,Never-married,Farming-fishing,Not-in-family,White,Male,0,0,86,United-States,<=50K
50,Private,178530,Prof-school,15,Married-civ-spouse,Prof-specialty,Husband,White,Male,0,0,60,United-States,>50K
38,Private,236543,HS-grad,9,Married-civ-spouse,Craft-repair,Husband,White,Male,0,0,45,United-States,>50K
39,Private,39236,HS-grad,9,Separated,Handlers-cleaners,Not-in-family,Black,Male,0,0,40,United-States,<=50K
75,Self-emp-not-inc,31478,HS-grad,9,Married-civ-spouse,Farming-fishing,Husband,White,Male,3464,0,40,United-States,<=50K
40,Private,213620,HS-grad,9,Divorced,Sales,Unmarried,White,Female,0,0,30,United-States,<=50K
59,State-gov,136413,Masters,14,Married-civ-spouse,Prof-specialty,Husband,White,Male,0,0,8,United-States,>50K
21,Private,308237,5th-6th,3,Married-civ-spouse,Handlers-cleaners,Husband,White,Male,0,0,40,Mexico,<=50K
34,Private,209547,Some-college,10,Married-civ-spouse,Adm-clerical,Husband,White,Male,0,0,40,United-States,>50K
25,Private,109539,HS-grad,9,Never-married,Adm-clerical,Own-child,White,Female,0,0,40,United-States,<=50K
37,Private,191177,1st-4th,2,Married-civ-spouse,Craft-repair,Husband,Asian-Pac-Islander,Male,0,0,40,Cambodia,<=50K
47,Private,168416,HS-grad,9,Married-civ-spouse,Machine-op-inspct,Husband,White,Male,0,0,48,United-States,>50K
50,Private,133963,HS-grad,9,Divorced,Adm-clerical,Unmarried,White,Female,0,0,35,United-States,<=50K
23,Private,242552,HS-grad,9,Never-married,Other-service,Not-in-family,White,Female,0,0,30,United-States,<=50K
37,Federal-gov,106297,HS-grad,9,Divorced,Handlers-cleaners,Unmarried,White,Male,0,0,40,United-States,<=50K
57,Private,143774,Bachelors,13,Married-civ-spouse,Exec-managerial,Husband,White,Male,0,0,40,United-States,>50K
22,?,24274,Some-college,10,Never-married,?,Own-child,Asian-Pac-Islander,Male,0,0,40,China,<=50K
30,Private,247711,12th,8,Divorced,Other-service,Not-in-family,White,Female,0,0,40,United-States,<=50K
31,Private,182414,10th,6,Separated,Transport-moving,Unmarried,White,Male,0,0,40,United-States,<=50K
72,Private,385959,HS-grad,9,Widowed,Other-service,Unmarried,White,Female,0,0,16,United-States,<=50K
56,Self-emp-not-inc,156015,HS-grad,9,Married-civ-spouse,Craft-repair,Husband,White,Male,0,0,40,United-States,<=50K
27,Private,114801,HS-grad,9,Separated,Craft-repair,Not-in-family,White,Male,0,0,45,United-States,<=50K
39,State-gov,318061,Bachelors,13,Married-civ-spouse,Exec-managerial,Husband,White,Male,0,0,40,United-States,<=50K
32,Private,198183,Some-college,10,Divorced,Exec-managerial,Not-in-family,White,Female,0,0,38,United-States,<=50K
31,Local-gov,275395,Some-college,10,Never-married,Protective-serv,Not-in-family,Black,Male,0,0,40,United-States,<=50K
28,Local-gov,206889,Assoc-acdm,12,Married-civ-spouse,Protective-serv,Husband,White,Male,0,0,45,United-States,>50K
35,?,197150,Some-college,10,Married-civ-spouse,?,Husband,Asian-Pac-Islander,Male,0,0,40,Philippines,>50K
46,Private,75435,HS-grad,9,Married-civ-spouse,Priv-house-serv,Wife,White,Female,0,0,40,United-States,<=50K
67,Self-emp-inc,116517,Bachelors,13,Widowed,Other-service,Unmarried,White,Female,0,0,35,United-States,<=50K
18,Private,193602,11th,7,Never-married,Other-service,Other-relative,Black,Male,0,0,30,United-States,<=50K
30,Private,176315,Assoc-voc,11,Divorced,Adm-clerical,Unmarried,White,Female,0,0,24,United-States,<=50K
29,Private,490332,Some-college,10,Married-civ-spouse,Transport-moving,Husband,White,Male,0,0,45,United-States,>50K
45,Private,282698,HS-grad,9,Widowed,Craft-repair,Not-in-family,White,Male,0,2205,40,United-States,<=50K
59,Local-gov,130532,Some-college,10,Widowed,Other-service,Not-in-family,White,Female,0,0,40,Poland,<=50K
32,Private,385540,HS-grad,9,Never-married,Craft-repair,Own-child,White,Male,0,0,50,United-States,<=50K
49,Private,271312,HS-grad,9,Married-civ-spouse,Exec-managerial,Husband,White,Male,0,0,72,United-States,<=50K
30,Private,490332,Assoc-voc,11,Married-civ-spouse,Handlers-cleaners,Husband,White,Male,0,0,40,Mexico,<=50K
35,Self-emp-not-inc,128876,7th-8th,4,Married-civ-spouse,Farming-fishing,Husband,White,Male,0,0,40,United-States,<=50K
55,Private,92215,HS-grad,9,Divorced,Adm-clerical,Not-in-family,White,Female,0,0,40,United-States,<=50K
31,Private,181372,HS-grad,9,Divorced,Adm-clerical,Unmarried,White,Female,0,0,35,United-States,<=50K
25,Private,153997,10th,6,Never-married,Machine-op-inspct,Not-in-family,White,Male,0,0,40,United-States,<=50K
20,Private,366929,Some-college,10,Never-married,Other-service,Own-child,White,Female,0,0,20,United-States,<=50K
53,Private,251243,Bachelors,13,Married-civ-spouse,Exec-managerial,Husband,Black,Male,0,0,50,United-States,>50K
45,Private,178517,HS-grad,9,Divorced,Adm-clerical,Not-in-family,White,Female,0,0,40,United-States,<=50K
37,Private,105803,HS-grad,9,Married-civ-spouse,Craft-repair,Husband,White,Male,2964,0,45,United-States,>50K
22,Private,124454,Some-college,10,Never-married,Sales,Not-in-family,White,Male,0,0,30,United-States,<=50K
48,Private,175006,1st-4th,2,Separated,Machine-op-inspct,Other-relative,Black,Male,0,0,48,United-States,<=50K
27,Private,179241,Assoc-voc,11,Married-spouse-absent,Tech-support,Own-child,White,Female,0,0,40,United-States,<=50K
35,Private,106761,HS-grad,9,Married-civ-spouse,Sales,Husband,White,Male,0,0,60,United-States,<=50K
37,Private,208703,5th-6th,3,Never-married,Machine-op-inspct,Unmarried,White,Female,0,0,40,Mexico,<=50K
30,Private,361341,Some-college,10,Married-civ-spouse,Exec-managerial,Husband,White,Male,0,0,50,United-States,<=50K
46,Self-emp-not-inc,199698,Some-college,10,Divorced,Exec-managerial,Unmarried,White,Female,0,0,50,United-States,<=50K
37,Self-emp-not-inc,151141,11th,7,Married-civ-spouse,Transport-moving,Husband,White,Male,0,0,45,United-States,<=50K
24,Private,179991,Assoc-acdm,12,Never-married,Craft-repair,Not-in-family,White,Male,2354,0,40,United-States,<=50K
20,Private,148429,Some-college,10,Never-married,Other-service,Own-child,White,Male,0,0,40,United-States,<=50K
29,Private,488720,Some-college,10,Married-civ-spouse,Transport-moving,Husband,White,Male,0,0,45,United-States,>50K
30,Private,250034,12th,8,Divorced,Other-service,Not-in-family,White,Female,0,0,40,United-States,<=50K
47,Private,163814,10th,6,Married-civ-spouse,Craft-repair,Husband,White,Male,0,0,40,United-States,<=50K
23,Private,216907,HS-grad,9,Never-married,Transport-moving,Own-child,White,Male,0,0,40,United-States,<=50K
30,Local-gov,155408,Bachelors,13,Married-civ-spouse,Protective-serv,Husband,White,Male,0,0,72,United-States,>50K
35,Private,80479,Assoc-voc,11,Divorced,Sales,Not-in-family,White,Male,0,0,40,United-States,<=50K
26,Private,215419,HS-grad,9,Never-married,Other-service,Unmarried,White,Female,0,0,20,United-States,<=50K
36,Self-emp-not-inc,240554,12th,8,Never-married,Craft-repair,Own-child,White,Male,0,0,40,United-States,<=50K
22,Private,89154,1st-4th,2,Never-married,Other-service,Other-relative,White,Male,0,0,40,El-Salvador,<=50K
40,Private,202168,Prof-school,15,Married-civ-spouse,Prof-specialty,Husband,White,Male,15024,0,55,United-States,>50K
62,Private,170456,Some-college,10,Married-civ-spouse,Craft-repair,Husband,White,Male,0,0,45,United-States,<=50K
44,Private,201865,Bachelors,13,Married-civ-spouse,Exec-managerial,Husband,White,Male,15024,0,45,United-States,>50K
50,Private,337488,HS-grad,9,Married-civ-spouse,Machine-op-inspct,Husband,White,Male,0,1485,40,United-States,<=50K
20,?,361341,Some-college,10,Never-married,?,Own-child,White,Female,0,0,35,United-States,<=50K
36,Private,219611,Assoc-voc,11,Married-civ-spouse,Sales,Husband,White,Male,0,0,60,United-States,<=50K
21,Private,190747,HS-grad,9,Never-married,Handlers-cleaners,Not-in-family,White,Male,3325,0,60,United-States,<=50K
79,Local-gov,146015,Doctorate,16,Widowed,Prof-specialty,Unmarried,White,Female,0,0,40,United-States,<=50K
38,Private,589809,Bachelors,13,Married-civ-spouse,Adm-clerical,Husband,White,Male,0,0,45,United-States,>50K
45,Private,197286,HS-grad,9,Married-civ-spouse,Craft-repair,Husband,White,Male,0,0,40,United-States,<=50K
59,Private,168337,HS-grad,9,Married-spouse-absent,Priv-house-serv,Not-in-family,White,Female,0,0,36,Poland,<=50K
20,Private,210673,Some-college,10,Never-married,Other-service,Own-child,White,Female,0,0,15,United-States,<=50K
18,Private,19302,11th,7,Never-married,Other-service,Other-relative,Black,Male,0,0,30,United-States,<=50K
50,Private,337908,HS-grad,9,Married-civ-spouse,Machine-op-inspct,Husband,White,Male,0,1485,40,United-States,<=50K
44,Private,190776,HS-grad,9,Never-married,Other-service,Other-relative,Black,Male,0,0,32,United-States,<=50K
20,Private,363405,Some-college,10,Never-married,Other-service,Own-child,White,Female,0,0,20,United-States,<=50K
21,Private,164177,HS-grad,9,Married-civ-spouse,Craft-repair,Husband,White,Male,0,0,40,United-States,<=50K
21,Private,170456,Assoc-acdm,12,Never-married,Handlers-cleaners,Own-child,White,Male,0,0,15,United-States,<=50K
27,Private,122742,Bachelors,13,Never-married,Sales,Not-in-family,White,Female,0,0,40,United-States,<=50K
20,?,174938,Some-college,10,Never-married,?,Own-child,White,Male,0,0,20,United-States,<=50K
17,Private,354558,HS-grad,9,Never-married,Other-service,Own-child,White,Male,0,0,40,United-States,<=50K
35,Local-gov,183898,Masters,14,Never-married,Prof-specialty,Own-child,White,Female,0,0,25,United-States,<=50K
51,Private,121370,10th,6,Never-married,Farming-fishing,Own-child,White,Male,0,0,40,United-States,<=50K
49,State-gov,207120,HS-grad,9,Married-civ-spouse,Handlers-cleaners,Husband,White,Male,0,0,40,United-States,>50K
26,Private,213019,HS-grad,9,Never-married,Other-service,Unmarried,White,Female,0,0,20,United-States,<=50K
27,Private,408813,Some-college,10,Never-married,Sales,Not-in-family,White,Male,0,0,50,United-States,<=50K
18,Private,301251,HS-grad,9,Never-married,Other-service,Own-child,White,Female,0,0,20,United-States,<=50K
53,State-gov,104501,Doctorate,16,Married-civ-spouse,Prof-specialty,Husband,White,Male,0,0,40,?,>50K
26,Self-emp-not-inc,109609,Some-college,10,Separated,Craft-repair,Not-in-family,White,Male,0,0,30,United-States,<=50K
37,Private,357283,Assoc-voc,11,Married-civ-spouse,Transport-moving,Husband,White,Male,15024,0,50,United-States,>50K
19,Private,44797,Some-college,10,Never-married,Farming-fishing,Not-in-family,White,Female,0,0,15,United-States,<=50K
23,Private,242552,HS-grad,9,Never-married,Other-service,Not-in-family,White,Female,0,0,30,United-States,<=50K
52,Private,145409,HS-grad,9,Married-civ-spouse,Craft-repair,Husband,White,Male,0,0,40,United-States,<=50K
65,?,322658,HS-grad,9,Widowed,?,Unmarried,White,Female,0,0,40,United-States,<=50K
33,Private,149784,HS-grad,9,Married-civ-spouse,Sales,Husband,White,Male,0,0,40,United-States,>50K
32,Private,202662,HS-grad,9,Married-civ-spouse,Adm-clerical,Husband,White,Male,0,0,40,United-States,<=50K
52,Self-emp-inc,228921,Prof-school,15,Married-civ-spouse,Prof-specialty,Husband,White,Male,0,0,40,United-States,>50K
36,Private,334741,Bachelors,13,Married-civ-spouse,Sales,Husband,White,Male,0,1887,35,United-States,>50K
67,Private,221157,HS-grad,9,Divorced,Adm-clerical,Not-in-family,White,Female,0,0,15,United-States,<=50K
38,Private,222584,Some-college,10,Married-civ-spouse,Exec-managerial,Husband,White,Male,0,0,40,United-States,>50K
52,Private,119099,HS-grad,9,Married-civ-spouse,Machine-op-inspct,Husband,White,Male,0,0,40,United-States,<=50K
49,Private,79190,HS-grad,9,Married-civ-spouse,Handlers-cleaners,Husband,White,Male,0,0,49,United-States,<=50K
42,State-gov,102343,Prof-school,15,Married-civ-spouse,Prof-specialty,Husband,Asian-Pac-Islander,Male,0,0,72,India,>50K
28,Local-gov,206541,Assoc-acdm,12,Married-civ-spouse,Protective-serv,Husband,White,Male,0,0,45,United-States,>50K
50,Private,156015,Assoc-acdm,12,Married-civ-spouse,Machine-op-inspct,Husband,White,Male,0,0,50,United-States,>50K
45,Private,101656,10th,6,Never-married,Machine-op-inspct,Not-in-family,Asian-Pac-Islander,Male,0,0,40,Vietnam,<=50K
20,State-gov,178517,Some-college,10,Never-married,Farming-fishing,Not-in-family,White,Male,0,0,40,United-States,<=50K
49,Private,125768,HS-grad,9,Married-civ-spouse,Sales,Husband,White,Male,0,0,40,United-States,<=50K
38,Private,181372,Assoc-voc,11,Married-civ-spouse,Exec-managerial,Husband,White,Male,0,0,40,United-States,<=50K
28,?,308237,HS-grad,9,Married-civ-spouse,?,Wife,White,Female,0,0,17,Honduras,<=50K
27,State-gov,55395,Bachelors,13,Married-civ-spouse,Protective-serv,Wife,Black,Female,0,0,48,United-States,<=50K
39,State-gov,126336,HS-grad,9,Divorced,Prof-specialty,Not-in-family,White,Male,0,0,40,United-States,<=50K
48,Self-emp-not-inc,373606,Some-college,10,Divorced,Sales,Unmarried,White,Male,0,0,65,United-States,>50K
22,Private,88050,Assoc-acdm,12,Married-civ-spouse,Exec-managerial,Husband,Asian-Pac-Islander,Male,0,0,6,United-States,<=50K
58,Self-emp-not-inc,159021,Doctorate,16,Married-civ-spouse,Prof-specialty,Husband,White,Male,0,0,16,United-States,>50K
51,Self-emp-inc,180195,HS-grad,9,Married-civ-spouse,Sales,Husband,White,Male,0,0,50,United-States,<=50K
41,Self-emp-not-inc,225623,Some-college,10,Separated,Craft-repair,Not-in-family,White,Male,0,0,40,United-States,<=50K
20,Private,26669,HS-grad,9,Never-married,Other-service,Own-child,White,Male,0,0,25,United-States,<=50K
24,Private,208703,Bachelors,13,Never-married,Adm-clerical,Own-child,White,Female,0,0,40,United-States,<=50K
26,Private,431192,11th,7,Separated,Other-service,Unmarried,Black,Male,0,0,40,United-States,<=50K
43,Self-emp-inc,209040,Prof-school,15,Married-civ-spouse,Prof-specialty,Husband,White,Male,0,0,25,United-States,>50K
34,Private,34965,HS-grad,9,Never-married,Handlers-cleaners,Not-in-family,White,Male,0,0,60,United-States,<=50K
43,Private,175759,Bachelors,13,Married-civ-spouse,Exec-managerial,Husband,White,Male,99999,0,60,United-States,>50K
40,Private,182062,Some-college,10,Married-civ-spouse,Other-service,Wife,White,Female,0,0,40,Scotland,<=50K
49,Private,187492,Masters,14,Married-civ-spouse,Exec-managerial,Husband,White,Male,15020,0,50,United-States,>50K
27,Private,181372,HS-grad,9,Married-civ-spouse,Machine-op-inspct,Husband,White,Male,5013,0,47,Canada,<=50K
27,Private,81540,HS-grad,9,Married-civ-spouse,Craft-repair,Husband,White,Male,0,0,40,United-States,>50K
45,Local-gov,140237,Bachelors,13,Divorced,Protective-serv,Not-in-family,White,Male,0,0,40,United-States,>50K
39,Private,192337,HS-grad,9,Divorced,Adm-clerical,Unmarried,White,Female,0,0,40,United-States,<=50K
33,Private,309974,Masters,14,Married-civ-spouse,Prof-specialty,Husband,White,Male,0,0,45,United-States,<=50K
20,Private,256362,Some-college,10,Never-married,Sales,Own-child,White,Female,0,0,6,United-States,<=50K
69,?,632733,Some-college,10,Widowed,?,Not-in-family,White,Female,0,0,20,United-States,<=50K
32,State-gov,158948,Assoc-acdm,12,Married-civ-spouse,Craft-repair,Husband,White,Male,0,0,40,United-States,<=50K
18,?,214303,Some-college,10,Never-married,?,Own-child,White,Female,0,1602,24,United-States,<=50K
18,Private,302847,HS-grad,9,Never-married,Other-service,Own-child,White,Female,0,0,20,United-States,<=50K
44,Private,191177,Bachelors,13,Married-civ-spouse,Machine-op-inspct,Husband,White,Male,0,0,40,United-States,>50K
32,Private,31478,11th,7,Never-married,Other-service,Unmarried,Black,Female,0,0,40,Japan,<=50K
50,Private,194924,Some-college,10,Married-civ-spouse,Exec-managerial,Husband,White,Male,0,0,50,United-States,>50K
18,Private,131414,HS-grad,9,Never-married,Other-service,Own-child,White,Female,0,0,40,United-States,<=50K
29,Private,247298,11th,7,Never-married,Other-service,Unmarried,Black,Female,0,0,40,United-States,<=50K
46,Private,251786,1st-4th,2,Separated,Other-service,Not-in-family,White,Female,0,0,40,Mexico,<=50K
43,Self-emp-inc,320451,Some-college,10,Married-civ-spouse,Machine-op-inspct,Husband,White,Male,0,0,50,United-States,<=50K
46,Self-emp-not-inc,199698,Some-college,10,Divorced,Exec-managerial,Unmarried,White,Female,0,0,50,United-States,<=50K
51,Private,61270,HS-grad,9,Married-civ-spouse,Handlers-cleaners,Husband,White,Male,0,0,40,United-States,>50K
54,Private,156873,HS-grad,9,Widowed,Handlers-cleaners,Unmarried,White,Female,0,0,40,United-States,<=50K
27,Private,56651,HS-grad,9,Married-civ-spouse,Machine-op-inspct,Husband,White,Male,0,0,40,United-States,<=50K
19,Private,221157,Some-college,10,Never-married,Other-service,Own-child,White,Male,0,0,30,United-States,<=50K
30,Private,248588,12th,8,Divorced,Other-service,Not-in-family,White,Female,0,0,40,United-States,<=50K
27,Private,423605,Bachelors,13,Never-married,Craft-repair,Not-in-family,White,Male,0,0,50,United-States,<=50K
24,Private,275369,HS-grad,9,Never-married,Tech-support,Unmarried,White,Female,1831,0,40,United-States,<=50K
55,Private,92215,HS-grad,9,Divorced,Adm-clerical,Not-in-family,White,Female,0,0,40,United-States,<=50K
43,Federal-gov,145175,Bachelors,13,Married-civ-spouse,Adm-clerical,Husband,White,Male,0,0,42,United-States,>50K
46,Self-emp-inc,214303,Doctorate,16,Married-civ-spouse,Prof-specialty,Husband,White,Male,0,0,60,United-States,>50K
26,Private,477083,7th-8th,4,Never-married,Craft-repair,Not-in-family,White,Male,0,0,40,Mexico,<=50K
23,Self-emp-not-inc,188972,HS-grad,9,Married-civ-spouse,Handlers-cleaners,Own-child,White,Male,0,0,40,United-States,<=50K
23,State-gov,278322,Bachelors,13,Never-married,Adm-clerical,Own-child,White,Male,0,0,40,United-States,<=50K
47,Private,169104,HS-grad,9,Married-civ-spouse,Machine-op-inspct,Husband,White,Male,0,0,49,United-States,>50K
30,Private,112812,Bachelors,13,Married-civ-spouse,Other-service,Husband,White,Male,0,0,60,United-States,>50K
22,Private,49626,Some-college,10,Married-civ-spouse,Machine-op-inspct,Husband,White,Male,0,0,40,Mexico,<=50K
41,Private,33394,HS-grad,9,Married-civ-spouse,Craft-repair,Husband,White,Male,0,0,45,United-States,<=50K
19,Private,229431,Some-college,10,Never-married,Prof-specialty,Own-child,White,Male,0,0,11,United-States,<=50K
19,Private,283037,7th-8th,4,Never-married,Adm-clerical,Own-child,White,Male,0,0,80,United-States,<=50K
19,?,193741,Some-college,10,Never-married,?,Own-child,White,Male,0,0,40,United-States,<=50K
34,Private,210673,HS-grad,9,Separated,Adm-clerical,Unmarried,White,Female,7443,0,35,United-States,<=50K
37,Private,198388,HS-grad,9,Never-married,Handlers-cleaners,Own-child,White,Male,0,0,40,United-States,<=50K
32,Private,265638,Some-college,10,Married-civ-spouse,Protective-serv,Husband,Black,Male,0,0,60,United-States,<=50K
37,Private,278391,9th,5,Married-civ-spouse,Transport-moving,Husband,White,Male,0,0,40,United-States,<=50K
39,Private,191177,Bachelors,13,Separated,Sales,Not-in-family,White,Male,0,0,50,United-States,<=50K
47,Private,146497,Some-college,10,Separated,Adm-clerical,Unmarried,White,Female,0,0,16,Germany,<=50K
65,Private,179681,Some-college,10,Married-civ-spouse,Exec-managerial,Wife,White,Female,0,0,40,United-States,<=50K
34,Private,187581,HS-grad,9,Married-civ-spouse,Machine-op-inspct,Husband,White,Male,0,0,40,United-States,<=50K
18,Private,193746,11th,7,Never-married,Other-service,Other-relative,Black,Male,0,0,30,United-States,<=50K
20,Private,37088,Some-college,10,Never-married,Adm-clerical,Own-child,White,Female,0,0,35,United-States,<=50K
58,Private,221095,Bachelors,13,Divorced,Transport-moving,Not-in-family,White,Male,0,0,45,United-States,<=50K
28,Private,161538,Bachelors,13,Never-married,Tech-support,Not-in-family,White,Female,0,0,35,United-States,<=50K
34,Private,271933,Bachelors,13,Never-married,Exec-managerial,Other-relative,White,Female,0,1741,45,United-States,<=50K
60,Private,24185,HS-grad,9,Married-civ-spouse,Machine-op-inspct,Husband,Black,Male,0,0,40,United-States,<=50K
36,Self-emp-not-inc,188972,Doctorate,16,Separated,Prof-specialty,Unmarried,White,Female,0,0,10,Canada,<=50K
22,Private,303426,Bachelors,13,Never-married,Adm-clerical,Not-in-family,Asian-Pac-Islander,Female,0,0,10,Vietnam,<=50K
33,Private,149909,HS-grad,9,Married-civ-spouse,Sales,Husband,White,Male,0,0,40,United-States,>50K
28,Private,175710,9th,5,Divorced,Prof-specialty,Not-in-family,Black,Female,0,0,40,United-States,<=50K
49,Local-gov,106554,Bachelors,13,Divorced,Prof-specialty,Unmarried,White,Female,0,0,40,United-States,>50K
25,Private,194897,HS-grad,9,Never-married,Sales,Own-child,Amer-Indian-Eskimo,Male,6849,0,40,United-States,<=50K
20,Private,104164,HS-grad,9,Never-married,Handlers-cleaners,Own-child,White,Male,0,0,40,United-States,<=50K
25,Private,130773,Some-college,10,Divorced,Other-service,Not-in-family,White,Male,0,0,30,United-States,<=50K
46,Private,183898,Doctorate,16,Married-civ-spouse,Prof-specialty,Husband,White,Male,0,0,55,United-States,>50K
29,Private,245310,Assoc-voc,11,Married-civ-spouse,Tech-support,Husband,White,Male,0,2051,40,United-States,<=50K
34,Private,342121,Bachelors,13,Married-civ-spouse,Exec-managerial,Husband,White,Male,0,0,40,United-States,>50K
63,?,231347,Masters,14,Married-civ-spouse,?,Husband,White,Male,0,0,30,United-States,<=50K
20,Private,221533,11th,7,Never-married,Craft-repair,Not-in-family,White,Male,0,0,40,United-States,<=50K
36,Self-emp-not-inc,240554,12th,8,Never-married,Craft-repair,Own-child,White,Male,0,0,40,United-States,<=50K
49,Local-gov,106554,Bachelors,13,Divorced,Prof-specialty,Unmarried,White,Female,0,0,40,United-States,>50K
42,Private,210338,Masters,14,Divorced,Tech-support,Unmarried,Black,Female,4687,0,35,United-States,>50K
22,Local-gov,38950,Some-college,10,Never-married,Prof-specialty,Own-child,White,Female,594,0,25,United-States,<=50K
24,Private,255474,11th,7,Married-civ-spouse,Sales,Husband,White,Male,0,0,40,United-States,<=50K
53,Self-emp-not-inc,302836,HS-grad,9,Married-civ-spouse,Sales,Husband,White,Male,0,0,35,United-States,<=50K
54,Private,257765,7th-8th,4,Divorced,Machine-op-inspct,Not-in-family,White,Male,0,0,40,Guatemala,<=50K
42,Private,173704,Masters,14,Married-civ-spouse,Prof-specialty,Husband,White,Male,0,0,40,United-States,<=50K
44,Private,258102,HS-grad,9,Married-civ-spouse,Craft-repair,Husband,White,Male,0,0,40,United-States,>50K
32,Local-gov,193260,Assoc-acdm,12,Married-civ-spouse,Protective-serv,Husband,White,Male,0,0,56,England,>50K
43,Private,336167,HS-grad,9,Married-civ-spouse,Handlers-cleaners,Husband,Black,Male,0,0,40,United-States,<=50K
38,Federal-gov,205903,HS-grad,9,Never-married,Adm-clerical,Not-in-family,White,Male,0,0,45,United-States,>50K
21,Private,169628,Assoc-acdm,12,Never-married,Handlers-cleaners,Own-child,White,Male,0,0,15,United-States,<=50K
41,Private,278155,Masters,14,Married-civ-spouse,Exec-managerial,Husband,White,Male,15024,0,70,United-States,>50K
43,Private,136986,Some-college,10,Married-civ-spouse,Exec-managerial,Husband,White,Male,0,0,40,United-States,>50K
49,Private,275093,HS-grad,9,Married-civ-spouse,Exec-managerial,Husband,White,Male,0,0,72,United-States,<=50K
