age,workclass,fnlwgt,education,education-num,marital-status,occupation,relationship,race,sex,capital-gain,capital-loss,hours-per-week,native-country,income
52,Federal-gov,224108,Bachelors,13,Married-civ-spouse,Protective-serv,Husband,White,Male,0,0,60,United-States,>50K
39,Private,192302,HS-grad,9,Married-civ-spouse,Transport-moving,Husband,White,Male,0,0,56,United-States,<=50K
29,Private,272209,HS-grad,9,Married-civ-spouse,Adm-clerical,Husband,White,Male,0,0,30,Mexico,<=50K
51,Without-pay,124963,Assoc-acdm,12,Married-civ-spouse,Sales,Husband,White,Male,0,0,45,United-States,<=50K
63,Self-emp-not-inc,795830,1st-4th,2,Widowed,Other-service,Unmarried,White,Female,0,0,30,El-Salvador,<=50K
47,Private,207140,HS-grad,9,Divorced,Adm-clerical,Not-in-family,White,Female,0,0,38,United-States,<=50K
28,Private,181132,Bachelors,13,Married-civ-spouse,Exec-managerial,Husband,White,Male,0,0,50,England,>50K
30,Private,213002,Some-college,10,Married-civ-spouse,Tech-support,Husband,Black,Male,0,0,14,United-States,<=50K
45,Private,250782,Some-college,10,Married-civ-spouse,Prof-specialty,Husband,White,Male,0,0,50,United-States,>50K
32,Private,234885,Assoc-voc,11,Divorced,Prof-specialty,Not-in-family,White,Male,0,0,40,United-States,<=50K
33,Local-gov,402771,HS-grad,9,Married-civ-spouse,Protective-serv,Husband,White,Male,0,0,56,United-States,<=50K
17,Private,247711,11th,7,Never-married,Other-service,Own-child,White,Male,0,0,12,United-States,<=50K
28,Private,402771,HS-grad,9,Married-spouse-absent,Adm-clerical,Own-child,White,Female,0,0,40,United-States,<=50K
32,Private,72591,HS-grad,9,Married-civ-spouse,Craft-repair,Husband,White,Male,0,0,40,United-States,<=50K
26,Federal-gov,269353,Assoc-voc,11,Never-married,Adm-clerical,Not-in-family,Other,Male,0,0,55,United-States,<=50K
25,Private,131620,Some-college,10,Divorced,Other-service,Not-in-family,White,Male,0,0,30,United-States,<=50K
28,Private,198068,Assoc-voc,11,Married-civ-spouse,Sales,Husband,White,Male,0,0,40,United-States,<=50K
34,Private,204556,Some-college,10,Divorced,Exec-managerial,Own-child,White,Male,0,0,44,United-States,<=50K
39,Private,335481,11th,7,Married-civ-spouse,Machine-op-inspct,Husband,White,Male,0,0,40,United-States,<=50K
58,Self-emp-not-inc,165315,HS-grad,9,Married-civ-spouse,Sales,Husband,White,Male,0,0,35,United-States,>50K
25,State-gov,218184,Bachelors,13,Never-married,Protective-serv,Not-in-family,Black,Female,0,0,40,United-States,<=50K
26,Local-gov,73047,HS-grad,9,Never-married,Handlers-cleaners,Own-child,Amer-Indian-Eskimo,Male,0,0,30,United-States,<=50K
56,Private,182237,HS-grad,9,Married-civ-spouse,Transport-moving,Husband,White,Male,0,0,48,United-States,>50K
37,Private,280567,9th,5,Married-civ-spouse,Transport-moving,Husband,White,Male,0,0,40,United-States,<=50K
17,Private,271122,12th,8,Never-married,Other-service,Own-child,White,Female,0,0,16,United-States,<=50K
28,Private,181096,Bachelors,13,Married-civ-spouse,Exec-managerial,Husband,White,Male,0,0,50,England,>50K
28,State-gov,209808,HS-grad,9,Married-civ-spouse,Protective-serv,Husband,White,Male,0,0,40,United-States,<=50K
56,Private,33386,HS-grad,9,Married-civ-spouse,Machine-op-inspct,Husband,White,Male,0,0,40,United-States,<=50K
47,Private,118786,HS-grad,9,Divorced,Craft-repair,Not-in-family,White,Male,0,0,40,United-States,>50K
25,Local-gov,199118,Bachelors,13,Never-married,Adm-clerical,Other-relative,Black,Female,0,0,40,United-States,<=50K
44,Local-gov,100479,Assoc-acdm,12,Married-civ-spouse,Prof-specialty,Husband,White,Male,0,0,48,United-States,<=50K
56,Self-emp-not-inc,187098,11th,7,Widowed,Other-service,Unmarried,White,Female,0,0,50,United-States,<=50K
38,Private,204447,HS-grad,9,Divorced,Craft-repair,Not-in-family,Black,Male,0,0,40,United-States,<=50K
30,Private,121142,Bachelors,13,Never-married,Sales,Not-in-family,White,Male,0,0,40,United-States,>50K
35,Private,225399,Some-college,10,Never-married,Exec-managerial,Not-in-family,White,Male,0,0,60,United-States,<=50K
30,Private,121142,Bachelors,13,Never-married,Sales,Not-in-family,White,Male,0,0,40,United-States,>50K
22,Private,543028,HS-grad,9,Never-married,Other-service,Own-child,White,Male,0,0,40,United-States,<=50K
27,Private,56658,HS-grad,9,Married-civ-spouse,Handlers-cleaners,Husband,Amer-Indian-Eskimo,Male,0,0,8,United-States,<=50K
28,Private,314659,Some-college,10,Married-civ-spouse,Sales,Husband,Amer-Indian-Eskimo,Male,0,0,60,United-States,<=50K
35,Private,320818,Masters,14,Married-civ-spouse,Exec-managerial,Husband,Asian-Pac-Islander,Male,0,0,65,Hong,>50K
24,Private,233275,HS-grad,9,Married-civ-spouse,Craft-repair,Husband,White,Male,0,0,40,United-States,<=50K
35,Private,350853,Some-college,10,Married-civ-spouse,Sales,Husband,White,Male,0,0,60,United-States,>50K
32,Private,72591,HS-grad,9,Married-civ-spouse,Craft-repair,Husband,White,Male,0,0,40,United-States,<=50K
19,Private,453663,Some-college,10,Never-married,Adm-clerical,Own-child,White,Female,0,0,8,United-States,<=50K
37,Private,453663,Assoc-acdm,12,Divorced,Exec-managerial,Not-in-family,White,Female,0,0,40,United-States,<=50K
36,Private,174938,Bachelors,13,Married-civ-spouse,Prof-specialty,Husband,White,Male,0,1887,50,United-States,>50K
51,Without-pay,124963,Assoc-acdm,12,Married-civ-spouse,Sales,Husband,White,Male,0,0,45,United-States,<=50K
49,Private,149102,HS-grad,9,Married-civ-spouse,Transport-moving,Husband,Black,Male,0,0,40,United-States,<=50K
40,Private,103614,10th,6,Divorced,Craft-repair,Own-child,White,Male,0,0,40,United-States,<=50K
48,Self-emp-inc,303725,Masters,14,Married-civ-spouse,Other-service,Husband,White,Male,0,0,40,United-States,<=50K
27,Self-emp-inc,218124,12th,8,Married-civ-spouse,Adm-clerical,Husband,White,Male,0,0,40,United-States,>50K
79,Private,187492,HS-grad,9,Married-civ-spouse,Prof-specialty,Husband,White,Male,0,0,7,United-States,<=50K
49,State-gov,154493,HS-grad,9,Divorced,Exec-managerial,Unmarried,White,Female,0,0,44,United-States,<=50K
23,Private,171351,HS-grad,9,Never-married,Sales,Unmarried,White,Female,0,0,48,United-States,<=50K
37,Private,226500,Bachelors,13,Married-civ-spouse,Sales,Husband,White,Male,0,0,55,United-States,>50K
38,Federal-gov,236543,HS-grad,9,Married-civ-spouse,Craft-repair,Husband,White,Male,0,0,40,United-States,<=50K
39,Private,191503,5th-6th,3,Married-civ-spouse,Machine-op-inspct,Husband,White,Male,0,0,40,United-States,<=50K
27,Private,344200,Assoc-voc,11,Never-married,Prof-specialty,Not-in-family,White,Female,0,1876,36,Canada,<=50K
51,Without-pay,125010,Assoc-acdm,12,Married-civ-spouse,Sales,Husband,White,Male,0,0,45,United-States,<=50K
33,Private,257200,Some-college,10,Married-civ-spouse,Craft-repair,Wife,White,Female,0,0,60,United-States,<=50K
54,Private,144182,Some-college,10,Married-civ-spouse,Sales,Wife,White,Female,0,0,40,United-States,>50K
35,Private,225399,Some-college,10,Never-married,Exec-managerial,Not-in-family,White,Male,0,0,60,United-States,<=50K
35,Private,138992,Masters,14,Married-civ-spouse,Prof-specialty,Other-relative,White,Male,7298,0,40,United-States,>50K
39,Private,138111,Bachelors,13,Married-civ-spouse,Craft-repair,Husband,White,Male,0,0,40,United-States,>50K
37,Private,22428,HS-grad,9,Never-married,Craft-repair,Unmarried,White,Male,0,0,40,United-States,<=50K
33,Private,252986,HS-grad,9,Married-civ-spouse,Machine-op-inspct,Husband,White,Male,0,0,48,United-States,<=50K
23,Private,175643,11th,7,Never-married,Farming-fishing,Other-relative,White,Female,0,0,40,Puerto-Rico,<=50K
41,Private,112271,HS-grad,9,Married-civ-spouse,Craft-repair,Husband,White,Male,0,0,60,United-States,>50K
47,?,223342,HS-grad,9,Widowed,?,Unmarried,White,Female,0,0,40,United-States,<=50K
49,Private,61885,11th,7,Married-civ-spouse,Craft-repair,Husband,White,Male,0,0,40,United-States,<=50K
22,?,220269,Some-college,10,Never-married,?,Own-child,Black,Male,0,0,40,United-States,<=50K
37,Private,189382,Assoc-acdm,12,Divorced,Adm-clerical,Not-in-family,White,Female,0,1504,40,United-States,<=50K
23,Private,240504,5th-6th,3,Never-married,Handlers-cleaners,Not-in-family,White,Male,0,0,55,Mexico,<=50K
28,Private,410114,HS-grad,9,Married-civ-spouse,Adm-clerical,Husband,Black,Male,0,0,40,United-States,<=50K
43,Private,219718,Bachelors,13,Divorced,Sales,Not-in-family,White,Female,0,0,50,United-States,<=50K
41,Private,78277,Bachelors,13,Divorced,Prof-specialty,Not-in-family,White,Male,0,0,45,United-States,<=50K
37,Private,189888,Assoc-acdm,12,Divorced,Adm-clerical,Not-in-family,White,Female,0,1504,40,United-States,<=50K
37,Private,239708,HS-grad,9,Married-civ-spouse,Machine-op-inspct,Husband,Black,Male,0,0,36,United-States,>50K
34,Private,184046,HS-grad,9,Divorced,Exec-managerial,Own-child,White,Male,0,0,44,United-States,<=50K
63,Private,86108,HS-grad,9,Widowed,Farming-fishing,Not-in-family,White,Male,0,0,6,United-States,<=50K
34,Private,175837,Bachelors,13,Married-civ-spouse,Exec-managerial,Husband,White,Male,3103,0,55,United-States,>50K
23,State-gov,276709,Bachelors,13,Never-married,Adm-clerical,Own-child,White,Male,0,0,40,United-States,<=50K
51,Private,27804,Some-college,10,Divorced,Priv-house-serv,Unmarried,Amer-Indian-Eskimo,Female,0,0,35,United-States,<=50K
39,Private,231714,Bachelors,13,Never-married,Sales,Own-child,White,Male,0,1092,40,Germany,<=50K
68,Self-emp-not-inc,191954,Some-college,10,Widowed,Adm-clerical,Not-in-family,White,Male,0,0,40,United-States,<=50K
31,Private,181553,HS-grad,9,Divorced,Adm-clerical,Unmarried,White,Female,0,0,35,United-States,<=50K
56,Private,142075,Assoc-voc,11,Married-civ-spouse,Craft-repair,Husband,White,Male,0,0,45,United-States,>50K
22,?,99543,Some-college,10,Never-married,?,Own-child,White,Male,0,0,20,United-States,<=50K
79,?,142566,Prof-school,15,Married-civ-spouse,?,Husband,White,Male,0,0,10,United-States,<=50K
77,Self-emp-not-inc,184046,Bachelors,13,Widowed,Prof-specialty,Not-in-family,White,Female,0,0,20,United-States,<=50K
25,Private,210781,Bachelors,13,Never-married,Prof-specialty,Own-child,White,Female,0,0,40,United-States,<=50K
69,Self-emp-inc,182451,Bachelors,13,Separated,Exec-managerial,Not-in-family,White,Male,0,0,40,United-States,<=50K
54,?,95329,Some-college,10,Divorced,?,Own-child,White,Male,0,0,50,United-States,<=50K
34,Private,182378,HS-grad,9,Divorced,Exec-managerial,Own-child,White,Male,0,0,44,United-States,<=50K
34,Private,199763,Assoc-voc,11,Married-civ-spouse,Craft-repair,Husband,White,Male,0,0,48,United-States,>50K
62,Private,41834,11th,7,Separated,Other-service,Not-in-family,Black,Female,0,0,21,United-States,<=50K
18,Local-gov,158924,7th-8th,4,Never-married,Farming-fishing,Own-child,White,Male,0,0,40,United-States,<=50K
30,Private,48718,Some-college,10,Married-civ-spouse,Transport-moving,Husband,White,Male,0,0,80,United-States,>50K
35,Private,107882,HS-grad,9,Divorced,Craft-repair,Not-in-family,White,Male,0,0,40,United-States,<=50K
43,Private,137192,Some-college,10,Married-civ-spouse,Exec-managerial,Husband,White,Male,0,0,40,United-States,>50K
47,Self-emp-inc,101926,Bachelors,13,Divorced,Exec-managerial,Not-in-family,White,Male,0,0,70,United-States,>50K
24,Private,147236,Bachelors,13,Never-married,Exec-managerial,Unmarried,White,Male,0,0,40,United-States,>50K
26,Private,34037,Bachelors,13,Never-married,Adm-clerical,Not-in-family,White,Female,0,0,40,United-States,<=50K
33,Private,110978,Some-college,10,Divorced,Craft-repair,Other-relative,Other,Female,0,0,40,United-States,<=50K
51,Local-gov,252029,Doctorate,16,Divorced,Prof-specialty,Not-in-family,White,Female,0,0,45,United-States,>50K
34,Self-emp-not-inc,29254,Some-college,10,Married-civ-spouse,Craft-repair,Husband,White,Male,0,0,55,United-States,>50K
19,Self-emp-not-inc,100999,11th,7,Never-married,Adm-clerical,Own-child,White,Female,0,0,30,United-States,<=50K
41,Private,111483,HS-grad,9,Married-civ-spouse,Machine-op-inspct,Husband,White,Male,0,0,45,United-States,<=50K
32,Private,107843,HS-grad,9,Married-civ-spouse,Machine-op-inspct,Husband,White,Male,5178,0,50,United-States,>50K
27,Private,344200,Assoc-voc,11,Never-married,Prof-specialty,Not-in-family,White,Female,0,1876,36,Canada,<=50K
22,Federal-gov,47151,Bachelors,13,Never-married,Tech-support,Own-child,White,Male,0,0,8,United-States,<=50K
54,Federal-gov,332689,12th,8,Married-civ-spouse,Adm-clerical,Husband,White,Male,0,0,40,United-States,<=50K
19,?,199495,Some-college,10,Never-married,?,Own-child,White,Male,0,0,60,United-States,<=50K
37,Private,33798,Some-college,10,Married-civ-spouse,Transport-moving,Husband,White,Male,0,0,50,United-States,<=50K
21,Private,73392,Some-college,10,Never-married,Exec-managerial,Own-child,White,Female,0,0,40,United-States,<=50K
37,Private,189565,Assoc-acdm,12,Divorced,Adm-clerical,Not-in-family,White,Female,0,1504,40,United-States,<=50K
20,Private,243436,Some-college,10,Never-married,Craft-repair,Own-child,White,Male,0,0,40,United-States,<=50K
41,Private,344200,HS-grad,9,Divorced,Machine-op-inspct,Not-in-family,White,Male,0,0,40,United-States,<=50K
20,Private,167333,Some-college,10,Never-married,Priv-house-serv,Own-child,White,Female,0,0,40,United-States,<=50K
27,Private,142075,Some-college,10,Never-married,Other-service,Own-child,White,Male,0,0,24,United-States,<=50K
52,Self-emp-not-inc,44728,Some-college,10,Married-civ-spouse,Sales,Husband,White,Male,0,0,55,United-States,>50K
55,Private,84774,HS-grad,9,Married-civ-spouse,Priv-house-serv,Wife,White,Female,0,0,30,United-States,<=50K
25,Private,359985,5th-6th,3,Never-married,Adm-clerical,Not-in-family,White,Female,0,0,33,Mexico,<=50K
18,Self-emp-not-inc,132704,HS-grad,9,Never-married,Farming-fishing,Own-child,White,Male,0,0,40,United-States,<=50K
54,Private,144182,Some-college,10,Married-civ-spouse,Sales,Wife,White,Female,0,0,40,United-States,>50K
54,Private,352080,Some-college,10,Divorced,Adm-clerical,Not-in-family,White,Female,0,0,35,United-States,<=50K
43,Self-emp-inc,240810,Some-college,10,Married-civ-spouse,Exec-managerial,Husband,White,Male,0,0,70,United-States,>50K
51,Private,163052,HS-grad,9,Married-civ-spouse,Protective-serv,Husband,White,Male,0,0,40,United-States,>50K
34,Private,320984,HS-grad,9,Never-married,Other-service,Not-in-family,White,Female,0,0,28,United-States,<=50K
27,Private,169496,Bachelors,13,Married-civ-spouse,Exec-managerial,Husband,White,Male,0,0,40,United-States,<=50K
22,Private,150499,Some-college,10,Never-married,Adm-clerical,Own-child,White,Female,0,0,20,United-States,<=50K
25,State-gov,219718,Bachelors,13,Never-married,Protective-serv,Not-in-family,Black,Female,0,0,40,United-States,<=50K
19,Private,119529,Some-college,10,Never-married,Other-service,Own-child,White,Female,0,0,15,United-States,<=50K
46,Private,403911,HS-grad,9,Married-civ-spouse,Craft-repair,Husband,Black,Male,0,1902,40,United-States,>50K
49,Private,341178,Masters,14,Married-civ-spouse,Sales,Husband,White,Male,0,0,40,United-States,>50K
21,Private,191807,11th,7,Never-married,Farming-fishing,Unmarried,White,Male,0,0,40,United-States,<=50K
49,Private,233275,7th-8th,4,Never-married,Prof-specialty,Other-relative,Black,Male,0,0,45,United-States,<=50K
27,Private,81853,Bachelors,13,Never-married,Exec-managerial,Other-relative,White,Male,0,0,45,Guatemala,<=50K
36,Local-gov,245918,HS-grad,9,Separated,Adm-clerical,Unmarried,Black,Female,0,0,40,United-States,<=50K
27,Private,341178,Assoc-voc,11,Never-married,Prof-specialty,Not-in-family,White,Female,0,1876,36,Canada,<=50K
55,Self-emp-not-inc,52888,Prof-school,15,Married-civ-spouse,Prof-specialty,Wife,White,Female,0,0,10,United-States,<=50K
30,Private,35626,11th,7,Married-civ-spouse,Handlers-cleaners,Husband,White,Male,0,0,50,United-States,<=50K
45,State-gov,129499,Some-college,10,Never-married,Adm-clerical,Not-in-family,White,Female,0,0,40,United-States,<=50K
56,Private,142717,Assoc-voc,11,Married-civ-spouse,Craft-repair,Husband,White,Male,0,0,45,United-States,>50K
47,?,22428,HS-grad,9,Widowed,?,Unmarried,White,Female,0,0,40,United-States,<=50K
44,Private,230467,HS-grad,9,Married-civ-spouse,Craft-repair,Husband,Black,Male,0,0,40,?,<=50K
46,Local-gov,180060,Bachelors,13,Married-civ-spouse,Prof-specialty,Wife,White,Female,0,0,40,United-States,>50K
31,Private,149366,12th,8,Married-civ-spouse,Craft-repair,Husband,White,Male,0,0,43,United-States,<=50K
23,Private,135567,Bachelors,13,Never-married,Sales,Own-child,Asian-Pac-Islander,Male,0,0,40,United-States,<=50K
45,Self-emp-inc,84324,Assoc-acdm,12,Married-civ-spouse,Prof-specialty,Husband,White,Male,0,0,50,United-States,>50K
22,?,290763,Some-college,10,Never-married,?,Not-in-family,Black,Female,0,0,25,United-States,<=50K
42,Private,67243,1st-4th,2,Married-civ-spouse,Adm-clerical,Husband,White,Male,0,0,55,Portugal,>50K
40,Private,110622,Prof-school,15,Married-civ-spouse,Adm-clerical,Other-relative,Asian-Pac-Islander,Female,0,0,40,Philippines,<=50K
24,Private,85041,HS-grad,9,Separated,Other-service,Unmarried,White,Female,0,0,25,United-States,<=50K
30,Private,151801,Some-college,10,Married-civ-spouse,Craft-repair,Husband,White,Male,0,0,58,United-States,<=50K
35,Private,108946,HS-grad,9,Divorced,Tech-support,Unmarried,White,Female,0,0,40,United-States,<=50K
47,Private,165315,Some-college,10,Married-civ-spouse,Craft-repair,Husband,White,Male,0,0,43,United-States,>50K
26,Private,282461,Some-college,10,Never-married,Sales,Not-in-family,White,Male,0,0,45,United-States,<=50K
55,Private,84774,HS-grad,9,Married-civ-spouse,Priv-house-serv,Wife,White,Female,0,0,30,United-States,<=50K
40,Private,190885,Some-college,10,Divorced,Exec-managerial,Other-relative,Black,Female,0,0,55,United-States,<=50K
60,Self-emp-inc,105339,Bachelors,13,Married-civ-spouse,Exec-managerial,Husband,White,Male,7298,0,60,United-States,>50K
42,Private,186067,Masters,14,Married-civ-spouse,Exec-managerial,Husband,White,Male,0,2415,55,United-States,>50K
79,?,142566,Prof-school,15,Married-civ-spouse,?,Husband,White,Male,0,0,10,United-States,<=50K
42,Private,161964,Doctorate,16,Never-married,Prof-specialty,Not-in-family,White,Male,0,0,36,United-States,>50K
71,State-gov,210498,HS-grad,9,Married-civ-spouse,Protective-serv,Husband,White,Male,0,0,28,United-States,<=50K
42,Self-emp-not-inc,37088,HS-grad,9,Married-civ-spouse,Farming-fishing,Husband,White,Male,0,0,50,United-States,<=50K
49,Private,34377,12th,8,Married-civ-spouse,Craft-repair,Husband,White,Male,0,0,40,United-States,>50K
37,Private,224566,HS-grad,9,Never-married,Craft-repair,Unmarried,White,Male,0,0,40,United-States,<=50K
17,Private,380560,11th,7,Never-married,Handlers-cleaners,Own-child,White,Male,0,0,30,United-States,<=50K
20,Private,226891,HS-grad,9,Married-civ-spouse,Adm-clerical,Husband,White,Male,0,0,60,United-States,<=50K
21,Private,156807,HS-grad,9,Never-married,Other-service,Own-child,Black,Male,0,0,10,United-States,<=50K
26,Private,191983,Some-college,10,Married-civ-spouse,Exec-managerial,Wife,White,Female,0,0,25,United-States,<=50K
29,State-gov,214627,Bachelors,13,Married-civ-spouse,Prof-specialty,Husband,White,Male,0,0,40,Honduras,>50K
37,Self-emp-not-inc,42044,Some-college,10,Married-civ-spouse,Farming-fishing,Husband,White,Male,0,0,84,United-States,<=50K
30,Private,175710,HS-grad,9,Married-civ-spouse,Craft-repair,Husband,White,Male,0,0,42,United-States,>50K
34,Private,405713,Some-college,10,Divorced,Machine-op-inspct,Not-in-family,White,Female,0,0,40,United-States,<=50K
42,Private,322789,Assoc-acdm,12,Married-civ-spouse,Adm-clerical,Husband,White,Male,7688,0,42,United-States,>50K
50,Private,109277,9th,5,Married-civ-spouse,Machine-op-inspct,Husband,White,Male,0,0,48,United-States,<=50K
26,Private,242375,HS-grad,9,Married-civ-spouse,Machine-op-inspct,Husband,White,Male,0,0,40,Mexico,<=50K
44,Self-emp-inc,219745,HS-grad,9,Married-civ-spouse,Other-service,Husband,Black,Male,0,0,48,United-States,<=50K
31,Private,199539,HS-grad,9,Divorced,Adm-clerical,Not-in-family,White,Female,0,0,40,Germany,<=50K
44,Self-emp-inc,220269,HS-grad,9,Married-civ-spouse,Other-service,Husband,Black,Male,0,0,48,United-States,<=50K
31,Private,263970,HS-grad,9,Never-married,Adm-clerical,Not-in-family,White,Female,0,0,40,Germany,<=50K
40,Private,353994,Some-college,10,Married-civ-spouse,Craft-repair,Husband,Black,Male,0,0,40,United-States,>50K
36,Private,175614,HS-grad,9,Married-civ-spouse,Craft-repair,Husband,White,Male,0,0,35,United-States,<=50K
55,Private,110748,Bachelors,13,Married-civ-spouse,Exec-managerial,Husband,White,Male,0,1887,40,United-States,>50K
24,Local-gov,204209,Bachelors,13,Married-civ-spouse,Protective-serv,Husband,White,Male,0,0,45,United-States,<=50K
49,Private,234320,7th-8th,4,Never-married,Prof-specialty,Other-relative,Black,Male,0,0,45,United-States,<=50K
58,Self-emp-not-inc,165484,HS-grad,9,Married-civ-spouse,Sales,Husband,White,Male,0,0,35,United-States,>50K
29,Private,127892,Bachelors,13,Married-civ-spouse,Sales,Husband,White,Male,0,0,45,United-States,<=50K
47,?,22428,HS-grad,9,Widowed,?,Unmarried,White,Female,0,0,40,United-States,<=50K
47,Self-emp-inc,101926,Bachelors,13,Divorced,Exec-managerial,Not-in-family,White,Male,0,0,70,United-States,>50K
59,Private,69884,Prof-school,15,Married-spouse-absent,Prof-specialty,Unmarried,White,Male,0,0,50,United-States,<=50K
40,Self-emp-inc,141570,Bachelors,13,Married-civ-spouse,Exec-managerial,Wife,White,Female,0,0,55,United-States,>50K
62,Local-gov,136787,HS-grad,9,Divorced,Transport-moving,Other-relative,White,Male,0,0,40,United-States,<=50K
56,Private,75785,HS-grad,9,Married-civ-spouse,Exec-managerial,Husband,White,Male,0,0,40,United-States,>50K
37,Self-emp-not-inc,157184,Prof-school,15,Never-married,Prof-specialty,Own-child,White,Male,0,1564,55,United-States,>50K
54,?,95329,Some-college,10,Divorced,?,Own-child,White,Male,0,0,50,United-States,<=50K
31,Private,83413,HS-grad,9,Never-married,Sales,Own-child,White,Male,0,0,40,United-States,<=50K
26,Private,160029,Masters,14,Never-married,Prof-specialty,Not-in-family,Asian-Pac-Islander,Male,0,0,20,India,<=50K
48,Private,200192,HS-grad,9,Married-civ-spouse,Prof-specialty,Wife,White,Female,0,0,8,United-States,<=50K
39,Private,295896,HS-grad,9,Divorced,Exec-managerial,Unmarried,White,Female,0,0,40,United-States,<=50K
44,Local-gov,276709,Some-college,10,Married-civ-spouse,Protective-serv,Husband,White,Male,0,0,40,United-States,>50K
50,Private,193746,HS-grad,9,Married-civ-spouse,Exec-managerial,Husband,White,Male,0,0,60,United-States,<=50K
44,Private,283613,Some-college,10,Married-civ-spouse,Transport-moving,Husband,Black,Male,0,0,40,United-States,<=50K
65,?,327154,HS-grad,9,Widowed,?,Unmarried,White,Female,0,0,40,United-States,<=50K
27,Private,198953,Some-college,10,Never-married,Adm-clerical,Own-child,White,Female,0,0,40,Mexico,<=50K
19,Private,453663,Some-college,10,Never-married,Adm-clerical,Own-child,White,Female,0,0,8,United-States,<=50K
41,Private,170617,Bachelors,13,Married-civ-spouse,Exec-managerial,Husband,White,Male,0,0,50,United-States,>50K
34,Self-emp-not-inc,292120,Some-college,10,Married-civ-spouse,Craft-repair,Husband,White,Male,0,0,55,United-States,>50K
38,Federal-gov,307404,Some-college,10,Divorced,Adm-clerical,Unmarried,White,Female,0,0,40,United-States,<=50K
58,Private,473836,7th-8th,4,Widowed,Farming-fishing,Other-relative,White,Female,0,0,45,Guatemala,<=50K
42,Private,66118,Some-college,10,Divorced,Machine-op-inspct,Not-in-family,White,Female,0,0,40,United-States,<=50K
32,Private,52888,Some-college,10,Never-married,Tech-support,Not-in-family,Black,Male,0,0,38,United-States,<=50K
28,Self-emp-not-inc,180928,HS-grad,9,Never-married,Exec-managerial,Own-child,White,Male,0,0,40,United-States,<=50K
25,Local-gov,199495,Bachelors,13,Never-married,Adm-clerical,Other-relative,Black,Female,0,0,40,United-States,<=50K
30,Private,171429,Bachelors,13,Married-spouse-absent,Sales,Not-in-family,White,Female,0,0,50,United-States,<=50K
29,Private,163333,Bachelors,13,Married-civ-spouse,Adm-clerical,Wife,Asian-Pac-Islander,Female,0,0,45,United-States,>50K
41,Private,149102,Bachelors,13,Married-civ-spouse,Exec-managerial,Husband,White,Male,0,0,60,United-States,>50K
45,Private,97176,11th,7,Divorced,Adm-clerical,Unmarried,White,Female,0,0,16,United-States,<=50K
49,Private,234320,7th-8th,4,Never-married,Prof-specialty,Other-relative,Black,Male,0,0,45,United-States,<=50K
56,Private,182062,HS-grad,9,Married-civ-spouse,Transport-moving,Husband,White,Male,0,0,48,United-States,>50K
48,Self-emp-inc,305474,Masters,14,Married-civ-spouse,Other-service,Husband,White,Male,0,0,40,United-States,<=50K
26,Private,191954,Some-college,10,Married-civ-spouse,Exec-managerial,Wife,White,Female,0,0,25,United-States,<=50K
47,Private,104068,HS-grad,9,Divorced,Prof-specialty,Unmarried,Amer-Indian-Eskimo,Female,0,0,40,United-States,<=50K
25,Private,193047,Bachelors,13,Married-civ-spouse,Tech-support,Husband,White,Male,0,0,35,United-States,<=50K
53,Private,287927,HS-grad,9,Divorced,Sales,Not-in-family,White,Female,0,0,60,England,<=50K
45,Private,107231,Assoc-acdm,12,Married-civ-spouse,Craft-repair,Husband,White,Male,0,0,45,United-States,<=50K
55,Self-emp-inc,79682,HS-grad,9,Married-civ-spouse,Transport-moving,Husband,White,Male,0,0,60,United-States,<=50K
40,Private,39222,Assoc-voc,11,Never-married,Prof-specialty,Not-in-family,White,Female,0,0,50,United-States,<=50K
58,?,210031,HS-grad,9,Divorced,?,Unmarried,White,Male,0,0,40,United-States,<=50K
58,Private,265086,Bachelors,13,Married-civ-spouse,Exec-managerial,Husband,White,Male,0,0,50,United-States,>50K
34,Local-gov,142717,Preschool,1,Never-married,Adm-clerical,Own-child,Black,Female,0,0,25,United-States,<=50K
56,Self-emp-not-inc,172907,Bachelors,13,Married-civ-spouse,Prof-specialty,Husband,White,Male,7688,0,40,United-States,>50K
37,Private,33619,Some-college,10,Married-civ-spouse,Transport-moving,Husband,White,Male,0,0,50,United-States,<=50K
50,Self-emp-inc,154669,Masters,14,Married-civ-spouse,Prof-specialty,Husband,White,Male,7298,0,50,United-States,>50K
28,State-gov,175431,HS-grad,9,Married-civ-spouse,Protective-serv,Husband,White,Male,0,0,40,United-States,<=50K
26,Private,142717,Bachelors,13,Never-married,Prof-specialty,Not-in-family,White,Male,0,0,45,?,<=50K
47,Self-emp-inc,101926,Bachelors,13,Divorced,Exec-managerial,Not-in-family,White,Male,0,0,70,United-States,>50K
52,Private,243878,10th,6,Married-civ-spouse,Other-service,Wife,White,Female,0,0,35,United-States,<=50K
18,Self-emp-not-inc,40293,HS-grad,9,Never-married,Farming-fishing,Other-relative,White,Male,0,0,40,United-States,<=50K
39,Private,181553,Bachelors,13,Divorced,Exec-managerial,Not-in-family,White,Male,0,0,55,United-States,<=50K
31,Private,310197,Bachelors,13,Separated,Sales,Own-child,Black,Female,0,0,40,United-States,<=50K
31,Self-emp-not-inc,40666,10th,6,Married-civ-spouse,Farming-fishing,Husband,White,Male,0,0,55,Portugal,>50K
32,Private,354075,Bachelors,13,Married-civ-spouse,Exec-managerial,Other-relative,Asian-Pac-Islander,Female,0,0,40,China,>50K
51,Self-emp-not-inc,85902,10th,6,Widowed,Transport-moving,Other-relative,White,Female,0,0,40,United-States,<=50K
24,State-gov,322789,Bachelors,13,Never-married,Exec-managerial,Not-in-family,White,Female,0,0,40,United-States,<=50K
42,Private,186067,Masters,14,Married-civ-spouse,Exec-managerial,Husband,White,Male,0,2415,55,United-States,>50K
27,Private,382272,HS-grad,9,Never-married,Farming-fishing,Other-relative,White,Male,0,0,40,Mexico,<=50K
21,Private,73679,Some-college,10,Never-married,Exec-managerial,Own-child,White,Female,0,0,40,United-States,<=50K
51,Self-emp-not-inc,85625,10th,6,Widowed,Transport-moving,Other-relative,White,Female,0,0,40,United-States,<=50K
47,Local-gov,128401,Doctorate,16,Never-married,Prof-specialty,Unmarried,White,Female,0,0,40,United-States,<=50K
32,State-gov,181096,Bachelors,13,Separated,Prof-specialty,Not-in-family,White,Female,0,0,40,United-States,<=50K
39,Private,129476,Bachelors,13,Married-civ-spouse,Sales,Husband,White,Male,3411,0,40,United-States,<=50K
44,Private,202053,Bachelors,13,Married-civ-spouse,Exec-managerial,Husband,White,Male,15024,0,45,United-States,>50K
35,Private,246891,HS-grad,9,Separated,Prof-specialty,Other-relative,Black,Female,0,0,40,United-States,<=50K
40,Private,181608,Some-college,10,Married-civ-spouse,Other-service,Wife,White,Female,0,0,40,Scotland,<=50K
41,Private,112283,HS-grad,9,Married-civ-spouse,Craft-repair,Husband,White,Male,0,0,60,United-States,>50K
23,Private,176900,Some-college,10,Never-married,Other-service,Other-relative,White,Female,0,0,25,United-States,<=50K
53,Private,553473,Some-college,10,Married-civ-spouse,Craft-repair,Husband,White,Male,0,0,40,Guatemala,<=50K
42,Private,212900,Some-college,10,Married-civ-spouse,Sales,Husband,White,Male,0,0,60,United-States,>50K
48,Private,200192,HS-grad,9,Married-civ-spouse,Prof-specialty,Wife,White,Female,0,0,8,United-States,<=50K
18,Self-emp-not-inc,402848,HS-grad,9,Never-married,Farming-fishing,Other-relative,White,Male,0,0,40,United-States,<=50K
34,Private,421837,Some-college,10,Married-civ-spouse,Exec-managerial,Husband,White,Male,0,0,45,United-States,<=50K
38,Private,163052,HS-grad,9,Married-civ-spouse,Transport-moving,Husband,White,Male,0,1740,40,United-States,<=50K
56,Private,181557,HS-grad,9,Married-civ-spouse,Transport-moving,Husband,White,Male,0,0,48,United-States,>50K
51,Self-emp-inc,231714,Assoc-voc,11,Never-married,Adm-clerical,Own-child,White,Female,0,0,40,United-States,<=50K
39,Private,138111,Bachelors,13,Married-civ-spouse,Craft-repair,Husband,White,Male,0,0,40,United-States,>50K
67,Private,221336,HS-grad,9,Divorced,Adm-clerical,Not-in-family,White,Female,0,0,15,United-States,<=50K
63,Private,280167,9th,5,Married-civ-spouse,Handlers-cleaners,Husband,White,Male,0,0,32,United-States,<=50K
22,Private,203233,Assoc-voc,11,Married-civ-spouse,Other-service,Husband,White,Male,0,0,44,United-States,<=50K
56,Private,198068,HS-grad,9,Divorced,Adm-clerical,Not-in-family,White,Female,0,0,40,United-States,<=50K
53,Federal-gov,117802,Assoc-acdm,12,Married-civ-spouse,Adm-clerical,Husband,White,Male,0,0,40,United-States,<=50K
32,Self-emp-not-inc,182451,Masters,14,Never-married,Prof-specialty,Not-in-family,White,Male,0,0,40,United-States,<=50K
60,Self-emp-inc,105862,Bachelors,13,Married-civ-spouse,Exec-managerial,Husband,White,Male,7298,0,60,United-States,>50K
71,Private,124963,HS-grad,9,Widowed,Adm-clerical,Not-in-family,White,Female,0,0,40,United-States,<=50K
28,Private,102142,Some-college,10,Never-married,Tech-support,Not-in-family,White,Male,0,0,40,United-States,<=50K
24,Private,38948,Bachelors,13,Never-married,Exec-managerial,Not-in-family,Black,Male,0,0,40,United-States,<=50K
28,Local-gov,304960,Assoc-acdm,12,Never-married,Adm-clerical,Not-in-family,White,Female,0,1980,40,United-States,<=50K
23,Self-emp-not-inc,149704,10th,6,Never-married,Sales,Own-child,White,Female,0,0,40,United-States,<=50K
41,Private,167375,Bachelors,13,Never-married,Adm-clerical,Not-in-family,White,Male,0,0,52,United-States,<=50K
40,Private,421837,Some-college,10,Married-civ-spouse,Prof-specialty,Husband,White,Male,0,0,40,United-States,<=50K
52,Private,256335,Bachelors,13,Married-civ-spouse,Exec-managerial,Husband,White,Male,0,0,50,United-States,<=50K
54,Private,85423,HS-grad,9,Married-civ-spouse,Transport-moving,Husband,White,Male,0,0,40,United-States,>50K
52,Private,138111,HS-grad,9,Divorced,Craft-repair,Unmarried,White,Female,0,0,40,United-States,<=50K
31,Private,137192,Bachelors,13,Married-civ-spouse,Exec-managerial,Husband,White,Male,0,0,55,United-States,>50K
29,State-gov,380560,Bachelors,13,Never-married,Craft-repair,Not-in-family,White,Male,0,0,40,United-States,<=50K
43,State-gov,204991,Bachelors,13,Married-civ-spouse,Adm-clerical,Husband,White,Male,0,0,50,United-States,>50K
33,Private,217235,HS-grad,9,Married-civ-spouse,Sales,Husband,White,Male,0,0,20,United-States,<=50K
26,Federal-gov,27012,Assoc-voc,11,Never-married,Adm-clerical,Not-in-family,Other,Male,0,0,55,United-States,<=50K
22,Private,49325,Some-college,10,Married-civ-spouse,Machine-op-inspct,Husband,White,Male,0,0,40,Mexico,<=50K
69,Self-emp-inc,182926,Bachelors,13,Separated,Exec-managerial,Not-in-family,White,Male,0,0,40,United-States,<=50K
58,Private,220426,Bachelors,13,Divorced,Transport-moving,Not-in-family,White,Male,0,0,45,United-States,<=50K
54,Private,216385,Masters,14,Married-civ-spouse,Exec-managerial,Husband,White,Male,0,1887,44,United-States,>50K
35,State-gov,287372,Bachelors,13,Never-married,Adm-clerical,Not-in-family,White,Female,4101,0,40,United-States,<=50K
50,Private,205803,Masters,14,Married-civ-spouse,Sales,Husband,White,Male,15024,0,40,United-States,>50K
25,Private,135567,Bachelors,13,Never-married,Adm-clerical,Own-child,Black,Female,0,0,40,United-States,<=50K
43,Private,216626,Bachelors,13,Divorced,Adm-clerical,Unmarried,White,Female,0,0,40,Germany,<=50K
28,Private,110164,Some-college,10,Divorced,Other-service,Other-relative,Black,Male,0,0,24,United-States,<=50K
41,Self-emp-not-inc,171228,HS-grad,9,Married-civ-spouse,Craft-repair,Husband,White,Male,0,0,50,United-States,>50K
22,Private,271379,11th,7,Never-married,Sales,Not-in-family,White,Female,0,0,40,United-States,<=50K
17,Private,354075,HS-grad,9,Never-married,Other-service,Own-child,White,Male,0,0,40,United-States,<=50K
51,Private,190621,1st-4th,2,Widowed,Craft-repair,Not-in-family,White,Male,0,0,40,Mexico,<=50K
52,Private,123780,HS-grad,9,Married-civ-spouse,Adm-clerical,Wife,White,Female,0,0,38,United-States,<=50K
46,Private,351772,9th,5,Divorced,Other-service,Unmarried,White,Female,0,0,40,United-States,<=50K
50,Private,113185,HS-grad,9,Divorced,Adm-clerical,Not-in-family,White,Female,0,0,40,United-States,<=50K
66,?,182268,7th-8th,4,Married-civ-spouse,?,Husband,White,Male,0,0,30,United-States,<=50K
45,Self-emp-not-inc,333119,Bachelors,13,Married-civ-spouse,Sales,Husband,White,Male,0,0,40,United-States,>50K
35,State-gov,28738,Bachelors,13,Never-married,Adm-clerical,Not-in-family,White,Female,4101,0,40,United-States,<=50K
54,Private,144586,Some-college,10,Married-civ-spouse,Sales,Wife,White,Female,0,0,40,United-States,>50K
42,Private,65408,Some-college,10,Divorced,Machine-op-inspct,Not-in-family,White,Female,0,0,40,United-States,<=50K
58,Self-emp-not-inc,33386,Assoc-acdm,12,Married-civ-spouse,Craft-repair,Wife,White,Female,0,0,20,United-States,<=50K
29,Private,163167,HS-grad,9,Divorced,Sales,Own-child,White,Male,0,0,40,United-States,<=50K
84,Self-emp-inc,173584,Some-college,10,Married-civ-spouse,Sales,Husband,White,Male,0,0,35,United-States,>50K
33,Private,168539,Bachelors,13,Married-civ-spouse,Exec-managerial,Husband,White,Male,0,0,50,United-States,>50K
41,Private,265086,HS-grad,9,Divorced,Adm-clerical,Unmarried,White,Female,0,0,45,United-States,<=50K
46,Private,553473,Masters,14,Married-civ-spouse,Exec-managerial,Husband,White,Male,0,0,45,United-States,>50K
55,State-gov,175127,Bachelors,13,Married-civ-spouse,Adm-clerical,Husband,White,Male,7688,0,38,United-States,>50K
53,Private,249727,Bachelors,13,Married-civ-spouse,Exec-managerial,Husband,Black,Male,0,0,50,United-States,>50K
47,Private,107843,HS-grad,9,Divorced,Adm-clerical,Unmarried,White,Female,0,0,48,United-States,<=50K
46,Private,45834,Doctorate,16,Married-civ-spouse,Prof-specialty,Husband,White,Male,0,2415,55,United-States,>50K
37,Private,290763,HS-grad,9,Divorced,Machine-op-inspct,Not-in-family,White,Male,0,0,40,United-States,<=50K
34,Private,110622,Masters,14,Divorced,Exec-managerial,Other-relative,Asian-Pac-Islander,Female,0,0,40,Taiwan,<=50K
37,Local-gov,223811,Assoc-voc,11,Never-married,Other-service,Unmarried,Black,Female,0,0,32,United-States,<=50K
26,Private,282461,Some-college,10,Never-married,Sales,Not-in-family,White,Male,0,0,45,United-States,<=50K
63,Self-emp-inc,221532,HS-grad,9,Married-civ-spouse,Exec-managerial,Husband,White,Male,0,0,40,United-States,>50K
23,Private,216867,HS-grad,9,Never-married,Transport-moving,Own-child,White,Male,0,0,40,United-States,<=50K
32,Private,236648,12th,8,Married-civ-spouse,Craft-repair,Other-relative,White,Male,0,0,40,Mexico,<=50K
32,Private,354075,Bachelors,13,Married-civ-spouse,Exec-managerial,Other-relative,Asian-Pac-Islander,Female,0,0,40,China,>50K
55,Private,92215,HS-grad,9,Divorced,Adm-clerical,Not-in-family,White,Female,0,0,40,United-States,<=50K
31,Private,196797,Prof-school,15,Divorced,Prof-specialty,Not-in-family,White,Female,0,0,45,United-States,>50K
36,Self-emp-not-inc,105021,Some-college,10,Married-civ-spouse,Exec-managerial,Husband,White,Male,0,0,55,United-States,>50K
31,Private,187560,Some-college,10,Married-civ-spouse,Adm-clerical,Husband,White,Male,0,0,40,United-States,<=50K
40,Private,122215,Assoc-acdm,12,Married-civ-spouse,Sales,Husband,White,Male,0,0,40,United-States,>50K
36,Private,131414,Some-college,10,Never-married,Sales,Not-in-family,Black,Female,0,0,36,United-States,<=50K
21,Private,221955,HS-grad,9,Never-married,Machine-op-inspct,Unmarried,White,Male,0,0,40,Mexico,<=50K
36,Self-emp-not-inc,206139,Bachelors,13,Never-married,Craft-repair,Own-child,White,Male,0,0,40,United-States,<=50K
42,Private,115178,Bachelors,13,Divorced,Prof-specialty,Unmarried,White,Female,0,0,15,United-States,<=50K
20,Private,177271,Some-college,10,Never-married,Other-service,Own-child,White,Male,0,0,30,United-States,<=50K
28,Private,314659,Some-college,10,Never-married,Machine-op-inspct,Not-in-family,White,Male,0,0,42,United-States,<=50K
32,Federal-gov,83413,Bachelors,13,Married-civ-spouse,Adm-clerical,Husband,White,Male,0,0,35,United-States,>50K
38,Local-gov,146497,HS-grad,9,Never-married,Transport-moving,Not-in-family,White,Male,0,0,40,United-States,<=50K
44,Private,229732,HS-grad,9,Married-civ-spouse,Craft-repair,Husband,Black,Male,0,0,40,?,<=50K
41,Private,339163,HS-grad,9,Divorced,Machine-op-inspct,Not-in-family,White,Male,0,0,40,United-States,<=50K
43,Private,137126,Some-college,10,Married-civ-spouse,Exec-managerial,Husband,White,Male,0,0,40,United-States,>50K
79,?,142717,Prof-school,15,Married-civ-spouse,?,Husband,White,Male,0,0,10,United-States,<=50K
46,Private,174714,Assoc-voc,11,Divorced,Protective-serv,Not-in-family,Black,Male,0,0,40,United-States,<=50K
57,Private,161155,12th,8,Married-civ-spouse,Craft-repair,Husband,White,Male,0,0,40,United-States,<=50K
24,Private,273269,HS-grad,9,Married-civ-spouse,Machine-op-inspct,Husband,White,Male,0,0,50,United-States,<=50K
45,Private,97176,11th,7,Divorced,Adm-clerical,Unmarried,White,Female,0,0,16,United-States,<=50K
42,Private,222289,Bachelors,13,Divorced,Prof-specialty,Unmarried,White,Male,7430,0,40,United-States,>50K
39,Private,67433,Assoc-voc,11,Never-married,Prof-specialty,Not-in-family,White,Female,4650,0,32,United-States,<=50K
19,?,200790,12th,8,Married-civ-spouse,?,Other-relative,White,Female,15024,0,40,United-States,>50K
45,Private,242150,HS-grad,9,Never-married,Transport-moving,Not-in-family,White,Male,0,0,40,United-States,<=50K
51,Private,191177,1st-4th,2,Widowed,Craft-repair,Not-in-family,White,Male,0,0,40,Laos,<=50K
43,Private,136787,Some-college,10,Married-civ-spouse,Exec-managerial,Husband,White,Male,0,0,40,United-States,>50K
52,Self-emp-inc,74712,HS-grad,9,Married-civ-spouse,Sales,Husband,Asian-Pac-Islander,Male,0,0,40,United-States,>50K
31,Private,199539,HS-grad,9,Divorced,Adm-clerical,Not-in-family,White,Female,0,0,40,Germany,<=50K
46,Self-emp-not-inc,165937,Doctorate,16,Never-married,Prof-specialty,Not-in-family,White,Female,0,0,45,United-States,<=50K
66,Private,169804,Bachelors,13,Married-civ-spouse,Sales,Husband,White,Male,20051,0,40,United-States,>50K
39,Private,138111,Bachelors,13,Married-civ-spouse,Craft-repair,Husband,White,Male,0,0,40,United-States,>50K
20,Private,335481,HS-grad,9,Never-married,Transport-moving,Own-child,White,Male,0,0,40,United-States,<=50K
66,Private,170066,Bachelors,13,Married-civ-spouse,Sales,Husband,White,Male,20051,0,40,United-States,>50K
33,Private,290441,Bachelors,13,Separated,Prof-specialty,Not-in-family,White,Female,0,0,40,United-States,<=50K
43,State-gov,206520,Bachelors,13,Married-civ-spouse,Adm-clerical,Husband,White,Male,0,0,50,United-States,>50K
38,Private,271122,HS-grad,9,Married-civ-spouse,Farming-fishing,Husband,White,Male,0,0,43,United-States,<=50K
54,Private,215423,Masters,14,Married-civ-spouse,Exec-managerial,Husband,White,Male,0,1887,44,United-States,>50K
84,Self-emp-inc,173411,Some-college,10,Married-civ-spouse,Sales,Husband,White,Male,0,0,35,United-States,>50K
41,Private,167375,Bachelors,13,Never-married,Adm-clerical,Not-in-family,White,Male,0,0,52,United-States,<=50K
30,Private,258102,Masters,14,Divorced,Prof-specialty,Unmarried,White,Male,0,1726,40,United-States,<=50K
47,Private,101825,HS-grad,9,Married-civ-spouse,Adm-clerical,Wife,White,Female,0,0,40,United-States,>50K
22,State-gov,138705,Bachelors,13,Never-married,Prof-specialty,Not-in-family,White,Male,0,0,15,United-States,<=50K
67,Private,220789,HS-grad,9,Divorced,Adm-clerical,Not-in-family,White,Female,0,0,15,United-States,<=50K
17,Private,245275,11th,7,Never-married,Other-service,Own-child,White,Male,0,0,12,United-States,<=50K
48,Private,154641,7th-8th,4,Married-civ-spouse,Craft-repair,Husband,White,Male,0,0,32,Dominican-Republic,<=50K
37,Private,126569,HS-grad,9,Never-married,Craft-repair,Own-child,White,Male,0,0,40,United-States,<=50K
24,Private,403107,5th-6th,3,Never-married,Handlers-cleaners,Other-relative,White,Male,0,0,40,Mexico,<=50K
28,Private,175614,Bachelors,13,Never-married,Adm-clerical,Not-in-family,White,Female,0,0,30,?,<=50K
20,Private,226891,HS-grad,9,Married-civ-spouse,Adm-clerical,Husband,White,Male,0,0,60,United-States,<=50K
25,Private,210781,Bachelors,13,Never-married,Prof-specialty,Own-child,White,Female,0,0,40,United-States,<=50K
46,Private,58426,HS-grad,9,Divorced,Other-service,Not-in-family,White,Male,0,0,25,United-States,<=50K
42,Private,187098,Masters,14,Married-civ-spouse,Exec-managerial,Husband,White,Male,0,2415,55,United-States,>50K
31,Private,149620,12th,8,Married-civ-spouse,Craft-repair,Husband,White,Male,0,0,43,United-States,<=50K
59,Private,168416,HS-grad,9,Married-spouse-absent,Priv-house-serv,Not-in-family,White,Female,0,0,36,Poland,<=50K
33,Local-gov,254935,Some-college,10,Married-civ-spouse,Protective-serv,Husband,White,Male,0,0,45,United-States,<=50K
19,Private,165754,Some-college,10,Never-married,Sales,Own-child,White,Female,0,0,20,United-States,<=50K
49,Private,149102,HS-grad,9,Married-civ-spouse,Transport-moving,Husband,Black,Male,0,0,40,United-States,<=50K
46,Private,212944,11th,7,Married-civ-spouse,Craft-repair,Husband,White,Male,0,0,32,United-States,<=50K
50,Private,170091,7th-8th,4,Married-civ-spouse,Machine-op-inspct,Husband,White,Male,0,0,40,United-States,<=50K
54,Private,221532,Prof-school,15,Never-married,Prof-specialty,Other-relative,White,Female,0,0,65,United-States,<=50K
77,?,231777,9th,5,Married-civ-spouse,?,Husband,Black,Male,0,0,40,United-States,<=50K
58,Private,132704,Bachelors,13,Divorced,Adm-clerical,Not-in-family,White,Male,3325,0,40,United-States,<=50K
20,Private,148429,HS-grad,9,Never-married,Other-service,Not-in-family,White,Female,0,0,40,United-States,<=50K
24,State-gov,322658,Bachelors,13,Never-married,Exec-managerial,Not-in-family,White,Female,0,0,40,United-States,<=50K
28,Local-gov,135289,Bachelors,13,Never-married,Adm-clerical,Not-in-family,Black,Female,4101,0,60,United-States,<=50K
30,Private,258102,Masters,14,Divorced,Prof-specialty,Unmarried,White,Male,0,1726,40,United-States,<=50K
20,Private,223342,HS-grad,9,Never-married,Handlers-cleaners,Not-in-family,White,Male,0,0,40,United-States,<=50K
21,Private,277533,Some-college,10,Never-married,Sales,Other-relative,White,Female,0,0,40,United-States,<=50K
61,Local-gov,150042,HS-grad,9,Widowed,Adm-clerical,Not-in-family,White,Female,0,0,40,United-States,<=50K
47,Private,206541,HS-grad,9,Divorced,Adm-clerical,Not-in-family,White,Female,0,0,38,United-States,<=50K
52,Self-emp-not-inc,44728,Some-college,10,Married-civ-spouse,Sales,Husband,White,Male,0,0,55,United-States,>50K
38,Private,34996,Some-college,10,Separated,Other-service,Unmarried,White,Female,0,0,40,United-States,<=50K
20,Private,184871,Some-college,10,Never-married,Tech-support,Own-child,White,Female,0,0,20,United-States,<=50K
24,Federal-gov,42251,Bachelors,13,Never-married,Prof-specialty,Not-in-family,White,Female,0,0,30,United-States,<=50K
20,Private,22428,HS-grad,9,Never-married,Handlers-cleaners,Not-in-family,White,Male,0,0,40,United-States,<=50K
56,Private,75785,HS-grad,9,Married-civ-spouse,Exec-managerial,Husband,White,Male,0,0,40,United-States,>50K
33,Private,111243,Some-college,10,Divorced,Craft-repair,Other-relative,Other,Female,0,0,40,United-States,<=50K
63,?,335481,HS-grad,9,Married-civ-spouse,?,Husband,White,Male,0,0,20,United-States,<=50K
33,Private,496025,HS-grad,9,Married-civ-spouse,Prof-specialty,Husband,White,Male,0,0,40,United-States,<=50K
33,Private,216626,HS-grad,9,Married-civ-spouse,Sales,Husband,White,Male,0,0,20,United-States,<=50K
35,Private,267790,HS-grad,9,Divorced,Other-service,Not-in-family,White,Female,0,0,45,United-States,<=50K
36,Private,93225,Bachelors,13,Never-married,Craft-repair,Not-in-family,White,Male,0,0,35,United-States,<=50K
59,Private,167615,HS-grad,9,Married-spouse-absent,Priv-house-serv,Not-in-family,White,Female,0,0,36,Poland,<=50K
55,Self-emp-inc,79662,HS-grad,9,Married-civ-spouse,Transport-moving,Husband,White,Male,0,0,60,United-States,<=50K
50,Private,109667,9th,5,Married-civ-spouse,Machine-op-inspct,Husband,White,Male,0,0,48,United-States,<=50K
22,Private,210781,Bachelors,13,Never-married,Adm-clerical,Own-child,White,Female,0,0,40,United-States,<=50K
29,Private,184901,12th,8,Never-married,Other-service,Not-in-family,Other,Male,0,0,40,United-States,<=50K
46,Private,150175,Assoc-acdm,12,Married-civ-spouse,Craft-repair,Husband,White,Male,0,0,40,United-States,<=50K
33,Private,33895,HS-grad,9,Married-civ-spouse,Craft-repair,Husband,White,Male,0,0,40,United-States,<=50K
21,Private,222289,HS-grad,9,Never-married,Machine-op-inspct,Unmarried,White,Male,0,0,40,Mexico,<=50K
24,Private,142370,10th,6,Never-married,Machine-op-inspct,Not-in-family,White,Male,0,0,45,United-States,<=50K
28,Self-emp-inc,215423,HS-grad,9,Never-married,Exec-managerial,Not-in-family,White,Female,0,0,70,United-States,<=50K
52,Private,137613,HS-grad,9,Divorced,Craft-repair,Unmarried,White,Female,0,0,40,United-States,<=50K
29,Private,163708,Bachelors,13,Married-civ-spouse,Adm-clerical,Wife,Asian-Pac-Islander,Female,0,0,45,United-States,>50K
51,Private,189703,HS-grad,9,Divorced,Craft-repair,Own-child,Black,Male,0,0,40,United-States,<=50K
50,Local-gov,254935,Some-college,10,Married-civ-spouse,Farming-fishing,Husband,White,Male,0,0,40,Mexico,<=50K
21,Private,293176,HS-grad,9,Never-married,Sales,Not-in-family,White,Male,0,0,60,United-States,<=50K
20,Private,177271,Some-college,10,Never-married,Other-service,Own-child,White,Male,0,0,30,United-States,<=50K
29,Private,543028,Some-college,10,Never-married,Adm-clerical,Own-child,Black,Female,0,0,40,United-States,<=50K
45,Private,97176,11th,7,Divorced,Adm-clerical,Unmarried,White,Female,0,0,16,United-States,<=50K
52,Private,104501,12th,8,Married-civ-spouse,Exec-managerial,Husband,White,Male,0,0,60,United-States,>50K
41,Private,286853,HS-grad,9,Married-civ-spouse,Craft-repair,Husband,White,Male,0,0,40,United-States,<=50K
37,Private,189382,Assoc-acdm,12,Divorced,Adm-clerical,Not-in-family,White,Female,0,1504,40,United-States,<=50K
38,Local-gov,147258,HS-grad,9,Never-married,Transport-moving,Not-in-family,White,Male,0,0,40,United-States,<=50K
33,Private,203233,Some-college,10,Divorced,Adm-clerical,Not-in-family,White,Female,0,0,40,United-States,<=50K
35,Private,108140,HS-grad,9,Divorced,Craft-repair,Not-in-family,White,Male,0,0,40,United-States,<=50K
69,Private,130060,HS-grad,9,Separated,Transport-moving,Unmarried,Black,Female,2407,0,40,United-States,<=50K
33,Local-gov,40142,HS-grad,9,Married-civ-spouse,Protective-serv,Husband,White,Male,0,0,56,United-States,<=50K
50,Private,220426,HS-grad,9,Married-civ-spouse,Craft-repair,Husband,White,Male,0,0,40,United-States,>50K
44,Local-gov,144586,Masters,14,Married-civ-spouse,Prof-specialty,Husband,White,Male,0,0,44,United-States,>50K
21,Private,73679,Some-college,10,Never-married,Exec-managerial,Own-child,White,Female,0,0,40,United-States,<=50K
66,?,182451,7th-8th,4,Married-civ-spouse,?,Husband,White,Male,0,0,30,United-States,<=50K
37,Private,189565,Assoc-acdm,12,Divorced,Adm-clerical,Not-in-family,White,Female,0,1504,40,United-States,<=50K
31,Local-gov,265434,Bachelors,13,Never-married,Protective-serv,Not-in-family,White,Male,4650,0,40,United-States,<=50K
53,Private,553473,Some-college,10,Married-civ-spouse,Craft-repair,Husband,White,Male,0,0,40,Guatemala,<=50K
71,State-gov,210714,HS-grad,9,Married-civ-spouse,Protective-serv,Husband,White,Male,0,0,28,United-States,<=50K
39,Private,293176,HS-grad,9,Divorced,Exec-managerial,Unmarried,White,Female,0,0,40,United-States,<=50K
44,Private,267989,9th,5,Never-married,Other-service,Unmarried,Black,Female,0,0,40,United-States,<=50K
42,Private,235786,Assoc-acdm,12,Married-civ-spouse,Craft-repair,Husband,White,Male,0,0,50,United-States,>50K
53,Federal-gov,117849,Assoc-acdm,12,Married-civ-spouse,Adm-clerical,Husband,White,Male,0,0,40,United-States,<=50K
45,Federal-gov,126614,Masters,14,Married-civ-spouse,Prof-specialty,Husband,White,Male,0,0,45,United-States,>50K
37,Self-emp-not-inc,156807,Prof-school,15,Never-married,Prof-specialty,Own-child,White,Male,0,1564,55,United-States,>50K
52,Federal-gov,224108,Bachelors,13,Married-civ-spouse,Protective-serv,Husband,White,Male,0,0,60,United-States,>50K
45,Private,243436,Bachelors,13,Married-civ-spouse,Exec-managerial,Husband,White,Male,0,0,60,United-States,>50K
47,Local-gov,128378,Doctorate,16,Never-married,Prof-specialty,Unmarried,White,Female,0,0,40,United-States,<=50K
23,Private,430195,HS-grad,9,Divorced,Other-service,Not-in-family,White,Female,0,0,24,United-States,<=50K
22,?,219745,Some-college,10,Never-married,?,Own-child,Black,Male,0,0,40,United-States,<=50K
32,Self-emp-not-inc,182926,Masters,14,Never-married,Prof-specialty,Not-in-family,White,Male,0,0,40,United-States,<=50K
35,Private,187089,Assoc-voc,11,Married-civ-spouse,Exec-managerial,Wife,White,Female,0,0,42,United-States,>50K
43,Private,286853,Bachelors,13,Married-civ-spouse,Prof-specialty,Husband,White,Male,0,0,40,United-States,<=50K
46,Private,94809,Some-college,10,Divorced,Priv-house-serv,Unmarried,White,Female,0,0,30,United-States,<=50K
29,State-gov,382583,Bachelors,13,Never-married,Craft-repair,Not-in-family,White,Male,0,0,40,United-States,<=50K
63,?,334946,HS-grad,9,Married-civ-spouse,?,Husband,White,Male,0,0,20,United-States,<=50K
44,Self-emp-inc,219745,HS-grad,9,Married-civ-spouse,Other-service,Husband,Black,Male,0,0,48,United-States,<=50K
56,Self-emp-inc,216842,12th,8,Married-civ-spouse,Exec-managerial,Husband,White,Male,0,1651,40,United-States,<=50K
52,Private,118909,HS-grad,9,Married-civ-spouse,Machine-op-inspct,Husband,White,Male,0,0,40,United-States,<=50K
32,Private,354075,Bachelors,13,Married-civ-spouse,Exec-managerial,Other-relative,Asian-Pac-Islander,Female,0,0,40,China,>50K
53,Private,88842,HS-grad,9,Married-civ-spouse,Exec-managerial,Husband,White,Male,99999,0,40,United-States,>50K
31,Private,48718,Some-college,10,Married-civ-spouse,Craft-repair,Husband,White,Male,0,0,40,United-States,<=50K
35,Private,108140,HS-grad,9,Divorced,Craft-repair,Not-in-family,White,Male,0,0,40,United-States,<=50K
51,Private,262244,HS-grad,9,Married-civ-spouse,Other-service,Husband,White,Male,0,0,40,Cuba,>50K
32,Private,171598,Some-college,10,Never-married,Adm-clerical,Own-child,White,Female,0,0,40,United-States,<=50K
63,Self-emp-not-inc,234320,Bachelors,13,Never-married,Transport-moving,Not-in-family,White,Male,0,0,40,United-States,<=50K
66,?,182451,7th-8th,4,Married-civ-spouse,?,Husband,White,Male,0,0,30,United-States,<=50K
33,Self-emp-inc,287372,Some-college,10,Married-civ-spouse,Exec-managerial,Husband,White,Male,0,0,50,United-States,>50K
40,Private,113732,HS-grad,9,Divorced,Handlers-cleaners,Unmarried,Black,Female,0,0,40,United-States,<=50K
50,Private,194004,HS-grad,9,Married-civ-spouse,Exec-managerial,Husband,White,Male,0,0,60,United-States,<=50K
31,Private,48014,Some-college,10,Married-civ-spouse,Craft-repair,Husband,White,Male,0,0,40,United-States,<=50K
23,Private,543028,HS-grad,9,Never-married,Sales,Own-child,Black,Male,0,0,40,United-States,<=50K
36,Private,164898,HS-grad,9,Married-civ-spouse,Exec-managerial,Husband,White,Male,0,0,40,United-States,<=50K
38,Local-gov,148254,HS-grad,9,Never-married,Transport-moving,Not-in-family,White,Male,0,0,40,United-States,<=50K
32,Private,198183,Some-college,10,Divorced,Exec-managerial,Not-in-family,White,Female,0,0,38,United-States,<=50K
24,Private,282461,Bachelors,13,Married-civ-spouse,Prof-specialty,Husband,White,Male,0,0,40,United-States,<=50K
21,Self-emp-not-inc,316769,Some-college,10,Never-married,Other-service,Own-child,White,Male,0,0,30,United-States,<=50K
23,State-gov,276709,Bachelors,13,Never-married,Adm-clerical,Own-child,White,Male,0,0,40,United-States,<=50K
49,Self-emp-not-inc,218309,Bachelors,13,Married-civ-spouse,Sales,Husband,White,Male,20051,0,40,United-States,>50K
51,Private,254935,11th,7,Married-civ-spouse,Transport-moving,Husband,Black,Male,0,1628,40,United-States,<=50K
69,Private,228729,Bachelors,13,Widowed,Prof-specialty,Not-in-family,White,Male,0,2282,40,United-States,>50K
32,Private,150499,HS-grad,9,Married-civ-spouse,Handlers-cleaners,Husband,White,Male,0,0,40,United-States,>50K
44,Private,89413,Assoc-voc,11,Married-civ-spouse,Craft-repair,Husband,White,Male,0,0,40,United-States,<=50K
57,Private,96346,HS-grad,9,Widowed,Prof-specialty,Not-in-family,White,Female,0,0,57,United-States,<=50K
24,Private,142370,10th,6,Never-married,Machine-op-inspct,Not-in-family,White,Male,0,0,45,United-States,<=50K
33,Self-emp-not-inc,79303,Some-college,10,Married-civ-spouse,Farming-fishing,Husband,White,Male,0,0,50,United-States,<=50K
25,Private,210982,Bachelors,13,Never-married,Prof-specialty,Own-child,White,Female,0,0,40,United-States,<=50K
26,Federal-gov,27012,Assoc-voc,11,Never-married,Adm-clerical,Not-in-family,Other,Male,0,0,55,United-States,<=50K
51,Local-gov,252079,Doctorate,16,Divorced,Prof-specialty,Not-in-family,White,Female,0,0,45,United-States,>50K
39,Local-gov,455399,HS-grad,9,Married-civ-spouse,Protective-serv,Husband,Black,Male,15024,0,40,United-States,>50K
48,Private,43705,10th,6,Married-civ-spouse,Craft-repair,Husband,White,Male,0,0,65,United-States,>50K
33,Private,170091,Bachelors,13,Married-civ-spouse,Exec-managerial,Husband,White,Male,0,0,50,United-States,>50K
24,Federal-gov,42596,Bachelors,13,Never-married,Prof-specialty,Not-in-family,White,Female,0,0,30,United-States,<=50K
66,Local-gov,223020,Some-college,10,Divorced,Other-service,Other-relative,White,Female,7896,0,40,?,>50K
48,Private,355320,Bachelors,13,Married-civ-spouse,Prof-specialty,Husband,White,Male,0,0,45,Canada,>50K
63,Self-emp-not-inc,232894,Bachelors,13,Never-married,Transport-moving,Not-in-family,White,Male,0,0,40,United-States,<=50K
42,Private,222289,Bachelors,13,Divorced,Prof-specialty,Unmarried,White,Male,7430,0,40,United-States,>50K
55,Private,243367,HS-grad,9,Divorced,Sales,Unmarried,White,Female,0,0,37,United-States,<=50K
43,Self-emp-not-inc,160029,Some-college,10,Never-married,Sales,Not-in-family,White,Male,0,0,65,United-States,<=50K
44,Self-emp-not-inc,234537,HS-grad,9,Married-civ-spouse,Sales,Wife,White,Female,0,0,40,United-States,>50K
60,Private,210031,HS-grad,9,Divorced,Protective-serv,Not-in-family,White,Male,0,0,40,United-States,<=50K
47,Private,165484,Some-college,10,Married-civ-spouse,Craft-repair,Husband,White,Male,0,0,43,United-States,>50K
19,?,199539,Some-college,10,Never-married,?,Own-child,White,Male,0,0,60,United-States,<=50K
41,Private,149366,Bachelors,13,Married-civ-spouse,Exec-managerial,Husband,White,Male,0,0,60,United-States,>50K
50,Private,41834,Prof-school,15,Married-civ-spouse,Exec-managerial,Husband,White,Male,15024,0,50,United-States,>50K
24,Private,272618,HS-grad,9,Married-civ-spouse,Machine-op-inspct,Husband,White,Male,0,0,50,United-States,<=50K
20,?,357173,Some-college,10,Never-married,?,Own-child,White,Female,0,0,35,United-States,<=50K
41,Private,112283,HS-grad,9,Married-civ-spouse,Craft-repair,Husband,White,Male,0,0,60,United-States,>50K
22,Federal-gov,471452,Bachelors,13,Never-married,Tech-support,Own-child,White,Male,0,0,8,United-States,<=50K
45,Private,107231,Assoc-acdm,12,Married-civ-spouse,Craft-repair,Husband,White,Male,0,0,45,United-States,<=50K
30,Self-emp-not-inc,149210,Some-college,10,Divorced,Craft-repair,Not-in-family,White,Male,0,0,35,United-States,<=50K
57,Private,96346,HS-grad,9,Widowed,Prof-specialty,Not-in-family,White,Female,0,0,57,United-States,<=50K
46,Private,156807,HS-grad,9,Married-civ-spouse,Other-service,Wife,White,Female,0,0,40,United-States,<=50K
42,Private,71151,11th,7,Married-civ-spouse,Transport-moving,Husband,White,Male,0,0,45,United-States,<=50K
27,Private,169628,Bachelors,13,Married-civ-spouse,Exec-managerial,Husband,White,Male,0,0,40,United-States,<=50K
28,Private,291981,Some-college,10,Never-married,Adm-clerical,Own-child,White,Female,0,0,42,United-States,<=50K
45,Private,246891,Assoc-voc,11,Married-civ-spouse,Prof-specialty,Husband,White,Male,0,1902,40,United-States,>50K
39,Private,191983,Bachelors,13,Separated,Sales,Not-in-family,White,Male,0,0,50,United-States,<=50K
42,Private,322789,Assoc-acdm,12,Married-civ-spouse,Adm-clerical,Husband,White,Male,7688,0,42,United-States,>50K
18,?,91670,Some-college,10,Never-married,?,Own-child,Asian-Pac-Islander,Female,0,0,40,United-States,<=50K
58,Private,83542,HS-grad,9,Never-married,Other-service,Not-in-family,White,Male,0,0,40,United-States,<=50K
46,Private,57929,HS-grad,9,Divorced,Other-service,Not-in-family,White,Male,0,0,25,United-States,<=50K
57,Private,192614,Some-college,10,Married-civ-spouse,Protective-serv,Husband,White,Male,0,0,50,United-States,<=50K
22,?,263128,Some-college,10,Never-married,?,Not-in-family,White,Female,0,0,28,United-States,<=50K
29,Private,196791,Prof-school,15,Divorced,Prof-specialty,Own-child,White,Female,2176,0,72,United-States,<=50K
37,Private,288679,HS-grad,9,Divorced,Machine-op-inspct,Not-in-family,White,Male,0,0,40,United-States,<=50K
41,Private,266400,HS-grad,9,Divorced,Adm-clerical,Unmarried,White,Female,0,0,45,United-States,<=50K
73,Private,29675,HS-grad,9,Widowed,Other-service,Other-relative,White,Female,0,0,12,United-States,<=50K
36,Private,225399,HS-grad,9,Married-civ-spouse,Craft-repair,Husband,White,Male,7298,0,40,United-States,>50K
40,Private,114157,HS-grad,9,Divorced,Handlers-cleaners,Unmarried,Black,Female,0,0,40,United-States,<=50K
49,Private,149102,HS-grad,9,Married-civ-spouse,Transport-moving,Husband,Black,Male,0,0,40,United-States,<=50K
21,?,190023,Assoc-acdm,12,Never-married,?,Not-in-family,White,Male,0,0,55,United-States,<=50K
71,Private,78277,HS-grad,9,Married-civ-spouse,Craft-repair,Husband,White,Male,0,0,15,United-States,<=50K
33,Private,56121,HS-grad,9,Never-married,Transport-moving,Not-in-family,White,Male,0,0,60,United-States,<=50K
35,Local-gov,72591,HS-grad,9,Divorced,Farming-fishing,Own-child,Asian-Pac-Islander,Male,0,0,56,United-States,<=50K
45,Private,216385,HS-grad,9,Widowed,Machine-op-inspct,Unmarried,Other,Male,0,0,40,Columbia,<=50K
20,?,174655,Some-college,10,Never-married,?,Own-child,White,Male,0,0,20,United-States,<=50K
59,Private,168416,HS-grad,9,Married-spouse-absent,Priv-house-serv,Not-in-family,White,Female,0,0,36,Poland,<=50K
41,Private,191256,HS-grad,9,Divorced,Priv-house-serv,Not-in-family,White,Female,0,0,40,Guatemala,<=50K
54,Self-emp-inc,165918,Prof-school,15,Married-civ-spouse,Prof-specialty,Husband,White,Male,99999,0,60,United-States,>50K
29,Private,161155,Assoc-acdm,12,Married-civ-spouse,Prof-specialty,Husband,White,Male,0,0,50,United-States,<=50K
59,Private,167615,HS-grad,9,Married-spouse-absent,Priv-house-serv,Not-in-family,White,Female,0,0,36,Poland,<=50K
44,Private,321709,Doctorate,16,Married-civ-spouse,Prof-specialty,Husband,White,Male,0,0,20,United-States,<=50K
32,Federal-gov,83413,Bachelors,13,Married-civ-spouse,Adm-clerical,Husband,White,Male,0,0,35,United-States,>50K
55,Private,229732,Bachelors,13,Married-civ-spouse,Exec-managerial,Husband,White,Male,15024,0,48,United-States,>50K
59,Self-emp-not-inc,114760,Some-college,10,Married-civ-spouse,Craft-repair,Husband,White,Male,0,0,20,United-States,>50K
71,Self-emp-not-inc,322658,HS-grad,9,Married-civ-spouse,Farming-fishing,Husband,Amer-Indian-Eskimo,Male,0,0,35,United-States,<=50K
33,Private,110978,Some-college,10,Divorced,Craft-repair,Other-relative,Other,Female,0,0,40,United-States,<=50K
37,Private,226500,Bachelors,13,Married-civ-spouse,Sales,Husband,White,Male,0,0,55,United-States,>50K
30,Private,356838,11th,7,Married-civ-spouse,Handlers-cleaners,Husband,White,Male,0,0,50,United-States,<=50K
38,Private,93140,HS-grad,9,Separated,Machine-op-inspct,Unmarried,Black,Female,0,0,28,United-States,<=50K
34,Private,205418,Some-college,10,Divorced,Exec-managerial,Own-child,White,Male,0,0,44,United-States,<=50K
47,Private,139391,HS-grad,9,Married-civ-spouse,Exec-managerial,Husband,White,Male,0,0,40,United-States,>50K
28,Private,179241,HS-grad,9,Married-civ-spouse,Transport-moving,Husband,White,Male,0,0,70,United-States,<=50K
43,Private,203924,HS-grad,9,Married-civ-spouse,Transport-moving,Husband,White,Male,0,0,50,United-States,>50K
34,Private,112271,HS-grad,9,Married-civ-spouse,Craft-repair,Husband,White,Male,0,0,40,United-States,<=50K
61,Private,120277,Prof-school,15,Married-civ-spouse,Transport-moving,Husband,White,Male,0,0,5,United-States,>50K
29,Private,37546,Some-college,10,Married-civ-spouse,Craft-repair,Husband,White,Male,0,0,40,United-States,<=50K
64,Private,393962,7th-8th,4,Married-civ-spouse,Farming-fishing,Husband,White,Male,0,0,40,United-States,>50K
47,Private,207258,HS-grad,9,Divorced,Adm-clerical,Not-in-family,White,Female,0,0,39,United-States,<=50K
33,Private,129707,Bachelors,13,Never-married,Adm-clerical,Not-in-family,White,Male,0,0,60,United-States,>50K
19,Private,120046,Some-college,10,Never-married,Other-service,Own-child,White,Female,0,0,15,United-States,<=50K
33,Private,511517,HS-grad,9,Married-civ-spouse,Prof-specialty,Husband,White,Male,0,0,40,United-States,<=50K
46,Private,353219,9th,5,Divorced,Other-service,Unmarried,White,Female,0,0,40,United-States,<=50K
51,Private,103803,HS-grad,9,Married-civ-spouse,Machine-op-inspct,Husband,Black,Male,0,0,50,United-States,<=50K
52,Private,112959,Some-college,10,Widowed,Sales,Not-in-family,White,Female,0,0,40,United-States,<=50K
43,Self-emp-not-inc,160369,Some-college,10,Never-married,Sales,Not-in-family,White,Male,0,0,65,United-States,<=50K
55,Private,229029,Bachelors,13,Married-civ-spouse,Exec-managerial,Husband,White,Male,15024,0,48,United-States,>50K
29,Private,127892,Bachelors,13,Married-civ-spouse,Sales,Husband,White,Male,0,0,45,United-States,<=50K
43,Local-gov,256253,Bachelors,13,Married-civ-spouse,Prof-specialty,Husband,White,Male,0,0,55,United-States,>50K
24,Private,247711,Some-college,10,Never-married,Sales,Other-relative,Black,Female,0,0,40,United-States,<=50K
29,Private,185019,12th,8,Never-married,Other-service,Not-in-family,Other,Male,0,0,40,United-States,<=50K
21,Private,164177,HS-grad,9,Married-civ-spouse,Craft-repair,Husband,White,Male,0,0,40,United-States,<=50K
26,Private,211032,Bachelors,13,Married-civ-spouse,Prof-specialty,Wife,White,Female,0,0,40,United-States,>50K
46,Local-gov,180010,Bachelors,13,Married-civ-spouse,Prof-specialty,Wife,White,Female,0,0,40,United-States,>50K
56,Self-emp-not-inc,155654,HS-grad,9,Married-civ-spouse,Craft-repair,Husband,White,Male,0,0,40,United-States,<=50K
53,Private,149784,HS-grad,9,Married-civ-spouse,Machine-op-inspct,Husband,White,Male,0,0,40,United-States,<=50K
52,Self-emp-inc,89041,Masters,14,Married-civ-spouse,Exec-managerial,Husband,White,Male,2174,0,60,United-States,>50K
27,Private,142182,Some-college,10,Never-married,Other-service,Own-child,White,Male,0,0,24,United-States,<=50K
28,Private,26880,HS-grad,9,Never-married,Transport-moving,Unmarried,White,Male,0,0,50,United-States,<=50K
31,Private,416829,HS-grad,9,Married-spouse-absent,Adm-clerical,Own-child,White,Female,0,0,40,United-States,<=50K
33,Private,231714,Bachelors,13,Never-married,Sales,Not-in-family,White,Male,0,0,45,United-States,>50K
17,Private,165505,11th,7,Never-married,Handlers-cleaners,Own-child,White,Male,0,0,20,Peru,<=50K
60,Self-emp-not-inc,88570,Assoc-voc,11,Married-civ-spouse,Transport-moving,Wife,White,Female,0,0,15,Germany,>50K
53,Private,137290,Bachelors,13,Divorced,Exec-managerial,Unmarried,Asian-Pac-Islander,Male,0,0,50,United-States,<=50K
20,Private,178416,Some-college,10,Never-married,Other-service,Own-child,White,Male,0,0,30,United-States,<=50K
19,?,199763,Some-college,10,Never-married,?,Own-child,White,Male,0,0,60,United-States,<=50K
63,Self-emp-not-inc,230095,Bachelors,13,Never-married,Transport-moving,Not-in-family,White,Male,0,0,40,United-States,<=50K
50,Self-emp-inc,155654,Masters,14,Married-civ-spouse,Prof-specialty,Husband,White,Male,7298,0,50,United-States,>50K
54,State-gov,151474,Some-college,10,Married-civ-spouse,Prof-specialty,Husband,White,Male,0,1902,40,United-States,>50K
52,Federal-gov,439608,Some-college,10,Married-civ-spouse,Other-service,Husband,White,Male,0,0,50,United-States,<=50K
31,Private,118230,HS-grad,9,Never-married,Handlers-cleaners,Not-in-family,White,Male,0,0,60,United-States,<=50K
58,Private,313986,Assoc-voc,11,Married-civ-spouse,Craft-repair,Husband,White,Male,0,1887,48,United-States,>50K
52,Private,245317,10th,6,Married-civ-spouse,Other-service,Wife,White,Female,0,0,35,United-States,<=50K
46,Private,219941,Some-college,10,Married-civ-spouse,Tech-support,Husband,White,Male,0,0,40,United-States,>50K
26,Private,228686,11th,7,Divorced,Handlers-cleaners,Not-in-family,White,Male,0,0,40,United-States,<=50K
23,State-gov,170091,Some-college,10,Never-married,Prof-specialty,Own-child,White,Female,0,0,6,United-States,<=50K
47,Self-emp-not-inc,117849,HS-grad,9,Married-AF-spouse,Craft-repair,Husband,White,Male,0,0,90,United-States,<=50K
35,State-gov,355856,Some-college,10,Divorced,Adm-clerical,Unmarried,White,Female,0,0,15,United-States,<=50K
28,Self-emp-not-inc,180928,HS-grad,9,Never-married,Exec-managerial,Own-child,White,Male,0,0,40,United-States,<=50K
51,Private,277533,Some-college,10,Divorced,Priv-house-serv,Unmarried,Amer-Indian-Eskimo,Female,0,0,35,United-States,<=50K
53,Private,28738,HS-grad,9,Divorced,Sales,Not-in-family,White,Female,0,0,60,England,<=50K
18,Private,391121,11th,7,Never-married,Handlers-cleaners,Own-child,White,Male,0,0,30,United-States,<=50K
45,Self-emp-not-inc,321865,HS-grad,9,Married-civ-spouse,Farming-fishing,Husband,White,Male,0,0,70,United-States,<=50K
53,Private,149784,HS-grad,9,Married-civ-spouse,Machine-op-inspct,Husband,White,Male,0,0,40,United-States,<=50K
18,Private,38948,11th,7,Never-married,Handlers-cleaners,Own-child,White,Male,0,0,30,United-States,<=50K
54,Self-emp-inc,166863,Prof-school,15,Married-civ-spouse,Prof-specialty,Husband,White,Male,99999,0,60,United-States,>50K
34,Local-gov,143078,Preschool,1,Never-married,Adm-clerical,Own-child,Black,Female,0,0,25,United-States,<=50K
42,Private,69884,11th,7,Married-civ-spouse,Transport-moving,Husband,White,Male,0,0,45,United-States,<=50K
37,Self-emp-inc,95634,Some-college,10,Divorced,Craft-repair,Unmarried,White,Female,0,0,40,Canada,<=50K
33,Private,290441,Bachelors,13,Separated,Prof-specialty,Not-in-family,White,Female,0,0,40,United-States,<=50K
28,Private,211032,HS-grad,9,Married-civ-spouse,Machine-op-inspct,Husband,White,Male,2580,0,40,United-States,<=50K
35,Private,176486,Assoc-voc,11,Divorced,Craft-repair,Not-in-family,White,Male,0,0,40,United-States,<=50K
34,Private,97723,Bachelors,13,Married-civ-spouse,Prof-specialty,Husband,White,Male,0,0,40,United-States,>50K
17,Private,353994,HS-grad,9,Never-married,Other-service,Own-child,White,Male,0,0,40,United-States,<=50K
21,Self-emp-not-inc,318865,Some-college,10,Never-married,Other-service,Own-child,White,Male,0,0,30,United-States,<=50K
17,Private,100828,11th,7,Never-married,Other-service,Not-in-family,White,Male,0,0,20,United-States,<=50K
44,Local-gov,100479,Assoc-acdm,12,Married-civ-spouse,Prof-specialty,Husband,White,Male,0,0,48,United-States,<=50K
51,Private,189551,HS-grad,9,Divorced,Craft-repair,Own-child,Black,Male,0,0,40,United-States,<=50K
67,Self-emp-inc,116517,Bachelors,13,Widowed,Other-service,Unmarried,White,Female,0,0,35,United-States,<=50K
48,Private,153546,7th-8th,4,Married-civ-spouse,Craft-repair,Husband,White,Male,0,0,32,Dominican-Republic,<=50K
65,Without-pay,271122,7th-8th,4,Widowed,Farming-fishing,Unmarried,White,Female,0,0,50,United-States,<=50K
37,Private,198953,Some-college,10,Married-civ-spouse,Other-service,Wife,White,Female,0,0,40,United-States,<=50K
32,Local-gov,19302,Assoc-acdm,12,Married-civ-spouse,Protective-serv,Husband,White,Male,0,0,56,England,>50K
67,Private,221336,HS-grad,9,Divorced,Adm-clerical,Not-in-family,White,Female,0,0,15,United-States,<=50K
33,Private,339482,HS-grad,9,Married-civ-spouse,Craft-repair,Husband,White,Male,0,0,40,United-States,<=50K
54,Private,85423,HS-grad,9,Married-civ-spouse,Transport-moving,Husband,White,Male,0,0,40,United-States,>50K
66,?,182237,7th-8th,4,Married-civ-spouse,?,Husband,White,Male,0,0,30,United-States,<=50K
35,Private,67243,HS-grad,9,Married-civ-spouse,Other-service,Husband,Asian-Pac-Islander,Male,0,0,40,China,<=50K
37,Private,188195,Assoc-acdm,12,Never-married,Tech-support,Not-in-family,White,Male,0,0,46,United-States,<=50K
61,Local-gov,149981,HS-grad,9,Widowed,Adm-clerical,Not-in-family,White,Female,0,0,40,United-States,<=50K
51,Private,193524,HS-grad,9,Married-civ-spouse,Protective-serv,Husband,White,Male,0,0,40,United-States,<=50K
29,Local-gov,107411,Prof-school,15,Never-married,Prof-specialty,Not-in-family,White,Female,0,0,70,United-States,<=50K
36,Private,164526,HS-grad,9,Married-civ-spouse,Exec-managerial,Husband,White,Male,0,0,40,United-States,<=50K
27,Private,57101,HS-grad,9,Married-civ-spouse,Handlers-cleaners,Husband,Amer-Indian-Eskimo,Male,0,0,8,United-States,<=50K
17,Private,118786,11th,7,Never-married,Sales,Other-relative,White,Female,0,0,24,United-States,<=50K
20,Private,245053,Some-college,10,Never-married,Craft-repair,Own-child,White,Male,0,0,40,United-States,<=50K
23,Private,175856,11th,7,Never-married,Farming-fishing,Other-relative,White,Female,0,0,40,Puerto-Rico,<=50K
20,Private,243436,Some-college,10,Never-married,Craft-repair,Own-child,White,Male,0,0,40,United-States,<=50K
34,Self-emp-not-inc,292120,Some-college,10,Married-civ-spouse,Craft-repair,Husband,White,Male,0,0,55,United-States,>50K
21,Private,73679,Some-college,10,Never-married,Exec-managerial,Own-child,White,Female,0,0,40,United-States,<=50K
26,Private,102476,Some-college,10,Never-married,Other-service,Own-child,White,Male,0,0,40,United-States,<=50K
31,Private,122609,HS-grad,9,Divorced,Adm-clerical,Unmarried,White,Female,0,0,40,United-States,<=50K
36,Private,156897,HS-grad,9,Married-civ-spouse,Craft-repair,Husband,Other,Male,0,0,40,United-States,>50K
33,Private,511517,HS-grad,9,Married-civ-spouse,Prof-specialty,Husband,White,Male,0,0,40,United-States,<=50K
21,Private,191444,11th,7,Never-married,Farming-fishing,Unmarried,White,Male,0,0,40,United-States,<=50K
31,Private,310197,Bachelors,13,Separated,Sales,Own-child,Black,Female,0,0,40,United-States,<=50K
32,Private,215990,Some-college,10,Never-married,Craft-repair,Not-in-family,White,Male,4650,0,45,United-States,<=50K
46,Private,91262,Some-college,10,Married-spouse-absent,Craft-repair,Not-in-family,Asian-Pac-Islander,Male,0,0,40,Philippines,<=50K
66,?,182268,7th-8th,4,Married-civ-spouse,?,Husband,White,Male,0,0,30,United-States,<=50K
24,Federal-gov,42596,Bachelors,13,Never-married,Prof-specialty,Not-in-family,White,Female,0,0,30,United-States,<=50K
42,Private,341178,Doctorate,16,Never-married,Prof-specialty,Not-in-family,White,Male,0,0,50,United-States,<=50K
48,Federal-gov,94342,Bachelors,13,Divorced,Exec-managerial,Not-in-family,White,Male,0,0,45,United-States,<=50K
66,Private,335481,HS-grad,9,Married-civ-spouse,Other-service,Husband,Black,Male,0,0,4,United-States,<=50K
40,Private,185522,Bachelors,13,Married-civ-spouse,Prof-specialty,Husband,White,Male,0,0,40,United-States,<=50K
22,Private,49325,Some-college,10,Married-civ-spouse,Machine-op-inspct,Husband,White,Male,0,0,40,Mexico,<=50K
47,Local-gov,171705,HS-grad,9,Divorced,Adm-clerical,Not-in-family,White,Female,0,0,40,United-States,<=50K
57,Private,151580,HS-grad,9,Divorced,Handlers-cleaners,Other-relative,White,Female,0,0,40,United-States,<=50K
24,Local-gov,203924,Bachelors,13,Married-civ-spouse,Protective-serv,Husband,White,Male,0,0,45,United-States,<=50K
41,Private,106437,Masters,14,Never-married,Exec-managerial,Not-in-family,White,Male,2580,0,50,United-States,>50K
18,?,171748,Some-college,10,Never-married,?,Own-child,Black,Female,0,0,24,United-States,<=50K
45,Private,107231,Assoc-acdm,12,Married-civ-spouse,Craft-repair,Husband,White,Male,0,0,45,United-States,<=50K
26,?,207875,Some-college,10,Never-married,?,Own-child,White,Male,0,0,12,United-States,<=50K
51,Private,103803,HS-grad,9,Married-civ-spouse,Machine-op-inspct,Husband,Black,Male,0,0,50,United-States,<=50K
56,Private,75785,HS-grad,9,Married-civ-spouse,Exec-managerial,Husband,White,Male,0,0,40,United-States,>50K
30,Private,49325,Some-college,10,Married-civ-spouse,Transport-moving,Husband,White,Male,0,0,80,United-States,>50K
49,State-gov,154669,HS-grad,9,Divorced,Exec-managerial,Unmarried,White,Female,0,0,44,United-States,<=50K
25,Private,262688,11th,7,Never-married,Other-service,Unmarried,Black,Female,0,0,32,United-States,<=50K
55,Private,229029,Bachelors,13,Married-civ-spouse,Exec-managerial,Husband,White,Male,15024,0,48,United-States,>50K
20,Private,33386,Some-college,10,Never-married,Other-service,Own-child,White,Female,0,0,10,United-States,<=50K
28,Local-gov,136277,Bachelors,13,Never-married,Adm-clerical,Not-in-family,Black,Female,4101,0,60,United-States,<=50K
70,Self-emp-inc,243240,9th,5,Divorced,Sales,Not-in-family,White,Male,0,0,45,United-States,<=50K
38,Private,172232,Bachelors,13,Married-civ-spouse,Tech-support,Husband,White,Male,0,1977,40,United-States,>50K
51,Private,190762,1st-4th,2,Widowed,Craft-repair,Not-in-family,White,Male,0,0,40,Mexico,<=50K
38,Private,117310,HS-grad,9,Married-civ-spouse,Machine-op-inspct,Husband,White,Male,0,0,65,United-States,>50K
54,Private,216214,Masters,14,Married-civ-spouse,Exec-managerial,Husband,White,Male,0,1887,44,United-States,>50K
44,Private,184779,Masters,14,Married-civ-spouse,Prof-specialty,Husband,White,Male,0,0,40,United-States,<=50K
41,Private,344200,HS-grad,9,Divorced,Machine-op-inspct,Not-in-family,White,Male,0,0,40,United-States,<=50K
23,Private,439608,HS-grad,9,Divorced,Other-service,Not-in-family,White,Female,0,0,24,United-States,<=50K
42,Private,212760,Some-college,10,Married-civ-spouse,Sales,Husband,White,Male,0,0,60,United-States,>50K
17,Private,118792,11th,7,Never-married,Sales,Other-relative,White,Female,0,0,24,United-States,<=50K
34,Private,407043,Some-college,10,Divorced,Machine-op-inspct,Not-in-family,White,Female,0,0,40,United-States,<=50K
44,Private,167333,HS-grad,9,Never-married,Other-service,Own-child,White,Male,0,0,40,United-States,<=50K
23,Private,34996,HS-grad,9,Never-married,Sales,Not-in-family,White,Male,0,0,40,United-States,<=50K
24,Private,126613,Bachelors,13,Never-married,Sales,Not-in-family,White,Female,0,0,50,United-States,<=50K
45,Private,97176,11th,7,Divorced,Adm-clerical,Unmarried,White,Female,0,0,16,United-States,<=50K
38,Private,67804,Bachelors,13,Divorced,Exec-managerial,Not-in-family,White,Male,0,0,55,United-States,>50K
22,Federal-gov,281025,Some-college,10,Never-married,Transport-moving,Own-child,White,Male,0,0,4,United-States,<=50K
35,Private,209808,HS-grad,9,Married-civ-spouse,Transport-moving,Husband,White,Male,0,0,60,United-States,<=50K
28,Private,336880,Bachelors,13,Never-married,Sales,Not-in-family,White,Male,0,0,45,United-States,<=50K
66,Private,169628,Bachelors,13,Married-civ-spouse,Sales,Husband,White,Male,20051,0,40,United-States,>50K
34,Private,382583,10th,6,Separated,Exec-managerial,Unmarried,White,Female,0,0,45,United-States,<=50K
33,Private,252029,HS-grad,9,Married-civ-spouse,Machine-op-inspct,Husband,White,Male,0,0,48,United-States,<=50K
31,Private,363130,Some-college,10,Married-civ-spouse,Exec-managerial,Husband,Black,Male,0,0,40,United-States,>50K
43,Private,171892,HS-grad,9,Married-civ-spouse,Sales,Husband,White,Male,0,0,40,United-States,>50K
33,Private,40293,HS-grad,9,Married-spouse-absent,Adm-clerical,Other-relative,White,Female,0,0,32,United-States,<=50K
27,Private,34273,Assoc-voc,11,Never-married,Prof-specialty,Not-in-family,White,Female,0,1876,36,Canada,<=50K
57,Private,96346,HS-grad,9,Widowed,Prof-specialty,Not-in-family,White,Female,0,0,57,United-States,<=50K
50,Private,416829,Prof-school,15,Married-civ-spouse,Exec-managerial,Husband,White,Male,15024,0,50,United-States,>50K
27,Private,154950,Some-college,10,Married-civ-spouse,Prof-specialty,Husband,White,Male,0,0,50,United-States,>50K
41,Private,265706,HS-grad,9,Divorced,Adm-clerical,Unmarried,White,Female,0,0,45,United-States,<=50K
39,Private,388023,HS-grad,9,Divorced,Exec-managerial,Not-in-family,White,Female,0,0,38,United-States,<=50K
61,Private,54560,Some-college,10,Married-civ-spouse,Sales,Husband,White,Male,0,0,40,United-States,<=50K
21,Private,293726,HS-grad,9,Never-married,Sales,Not-in-family,White,Male,0,0,60,United-States,<=50K
19,Private,96483,HS-grad,9,Never-married,Other-service,Own-child,Asian-Pac-Islander,Female,0,0,40,United-States,<=50K
23,Private,171807,HS-grad,9,Never-married,Sales,Unmarried,White,Female,0,0,48,United-States,<=50K
29,Private,118230,HS-grad,9,Never-married,Sales,Not-in-family,White,Female,0,0,35,United-States,<=50K
47,Private,262244,Bachelors,13,Never-married,Sales,Not-in-family,Black,Male,0,0,60,United-States,>50K
39,Private,243743,Bachelors,13,Married-civ-spouse,Prof-specialty,Husband,White,Male,0,0,50,United-States,>50K
50,Private,91670,Some-college,10,Married-civ-spouse,Tech-support,Husband,White,Male,0,0,45,United-States,>50K
23,Private,471452,Bachelors,13,Never-married,Exec-managerial,Not-in-family,White,Female,0,0,50,United-States,<=50K
32,Federal-gov,82540,Bachelors,13,Married-civ-spouse,Adm-clerical,Husband,White,Male,0,0,35,United-States,>50K
51,Without-pay,124963,Assoc-acdm,12,Married-civ-spouse,Sales,Husband,White,Male,0,0,45,United-States,<=50K
46,Local-gov,88564,Some-college,10,Married-civ-spouse,Handlers-cleaners,Husband,White,Male,0,0,40,United-States,<=50K
37,Self-emp-not-inc,153546,HS-grad,9,Never-married,Farming-fishing,Not-in-family,White,Male,0,0,86,United-States,<=50K
29,Private,161092,Assoc-acdm,12,Married-civ-spouse,Prof-specialty,Husband,White,Male,0,0,50,United-States,<=50K
24,Private,126613,Bachelors,13,Never-married,Sales,Not-in-family,White,Female,0,0,50,United-States,<=50K
54,Private,85572,HS-grad,9,Married-civ-spouse,Transport-moving,Husband,White,Male,0,0,40,United-States,>50K
37,Private,206541,Some-college,10,Never-married,Exec-managerial,Not-in-family,White,Male,0,0,40,United-States,<=50K
38,?,75024,7th-8th,4,Divorced,?,Not-in-family,White,Female,0,0,40,United-States,<=50K
29,Self-emp-not-inc,75435,Some-college,10,Married-civ-spouse,Prof-specialty,Husband,Amer-Indian-Eskimo,Male,0,0,40,United-States,<=50K
67,Self-emp-inc,116517,Bachelors,13,Widowed,Other-service,Unmarried,White,Female,0,0,35,United-States,<=50K
27,Private,259058,5th-6th,3,Never-married,Transport-moving,Not-in-family,White,Male,0,0,40,Laos,<=50K
29,Self-emp-inc,124454,Bachelors,13,Never-married,Sales,Own-child,White,Female,0,0,40,United-States,<=50K
52,Private,104501,Some-college,10,Married-civ-spouse,Prof-specialty,Husband,White,Male,0,0,40,Germany,>50K
43,Private,291676,Bachelors,13,Married-civ-spouse,Sales,Husband,White,Male,0,0,40,United-States,>50K
47,?,224108,HS-grad,9,Widowed,?,Unmarried,White,Female,0,0,40,United-States,<=50K
22,Private,59380,HS-grad,9,Never-married,Other-service,Own-child,White,Female,0,0,40,United-States,<=50K
17,Private,271274,12th,8,Never-married,Other-service,Own-child,White,Female,0,0,16,United-States,<=50K
30,Self-emp-not-inc,148509,Some-college,10,Divorced,Craft-repair,Not-in-family,White,Male,0,0,35,United-States,<=50K
44,Private,228686,HS-grad,9,Married-civ-spouse,Craft-repair,Husband,Black,Male,0,0,40,?,<=50K
34,Private,97723,Bachelors,13,Married-civ-spouse,Prof-specialty,Husband,White,Male,0,0,40,United-States,>50K
35,Private,112271,Some-college,10,Married-civ-spouse,Craft-repair,Husband,White,Male,0,0,45,United-States,<=50K
57,Private,123780,HS-grad,9,Married-civ-spouse,Adm-clerical,Wife,White,Female,0,0,45,United-States,<=50K
20,?,173704,Some-college,10,Never-married,?,Own-child,White,Male,0,0,20,United-States,<=50K
48,Self-emp-inc,301251,Masters,14,Married-civ-spouse,Other-service,Husband,White,Male,0,0,40,United-States,<=50K
33,Private,258102,Some-college,10,Married-civ-spouse,Craft-repair,Wife,White,Female,0,0,60,United-States,<=50K
62,Self-emp-inc,354201,Bachelors,13,Married-civ-spouse,Exec-managerial,Husband,White,Male,0,0,50,United-States,>50K
42,Private,115178,Bachelors,13,Divorced,Prof-specialty,Unmarried,White,Female,0,0,15,United-States,<=50K
32,Private,316769,11th,7,Never-married,Other-service,Unmarried,Black,Female,0,0,40,Jamaica,<=50K
51,Private,185283,Some-college,10,Married-civ-spouse,Exec-managerial,Husband,White,Male,0,0,45,United-States,>50K
41,Private,288679,HS-grad,9,Married-civ-spouse,Craft-repair,Husband,White,Male,0,0,40,United-States,<=50K
26,Private,24273,HS-grad,9,Married-civ-spouse,Machine-op-inspct,Husband,White,Male,0,0,40,Mexico,<=50K
55,Private,110748,Bachelors,13,Married-civ-spouse,Exec-managerial,Husband,White,Male,0,1887,40,United-States,>50K
41,Private,112139,HS-grad,9,Married-civ-spouse,Machine-op-inspct,Husband,White,Male,0,0,45,United-States,<=50K
71,State-gov,210673,HS-grad,9,Married-civ-spouse,Protective-serv,Husband,White,Male,0,0,28,United-States,<=50K
42,Private,548580,Some-college,10,Divorced,Farming-fishing,Not-in-family,White,Male,0,0,40,United-States,<=50K
48,Private,193132,Masters,14,Married-civ-spouse,Exec-managerial,Husband,White,Male,0,0,60,United-States,>50K
38,Private,155574,HS-grad,9,Separated,Sales,Not-in-family,White,Male,0,0,60,United-States,<=50K
45,Self-emp-not-inc,314659,Bachelors,13,Married-civ-spouse,Sales,Husband,White,Male,2829,0,60,United-States,<=50K
30,Private,148254,HS-grad,9,Married-spouse-absent,Adm-clerical,Not-in-family,White,Female,0,0,40,United-States,<=50K
29,Local-gov,220419,Bachelors,13,Never-married,Protective-serv,Not-in-family,White,Male,0,0,56,United-States,<=50K
38,Private,154669,HS-grad,9,Separated,Sales,Not-in-family,White,Male,0,0,60,United-States,<=50K
22,Private,215419,Some-college,10,Married-civ-spouse,Other-service,Husband,Amer-Indian-Eskimo,Male,0,0,40,United-States,<=50K
23,Private,203924,Some-college,10,Never-married,Adm-clerical,Not-in-family,White,Female,0,0,40,United-States,<=50K
44,Self-emp-inc,220230,HS-grad,9,Married-civ-spouse,Other-service,Husband,Black,Male,0,0,48,United-States,<=50K
77,Self-emp-not-inc,182691,Bachelors,13,Widowed,Prof-specialty,Not-in-family,White,Female,0,0,20,United-States,<=50K
26,Private,142075,Bachelors,13,Never-married,Prof-specialty,Not-in-family,White,Male,0,0,45,?,<=50K
43,Self-emp-inc,240504,Some-college,10,Married-civ-spouse,Exec-managerial,Husband,White,Male,0,0,70,United-States,>50K
39,Private,67243,Assoc-voc,11,Never-married,Prof-specialty,Not-in-family,White,Female,4416,0,32,United-States,<=50K
42,Private,66118,Some-college,10,Divorced,Machine-op-inspct,Not-in-family,White,Female,0,0,40,United-States,<=50K
26,Federal-gov,27016,Assoc-voc,11,Never-married,Adm-clerical,Not-in-family,Other,Male,0,0,55,United-States,<=50K
45,Private,242375,HS-grad,9,Never-married,Transport-moving,Not-in-family,White,Male,0,0,40,United-States,<=50K
52,Self-emp-inc,75024,HS-grad,9,Married-civ-spouse,Sales,Husband,Asian-Pac-Islander,Male,0,0,40,United-States,>50K
48,Private,355856,Bachelors,13,Married-civ-spouse,Prof-specialty,Husband,White,Male,0,0,45,Canada,>50K
73,Private,29675,HS-grad,9,Widowed,Other-service,Other-relative,White,Female,0,0,12,United-States,<=50K
47,Private,107682,HS-grad,9,Divorced,Adm-clerical,Unmarried,White,Female,0,0,48,United-States,<=50K
38,Private,34996,Some-college,10,Separated,Other-service,Unmarried,White,Female,0,0,40,United-States,<=50K
34,Private,430195,Some-college,10,Married-civ-spouse,Exec-managerial,Husband,White,Male,0,0,45,United-States,<=50K
28,Private,181096,Bachelors,13,Married-civ-spouse,Exec-managerial,Husband,White,Male,0,0,50,England,>50K
29,Private,272618,HS-grad,9,Married-civ-spouse,Adm-clerical,Husband,White,Male,0,0,30,Mexico,<=50K
35,Private,101073,Some-college,10,Married-civ-spouse,Transport-moving,Husband,White,Male,0,0,45,United-States,>50K
54,Federal-gov,439608,Some-college,10,Divorced,Adm-clerical,Not-in-family,White,Female,0,0,40,United-States,<=50K
48,Private,162236,Bachelors,13,Divorced,Exec-managerial,Not-in-family,White,Female,0,0,50,United-States,>50K
39,Private,245053,Bachelors,13,Married-civ-spouse,Prof-specialty,Husband,White,Male,0,0,50,United-States,>50K
44,Private,228921,HS-grad,9,Married-civ-spouse,Craft-repair,Husband,Black,Male,0,0,40,?,<=50K
34,Private,404062,Some-college,10,Divorced,Machine-op-inspct,Not-in-family,White,Female,0,0,40,United-States,<=50K
35,Private,176900,Assoc-voc,11,Divorced,Craft-repair,Not-in-family,White,Male,0,0,40,United-States,<=50K
46,Private,212900,11th,7,Married-civ-spouse,Craft-repair,Husband,White,Male,0,0,32,United-States,<=50K
37,State-gov,77357,Prof-school,15,Married-civ-spouse,Prof-specialty,Wife,White,Female,0,0,39,United-States,>50K
29,Private,163167,HS-grad,9,Divorced,Sales,Own-child,White,Male,0,0,40,United-States,<=50K
20,Private,367240,Some-college,10,Never-married,Other-service,Own-child,White,Female,0,0,20,United-States,<=50K
31,Private,182237,10th,6,Separated,Transport-moving,Unmarried,White,Male,0,0,40,United-States,<=50K
37,Self-emp-not-inc,153870,HS-grad,9,Never-married,Farming-fishing,Not-in-family,White,Male,0,0,86,United-States,<=50K
56,Self-emp-not-inc,29675,Prof-school,15,Married-civ-spouse,Prof-specialty,Husband,White,Male,0,0,55,England,>50K
46,Private,167333,HS-grad,9,Married-civ-spouse,Craft-repair,Husband,White,Male,0,0,40,United-States,>50K
44,Private,322789,HS-grad,9,Separated,Machine-op-inspct,Own-child,Black,Male,0,0,40,United-States,<=50K
36,Private,267556,HS-grad,9,Married-civ-spouse,Craft-repair,Husband,White,Male,4064,0,40,United-States,<=50K
55,Private,243436,HS-grad,9,Divorced,Sales,Unmarried,White,Female,0,0,37,United-States,<=50K
47,Private,151580,Prof-school,15,Married-civ-spouse,Exec-managerial,Husband,White,Male,7688,0,60,United-States,>50K
25,Private,207258,7th-8th,4,Married-civ-spouse,Handlers-cleaners,Husband,White,Male,0,0,40,Mexico,<=50K
34,Private,209808,Some-college,10,Married-civ-spouse,Adm-clerical,Husband,White,Male,0,0,40,United-States,>50K
71,Private,125010,HS-grad,9,Widowed,Adm-clerical,Not-in-family,White,Female,0,0,40,United-States,<=50K
44,Private,228457,HS-grad,9,Married-civ-spouse,Craft-repair,Husband,Black,Male,0,0,40,?,<=50K
58,Self-emp-not-inc,165315,HS-grad,9,Married-civ-spouse,Sales,Husband,White,Male,0,0,35,United-States,>50K
67,Private,221281,HS-grad,9,Divorced,Adm-clerical,Not-in-family,White,Female,0,0,15,United-States,<=50K
20,Private,163333,HS-grad,9,Never-married,Handlers-cleaners,Own-child,White,Female,0,0,20,United-States,<=50K
58,?,210064,HS-grad,9,Divorced,?,Unmarried,White,Male,0,0,40,United-States,<=50K
44,Private,173411,Bachelors,13,Married-civ-spouse,Exec-managerial,Husband,White,Male,0,0,40,United-States,>50K
22,?,219835,Some-college,10,Never-married,?,Own-child,Black,Male,0,0,40,United-States,<=50K
25,Private,367240,Assoc-acdm,12,Divorced,Other-service,Not-in-family,White,Female,0,0,32,United-States,<=50K
31,Private,182378,10th,6,Separated,Transport-moving,Unmarried,White,Male,0,0,40,United-States,<=50K
73,Private,299347,HS-grad,9,Widowed,Other-service,Other-relative,White,Female,0,0,12,United-States,<=50K
71,State-gov,210031,HS-grad,9,Married-civ-spouse,Protective-serv,Husband,White,Male,0,0,28,United-States,<=50K
38,Private,154493,HS-grad,9,Separated,Sales,Not-in-family,White,Male,0,0,60,United-States,<=50K
26,Private,272209,Bachelors,13,Married-civ-spouse,Sales,Husband,White,Male,0,0,55,United-States,<=50K
34,Private,404062,Some-college,10,Divorced,Machine-op-inspct,Not-in-family,White,Female,0,0,40,United-States,<=50K
27,Private,142182,Some-college,10,Never-married,Other-service,Own-child,White,Male,0,0,24,United-States,<=50K
37,Private,227890,Bachelors,13,Married-civ-spouse,Sales,Husband,White,Male,0,0,55,United-States,>50K
41,Federal-gov,373606,Some-college,10,Married-civ-spouse,Exec-managerial,Husband,Black,Male,0,0,40,United-States,>50K
55,Private,85041,HS-grad,9,Married-civ-spouse,Priv-house-serv,Wife,White,Female,0,0,30,United-States,<=50K
77,Self-emp-not-inc,182926,Bachelors,13,Widowed,Prof-specialty,Not-in-family,White,Female,0,0,20,United-States,<=50K
19,Private,121972,HS-grad,9,Never-married,Other-service,Own-child,Black,Male,0,0,40,United-States,<=50K
40,Private,135102,Assoc-acdm,12,Divorced,Adm-clerical,Unmarried,White,Female,0,0,40,United-States,<=50K
30,Private,496025,Some-college,10,Married-civ-spouse,Transport-moving,Husband,White,Male,0,0,80,United-States,>50K
46,State-gov,102628,Masters,14,Widowed,Protective-serv,Unmarried,White,Male,0,0,40,United-States,<=50K
23,Private,176486,Some-college,10,Never-married,Other-service,Other-relative,White,Female,0,0,25,United-States,<=50K
21,Private,29254,HS-grad,9,Never-married,Sales,Not-in-family,White,Male,0,0,60,United-States,<=50K
24,Private,402848,HS-grad,9,Married-civ-spouse,Craft-repair,Husband,White,Male,0,0,60,United-States,<=50K
42,Private,34377,5th-6th,3,Married-civ-spouse,Other-service,Husband,White,Male,0,0,44,Mexico,<=50K
39,Self-emp-not-inc,190023,Bachelors,13,Married-civ-spouse,Sales,Husband,White,Male,0,0,60,United-States,<=50K
42,Private,333119,HS-grad,9,Divorced,Machine-op-inspct,Not-in-family,White,Male,0,0,40,United-States,<=50K
31,Private,122609,HS-grad,9,Divorced,Adm-clerical,Unmarried,White,Female,0,0,40,United-States,<=50K
19,Private,151801,10th,6,Never-married,Handlers-cleaners,Own-child,White,Male,0,0,39,United-States,<=50K
20,Private,33323,Some-college,10,Never-married,Other-service,Own-child,White,Female,0,0,10,United-States,<=50K
47,Private,262688,Bachelors,13,Never-married,Sales,Not-in-family,Black,Male,0,0,60,United-States,>50K
41,Private,191517,HS-grad,9,Married-civ-spouse,Adm-clerical,Own-child,White,Male,0,0,40,United-States,<=50K
36,Private,224566,HS-grad,9,Married-civ-spouse,Craft-repair,Husband,White,Male,7298,0,40,United-States,>50K
38,Private,154641,HS-grad,9,Separated,Sales,Not-in-family,White,Male,0,0,60,United-States,<=50K
27,Private,168539,Bachelors,13,Married-civ-spouse,Exec-managerial,Husband,White,Male,0,0,40,United-States,<=50K
31,Private,193132,Bachelors,13,Never-married,Tech-support,Not-in-family,White,Female,0,0,42,United-States,<=50K
40,Private,113732,HS-grad,9,Married-civ-spouse,Machine-op-inspct,Husband,White,Male,0,0,40,United-States,<=50K
36,Private,118909,Assoc-acdm,12,Never-married,Adm-clerical,Unmarried,Black,Female,0,0,40,Jamaica,<=50K
30,Private,361493,Some-college,10,Married-civ-spouse,Exec-managerial,Husband,White,Male,0,0,50,United-States,<=50K
32,Private,198362,Some-college,10,Divorced,Exec-managerial,Not-in-family,White,Female,0,0,38,United-States,<=50K
29,Private,128401,Bachelors,13,Married-civ-spouse,Sales,Husband,White,Male,0,0,45,United-States,<=50K
25,Private,36039,Bachelors,13,Never-married,Sales,Not-in-family,White,Male,3325,0,40,United-States,<=50K
20,Private,245275,Some-college,10,Never-married,Craft-repair,Own-child,White,Male,0,0,40,United-States,<=50K
30,Private,48718,Some-college,10,Married-civ-spouse,Transport-moving,Husband,White,Male,0,0,80,United-States,>50K
25,Private,371382,Assoc-acdm,12,Divorced,Other-service,Not-in-family,White,Female,0,0,32,United-States,<=50K
79,?,142566,Prof-school,15,Married-civ-spouse,?,Husband,White,Male,0,0,10,United-States,<=50K
20,Private,33619,HS-grad,9,Never-married,Transport-moving,Own-child,White,Male,0,0,40,United-States,<=50K
41,Private,149210,Bachelors,13,Married-civ-spouse,Exec-managerial,Husband,White,Male,0,0,60,United-States,>50K
52,Private,200997,Bachelors,13,Divorced,Exec-managerial,Not-in-family,White,Male,0,0,40,?,<=50K
22,Private,168539,HS-grad,9,Never-married,Sales,Unmarried,White,Female,0,0,40,United-States,<=50K
23,State-gov,61178,5th-6th,3,Never-married,Transport-moving,Not-in-family,White,Male,0,0,35,United-States,<=50K
24,Private,403671,5th-6th,3,Never-married,Handlers-cleaners,Other-relative,White,Male,0,0,40,Mexico,<=50K
50,Private,205803,Masters,14,Married-civ-spouse,Sales,Husband,White,Male,15024,0,40,United-States,>50K
24,Private,41834,Some-college,10,Married-civ-spouse,Craft-repair,Husband,White,Male,2387,0,40,United-States,<=50K
67,Private,36943,Doctorate,16,Divorced,Exec-managerial,Not-in-family,White,Male,99999,0,60,United-States,>50K
33,Local-gov,39222,HS-grad,9,Married-civ-spouse,Protective-serv,Husband,White,Male,0,0,56,United-States,<=50K
18,?,171892,Some-college,10,Never-married,?,Own-child,Black,Female,0,0,24,United-States,<=50K
49,Private,117017,Bachelors,13,Married-civ-spouse,Sales,Husband,White,Male,0,0,60,United-States,<=50K
38,Federal-gov,39089,HS-grad,9,Never-married,Transport-moving,Not-in-family,White,Male,6849,0,50,United-States,<=50K
61,Local-gov,149981,HS-grad,9,Widowed,Adm-clerical,Not-in-family,White,Female,0,0,40,United-States,<=50K
53,Private,250034,Bachelors,13,Married-civ-spouse,Exec-managerial,Husband,Black,Male,0,0,50,United-States,>50K
63,Private,271274,HS-grad,9,Married-civ-spouse,Craft-repair,Husband,White,Male,0,0,29,United-States,<=50K
59,Private,168416,HS-grad,9,Married-spouse-absent,Priv-house-serv,Not-in-family,White,Female,0,0,36,Poland,<=50K
19,Private,119529,Some-college,10,Never-married,Other-service,Own-child,White,Female,0,0,15,United-States,<=50K
17,Private,243878,11th,7,Never-married,Other-service,Own-child,White,Male,0,0,12,United-States,<=50K
39,Private,33487,11th,7,Married-civ-spouse,Machine-op-inspct,Husband,White,Male,0,0,40,United-States,<=50K
63,Private,86808,HS-grad,9,Widowed,Farming-fishing,Not-in-family,White,Male,0,0,6,United-States,<=50K
21,Private,73392,Some-college,10,Never-married,Exec-managerial,Own-child,White,Female,0,0,40,United-States,<=50K
22,Private,112693,HS-grad,9,Married-civ-spouse,Craft-repair,Husband,White,Male,0,0,35,United-States,<=50K
29,Private,309778,Bachelors,13,Never-married,Craft-repair,Not-in-family,White,Male,0,0,40,United-States,<=50K
27,Private,122609,Bachelors,13,Never-married,Sales,Not-in-family,White,Female,0,0,40,United-States,<=50K
26,?,208994,Some-college,10,Never-married,?,Own-child,White,Male,0,0,12,United-States,<=50K
17,Private,355320,HS-grad,9,Never-married,Other-service,Own-child,White,Male,0,0,40,United-States,<=50K
47,Local-gov,128401,Doctorate,16,Never-married,Prof-specialty,Unmarried,White,Female,0,0,40,United-States,<=50K
42,Private,34037,Doctorate,16,Never-married,Prof-specialty,Not-in-family,White,Male,0,0,50,United-States,<=50K
50,Private,65408,HS-grad,9,Married-civ-spouse,Craft-repair,Husband,White,Male,0,0,50,United-States,>50K
22,Private,215074,HS-grad,9,Never-married,Other-service,Own-child,White,Female,0,0,40,Germany,<=50K
37,Self-emp-not-inc,420054,Some-college,10,Married-civ-spouse,Farming-fishing,Husband,White,Male,0,0,84,United-States,<=50K
22,Private,215419,HS-grad,9,Never-married,Other-service,Own-child,White,Female,0,0,40,Germany,<=50K
48,Private,167375,Masters,14,Married-civ-spouse,Exec-managerial,Husband,White,Male,0,0,40,United-States,>50K
20,State-gov,178517,Some-college,10,Never-married,Farming-fishing,Not-in-family,White,Male,0,0,40,United-States,<=50K
29,Local-gov,115178,Assoc-voc,11,Married-civ-spouse,Protective-serv,Husband,White,Male,7688,0,40,United-States,>50K
24,State-gov,322789,Bachelors,13,Never-married,Exec-managerial,Not-in-family,White,Female,0,0,40,United-States,<=50K
33,Private,217530,HS-grad,9,Married-civ-spouse,Sales,Husband,White,Male,0,0,20,United-States,<=50K
49,Private,157569,HS-grad,9,Married-civ-spouse,Craft-repair,Husband,White,Male,0,0,40,United-States,<=50K
65,?,322658,HS-grad,9,Widowed,?,Unmarried,White,Female,0,0,40,United-States,<=50K
43,Private,172618,HS-grad,9,Married-civ-spouse,Sales,Husband,White,Male,0,0,40,United-States,>50K
34,Self-emp-not-inc,197495,HS-grad,9,Married-civ-spouse,Craft-repair,Husband,White,Male,0,0,40,United-States,<=50K
49,Private,34037,Masters,14,Married-civ-spouse,Sales,Husband,White,Male,0,0,40,United-States,>50K
38,Private,172618,Bachelors,13,Married-civ-spouse,Tech-support,Husband,White,Male,0,1977,40,United-States,>50K
31,Private,199539,HS-grad,9,Divorced,Adm-clerical,Not-in-family,White,Female,0,0,40,Germany,<=50K
43,Private,137126,Some-college,10,Married-civ-spouse,Exec-managerial,Husband,White,Male,0,0,40,United-States,>50K
60,Private,209808,HS-grad,9,Divorced,Protective-serv,Not-in-family,White,Male,0,0,40,United-States,<=50K
32,Private,72338,HS-grad,9,Married-civ-spouse,Craft-repair,Husband,White,Male,0,0,40,United-States,<=50K
33,Self-emp-inc,28738,Some-college,10,Married-civ-spouse,Exec-managerial,Husband,White,Male,0,0,50,United-States,>50K
39,Local-gov,282461,Assoc-voc,11,Married-civ-spouse,Protective-serv,Husband,White,Male,0,0,40,United-States,>50K
33,Private,170217,Bachelors,13,Married-civ-spouse,Exec-managerial,Husband,White,Male,0,0,50,United-States,>50K
33,Private,100154,10th,6,Separated,Handlers-cleaners,Not-in-family,White,Male,0,0,40,United-States,<=50K
19,State-gov,159032,Some-college,10,Never-married,Adm-clerical,Own-child,White,Male,0,0,15,United-States,<=50K
55,Private,191256,HS-grad,9,Married-civ-spouse,Sales,Husband,White,Male,0,0,40,United-States,<=50K
53,Federal-gov,117802,Assoc-acdm,12,Married-civ-spouse,Adm-clerical,Husband,White,Male,0,0,40,United-States,<=50K
47,Local-gov,171705,HS-grad,9,Divorced,Adm-clerical,Not-in-family,White,Female,0,0,40,United-States,<=50K
27,State-gov,55720,Bachelors,13,Married-civ-spouse,Protective-serv,Wife,Black,Female,0,0,48,United-States,<=50K
28,Private,269353,HS-grad,9,Never-married,Transport-moving,Unmarried,White,Male,0,0,50,United-States,<=50K
48,Self-emp-not-inc,373606,Some-college,10,Divorced,Sales,Unmarried,White,Male,0,0,65,United-States,>50K
49,Private,234320,7th-8th,4,Never-married,Prof-specialty,Other-relative,Black,Male,0,0,45,United-States,<=50K
51,Private,163052,HS-grad,9,Married-civ-spouse,Protective-serv,Husband,White,Male,0,0,40,United-States,>50K
51,Private,176486,HS-grad,9,Married-civ-spouse,Machine-op-inspct,Husband,White,Male,0,0,48,United-States,<=50K
35,Private,224108,Some-college,10,Never-married,Exec-managerial,Not-in-family,White,Male,0,0,60,United-States,<=50K
21,Private,287008,HS-grad,9,Never-married,Other-service,Own-child,White,Male,0,0,35,United-States,<=50K
22,Private,210781,Bachelors,13,Never-married,Adm-clerical,Own-child,White,Female,0,0,40,United-States,<=50K
39,Private,231714,Bachelors,13,Never-married,Sales,Own-child,White,Male,0,1092,40,Germany,<=50K
43,Self-emp-inc,208326,Prof-school,15,Married-civ-spouse,Prof-specialty,Husband,White,Male,0,0,25,United-States,>50K
31,Private,235786,HS-grad,9,Never-married,Handlers-cleaners,Not-in-family,White,Male,0,0,60,United-States,<=50K
51,Private,106679,Bachelors,13,Married-civ-spouse,Exec-managerial,Husband,White,Male,5178,0,60,United-States,>50K
38,Federal-gov,30687,Some-college,10,Divorced,Adm-clerical,Unmarried,White,Female,0,0,40,United-States,<=50K
44,Private,202053,Bachelors,13,Married-civ-spouse,Exec-managerial,Husband,White,Male,15024,0,45,United-States,>50K
29,Local-gov,115305,Assoc-voc,11,Married-civ-spouse,Protective-serv,Husband,White,Male,7688,0,40,United-States,>50K
52,Self-emp-inc,74712,HS-grad,9,Married-civ-spouse,Sales,Husband,Asian-Pac-Islander,Male,0,0,40,United-States,>50K
51,Local-gov,250782,Doctorate,16,Divorced,Prof-specialty,Not-in-family,White,Female,0,0,45,United-States,>50K
55,Private,92215,HS-grad,9,Divorced,Adm-clerical,Not-in-family,White,Female,0,0,40,United-States,<=50K
48,Self-emp-inc,300681,Masters,14,Married-civ-spouse,Other-service,Husband,White,Male,0,0,40,United-States,<=50K
30,Private,171429,Bachelors,13,Married-spouse-absent,Sales,Not-in-family,White,Female,0,0,50,United-States,<=50K
28,Local-gov,135567,Bachelors,13,Never-married,Adm-clerical,Not-in-family,Black,Female,4101,0,60,United-States,<=50K
42,Self-emp-not-inc,176900,Bachelors,13,Married-spouse-absent,Exec-managerial,Not-in-family,White,Male,0,0,45,Poland,<=50K
19,Private,165484,Some-college,10,Never-married,Sales,Own-child,White,Female,0,0,20,United-States,<=50K
18,Private,30101,HS-grad,9,Never-married,Other-service,Own-child,White,Female,0,0,20,United-States,<=50K
31,Private,191983,Bachelors,13,Married-civ-spouse,Prof-specialty,Husband,White,Male,0,0,40,United-States,>50K
27,State-gov,553473,Bachelors,13,Married-civ-spouse,Protective-serv,Wife,Black,Female,0,0,48,United-States,<=50K
39,Private,149981,Some-college,10,Married-civ-spouse,Craft-repair,Husband,White,Male,0,0,55,United-States,>50K
38,Private,216385,HS-grad,9,Married-civ-spouse,Machine-op-inspct,Husband,Black,Male,0,1740,40,Haiti,<=50K
19,State-gov,57101,12th,8,Never-married,Transport-moving,Own-child,Black,Male,0,0,20,United-States,<=50K
31,Private,37546,Bachelors,13,Never-married,Prof-specialty,Not-in-family,White,Female,0,0,40,United-States,<=50K
37,Self-emp-not-inc,420054,Some-college,10,Married-civ-spouse,Farming-fishing,Husband,White,Male,0,0,84,United-States,<=50K
27,Private,382272,HS-grad,9,Never-married,Farming-fishing,Other-relative,White,Male,0,0,40,Mexico,<=50K
50,Private,65408,HS-grad,9,Married-civ-spouse,Craft-repair,Husband,White,Male,0,0,50,United-States,>50K
71,Private,124963,HS-grad,9,Widowed,Adm-clerical,Not-in-family,White,Female,0,0,40,United-States,<=50K
28,Private,405713,HS-grad,9,Married-civ-spouse,Adm-clerical,Husband,Black,Male,0,0,40,United-States,<=50K
21,Private,316769,Some-college,10,Never-married,Prof-specialty,Own-child,White,Male,0,0,30,United-States,<=50K
35,Private,268620,HS-grad,9,Divorced,Other-service,Not-in-family,White,Female,0,0,45,United-States,<=50K
28,Private,231793,Bachelors,13,Never-married,Prof-specialty,Not-in-family,White,Male,0,0,45,United-States,<=50K
40,Private,402848,Assoc-voc,11,Never-married,Prof-specialty,Not-in-family,White,Female,0,0,50,United-States,<=50K
51,Private,57637,HS-grad,9,Divorced,Other-service,Not-in-family,White,Female,0,0,32,United-States,<=50K
45,Private,102318,Assoc-voc,11,Married-civ-spouse,Exec-managerial,Husband,White,Male,0,0,45,United-States,>50K
46,Self-emp-inc,214627,Doctorate,16,Married-civ-spouse,Prof-specialty,Husband,White,Male,0,0,60,United-States,>50K
23,Private,240504,5th-6th,3,Never-married,Handlers-cleaners,Not-in-family,White,Male,0,0,55,Mexico,<=50K
23,Self-emp-not-inc,188925,HS-grad,9,Married-civ-spouse,Handlers-cleaners,Own-child,White,Male,0,0,40,United-States,<=50K
24,Self-emp-not-inc,172401,Assoc-acdm,12,Never-married,Craft-repair,Own-child,White,Male,0,0,40,United-States,<=50K
32,Private,160261,HS-grad,9,Never-married,Handlers-cleaners,Own-child,White,Male,0,0,50,United-States,<=50K
25,Private,208326,7th-8th,4,Married-civ-spouse,Handlers-cleaners,Husband,White,Male,0,0,40,Mexico,<=50K
26,Private,275395,Bachelors,13,Married-civ-spouse,Sales,Husband,White,Male,0,0,55,United-States,<=50K
38,Private,27016,HS-grad,9,Married-civ-spouse,Farming-fishing,Husband,White,Male,0,0,43,United-States,<=50K
20,Private,178517,Some-college,10,Never-married,Other-service,Own-child,White,Male,0,0,30,United-States,<=50K
47,Self-emp-not-inc,94100,Bachelors,13,Never-married,Farming-fishing,Not-in-family,White,Male,0,0,65,United-States,<=50K
19,?,199118,Some-college,10,Never-married,?,Own-child,White,Male,0,0,60,United-States,<=50K
52,Private,137304,HS-grad,9,Divorced,Craft-repair,Unmarried,White,Female,0,0,40,United-States,<=50K
35,Private,187693,HS-grad,9,Never-married,Machine-op-inspct,Own-child,White,Male,0,0,40,United-States,<=50K
39,Private,82540,Some-college,10,Married-civ-spouse,Exec-managerial,Husband,White,Male,0,0,60,United-States,<=50K
65,Local-gov,240137,11th,7,Married-civ-spouse,Transport-moving,Husband,White,Male,0,0,35,United-States,<=50K
27,Private,194097,9th,5,Never-married,Other-service,Own-child,White,Male,0,0,50,Mexico,<=50K
22,Private,150499,Some-college,10,Never-married,Adm-clerical,Own-child,White,Female,0,0,20,United-States,<=50K
37,Private,198258,Some-college,10,Married-civ-spouse,Other-service,Wife,White,Female,0,0,40,United-States,<=50K
29,Private,178244,HS-grad,9,Married-civ-spouse,Machine-op-inspct,Husband,White,Male,0,0,40,United-States,<=50K
24,Private,181608,HS-grad,9,Never-married,Handlers-cleaners,Own-child,Black,Male,0,0,40,United-States,<=50K
21,Private,74680,Some-college,10,Never-married,Exec-managerial,Own-child,White,Female,0,0,40,United-States,<=50K
31,Private,272069,Assoc-voc,11,Divorced,Transport-moving,Not-in-family,White,Male,0,0,40,United-States,<=50K
29,Self-emp-inc,124959,Bachelors,13,Never-married,Sales,Own-child,White,Female,0,0,40,United-States,<=50K
27,Private,34273,Assoc-voc,11,Never-married,Prof-specialty,Not-in-family,White,Female,0,1876,36,Canada,<=50K
66,Private,33619,HS-grad,9,Married-civ-spouse,Other-service,Husband,Black,Male,0,0,4,United-States,<=50K
36,Self-emp-not-inc,189382,Doctorate,16,Separated,Prof-specialty,Unmarried,White,Female,0,0,10,Canada,<=50K
34,Local-gov,143078,Preschool,1,Never-married,Adm-clerical,Own-child,Black,Female,0,0,25,United-States,<=50K
43,Private,172694,HS-grad,9,Married-civ-spouse,Sales,Husband,White,Male,0,0,40,United-States,>50K
36,Local-gov,198068,Bachelors,13,Divorced,Prof-specialty,Unmarried,Black,Female,0,0,40,United-States,<=50K
51,Local-gov,252079,Doctorate,16,Divorced,Prof-specialty,Not-in-family,White,Female,0,0,45,United-States,>50K
29,Private,227890,HS-grad,9,Never-married,Protective-serv,Other-relative,Black,Male,0,0,40,United-States,<=50K
31,Private,117963,HS-grad,9,Never-married,Handlers-cleaners,Not-in-family,White,Male,0,0,60,United-States,<=50K
25,Private,130532,Some-college,10,Divorced,Other-service,Not-in-family,White,Male,0,0,30,United-States,<=50K
33,Private,170091,Bachelors,13,Married-civ-spouse,Exec-managerial,Husband,White,Male,0,0,50,United-States,>50K
56,Self-emp-inc,216867,12th,8,Married-civ-spouse,Exec-managerial,Husband,White,Male,0,1651,40,United-States,<=50K
30,Private,87418,Bachelors,13,Married-civ-spouse,Exec-managerial,Husband,White,Male,0,0,45,United-States,>50K
22,Private,309974,7th-8th,4,Married-civ-spouse,Handlers-cleaners,Husband,White,Male,0,0,40,United-States,<=50K
23,Private,180010,Bachelors,13,Never-married,Machine-op-inspct,Own-child,White,Male,0,0,50,United-States,<=50K
23,Private,120046,Assoc-acdm,12,Never-married,Adm-clerical,Own-child,White,Male,0,0,40,United-States,<=50K
35,Private,175643,Assoc-voc,11,Divorced,Prof-specialty,Unmarried,White,Female,0,0,40,United-States,>50K
35,Private,276153,Bachelors,13,Never-married,Tech-support,Not-in-family,Asian-Pac-Islander,Female,4650,0,40,United-States,<=50K
39,Private,67243,Assoc-voc,11,Never-married,Prof-specialty,Not-in-family,White,Female,4650,0,32,United-States,<=50K
24,Private,281356,1st-4th,2,Never-married,Farming-fishing,Not-in-family,Other,Male,0,0,66,Mexico,<=50K
37,Private,38948,HS-grad,9,Married-civ-spouse,Transport-moving,Husband,White,Male,0,0,50,United-States,<=50K
70,Self-emp-inc,243436,9th,5,Divorced,Sales,Not-in-family,White,Male,0,0,45,United-States,<=50K
55,Private,191367,HS-grad,9,Married-civ-spouse,Sales,Husband,White,Male,0,0,40,United-States,<=50K
50,Private,216867,HS-grad,9,Married-civ-spouse,Craft-repair,Husband,White,Male,0,0,40,United-States,>50K
45,Private,102318,Assoc-voc,11,Married-civ-spouse,Exec-managerial,Husband,White,Male,0,0,45,United-States,>50K
43,Private,33551,HS-grad,9,Married-civ-spouse,Handlers-cleaners,Husband,Black,Male,0,0,40,United-States,<=50K
43,Private,177937,Bachelors,13,Never-married,Prof-specialty,Not-in-family,White,Male,0,0,40,?,>50K
43,Private,265086,11th,7,Never-married,Other-service,Not-in-family,Black,Male,0,0,40,United-States,<=50K
52,Self-emp-inc,89041,Masters,14,Married-civ-spouse,Exec-managerial,Husband,White,Male,20051,0,60,United-States,>50K
39,Private,150042,Some-college,10,Married-civ-spouse,Craft-repair,Husband,White,Male,0,0,55,United-States,>50K
50,Private,194004,HS-grad,9,Married-civ-spouse,Exec-managerial,Husband,White,Male,0,0,60,United-States,<=50K
