age,workclass,fnlwgt,education,education-num,marital-status,occupation,relationship,race,sex,capital-gain,capital-loss,hours-per-week,native-country,income
28,Private,632733,Masters,14,Married-civ-spouse,Sales,Husband,White,Male,0,0,60,United-States,>50K
35,Private,208872,HS-grad,9,Married-civ-spouse,Transport-moving,Husband,White,Male,0,0,60,United-States,<=50K
29,Private,271933,HS-grad,9,Married-civ-spouse,Adm-clerical,Husband,White,Male,0,0,30,Mexico,<=50K
49,State-gov,336167,10th,6,Married-civ-spouse,Other-service,Husband,White,Male,0,0,40,United-States,<=50K
63,Self-emp-not-inc,795830,1st-4th,2,Widowed,Other-service,Unmarried,White,Female,0,0,30,El-Salvador,<=50K
53,Private,240504,HS-grad,9,Divorced,Adm-clerical,Unmarried,White,Female,0,0,40,United-States,<=50K
41,Self-emp-not-inc,198145,Bachelors,13,Married-civ-spouse,Farming-fishing,Husband,White,Male,0,0,75,United-States,>50K
38,Private,138111,Prof-school,15,Married-civ-spouse,Prof-specialty,Husband,Asian-Pac-Islander,Male,0,0,37,Iran,<=50K
50,Private,337505,Some-college,10,Married-civ-spouse,Craft-repair,Husband,White,Male,0,0,40,United-States,>50K
33,Self-emp-not-inc,183778,Assoc-acdm,12,Divorced,Sales,Not-in-family,White,Male,0,0,40,United-States,<=50K
33,Local-gov,403911,HS-grad,9,Married-civ-spouse,Protective-serv,Husband,White,Male,0,0,56,United-States,<=50K
30,Private,169628,Assoc-acdm,12,Never-married,Other-service,Other-relative,Asian-Pac-Islander,Male,0,0,40,Vietnam,<=50K
19,Private,376540,HS-grad,9,Never-married,Adm-clerical,Not-in-family,White,Female,0,0,30,United-States,<=50K
51,Private,54318,HS-grad,9,Married-civ-spouse,Craft-repair,Husband,White,Male,0,0,40,United-States,<=50K
36,?,391192,HS-grad,9,Married-spouse-absent,?,Unmarried,Black,Male,0,0,50,United-States,<=50K
25,Private,130793,Some-college,10,Divorced,Other-service,Not-in-family,White,Male,0,0,30,United-States,<=50K
23,Private,202956,Bachelors,13,Never-married,Prof-specialty,Not-in-family,White,Female,0,0,40,United-States,<=50K
23,Private,91658,Some-college,10,Divorced,Handlers-cleaners,Own-child,White,Male,0,0,40,United-States,<=50K
41,Private,28031,7th-8th,4,Married-civ-spouse,Farming-fishing,Husband,White,Male,0,0,36,United-States,<=50K
51,Private,194097,HS-grad,9,Married-civ-spouse,Protective-serv,Husband,White,Male,0,0,40,United-States,<=50K
30,Private,198953,Bachelors,13,Never-married,Exec-managerial,Not-in-family,Black,Female,0,0,40,United-States,<=50K
38,Private,216149,HS-grad,9,Married-civ-spouse,Machine-op-inspct,Husband,Black,Male,0,1740,40,Haiti,<=50K
59,State-gov,192337,Doctorate,16,Married-civ-spouse,Prof-specialty,Husband,White,Male,0,0,40,United-States,>50K
29,Private,212064,Bachelors,13,Married-civ-spouse,Sales,Husband,White,Male,0,0,40,United-States,<=50K
17,?,255474,10th,6,Never-married,?,Own-child,White,Female,0,0,15,United-States,<=50K
36,Private,193081,Masters,14,Married-civ-spouse,Prof-specialty,Husband,White,Male,0,1977,60,United-States,>50K
39,Self-emp-not-inc,189759,Bachelors,13,Married-civ-spouse,Sales,Husband,White,Male,0,0,60,United-States,<=50K
51,Private,194097,HS-grad,9,Married-civ-spouse,Protective-serv,Husband,White,Male,0,0,40,United-States,<=50K
51,Private,336880,HS-grad,9,Married-civ-spouse,Craft-repair,Husband,White,Male,0,1902,40,United-States,>50K
51,Private,244522,Assoc-acdm,12,Never-married,Adm-clerical,Not-in-family,White,Female,0,0,40,United-States,<=50K
45,Private,106061,11th,7,Married-civ-spouse,Sales,Husband,White,Male,0,0,70,United-States,<=50K
77,Self-emp-not-inc,163687,Preschool,1,Widowed,Exec-managerial,Not-in-family,White,Female,0,0,60,United-States,<=50K
29,Private,107812,HS-grad,9,Divorced,Craft-repair,Not-in-family,White,Male,0,0,40,United-States,<=50K
23,Private,189017,Bachelors,13,Never-married,Sales,Not-in-family,White,Male,0,0,55,United-States,<=50K
22,Private,395297,Some-college,10,Never-married,Prof-specialty,Not-in-family,White,Male,0,0,45,United-States,<=50K
19,Private,134252,HS-grad,9,Never-married,Other-service,Own-child,White,Male,0,0,35,United-States,<=50K
22,Private,50163,HS-grad,9,Never-married,Machine-op-inspct,Own-child,White,Male,0,0,40,United-States,<=50K
44,Self-emp-inc,220603,HS-grad,9,Married-civ-spouse,Other-service,Husband,Black,Male,0,0,48,United-States,<=50K
28,Private,31478,Some-college,10,Married-civ-spouse,Sales,Husband,Amer-Indian-Eskimo,Male,0,0,60,United-States,<=50K
33,Private,39477,Some-college,10,Married-civ-spouse,Handlers-cleaners,Husband,White,Male,0,0,50,United-States,>50K
32,Private,374969,HS-grad,9,Married-civ-spouse,Craft-repair,Husband,White,Male,0,0,40,United-States,<=50K
33,Private,391874,Some-college,10,Married-civ-spouse,Handlers-cleaners,Husband,White,Male,0,0,50,United-States,>50K
29,Private,273402,HS-grad,9,Married-civ-spouse,Adm-clerical,Husband,White,Male,0,0,30,Mexico,<=50K
20,Private,256504,Some-college,10,Never-married,Sales,Own-child,White,Female,0,0,6,United-States,<=50K
44,Local-gov,60735,Bachelors,13,Divorced,Prof-specialty,Own-child,White,Female,0,0,60,United-States,<=50K
55,Local-gov,258102,Prof-school,15,Married-civ-spouse,Prof-specialty,Husband,White,Male,0,1902,40,United-States,>50K
32,State-gov,71151,Bachelors,13,Married-civ-spouse,Tech-support,Husband,White,Male,0,0,20,United-States,<=50K
44,Self-emp-inc,219086,HS-grad,9,Married-civ-spouse,Other-service,Husband,Black,Male,0,0,48,United-States,<=50K
45,Private,185057,Assoc-acdm,12,Divorced,Craft-repair,Not-in-family,White,Male,0,0,40,United-States,<=50K
38,Private,192773,Masters,14,Married-civ-spouse,Prof-specialty,Husband,White,Male,0,0,40,England,>50K
37,Private,191776,Bachelors,13,Married-civ-spouse,Adm-clerical,Husband,White,Male,0,0,50,United-States,>50K
59,Private,194537,HS-grad,9,Married-civ-spouse,Farming-fishing,Husband,White,Male,0,0,48,United-States,<=50K
52,Private,114062,HS-grad,9,Divorced,Craft-repair,Unmarried,White,Female,0,0,40,United-States,<=50K
47,Self-emp-not-inc,184011,HS-grad,9,Separated,Sales,Unmarried,White,Female,0,0,35,United-States,<=50K
35,Self-emp-inc,237713,Prof-school,15,Married-civ-spouse,Prof-specialty,Husband,White,Male,0,0,50,United-States,>50K
71,Private,78277,HS-grad,9,Married-civ-spouse,Craft-repair,Husband,White,Male,0,0,15,United-States,<=50K
38,Private,186982,Bachelors,13,Married-civ-spouse,Prof-specialty,Husband,White,Male,0,0,50,United-States,<=50K
18,?,215039,Some-college,10,Never-married,?,Own-child,White,Female,0,1628,24,United-States,<=50K
50,State-gov,198145,Bachelors,13,Never-married,Exec-managerial,Not-in-family,White,Female,0,0,40,United-States,<=50K
51,Private,245873,Some-college,10,Married-civ-spouse,Adm-clerical,Wife,White,Female,0,0,40,United-States,<=50K
37,Private,199251,Some-college,10,Married-civ-spouse,Other-service,Wife,White,Female,0,0,40,United-States,<=50K
20,State-gov,178551,Some-college,10,Never-married,Farming-fishing,Not-in-family,White,Male,0,0,40,United-States,<=50K
28,Local-gov,168981,Masters,14,Married-civ-spouse,Prof-specialty,Wife,White,Female,7688,0,35,United-States,>50K
40,Private,199018,Bachelors,13,Married-civ-spouse,Adm-clerical,Husband,White,Male,0,0,40,United-States,>50K
29,Private,130793,HS-grad,9,Never-married,Handlers-cleaners,Own-child,White,Male,0,0,25,United-States,<=50K
38,Private,270324,HS-grad,9,Married-civ-spouse,Farming-fishing,Husband,White,Male,0,0,44,United-States,<=50K
51,Local-gov,251346,9th,5,Married-civ-spouse,Other-service,Wife,White,Female,0,0,38,Puerto-Rico,<=50K
38,Private,117017,HS-grad,9,Married-civ-spouse,Machine-op-inspct,Husband,White,Male,0,0,65,United-States,>50K
70,?,148549,HS-grad,9,Widowed,?,Not-in-family,White,Female,3103,0,12,United-States,<=50K
61,Private,198103,7th-8th,4,Married-civ-spouse,Machine-op-inspct,Husband,White,Male,0,0,40,United-States,<=50K
26,Private,33234,Some-college,10,Never-married,Craft-repair,Unmarried,Asian-Pac-Islander,Male,0,0,37,Taiwan,<=50K
28,Private,191177,Assoc-voc,11,Divorced,Prof-specialty,Unmarried,White,Female,0,1726,40,United-States,<=50K
19,Private,283510,7th-8th,4,Never-married,Adm-clerical,Own-child,White,Male,0,0,80,United-States,<=50K
45,Self-emp-not-inc,287831,HS-grad,9,Married-civ-spouse,Exec-managerial,Husband,Asian-Pac-Islander,Male,0,0,40,China,<=50K
31,Private,221167,Prof-school,15,Divorced,Tech-support,Not-in-family,White,Female,0,0,35,United-States,<=50K
39,Private,198170,HS-grad,9,Divorced,Craft-repair,Unmarried,White,Male,0,0,50,El-Salvador,<=50K
37,Private,189703,Assoc-acdm,12,Divorced,Adm-clerical,Not-in-family,White,Female,0,1504,40,United-States,<=50K
38,Private,364782,HS-grad,9,Married-civ-spouse,Craft-repair,Husband,White,Male,0,0,40,United-States,>50K
29,Private,188588,HS-grad,9,Divorced,Farming-fishing,Not-in-family,White,Male,0,0,40,United-States,<=50K
20,Private,223669,HS-grad,9,Never-married,Handlers-cleaners,Not-in-family,White,Male,0,0,40,United-States,<=50K
34,Private,24185,Bachelors,13,Married-civ-spouse,Exec-managerial,Husband,White,Male,7688,0,40,United-States,>50K
25,Private,38819,Assoc-voc,11,Never-married,Craft-repair,Own-child,White,Male,0,0,40,United-States,<=50K
51,Private,27804,Some-college,10,Divorced,Priv-house-serv,Unmarried,Amer-Indian-Eskimo,Female,0,0,35,United-States,<=50K
46,Private,170915,Bachelors,13,Divorced,Machine-op-inspct,Not-in-family,White,Male,0,1590,40,?,<=50K
23,Private,169628,Some-college,10,Never-married,Exec-managerial,Own-child,White,Male,0,0,40,United-States,<=50K
30,Private,176175,Assoc-voc,11,Divorced,Adm-clerical,Unmarried,White,Female,0,0,24,United-States,<=50K
52,Self-emp-inc,132178,Bachelors,13,Married-civ-spouse,Exec-managerial,Husband,White,Male,0,0,50,United-States,>50K
70,?,149620,HS-grad,9,Widowed,?,Not-in-family,White,Female,2907,0,12,United-States,<=50K
48,Federal-gov,94342,Bachelors,13,Divorced,Exec-managerial,Not-in-family,White,Male,0,0,45,United-States,<=50K
46,Private,172695,11th,7,Widowed,Other-service,Not-in-family,White,Female,0,0,27,El-Salvador,<=50K
25,Private,210781,Bachelors,13,Never-married,Prof-specialty,Own-child,White,Female,0,0,40,United-States,<=50K
48,Private,148444,Bachelors,13,Never-married,Exec-managerial,Not-in-family,White,Male,0,0,50,United-States,<=50K
54,?,95329,Some-college,10,Divorced,?,Own-child,White,Male,0,0,50,United-States,<=50K
29,Private,107812,HS-grad,9,Divorced,Craft-repair,Not-in-family,White,Male,0,0,40,United-States,<=50K
81,?,89391,Prof-school,15,Married-civ-spouse,?,Husband,White,Male,0,0,24,United-States,>50K
62,Private,416829,11th,7,Separated,Other-service,Not-in-family,Black,Female,0,0,21,United-States,<=50K
31,Private,204729,12th,8,Never-married,Sales,Own-child,White,Male,0,0,32,United-States,<=50K
41,Local-gov,235786,Prof-school,15,Married-civ-spouse,Prof-specialty,Husband,White,Male,0,0,50,United-States,>50K
31,Self-emp-not-inc,113080,HS-grad,9,Divorced,Craft-repair,Not-in-family,White,Male,0,0,60,United-States,<=50K
34,Local-gov,108247,Some-college,10,Married-civ-spouse,Exec-managerial,Husband,White,Male,0,0,45,United-States,>50K
33,Private,232220,Some-college,10,Divorced,Exec-managerial,Unmarried,White,Male,0,2824,48,United-States,>50K
25,Self-emp-inc,183778,Bachelors,13,Never-married,Sales,Not-in-family,White,Male,0,0,45,United-States,>50K
30,Private,188888,HS-grad,9,Never-married,Adm-clerical,Own-child,White,Female,0,0,40,United-States,<=50K
46,Private,272913,Bachelors,13,Divorced,Craft-repair,Not-in-family,Black,Female,0,0,40,United-States,<=50K
31,Private,196116,Prof-school,15,Divorced,Prof-specialty,Not-in-family,White,Female,0,0,45,United-States,>50K
44,Self-emp-inc,57408,Some-college,10,Married-civ-spouse,Craft-repair,Husband,White,Male,0,0,40,United-States,>50K
47,Private,138111,5th-6th,3,Never-married,Machine-op-inspct,Unmarried,White,Female,0,0,40,Dominican-Republic,<=50K
57,Self-emp-not-inc,168330,HS-grad,9,Married-civ-spouse,Craft-repair,Husband,White,Male,0,0,50,United-States,<=50K
53,Private,271710,HS-grad,9,Married-spouse-absent,Transport-moving,Not-in-family,White,Male,0,0,40,United-States,>50K
28,Private,306868,12th,8,Never-married,Prof-specialty,Unmarried,White,Female,0,0,40,United-States,<=50K
17,?,199018,11th,7,Never-married,?,Own-child,White,Male,0,0,20,Peru,<=50K
48,Private,193898,10th,6,Married-civ-spouse,Machine-op-inspct,Husband,White,Male,0,0,40,United-States,<=50K
19,?,194097,Some-college,10,Never-married,?,Own-child,White,Male,0,0,40,United-States,<=50K
37,Private,337606,Some-college,10,Married-civ-spouse,Transport-moving,Husband,White,Male,0,0,50,United-States,<=50K
20,Private,366425,Some-college,10,Never-married,Adm-clerical,Own-child,White,Female,0,0,35,United-States,<=50K
37,Private,189502,Assoc-acdm,12,Divorced,Adm-clerical,Not-in-family,White,Female,0,1504,40,United-States,<=50K
18,Private,236543,Some-college,10,Never-married,Adm-clerical,Own-child,White,Male,0,0,30,United-States,<=50K
44,Private,158545,HS-grad,9,Divorced,Sales,Own-child,White,Male,0,0,38,United-States,<=50K
21,Private,126566,Some-college,10,Never-married,Other-service,Own-child,White,Female,0,0,40,United-States,<=50K
19,Private,144750,Some-college,10,Never-married,Adm-clerical,Own-child,White,Male,0,0,18,United-States,<=50K
34,Private,561334,Some-college,10,Married-civ-spouse,Exec-managerial,Husband,White,Male,0,0,50,United-States,>50K
41,Private,243436,HS-grad,9,Married-civ-spouse,Other-service,Wife,White,Female,0,0,40,United-States,<=50K
22,Private,399087,5th-6th,3,Married-civ-spouse,Machine-op-inspct,Other-relative,White,Female,0,0,40,Mexico,<=50K
18,Self-emp-not-inc,132704,HS-grad,9,Never-married,Farming-fishing,Own-child,White,Male,0,0,40,United-States,<=50K
46,Local-gov,179991,Bachelors,13,Married-civ-spouse,Prof-specialty,Wife,White,Female,0,0,40,United-States,>50K
39,Private,23580,Some-college,10,Divorced,Adm-clerical,Not-in-family,White,Female,0,0,40,United-States,<=50K
46,Private,265201,Some-college,10,Married-civ-spouse,Exec-managerial,Husband,White,Male,0,0,60,United-States,>50K
41,Self-emp-inc,223671,HS-grad,9,Married-civ-spouse,Sales,Husband,White,Male,0,1887,55,United-States,>50K
60,Private,204984,HS-grad,9,Separated,Other-service,Not-in-family,White,Female,0,0,25,United-States,<=50K
37,Private,142030,Assoc-acdm,12,Married-civ-spouse,Other-service,Husband,White,Male,0,0,47,United-States,<=50K
20,Private,187792,Some-college,10,Never-married,Adm-clerical,Own-child,White,Female,0,0,15,United-States,<=50K
31,Private,313321,Bachelors,13,Separated,Sales,Own-child,Black,Female,0,0,40,United-States,<=50K
23,Private,176486,Some-college,10,Never-married,Other-service,Other-relative,White,Female,0,0,25,United-States,<=50K
59,Self-emp-not-inc,325353,HS-grad,9,Married-civ-spouse,Exec-managerial,Husband,White,Male,0,1902,52,United-States,>50K
51,Local-gov,443508,Masters,14,Married-civ-spouse,Prof-specialty,Husband,White,Male,0,0,54,United-States,>50K
23,Private,117802,HS-grad,9,Never-married,Craft-repair,Own-child,White,Male,0,0,40,United-States,<=50K
26,Private,122575,Bachelors,13,Never-married,Exec-managerial,Unmarried,Asian-Pac-Islander,Male,0,0,60,Vietnam,<=50K
22,Private,87263,1st-4th,2,Never-married,Other-service,Other-relative,White,Male,0,0,40,El-Salvador,<=50K
54,Private,221336,HS-grad,9,Widowed,Other-service,Unmarried,Asian-Pac-Islander,Female,0,0,40,Philippines,<=50K
28,Local-gov,304957,Assoc-acdm,12,Never-married,Adm-clerical,Not-in-family,White,Female,0,1980,40,United-States,<=50K
27,Private,179681,Assoc-voc,11,Married-spouse-absent,Tech-support,Own-child,White,Female,0,0,40,United-States,<=50K
44,Local-gov,282069,Assoc-voc,11,Married-civ-spouse,Farming-fishing,Husband,White,Male,0,0,40,United-States,<=50K
30,State-gov,62952,Some-college,10,Never-married,Prof-specialty,Not-in-family,White,Female,0,0,5,United-States,<=50K
38,Private,110787,Assoc-acdm,12,Married-civ-spouse,Craft-repair,Husband,White,Male,0,0,50,United-States,>50K
65,?,327825,HS-grad,9,Widowed,?,Unmarried,White,Female,0,0,40,United-States,<=50K
22,Private,395297,HS-grad,9,Married-civ-spouse,Craft-repair,Husband,White,Male,0,0,40,United-States,<=50K
42,Local-gov,126566,Bachelors,13,Married-civ-spouse,Prof-specialty,Wife,White,Female,0,0,40,United-States,>50K
33,Private,118786,Bachelors,13,Never-married,Sales,Not-in-family,White,Male,0,1590,40,United-States,<=50K
30,Private,263727,9th,5,Never-married,Handlers-cleaners,Unmarried,Black,Male,0,0,40,United-States,<=50K
45,Self-emp-inc,84324,Assoc-acdm,12,Married-civ-spouse,Prof-specialty,Husband,White,Male,0,0,50,United-States,>50K
56,?,129246,Some-college,10,Widowed,?,Not-in-family,Black,Female,0,0,40,United-States,<=50K
44,Private,74680,Some-college,10,Married-civ-spouse,Craft-repair,Husband,White,Male,5178,0,50,United-States,>50K
38,Private,216214,Bachelors,13,Divorced,Other-service,Not-in-family,Black,Female,0,0,60,?,<=50K
28,Private,60288,HS-grad,9,Never-married,Adm-clerical,Own-child,White,Female,0,0,40,United-States,<=50K
21,Private,305874,Some-college,10,Married-civ-spouse,Craft-repair,Husband,White,Male,0,0,54,United-States,<=50K
35,Private,108946,HS-grad,9,Divorced,Tech-support,Unmarried,White,Female,0,0,40,United-States,<=50K
47,Private,140644,HS-grad,9,Married-civ-spouse,Exec-managerial,Husband,White,Male,0,0,40,United-States,>50K
22,Private,397877,Some-college,10,Never-married,Prof-specialty,Not-in-family,White,Male,0,0,45,United-States,<=50K
38,Private,93140,HS-grad,9,Separated,Machine-op-inspct,Unmarried,Black,Female,0,0,28,United-States,<=50K
41,Local-gov,52037,Some-college,10,Divorced,Adm-clerical,Unmarried,White,Female,0,0,40,United-States,<=50K
73,Self-emp-not-inc,102510,7th-8th,4,Married-civ-spouse,Farming-fishing,Husband,White,Male,6418,0,99,United-States,>50K
42,Private,172009,Masters,14,Married-civ-spouse,Adm-clerical,Husband,White,Male,0,1902,40,United-States,>50K
79,?,142566,Prof-school,15,Married-civ-spouse,?,Husband,White,Male,0,0,10,United-States,<=50K
49,Local-gov,119793,Bachelors,13,Married-civ-spouse,Prof-specialty,Wife,White,Female,7688,0,30,United-States,>50K
28,State-gov,210498,HS-grad,9,Married-civ-spouse,Protective-serv,Husband,White,Male,0,0,40,United-States,<=50K
43,Self-emp-not-inc,34862,HS-grad,9,Married-civ-spouse,Craft-repair,Husband,White,Male,0,0,60,United-States,<=50K
38,Private,76317,Assoc-voc,11,Married-civ-spouse,Exec-managerial,Husband,White,Male,0,0,55,United-States,>50K
24,Private,62952,HS-grad,9,Never-married,Craft-repair,Own-child,White,Male,0,0,40,United-States,<=50K
17,Private,247025,11th,7,Never-married,Other-service,Own-child,White,Male,0,0,12,United-States,<=50K
24,Private,275369,HS-grad,9,Married-civ-spouse,Machine-op-inspct,Husband,White,Male,0,0,50,United-States,<=50K
26,Private,331861,Some-college,10,Never-married,Craft-repair,Unmarried,Asian-Pac-Islander,Male,0,0,37,Taiwan,<=50K
51,Private,122109,Some-college,10,Married-civ-spouse,Adm-clerical,Wife,White,Female,0,0,35,United-States,<=50K
38,Private,191954,Masters,14,Married-civ-spouse,Prof-specialty,Husband,White,Male,0,0,40,England,>50K
40,Self-emp-not-inc,194980,Some-college,10,Married-civ-spouse,Farming-fishing,Husband,White,Male,0,0,60,United-States,<=50K
23,Private,117017,HS-grad,9,Never-married,Craft-repair,Own-child,White,Male,0,0,40,United-States,<=50K
32,Private,79870,Some-college,10,Married-civ-spouse,Exec-managerial,Own-child,White,Female,2597,0,40,Japan,<=50K
31,Private,316184,Assoc-voc,11,Married-civ-spouse,Craft-repair,Husband,White,Male,4386,0,40,Mexico,>50K
53,Self-emp-not-inc,168997,9th,5,Married-civ-spouse,Farming-fishing,Husband,White,Male,0,0,70,United-States,<=50K
29,Private,178510,HS-grad,9,Married-civ-spouse,Transport-moving,Husband,White,Male,0,0,40,United-States,<=50K
40,State-gov,269455,Assoc-voc,11,Married-civ-spouse,Other-service,Husband,Black,Male,0,0,30,United-States,<=50K
45,Federal-gov,170850,HS-grad,9,Divorced,Tech-support,Not-in-family,White,Female,4865,0,40,United-States,<=50K
45,Self-emp-not-inc,28738,HS-grad,9,Married-civ-spouse,Exec-managerial,Husband,Asian-Pac-Islander,Male,0,0,40,China,<=50K
20,Private,228649,HS-grad,9,Never-married,Machine-op-inspct,Own-child,White,Female,0,0,30,United-States,<=50K
38,Federal-gov,340260,Some-college,10,Married-civ-spouse,Adm-clerical,Husband,Asian-Pac-Islander,Male,0,0,40,Philippines,>50K
33,Private,217235,HS-grad,9,Married-civ-spouse,Sales,Husband,White,Male,0,0,20,United-States,<=50K
35,Local-gov,116960,Masters,14,Married-civ-spouse,Prof-specialty,Husband,White,Male,0,1887,40,United-States,>50K
48,Local-gov,283510,Bachelors,13,Married-civ-spouse,Prof-specialty,Husband,White,Male,0,0,40,United-States,<=50K
48,Private,175006,1st-4th,2,Separated,Machine-op-inspct,Other-relative,Black,Male,0,0,48,United-States,<=50K
52,Self-emp-inc,135567,HS-grad,9,Married-civ-spouse,Exec-managerial,Husband,White,Male,0,0,40,United-States,>50K
33,Local-gov,115488,Bachelors,13,Married-civ-spouse,Prof-specialty,Husband,White,Male,0,0,50,United-States,<=50K
81,?,106943,Some-college,10,Widowed,?,Unmarried,White,Female,0,0,4,United-States,<=50K
26,Self-emp-not-inc,332008,Bachelors,13,Never-married,Sales,Not-in-family,White,Male,0,0,60,United-States,>50K
45,Private,72618,Assoc-voc,11,Divorced,Exec-managerial,Not-in-family,White,Male,0,0,60,United-States,<=50K
40,Self-emp-inc,141323,Bachelors,13,Married-civ-spouse,Exec-managerial,Wife,White,Female,0,0,55,United-States,>50K
55,Local-gov,159028,HS-grad,9,Married-civ-spouse,Transport-moving,Husband,White,Male,0,0,40,United-States,<=50K
59,Self-emp-not-inc,327154,HS-grad,9,Married-civ-spouse,Exec-managerial,Husband,White,Male,0,1902,52,United-States,>50K
55,Local-gov,259652,Prof-school,15,Married-civ-spouse,Prof-specialty,Husband,White,Male,0,1902,40,United-States,>50K
43,Private,281356,Some-college,10,Divorced,Craft-repair,Unmarried,White,Male,0,0,42,United-States,<=50K
23,Private,350181,HS-grad,9,Never-married,Sales,Not-in-family,White,Male,0,0,40,United-States,<=50K
26,Private,159662,Masters,14,Never-married,Prof-specialty,Not-in-family,Asian-Pac-Islander,Male,0,0,20,India,<=50K
45,Private,176841,HS-grad,9,Never-married,Other-service,Not-in-family,White,Female,0,0,40,El-Salvador,<=50K
35,Private,340755,HS-grad,9,Divorced,Craft-repair,Unmarried,White,Female,0,0,48,United-States,<=50K
41,Local-gov,184105,Masters,14,Married-civ-spouse,Prof-specialty,Husband,White,Male,0,0,38,United-States,>50K
40,Private,205934,HS-grad,9,Married-civ-spouse,Craft-repair,Husband,White,Male,0,0,50,United-States,<=50K
30,Self-emp-inc,178074,Some-college,10,Married-civ-spouse,Craft-repair,Husband,Black,Male,0,0,70,United-States,<=50K
70,?,149040,HS-grad,9,Widowed,?,Not-in-family,White,Female,2964,0,12,United-States,<=50K
24,Private,395297,Some-college,10,Never-married,Sales,Own-child,White,Female,0,0,35,United-States,<=50K
19,Private,45381,Some-college,10,Never-married,Adm-clerical,Own-child,White,Female,0,0,8,United-States,<=50K
37,Private,191776,Bachelors,13,Married-civ-spouse,Adm-clerical,Husband,White,Male,0,0,50,United-States,>50K
44,Self-emp-inc,568490,Some-college,10,Married-civ-spouse,Craft-repair,Husband,White,Male,0,0,40,United-States,>50K
26,Private,34393,Some-college,10,Divorced,Adm-clerical,Not-in-family,White,Female,0,0,40,United-States,<=50K
39,Self-emp-not-inc,597843,Masters,14,Never-married,Prof-specialty,Not-in-family,White,Female,0,0,50,Columbia,<=50K
26,Private,34393,Some-college,10,Divorced,Adm-clerical,Not-in-family,White,Female,0,0,40,United-States,<=50K
43,Local-gov,413930,Some-college,10,Separated,Craft-repair,Not-in-family,Black,Male,0,0,40,United-States,<=50K
28,Self-emp-not-inc,180539,HS-grad,9,Never-married,Exec-managerial,Own-child,White,Male,0,0,40,United-States,<=50K
23,Private,34965,Assoc-acdm,12,Never-married,Prof-specialty,Not-in-family,Asian-Pac-Islander,Female,0,0,30,Vietnam,<=50K
30,Private,186117,Bachelors,13,Never-married,Exec-managerial,Not-in-family,White,Female,0,0,50,United-States,<=50K
31,Private,309778,Bachelors,13,Separated,Sales,Own-child,Black,Female,0,0,40,United-States,<=50K
40,Private,221172,Assoc-acdm,12,Married-civ-spouse,Exec-managerial,Husband,White,Male,0,0,50,United-States,>50K
21,Private,202115,Assoc-acdm,12,Never-married,Adm-clerical,Not-in-family,White,Female,0,0,10,United-States,<=50K
23,Private,285004,Bachelors,13,Never-married,Sales,Not-in-family,Asian-Pac-Islander,Male,0,0,50,Taiwan,<=50K
26,Private,86872,HS-grad,9,Married-civ-spouse,Transport-moving,Husband,White,Male,0,0,40,United-States,>50K
54,Self-emp-not-inc,364782,7th-8th,4,Married-civ-spouse,Machine-op-inspct,Husband,White,Male,0,0,50,United-States,<=50K
23,Private,145214,Some-college,10,Married-civ-spouse,Sales,Wife,White,Female,0,0,40,United-States,<=50K
47,Private,103948,HS-grad,9,Divorced,Prof-specialty,Unmarried,Amer-Indian-Eskimo,Female,0,0,40,United-States,<=50K
24,Private,283037,Bachelors,13,Married-civ-spouse,Prof-specialty,Husband,White,Male,0,0,40,United-States,<=50K
35,Private,340260,HS-grad,9,Divorced,Craft-repair,Unmarried,White,Female,0,0,48,United-States,<=50K
48,Private,216149,11th,7,Married-civ-spouse,Machine-op-inspct,Husband,White,Male,0,0,40,United-States,<=50K
47,Private,34965,HS-grad,9,Married-civ-spouse,Transport-moving,Husband,White,Male,0,0,60,United-States,<=50K
41,Private,254148,Assoc-voc,11,Never-married,Prof-specialty,Not-in-family,White,Female,0,0,60,United-States,<=50K
58,?,210275,HS-grad,9,Divorced,?,Unmarried,White,Male,0,0,40,United-States,<=50K
54,Private,186117,Bachelors,13,Married-civ-spouse,Craft-repair,Husband,White,Male,0,0,45,United-States,>50K
24,Private,202214,Some-college,10,Never-married,Adm-clerical,Own-child,Black,Female,0,0,40,United-States,<=50K
49,Self-emp-not-inc,220230,Bachelors,13,Married-civ-spouse,Sales,Husband,White,Male,15024,0,40,United-States,>50K
20,Private,256335,Some-college,10,Never-married,Sales,Own-child,White,Female,0,0,6,United-States,<=50K
49,Private,186959,Masters,14,Married-civ-spouse,Exec-managerial,Husband,White,Male,15024,0,50,United-States,>50K
28,State-gov,210574,HS-grad,9,Married-civ-spouse,Protective-serv,Husband,White,Male,0,0,40,United-States,<=50K
30,Private,158545,Bachelors,13,Never-married,Prof-specialty,Not-in-family,White,Male,0,0,50,Iran,<=50K
37,Private,191921,Bachelors,13,Married-civ-spouse,Adm-clerical,Husband,White,Male,0,0,50,United-States,>50K
52,Private,244566,10th,6,Married-civ-spouse,Other-service,Wife,White,Female,0,0,35,United-States,<=50K
34,State-gov,287908,HS-grad,9,Never-married,Other-service,Own-child,Black,Male,0,0,42,United-States,<=50K
41,Self-emp-not-inc,178510,Bachelors,13,Divorced,Sales,Not-in-family,White,Male,0,0,45,United-States,<=50K
42,Private,204729,Assoc-voc,11,Separated,Sales,Unmarried,Black,Female,0,0,25,United-States,<=50K
49,Private,355728,HS-grad,9,Married-civ-spouse,Craft-repair,Husband,White,Male,0,1887,40,United-States,>50K
36,Local-gov,174655,Assoc-voc,11,Never-married,Protective-serv,Not-in-family,Black,Female,0,0,60,United-States,>50K
32,State-gov,181372,Bachelors,13,Separated,Prof-specialty,Not-in-family,White,Female,0,0,40,United-States,<=50K
25,Private,235307,Bachelors,13,Never-married,Exec-managerial,Own-child,White,Female,0,0,40,United-States,<=50K
59,Self-emp-not-inc,325353,HS-grad,9,Married-civ-spouse,Exec-managerial,Husband,White,Male,0,1902,52,United-States,>50K
29,Private,55861,HS-grad,9,Never-married,Farming-fishing,Not-in-family,White,Male,0,0,50,?,<=50K
21,Private,73679,Some-college,10,Never-married,Exec-managerial,Own-child,White,Female,0,0,40,United-States,<=50K
51,State-gov,68393,7th-8th,4,Married-civ-spouse,Transport-moving,Husband,White,Male,0,0,40,United-States,<=50K
49,Local-gov,174201,Bachelors,13,Never-married,Prof-specialty,Not-in-family,White,Female,0,0,50,United-States,<=50K
24,State-gov,322547,Bachelors,13,Never-married,Exec-managerial,Not-in-family,White,Female,0,0,40,United-States,<=50K
35,Private,35626,Some-college,10,Married-civ-spouse,Tech-support,Husband,White,Male,2635,0,55,Poland,<=50K
49,Private,187370,Masters,14,Married-civ-spouse,Exec-managerial,Husband,White,Male,1409,0,50,United-States,>50K
41,Private,130408,HS-grad,9,Divorced,Sales,Unmarried,Black,Female,0,0,38,United-States,<=50K
40,Private,340428,Some-college,10,Never-married,Machine-op-inspct,Not-in-family,Black,Female,0,0,40,United-States,<=50K
38,Private,117583,HS-grad,9,Married-civ-spouse,Machine-op-inspct,Husband,White,Male,0,0,65,United-States,>50K
29,Private,137814,Some-college,10,Never-married,Other-service,Not-in-family,White,Female,0,0,41,United-States,>50K
50,Local-gov,254935,Some-college,10,Married-civ-spouse,Farming-fishing,Husband,White,Male,0,0,40,Mexico,<=50K
46,Private,263727,Some-college,10,Married-civ-spouse,Exec-managerial,Husband,White,Male,0,0,60,United-States,>50K
52,Private,164473,HS-grad,9,Married-civ-spouse,Other-service,Wife,White,Female,0,0,38,United-States,<=50K
18,Private,237646,Some-college,10,Never-married,Adm-clerical,Own-child,White,Male,0,0,30,United-States,<=50K
43,Self-emp-not-inc,63526,Some-college,10,Married-civ-spouse,Farming-fishing,Husband,White,Male,0,0,50,United-States,<=50K
48,Local-gov,272913,7th-8th,4,Married-civ-spouse,Transport-moving,Husband,White,Male,0,1902,40,United-States,<=50K
26,Private,86872,HS-grad,9,Married-civ-spouse,Transport-moving,Husband,White,Male,0,0,40,United-States,>50K
32,State-gov,181291,Bachelors,13,Separated,Prof-specialty,Not-in-family,White,Female,0,0,40,United-States,<=50K
44,Private,110355,Bachelors,13,Married-civ-spouse,Exec-managerial,Husband,White,Male,0,0,40,United-States,>50K
45,Private,46366,HS-grad,9,Divorced,Adm-clerical,Not-in-family,White,Female,0,0,28,United-States,<=50K
63,Private,280440,9th,5,Married-civ-spouse,Handlers-cleaners,Husband,White,Male,0,0,32,United-States,<=50K
39,Self-emp-not-inc,190151,Bachelors,13,Married-civ-spouse,Sales,Husband,White,Male,0,0,60,United-States,<=50K
46,Private,187560,HS-grad,9,Divorced,Adm-clerical,Not-in-family,White,Female,0,0,40,United-States,<=50K
58,Private,190747,HS-grad,9,Married-civ-spouse,Machine-op-inspct,Husband,White,Male,0,0,40,United-States,<=50K
42,Self-emp-not-inc,200068,Prof-school,15,Never-married,Prof-specialty,Not-in-family,White,Male,0,0,38,United-States,<=50K
52,Private,202053,Some-college,10,Married-civ-spouse,Exec-managerial,Husband,White,Male,7688,0,40,United-States,>50K
50,Private,146365,HS-grad,9,Widowed,Adm-clerical,Unmarried,White,Female,0,0,35,United-States,<=50K
21,Private,108687,Some-college,10,Never-married,Sales,Own-child,White,Female,0,0,40,United-States,<=50K
22,Private,170850,11th,7,Never-married,Craft-repair,Not-in-family,Amer-Indian-Eskimo,Male,0,0,40,United-States,<=50K
34,Private,272669,Bachelors,13,Never-married,Exec-managerial,Other-relative,White,Female,0,1741,45,United-States,<=50K
18,Private,107740,11th,7,Never-married,Sales,Own-child,White,Female,0,0,12,United-States,<=50K
48,Private,148549,Bachelors,13,Never-married,Exec-managerial,Not-in-family,White,Male,0,0,50,United-States,<=50K
42,Private,413297,Some-college,10,Married-civ-spouse,Tech-support,Husband,White,Male,0,0,40,United-States,<=50K
58,Private,356067,Bachelors,13,Married-civ-spouse,Adm-clerical,Husband,White,Male,0,0,40,United-States,<=50K
50,Private,214994,HS-grad,9,Married-civ-spouse,Craft-repair,Husband,White,Male,0,0,40,United-States,>50K
45,Federal-gov,170983,HS-grad,9,Divorced,Tech-support,Not-in-family,White,Female,4687,0,40,United-States,<=50K
46,Private,182089,Doctorate,16,Married-civ-spouse,Prof-specialty,Husband,White,Male,0,0,55,United-States,>50K
37,State-gov,46814,Bachelors,13,Never-married,Prof-specialty,Not-in-family,White,Male,0,0,38,United-States,<=50K
52,Self-emp-inc,131088,Bachelors,13,Married-civ-spouse,Exec-managerial,Husband,White,Male,0,0,50,United-States,>50K
50,Private,337606,HS-grad,9,Married-civ-spouse,Machine-op-inspct,Husband,White,Male,0,1485,40,United-States,<=50K
20,?,350181,Some-college,10,Never-married,?,Own-child,Amer-Indian-Eskimo,Male,0,0,72,United-States,<=50K
20,State-gov,178510,Some-college,10,Never-married,Farming-fishing,Not-in-family,White,Male,0,0,40,United-States,<=50K
70,Private,210794,10th,6,Widowed,Adm-clerical,Other-relative,White,Male,0,0,20,United-States,<=50K
22,Private,50132,9th,5,Never-married,Transport-moving,Own-child,White,Male,0,0,40,United-States,<=50K
42,Private,172962,Masters,14,Married-civ-spouse,Adm-clerical,Husband,White,Male,0,1902,40,United-States,>50K
55,Private,145175,Some-college,10,Divorced,Adm-clerical,Unmarried,White,Female,4650,0,20,United-States,<=50K
71,Private,24515,7th-8th,4,Married-civ-spouse,Transport-moving,Husband,White,Male,6514,0,40,United-States,>50K
35,Private,249456,Bachelors,13,Never-married,Adm-clerical,Own-child,Black,Female,0,0,40,United-States,<=50K
49,Private,144750,11th,7,Divorced,Exec-managerial,Not-in-family,White,Female,0,0,38,United-States,<=50K
30,Private,244522,Some-college,10,Never-married,Prof-specialty,Not-in-family,Black,Male,0,0,45,United-States,<=50K
50,Self-emp-not-inc,91103,HS-grad,9,Married-civ-spouse,Craft-repair,Husband,White,Male,0,0,51,United-States,>50K
22,Private,399087,5th-6th,3,Married-civ-spouse,Machine-op-inspct,Other-relative,White,Female,0,0,40,Mexico,<=50K
24,Private,61989,HS-grad,9,Never-married,Craft-repair,Own-child,White,Male,0,0,40,United-States,<=50K
43,Local-gov,174201,Masters,14,Married-civ-spouse,Prof-specialty,Husband,White,Male,0,0,50,United-States,<=50K
34,Private,145389,HS-grad,9,Married-civ-spouse,Adm-clerical,Wife,White,Female,4064,0,35,United-States,<=50K
39,Local-gov,177937,Masters,14,Divorced,Prof-specialty,Unmarried,White,Female,0,0,40,United-States,<=50K
62,Private,194690,HS-grad,9,Divorced,Machine-op-inspct,Not-in-family,White,Female,2174,0,40,United-States,<=50K
77,?,232577,9th,5,Married-civ-spouse,?,Husband,Black,Male,0,0,40,United-States,<=50K
58,State-gov,198183,Bachelors,13,Married-civ-spouse,Adm-clerical,Husband,White,Male,0,0,35,United-States,>50K
35,State-gov,287831,Bachelors,13,Never-married,Adm-clerical,Not-in-family,White,Female,4064,0,40,United-States,<=50K
42,Self-emp-not-inc,344624,Doctorate,16,Never-married,Prof-specialty,Not-in-family,White,Male,0,0,99,United-States,>50K
65,Private,180010,Some-college,10,Married-civ-spouse,Exec-managerial,Wife,White,Female,0,0,40,United-States,<=50K
46,Self-emp-not-inc,224981,Bachelors,13,Separated,Other-service,Unmarried,White,Female,0,0,45,Nicaragua,<=50K
45,Private,101320,HS-grad,9,Divorced,Adm-clerical,Unmarried,White,Female,0,0,40,United-States,<=50K
48,Self-emp-not-inc,121768,Some-college,10,Married-civ-spouse,Prof-specialty,Husband,White,Male,0,0,35,United-States,>50K
30,Private,208919,Assoc-voc,11,Married-civ-spouse,Machine-op-inspct,Husband,White,Male,0,0,40,United-States,>50K
25,Private,366929,HS-grad,9,Divorced,Adm-clerical,Not-in-family,White,Female,0,0,40,United-States,<=50K
59,Private,45093,Some-college,10,Married-civ-spouse,Prof-specialty,Husband,White,Male,0,0,36,United-States,>50K
39,Self-emp-inc,122742,Assoc-acdm,12,Married-civ-spouse,Exec-managerial,Husband,White,Male,15024,0,55,United-States,>50K
35,Private,320451,Masters,14,Married-civ-spouse,Exec-managerial,Husband,Asian-Pac-Islander,Male,0,0,65,Honduras,>50K
43,Private,217235,Bachelors,13,Divorced,Adm-clerical,Unmarried,White,Female,0,0,40,Germany,<=50K
34,Private,87218,Masters,14,Married-civ-spouse,Exec-managerial,Husband,White,Male,0,1887,50,United-States,>50K
45,Local-gov,191754,Masters,14,Divorced,Prof-specialty,Not-in-family,White,Female,0,0,40,United-States,<=50K
34,Private,110622,Masters,14,Divorced,Exec-managerial,Other-relative,Asian-Pac-Islander,Female,0,0,40,South,<=50K
46,Private,38819,Bachelors,13,Divorced,Prof-specialty,Unmarried,Black,Female,0,0,32,United-States,<=50K
39,Local-gov,178383,Masters,14,Divorced,Prof-specialty,Unmarried,White,Female,0,0,40,United-States,<=50K
56,Self-emp-not-inc,154891,HS-grad,9,Married-civ-spouse,Craft-repair,Husband,White,Male,0,0,40,United-States,<=50K
22,Private,309778,HS-grad,9,Never-married,Transport-moving,Own-child,White,Male,0,0,40,United-States,<=50K
27,Private,260960,Bachelors,13,Never-married,Exec-managerial,Not-in-family,White,Female,0,0,40,United-States,<=50K
36,Local-gov,174640,Assoc-voc,11,Never-married,Protective-serv,Not-in-family,Black,Female,0,0,60,United-States,>50K
42,Private,57408,HS-grad,9,Divorced,Prof-specialty,Not-in-family,White,Female,0,0,45,United-States,<=50K
42,Private,210574,Masters,14,Divorced,Tech-support,Unmarried,Black,Female,4687,0,35,United-States,>50K
48,Self-emp-not-inc,120508,Some-college,10,Married-civ-spouse,Prof-specialty,Husband,White,Male,0,0,35,United-States,>50K
47,Private,207973,Some-college,10,Married-civ-spouse,Craft-repair,Husband,White,Male,0,0,40,United-States,<=50K
57,Private,170583,Bachelors,13,Married-civ-spouse,Protective-serv,Husband,White,Male,0,0,40,United-States,>50K
24,Private,202956,Some-college,10,Never-married,Adm-clerical,Own-child,Black,Female,0,0,40,United-States,<=50K
21,Private,228583,HS-grad,9,Never-married,Craft-repair,Own-child,White,Male,0,0,40,United-States,<=50K
46,Self-emp-not-inc,231141,Some-college,10,Separated,Prof-specialty,Not-in-family,White,Male,0,0,20,United-States,<=50K
58,Private,142370,Bachelors,13,Divorced,Exec-managerial,Unmarried,White,Female,0,0,35,United-States,<=50K
22,Private,199689,Some-college,10,Never-married,Sales,Own-child,White,Male,0,0,15,United-States,<=50K
43,Local-gov,413760,Some-college,10,Separated,Craft-repair,Not-in-family,Black,Male,0,0,40,United-States,<=50K
23,Private,91189,Bachelors,13,Married-civ-spouse,Other-service,Husband,White,Male,0,0,20,United-States,<=50K
18,Federal-gov,262043,HS-grad,9,Never-married,Transport-moving,Own-child,White,Male,0,0,40,United-States,<=50K
45,Self-emp-not-inc,287831,HS-grad,9,Married-civ-spouse,Exec-managerial,Husband,Asian-Pac-Islander,Male,0,0,40,China,<=50K
49,Private,226922,HS-grad,9,Divorced,Other-service,Unmarried,White,Male,0,0,40,Columbia,<=50K
32,Local-gov,199303,Some-college,10,Married-civ-spouse,Protective-serv,Husband,White,Male,0,0,40,United-States,>50K
18,?,215014,Some-college,10,Never-married,?,Own-child,White,Female,0,1602,24,United-States,<=50K
33,Private,137618,Prof-school,15,Married-civ-spouse,Prof-specialty,Husband,Asian-Pac-Islander,Male,0,0,35,Japan,<=50K
63,Self-emp-not-inc,33487,7th-8th,4,Married-civ-spouse,Craft-repair,Husband,White,Male,0,0,40,United-States,<=50K
29,Private,353881,HS-grad,9,Married-civ-spouse,Sales,Husband,White,Male,0,0,60,United-States,<=50K
26,Private,78258,Assoc-voc,11,Divorced,Prof-specialty,Unmarried,White,Female,0,0,36,United-States,<=50K
46,Local-gov,231347,Masters,14,Divorced,Exec-managerial,Not-in-family,White,Male,0,0,50,United-States,>50K
39,Private,67433,Assoc-voc,11,Never-married,Prof-specialty,Not-in-family,White,Female,4650,0,32,United-States,<=50K
49,Local-gov,119904,Bachelors,13,Married-civ-spouse,Prof-specialty,Wife,White,Female,7688,0,30,United-States,>50K
53,Private,27166,HS-grad,9,Married-spouse-absent,Transport-moving,Not-in-family,White,Male,10520,0,40,United-States,>50K
61,Self-emp-not-inc,224981,10th,6,Widowed,Craft-repair,Other-relative,White,Male,0,0,18,Mexico,<=50K
27,Private,153976,Some-college,10,Married-civ-spouse,Prof-specialty,Husband,White,Male,0,0,50,United-States,>50K
57,State-gov,255474,HS-grad,9,Married-civ-spouse,Exec-managerial,Husband,White,Male,0,0,40,United-States,>50K
48,Private,115618,HS-grad,9,Divorced,Adm-clerical,Unmarried,White,Female,0,0,45,United-States,<=50K
30,Private,102320,Assoc-voc,11,Separated,Tech-support,Own-child,White,Female,0,0,40,United-States,<=50K
38,Private,192337,Bachelors,13,Married-civ-spouse,Exec-managerial,Husband,White,Male,7688,0,40,United-States,>50K
44,Private,110355,Bachelors,13,Married-civ-spouse,Exec-managerial,Husband,White,Male,0,0,40,United-States,>50K
18,Federal-gov,263162,HS-grad,9,Never-married,Transport-moving,Own-child,White,Male,0,0,40,United-States,<=50K
65,Self-emp-not-inc,118474,11th,7,Married-civ-spouse,Exec-managerial,Husband,White,Male,9386,0,59,?,>50K
27,Private,171748,Bachelors,13,Never-married,Exec-managerial,Not-in-family,White,Female,0,0,40,United-States,<=50K
54,Private,103580,Assoc-acdm,12,Divorced,Exec-managerial,Unmarried,White,Female,0,0,55,United-States,>50K
38,Private,271312,HS-grad,9,Married-civ-spouse,Farming-fishing,Husband,White,Male,0,0,44,United-States,<=50K
55,Local-gov,258102,Prof-school,15,Married-civ-spouse,Prof-specialty,Husband,White,Male,0,1902,40,United-States,>50K
58,State-gov,325353,Some-college,10,Married-civ-spouse,Exec-managerial,Husband,White,Male,0,0,40,United-States,<=50K
27,Private,175034,Bachelors,13,Never-married,Adm-clerical,Not-in-family,White,Female,0,0,40,United-States,<=50K
33,Private,287988,HS-grad,9,Divorced,Craft-repair,Not-in-family,White,Male,0,2258,84,United-States,<=50K
28,Local-gov,168330,Masters,14,Married-civ-spouse,Prof-specialty,Wife,White,Female,7688,0,35,United-States,>50K
25,Private,247321,Bachelors,13,Never-married,Sales,Not-in-family,White,Male,3325,0,48,United-States,<=50K
27,Private,181119,HS-grad,9,Never-married,Adm-clerical,Own-child,White,Female,0,0,35,Italy,<=50K
17,Private,245317,11th,7,Never-married,Other-service,Own-child,White,Male,0,0,12,United-States,<=50K
28,Private,175878,Bachelors,13,Never-married,Adm-clerical,Not-in-family,White,Female,0,0,30,?,<=50K
29,Private,130793,HS-grad,9,Never-married,Handlers-cleaners,Own-child,White,Male,0,0,25,United-States,<=50K
37,State-gov,46746,Bachelors,13,Never-married,Prof-specialty,Not-in-family,White,Male,0,0,38,United-States,<=50K
28,Private,175109,Bachelors,13,Never-married,Adm-clerical,Not-in-family,White,Female,0,0,30,?,<=50K
43,Self-emp-not-inc,350181,HS-grad,9,Married-civ-spouse,Craft-repair,Husband,White,Male,0,0,60,United-States,<=50K
19,Private,198170,7th-8th,4,Never-married,Other-service,Not-in-family,White,Female,0,0,40,United-States,<=50K
29,Private,188675,HS-grad,9,Divorced,Farming-fishing,Not-in-family,White,Male,0,0,40,United-States,<=50K
42,Private,172918,Masters,14,Married-civ-spouse,Adm-clerical,Husband,White,Male,0,1902,40,United-States,>50K
37,Private,216385,11th,7,Married-civ-spouse,Craft-repair,Husband,White,Male,0,0,45,United-States,<=50K
45,Private,176841,HS-grad,9,Never-married,Other-service,Not-in-family,White,Female,0,0,40,El-Salvador,<=50K
30,Private,178835,Some-college,10,Married-civ-spouse,Sales,Husband,White,Male,0,0,55,United-States,<=50K
28,Private,191367,Assoc-voc,11,Divorced,Prof-specialty,Unmarried,White,Female,0,1726,40,United-States,<=50K
63,Private,204751,HS-grad,9,Married-civ-spouse,Machine-op-inspct,Husband,Black,Male,0,0,40,United-States,<=50K
46,Private,212944,11th,7,Married-civ-spouse,Craft-repair,Husband,White,Male,0,0,32,United-States,<=50K
38,Private,198668,Assoc-voc,11,Married-civ-spouse,Sales,Husband,White,Male,0,0,40,United-States,<=50K
41,Private,141186,HS-grad,9,Married-spouse-absent,Adm-clerical,Unmarried,White,Female,0,0,40,United-States,<=50K
26,Private,122109,Bachelors,13,Never-married,Exec-managerial,Unmarried,Asian-Pac-Islander,Male,0,0,60,Vietnam,<=50K
49,Private,123713,Bachelors,13,Divorced,Exec-managerial,Not-in-family,White,Male,0,0,45,United-States,<=50K
43,Private,157289,HS-grad,9,Never-married,Sales,Not-in-family,White,Female,0,0,40,United-States,<=50K
33,Private,408813,Bachelors,13,Never-married,Adm-clerical,Not-in-family,White,Female,0,0,50,United-States,<=50K
28,Local-gov,134737,Bachelors,13,Never-married,Adm-clerical,Not-in-family,Black,Female,4101,0,60,United-States,<=50K
33,Private,118786,Bachelors,13,Never-married,Sales,Not-in-family,White,Male,0,1590,40,United-States,<=50K
30,Private,123991,HS-grad,9,Married-spouse-absent,Adm-clerical,Not-in-family,White,Male,0,0,40,United-States,<=50K
20,Private,258102,Some-college,10,Never-married,Sales,Own-child,White,Female,0,0,6,United-States,<=50K
61,Local-gov,150025,HS-grad,9,Widowed,Adm-clerical,Not-in-family,White,Female,0,0,40,United-States,<=50K
46,Private,187802,HS-grad,9,Divorced,Adm-clerical,Not-in-family,White,Female,0,0,40,United-States,<=50K
59,Private,45093,Some-college,10,Married-civ-spouse,Prof-specialty,Husband,White,Male,0,0,36,United-States,>50K
32,Private,86808,Some-college,10,Never-married,Other-service,Own-child,White,Female,0,0,38,United-States,<=50K
21,Private,148549,Some-college,10,Never-married,Sales,Own-child,White,Female,0,0,25,United-States,<=50K
23,Private,250630,Bachelors,13,Never-married,Sales,Not-in-family,White,Female,0,0,40,United-States,<=50K
36,?,206681,HS-grad,9,Never-married,?,Own-child,White,Male,0,0,40,United-States,<=50K
51,Local-gov,43705,Masters,14,Married-civ-spouse,Prof-specialty,Husband,White,Male,0,0,54,United-States,>50K
33,Private,111058,Some-college,10,Divorced,Craft-repair,Other-relative,Other,Female,0,0,40,United-States,<=50K
72,?,117583,HS-grad,9,Married-civ-spouse,?,Husband,White,Male,0,0,8,United-States,<=50K
38,Private,269455,HS-grad,9,Married-civ-spouse,Farming-fishing,Husband,White,Male,0,0,44,United-States,<=50K
33,Private,216385,HS-grad,9,Married-civ-spouse,Sales,Husband,White,Male,0,0,20,United-States,<=50K
42,Private,57408,HS-grad,9,Divorced,Prof-specialty,Not-in-family,White,Female,0,0,45,United-States,<=50K
27,Private,96219,Bachelors,13,Never-married,Adm-clerical,Not-in-family,White,Female,0,0,45,United-States,<=50K
59,Private,168330,HS-grad,9,Married-spouse-absent,Priv-house-serv,Not-in-family,White,Female,0,0,36,Poland,<=50K
64,Private,164177,1st-4th,2,Married-civ-spouse,Transport-moving,Husband,White,Male,0,0,53,?,<=50K
37,Private,142158,Assoc-acdm,12,Married-civ-spouse,Other-service,Husband,White,Male,0,0,47,United-States,<=50K
23,Private,179241,Assoc-voc,11,Never-married,Adm-clerical,Own-child,White,Female,0,0,40,United-States,<=50K
43,Private,265434,11th,7,Never-married,Other-service,Not-in-family,Black,Male,0,0,40,United-States,<=50K
44,Local-gov,281356,Assoc-voc,11,Married-civ-spouse,Farming-fishing,Husband,White,Male,0,0,40,United-States,<=50K
32,Private,385077,HS-grad,9,Married-civ-spouse,Craft-repair,Husband,White,Male,0,0,40,United-States,<=50K
45,Federal-gov,170983,HS-grad,9,Divorced,Tech-support,Not-in-family,White,Female,4865,0,40,United-States,<=50K
22,Private,163212,10th,6,Never-married,Sales,Own-child,White,Male,0,0,15,United-States,<=50K
36,Private,150993,HS-grad,9,Never-married,Machine-op-inspct,Not-in-family,White,Female,0,0,30,United-States,<=50K
45,Private,101320,HS-grad,9,Divorced,Adm-clerical,Unmarried,White,Female,0,0,40,United-States,<=50K
42,Private,210275,Masters,14,Divorced,Tech-support,Unmarried,Black,Female,4687,0,35,United-States,>50K
36,?,391192,HS-grad,9,Married-spouse-absent,?,Unmarried,Black,Male,0,0,50,United-States,<=50K
22,Private,126060,Some-college,10,Never-married,Sales,Not-in-family,White,Male,0,0,30,United-States,<=50K
30,Private,145139,HS-grad,9,Never-married,Craft-repair,Not-in-family,White,Male,0,0,45,United-States,<=50K
43,State-gov,187792,Some-college,10,Separated,Craft-repair,Not-in-family,White,Male,0,0,37,United-States,<=50K
40,Private,340755,Some-college,10,Never-married,Machine-op-inspct,Not-in-family,Black,Female,0,0,40,United-States,<=50K
61,Private,57233,Bachelors,13,Divorced,Adm-clerical,Not-in-family,White,Female,0,0,35,United-States,<=50K
40,Private,115618,Bachelors,13,Married-civ-spouse,Prof-specialty,Husband,White,Male,0,0,60,Ireland,>50K
39,Private,306868,HS-grad,9,Married-civ-spouse,Craft-repair,Husband,White,Male,0,0,40,United-States,<=50K
37,Private,189462,Assoc-acdm,12,Divorced,Adm-clerical,Not-in-family,White,Female,0,1504,40,United-States,<=50K
23,Private,189017,Bachelors,13,Never-married,Sales,Not-in-family,White,Male,0,0,55,United-States,<=50K
26,Private,34393,Some-college,10,Divorced,Adm-clerical,Not-in-family,White,Female,0,0,40,United-States,<=50K
49,Private,123965,Bachelors,13,Divorced,Exec-managerial,Not-in-family,White,Male,0,0,45,United-States,<=50K
69,Private,130060,HS-grad,9,Separated,Transport-moving,Unmarried,Black,Female,25236,0,40,United-States,<=50K
31,Federal-gov,351141,HS-grad,9,Married-civ-spouse,Tech-support,Husband,White,Male,0,0,40,United-States,<=50K
50,Self-emp-not-inc,91103,HS-grad,9,Married-civ-spouse,Craft-repair,Husband,White,Male,0,0,51,United-States,>50K
45,Federal-gov,126754,Masters,14,Married-civ-spouse,Prof-specialty,Husband,White,Male,0,0,45,United-States,>50K
20,Private,36877,Some-college,10,Never-married,Adm-clerical,Own-child,White,Female,0,0,35,United-States,<=50K
30,?,157473,11th,7,Never-married,?,Unmarried,White,Male,0,0,40,United-States,<=50K
37,Private,189502,Assoc-acdm,12,Divorced,Adm-clerical,Not-in-family,White,Female,0,1504,40,United-States,<=50K
25,Private,247025,Bachelors,13,Never-married,Sales,Not-in-family,White,Male,3325,0,48,United-States,<=50K
62,Private,203181,Some-college,10,Married-civ-spouse,Machine-op-inspct,Husband,White,Male,0,0,40,United-States,<=50K
80,Private,86111,Doctorate,16,Married-civ-spouse,Prof-specialty,Husband,White,Male,0,0,30,United-States,<=50K
35,Private,340260,HS-grad,9,Divorced,Craft-repair,Unmarried,White,Female,0,0,48,United-States,<=50K
62,Private,416829,11th,7,Separated,Other-service,Not-in-family,Black,Female,0,0,21,United-States,<=50K
42,Self-emp-not-inc,247422,Bachelors,13,Married-civ-spouse,Exec-managerial,Husband,White,Male,0,0,45,United-States,>50K
38,Private,123965,HS-grad,9,Married-civ-spouse,Adm-clerical,Husband,Asian-Pac-Islander,Male,0,0,48,Trinadad&Tobago,<=50K
45,Federal-gov,126675,Masters,14,Married-civ-spouse,Prof-specialty,Husband,White,Male,0,0,45,United-States,>50K
38,Private,188588,Bachelors,13,Never-married,Exec-managerial,Not-in-family,White,Male,0,1340,40,United-States,<=50K
33,Local-gov,40142,HS-grad,9,Married-civ-spouse,Protective-serv,Husband,White,Male,0,0,56,United-States,<=50K
40,Private,221167,Assoc-acdm,12,Married-civ-spouse,Exec-managerial,Husband,White,Male,0,0,50,United-States,>50K
41,Local-gov,185385,Masters,14,Never-married,Prof-specialty,Not-in-family,White,Female,0,0,40,United-States,<=50K
33,Private,178074,HS-grad,9,Divorced,Adm-clerical,Not-in-family,Black,Female,0,0,40,United-States,<=50K
20,?,347873,Some-college,10,Never-married,?,Own-child,Amer-Indian-Eskimo,Male,0,0,72,United-States,<=50K
46,Private,172918,11th,7,Widowed,Other-service,Not-in-family,White,Female,0,0,27,El-Salvador,<=50K
42,Local-gov,126319,Bachelors,13,Married-civ-spouse,Prof-specialty,Wife,White,Female,0,0,40,United-States,>50K
52,Private,202467,7th-8th,4,Married-civ-spouse,Craft-repair,Husband,White,Male,0,0,40,United-States,<=50K
57,Private,296152,Some-college,10,Divorced,Exec-managerial,Other-relative,White,Female,594,0,10,United-States,<=50K
27,Private,82242,Bachelors,13,Never-married,Exec-managerial,Other-relative,White,Male,0,0,45,Guatemala,<=50K
30,Federal-gov,266860,HS-grad,9,Married-civ-spouse,Adm-clerical,Husband,White,Male,0,0,40,United-States,>50K
44,Self-emp-inc,218184,HS-grad,9,Married-civ-spouse,Other-service,Husband,Black,Male,0,0,48,United-States,<=50K
29,Private,366425,Bachelors,13,Married-civ-spouse,Exec-managerial,Husband,White,Male,0,1628,47,United-States,<=50K
51,Self-emp-inc,179991,HS-grad,9,Married-civ-spouse,Sales,Husband,White,Male,0,0,50,United-States,<=50K
54,Private,51262,Bachelors,13,Divorced,Exec-managerial,Not-in-family,Black,Female,0,0,45,United-States,>50K
71,Private,244688,7th-8th,4,Married-civ-spouse,Transport-moving,Husband,White,Male,6514,0,40,United-States,>50K
38,Private,91857,Some-college,10,Married-civ-spouse,Craft-repair,Husband,White,Male,0,0,41,United-States,<=50K
35,Private,108140,HS-grad,9,Divorced,Craft-repair,Not-in-family,White,Male,0,0,40,United-States,<=50K
38,Private,117849,HS-grad,9,Married-civ-spouse,Machine-op-inspct,Husband,White,Male,0,0,65,United-States,>50K
24,Private,206827,Some-college,10,Never-married,Adm-clerical,Own-child,White,Female,0,0,30,United-States,<=50K
51,State-gov,68991,7th-8th,4,Married-civ-spouse,Transport-moving,Husband,White,Male,0,0,40,United-States,<=50K
77,?,232894,9th,5,Married-civ-spouse,?,Husband,Black,Male,0,0,40,United-States,<=50K
41,Private,275369,Some-college,10,Married-civ-spouse,Machine-op-inspct,Husband,White,Male,7298,0,42,United-States,>50K
41,Private,130793,HS-grad,9,Divorced,Sales,Unmarried,Black,Female,0,0,38,United-States,<=50K
59,Private,194537,HS-grad,9,Married-civ-spouse,Farming-fishing,Husband,White,Male,0,0,48,United-States,<=50K
23,Private,43535,Some-college,10,Married-civ-spouse,Machine-op-inspct,Husband,White,Male,0,0,40,United-States,<=50K
22,Private,189502,HS-grad,9,Never-married,Machine-op-inspct,Unmarried,Black,Female,0,0,40,United-States,<=50K
27,Private,217715,HS-grad,9,Married-civ-spouse,Craft-repair,Husband,White,Male,0,0,40,United-States,<=50K
33,Federal-gov,138111,HS-grad,9,Never-married,Other-service,Not-in-family,White,Male,0,0,32,United-States,<=50K
45,Private,199657,Some-college,10,Divorced,Prof-specialty,Unmarried,White,Female,0,0,20,United-States,<=50K
24,Private,283037,Bachelors,13,Married-civ-spouse,Prof-specialty,Husband,White,Male,0,0,40,United-States,<=50K
20,Private,47039,Some-college,10,Never-married,Craft-repair,Own-child,White,Male,0,0,40,United-States,<=50K
24,Self-emp-not-inc,191841,7th-8th,4,Never-married,Farming-fishing,Own-child,White,Male,0,0,50,United-States,<=50K
42,Local-gov,175109,Bachelors,13,Never-married,Adm-clerical,Not-in-family,White,Female,99999,0,40,United-States,>50K
37,Self-emp-not-inc,150993,11th,7,Married-civ-spouse,Transport-moving,Husband,White,Male,0,0,45,United-States,<=50K
69,Private,228921,Bachelors,13,Widowed,Prof-specialty,Not-in-family,White,Male,0,2282,40,United-States,>50K
43,Private,142717,HS-grad,9,Married-civ-spouse,Other-service,Husband,White,Male,0,1887,80,United-States,>50K
52,Private,94448,Assoc-voc,11,Married-civ-spouse,Prof-specialty,Husband,White,Male,0,0,40,United-States,<=50K
69,Private,271710,HS-grad,9,Widowed,Adm-clerical,Not-in-family,White,Female,0,0,40,United-States,<=50K
24,Private,142158,10th,6,Never-married,Machine-op-inspct,Not-in-family,White,Male,0,0,45,United-States,<=50K
20,Private,39432,Some-college,10,Never-married,Farming-fishing,Not-in-family,White,Female,0,0,40,United-States,<=50K
37,Private,209768,5th-6th,3,Never-married,Machine-op-inspct,Unmarried,White,Female,0,0,40,Mexico,<=50K
43,Local-gov,413930,Some-college,10,Separated,Craft-repair,Not-in-family,Black,Male,0,0,40,United-States,<=50K
48,Private,163212,Bachelors,13,Divorced,Exec-managerial,Not-in-family,White,Female,0,0,50,United-States,>50K
36,?,370585,HS-grad,9,Married-civ-spouse,?,Husband,Black,Male,0,0,40,United-States,<=50K
61,Private,130408,10th,6,Married-civ-spouse,Craft-repair,Husband,White,Male,0,0,48,United-States,<=50K
54,Private,186117,Bachelors,13,Married-civ-spouse,Craft-repair,Husband,White,Male,0,0,45,United-States,>50K
30,Private,398931,1st-4th,2,Separated,Priv-house-serv,Other-relative,White,Female,0,0,30,Mexico,<=50K
39,Self-emp-not-inc,597843,Masters,14,Never-married,Prof-specialty,Not-in-family,White,Female,0,0,50,Columbia,<=50K
41,Private,43705,Bachelors,13,Married-civ-spouse,Transport-moving,Husband,White,Male,0,0,48,Canada,>50K
27,Private,258121,5th-6th,3,Never-married,Transport-moving,Not-in-family,White,Male,0,0,40,Mexico,<=50K
26,Private,94477,Some-college,10,Married-civ-spouse,Transport-moving,Husband,White,Male,7298,0,55,United-States,>50K
40,Private,213019,HS-grad,9,Divorced,Sales,Unmarried,White,Female,0,0,30,United-States,<=50K
44,Private,115178,Some-college,10,Divorced,Machine-op-inspct,Not-in-family,White,Male,0,0,40,United-States,<=50K
44,Self-emp-not-inc,234663,HS-grad,9,Married-civ-spouse,Sales,Wife,White,Female,0,0,40,United-States,>50K
44,Private,157614,HS-grad,9,Divorced,Sales,Own-child,White,Male,0,0,38,United-States,<=50K
50,Private,338409,Some-college,10,Married-civ-spouse,Craft-repair,Husband,White,Male,0,0,40,United-States,>50K
30,Private,174395,Some-college,10,Never-married,Craft-repair,Own-child,White,Male,0,0,40,United-States,<=50K
37,Private,191754,Bachelors,13,Married-civ-spouse,Adm-clerical,Husband,White,Male,0,0,50,United-States,>50K
48,Private,83800,Masters,14,Married-civ-spouse,Prof-specialty,Husband,White,Male,7298,0,55,United-States,>50K
24,Private,272913,HS-grad,9,Married-civ-spouse,Machine-op-inspct,Husband,White,Male,0,0,50,United-States,<=50K
22,?,164938,Some-college,10,Never-married,?,Own-child,White,Female,0,0,40,Italy,<=50K
37,Private,21798,HS-grad,9,Married-civ-spouse,Craft-repair,Husband,White,Male,0,0,45,United-States,>50K
18,Private,513977,Some-college,10,Never-married,Other-service,Own-child,White,Male,0,0,8,United-States,<=50K
34,Private,118584,Assoc-acdm,12,Married-civ-spouse,Prof-specialty,Husband,White,Male,0,0,55,United-States,<=50K
53,Private,132661,Some-college,10,Divorced,Adm-clerical,Other-relative,White,Female,0,0,40,United-States,<=50K
55,Private,96415,HS-grad,9,Widowed,Other-service,Unmarried,Black,Female,0,0,35,United-States,<=50K
29,Private,161141,HS-grad,9,Separated,Adm-clerical,Own-child,White,Female,0,0,40,United-States,<=50K
55,Private,355320,7th-8th,4,Married-civ-spouse,Transport-moving,Husband,White,Male,0,0,50,United-States,<=50K
37,Private,216385,11th,7,Married-civ-spouse,Craft-repair,Husband,White,Male,0,0,45,United-States,<=50K
39,Private,235218,Some-college,10,Divorced,Adm-clerical,Not-in-family,White,Female,0,0,40,United-States,<=50K
28,Private,300915,Bachelors,13,Married-civ-spouse,Prof-specialty,Husband,White,Male,0,1902,43,United-States,>50K
46,State-gov,102628,Masters,14,Widowed,Protective-serv,Unmarried,White,Male,0,0,40,United-States,<=50K
38,Private,395297,Bachelors,13,Married-civ-spouse,Exec-managerial,Husband,White,Male,15024,0,50,United-States,>50K
32,Private,82242,Some-college,10,Married-civ-spouse,Exec-managerial,Own-child,White,Female,2597,0,40,Japan,<=50K
53,Private,95864,HS-grad,9,Never-married,Adm-clerical,Other-relative,White,Male,0,0,35,United-States,<=50K
23,Private,43535,HS-grad,9,Divorced,Other-service,Not-in-family,White,Female,0,0,24,United-States,<=50K
65,Local-gov,125768,Some-college,10,Divorced,Adm-clerical,Not-in-family,White,Female,0,0,28,United-States,<=50K
42,?,109912,Assoc-acdm,12,Never-married,?,Other-relative,White,Female,0,0,40,United-States,<=50K
29,Private,197150,Prof-school,15,Divorced,Prof-specialty,Own-child,White,Female,2174,0,72,United-States,<=50K
21,Private,214989,11th,7,Never-married,Handlers-cleaners,Own-child,White,Male,0,0,40,United-States,<=50K
35,Private,340428,HS-grad,9,Divorced,Craft-repair,Unmarried,White,Female,0,0,48,United-States,<=50K
66,Private,304957,HS-grad,9,Widowed,Priv-house-serv,Unmarried,White,Female,0,0,25,United-States,<=50K
31,Private,319146,Assoc-voc,11,Married-civ-spouse,Craft-repair,Husband,White,Male,4386,0,40,Mexico,>50K
40,Private,113974,HS-grad,9,Divorced,Handlers-cleaners,Unmarried,Black,Female,0,0,40,United-States,<=50K
35,Private,209109,HS-grad,9,Married-civ-spouse,Transport-moving,Husband,White,Male,0,0,60,United-States,<=50K
35,?,374716,9th,5,Married-civ-spouse,?,Wife,White,Female,0,0,35,United-States,<=50K
60,Local-gov,93272,HS-grad,9,Married-civ-spouse,Other-service,Husband,White,Male,0,0,40,United-States,<=50K
34,Private,347873,HS-grad,9,Never-married,Handlers-cleaners,Not-in-family,White,Male,0,0,60,United-States,<=50K
35,Local-gov,72338,HS-grad,9,Divorced,Farming-fishing,Own-child,Asian-Pac-Islander,Male,0,0,56,United-States,<=50K
40,Private,95639,HS-grad,9,Separated,Handlers-cleaners,Unmarried,Amer-Indian-Eskimo,Male,0,0,45,United-States,<=50K
19,?,306868,Some-college,10,Never-married,?,Own-child,White,Male,0,0,40,United-States,<=50K
70,Private,176940,Some-college,10,Never-married,Adm-clerical,Not-in-family,White,Female,0,0,16,United-States,<=50K
37,Federal-gov,106297,HS-grad,9,Divorced,Handlers-cleaners,Unmarried,White,Male,0,0,40,United-States,<=50K
48,Private,83444,Masters,14,Married-civ-spouse,Prof-specialty,Husband,White,Male,7298,0,55,United-States,>50K
37,Private,141584,Assoc-acdm,12,Married-civ-spouse,Other-service,Husband,White,Male,0,0,47,United-States,<=50K
57,Private,124318,HS-grad,9,Married-civ-spouse,Adm-clerical,Wife,White,Female,0,0,45,United-States,<=50K
48,Local-gov,282698,Bachelors,13,Married-civ-spouse,Prof-specialty,Husband,White,Male,0,0,40,United-States,<=50K
34,Private,97723,Bachelors,13,Married-civ-spouse,Prof-specialty,Husband,White,Male,0,0,40,United-States,>50K
63,Self-emp-not-inc,29859,7th-8th,4,Married-civ-spouse,Farming-fishing,Husband,White,Male,7688,0,60,United-States,>50K
31,Private,84154,Some-college,10,Married-civ-spouse,Sales,Husband,White,Male,0,0,38,?,>50K
71,Self-emp-not-inc,322658,HS-grad,9,Married-civ-spouse,Farming-fishing,Husband,Amer-Indian-Eskimo,Male,0,0,35,United-States,<=50K
33,Private,110978,Some-college,10,Divorced,Craft-repair,Other-relative,Other,Female,0,0,40,United-States,<=50K
26,Self-emp-inc,189462,Bachelors,13,Married-civ-spouse,Sales,Husband,White,Male,0,0,80,United-States,>50K
37,Private,216497,11th,7,Married-civ-spouse,Craft-repair,Husband,White,Male,0,0,45,United-States,<=50K
42,Federal-gov,461678,HS-grad,9,Separated,Adm-clerical,Unmarried,Black,Female,0,0,40,United-States,<=50K
29,Private,376277,Some-college,10,Divorced,Adm-clerical,Not-in-family,White,Male,0,0,36,United-States,<=50K
46,Self-emp-not-inc,102869,HS-grad,9,Married-civ-spouse,Sales,Husband,White,Male,0,0,40,United-States,>50K
35,Private,106961,HS-grad,9,Married-civ-spouse,Sales,Husband,White,Male,0,0,60,United-States,<=50K
51,Private,171482,Some-college,10,Married-civ-spouse,Transport-moving,Husband,White,Male,0,0,40,United-States,>50K
37,Private,105803,HS-grad,9,Married-civ-spouse,Handlers-cleaners,Husband,White,Male,0,0,40,United-States,<=50K
56,Private,176972,Assoc-voc,11,Married-civ-spouse,Tech-support,Husband,White,Male,0,0,40,United-States,>50K
39,Private,304957,Some-college,10,Divorced,Exec-managerial,Unmarried,White,Female,0,0,15,United-States,<=50K
49,Private,79436,HS-grad,9,Married-civ-spouse,Handlers-cleaners,Husband,White,Male,0,0,48,United-States,<=50K
45,Private,461678,HS-grad,9,Divorced,Adm-clerical,Not-in-family,White,Female,0,0,28,United-States,<=50K
33,Private,294121,Bachelors,13,Never-married,Prof-specialty,Not-in-family,Black,Male,0,0,50,United-States,>50K
70,Private,177271,Some-college,10,Never-married,Adm-clerical,Not-in-family,White,Female,0,0,16,United-States,<=50K
32,Private,453983,HS-grad,9,Married-civ-spouse,Handlers-cleaners,Husband,White,Male,0,0,44,United-States,<=50K
50,Private,313986,Assoc-acdm,12,Divorced,Sales,Not-in-family,White,Female,0,0,40,United-States,<=50K
50,Private,126566,HS-grad,9,Married-civ-spouse,Handlers-cleaners,Husband,Black,Male,0,0,40,United-States,<=50K
72,Private,131088,Some-college,10,Widowed,Adm-clerical,Not-in-family,White,Female,0,0,6,United-States,<=50K
46,Self-emp-not-inc,231347,Some-college,10,Separated,Prof-specialty,Not-in-family,White,Male,0,0,20,United-States,<=50K
63,Self-emp-not-inc,296152,7th-8th,4,Married-civ-spouse,Farming-fishing,Husband,White,Male,7688,0,60,United-States,>50K
41,Private,159589,Bachelors,13,Married-civ-spouse,Sales,Husband,White,Male,0,0,40,United-States,<=50K
51,Local-gov,43705,Masters,14,Married-civ-spouse,Prof-specialty,Husband,White,Male,0,0,54,United-States,>50K
40,Private,340797,Some-college,10,Never-married,Machine-op-inspct,Not-in-family,Black,Female,0,0,40,United-States,<=50K
27,Private,194690,9th,5,Never-married,Other-service,Own-child,White,Male,0,0,50,Mexico,<=50K
21,Private,163870,HS-grad,9,Married-civ-spouse,Craft-repair,Husband,White,Male,0,0,40,United-States,<=50K
40,Self-emp-inc,142030,Bachelors,13,Married-civ-spouse,Exec-managerial,Wife,White,Female,0,0,55,United-States,>50K
42,Local-gov,126319,Bachelors,13,Married-civ-spouse,Prof-specialty,Wife,White,Female,0,0,40,United-States,>50K
50,Private,337505,HS-grad,9,Married-civ-spouse,Machine-op-inspct,Husband,White,Male,0,1485,40,United-States,<=50K
42,Private,174201,Masters,14,Married-civ-spouse,Prof-specialty,Husband,White,Male,0,0,40,United-States,<=50K
49,State-gov,422933,Masters,14,Married-civ-spouse,Sales,Husband,White,Male,99999,0,80,United-States,>50K
33,Private,183470,Some-college,10,Never-married,Other-service,Not-in-family,White,Male,0,0,24,United-States,<=50K
25,Private,109419,HS-grad,9,Never-married,Adm-clerical,Own-child,White,Female,0,0,40,United-States,<=50K
41,Private,141186,HS-grad,9,Married-spouse-absent,Adm-clerical,Unmarried,White,Female,0,0,40,United-States,<=50K
26,Self-emp-not-inc,332243,Bachelors,13,Never-married,Sales,Not-in-family,White,Male,0,0,60,United-States,>50K
17,Private,24515,11th,7,Never-married,Other-service,Own-child,White,Male,0,0,12,United-States,<=50K
29,Private,85041,Bachelors,13,Married-civ-spouse,Exec-managerial,Wife,White,Female,0,0,42,United-States,>50K
45,Self-emp-not-inc,243436,12th,8,Divorced,Craft-repair,Other-relative,Black,Male,0,0,35,United-States,<=50K
20,Private,282069,Some-college,10,Never-married,Other-service,Own-child,White,Male,0,0,50,United-States,<=50K
22,?,165726,Some-college,10,Never-married,?,Own-child,White,Female,0,0,40,Italy,<=50K
31,Private,203463,12th,8,Never-married,Sales,Own-child,White,Male,0,0,32,United-States,<=50K
19,?,201520,12th,8,Married-civ-spouse,?,Other-relative,White,Female,15024,0,40,United-States,>50K
29,Private,228686,Some-college,10,Married-civ-spouse,Exec-managerial,Husband,White,Male,0,1887,50,United-States,>50K
34,Private,176064,Some-college,10,Never-married,Craft-repair,Not-in-family,White,Male,0,0,40,United-States,<=50K
28,Private,119904,Some-college,10,Never-married,Adm-clerical,Own-child,White,Male,0,0,40,United-States,<=50K
45,Private,246891,Assoc-voc,11,Married-civ-spouse,Prof-specialty,Husband,White,Male,0,1902,40,United-States,>50K
52,Private,24515,10th,6,Married-civ-spouse,Other-service,Wife,White,Female,0,0,35,United-States,<=50K
32,Local-gov,199251,Some-college,10,Married-civ-spouse,Protective-serv,Husband,White,Male,0,0,40,United-States,>50K
33,Self-emp-not-inc,183778,Assoc-acdm,12,Divorced,Sales,Not-in-family,White,Male,0,0,40,United-States,<=50K
30,State-gov,62952,Some-college,10,Never-married,Prof-specialty,Not-in-family,White,Female,0,0,5,United-States,<=50K
34,Private,186350,HS-grad,9,Married-civ-spouse,Handlers-cleaners,Husband,White,Male,0,0,70,United-States,<=50K
39,Private,303170,Some-college,10,Divorced,Exec-managerial,Unmarried,White,Female,0,0,15,United-States,<=50K
27,Private,125768,Prof-school,15,Never-married,Prof-specialty,Other-relative,White,Female,0,0,40,United-States,<=50K
57,Private,295589,Some-college,10,Divorced,Exec-managerial,Other-relative,White,Female,594,0,10,United-States,<=50K
46,Local-gov,358682,Some-college,10,Divorced,Adm-clerical,Unmarried,White,Female,0,0,45,United-States,<=50K
21,Private,67433,9th,5,Never-married,Machine-op-inspct,Own-child,Black,Male,0,0,20,United-States,<=50K
43,Self-emp-not-inc,351141,HS-grad,9,Married-civ-spouse,Craft-repair,Husband,White,Male,0,0,60,United-States,<=50K
60,Private,205934,HS-grad,9,Separated,Other-service,Not-in-family,White,Female,0,0,25,United-States,<=50K
70,Private,210275,10th,6,Widowed,Adm-clerical,Other-relative,White,Male,0,0,20,United-States,<=50K
56,Self-emp-not-inc,163333,HS-grad,9,Widowed,Adm-clerical,Unmarried,White,Female,99999,0,40,United-States,>50K
23,Private,344916,Assoc-acdm,12,Never-married,Prof-specialty,Not-in-family,Asian-Pac-Islander,Female,0,0,30,Vietnam,<=50K
56,Private,103948,11th,7,Married-civ-spouse,Transport-moving,Husband,White,Male,0,0,40,United-States,<=50K
39,Private,235786,Some-college,10,Divorced,Adm-clerical,Not-in-family,White,Female,0,0,40,United-States,<=50K
39,Private,67433,Assoc-voc,11,Never-married,Prof-specialty,Not-in-family,White,Female,4650,0,32,United-States,<=50K
39,Private,229431,HS-grad,9,Married-civ-spouse,Machine-op-inspct,Husband,White,Male,2829,0,40,United-States,<=50K
45,Private,185385,Assoc-acdm,12,Divorced,Craft-repair,Not-in-family,White,Male,0,0,40,United-States,<=50K
34,Private,97723,Bachelors,13,Married-civ-spouse,Prof-specialty,Husband,White,Male,0,0,40,United-States,>50K
19,Private,221172,HS-grad,9,Never-married,Sales,Not-in-family,White,Male,4386,0,48,United-States,<=50K
43,State-gov,187792,Some-college,10,Separated,Craft-repair,Not-in-family,White,Male,0,0,37,United-States,<=50K
17,Private,102446,12th,8,Never-married,Handlers-cleaners,Own-child,White,Male,0,0,35,United-States,<=50K
58,Private,142370,Bachelors,13,Divorced,Exec-managerial,Unmarried,White,Female,0,0,35,United-States,<=50K
26,Private,68991,HS-grad,9,Never-married,Other-service,Unmarried,Black,Male,0,0,40,United-States,<=50K
63,Self-emp-not-inc,79436,1st-4th,2,Widowed,Other-service,Unmarried,White,Female,0,0,30,El-Salvador,<=50K
48,Private,152953,7th-8th,4,Married-civ-spouse,Craft-repair,Husband,White,Male,0,0,32,Dominican-Republic,<=50K
24,State-gov,216149,Bachelors,13,Never-married,Tech-support,Not-in-family,White,Female,0,0,40,United-States,<=50K
23,Private,226922,Some-college,10,Married-civ-spouse,Sales,Wife,White,Female,0,0,47,United-States,<=50K
38,Private,76317,Assoc-voc,11,Married-civ-spouse,Exec-managerial,Husband,White,Male,0,0,55,United-States,>50K
40,Private,214555,HS-grad,9,Divorced,Sales,Unmarried,White,Female,0,0,30,United-States,<=50K
32,Private,39615,HS-grad,9,Married-civ-spouse,Craft-repair,Husband,White,Male,0,0,40,United-States,<=50K
51,Local-gov,436798,Masters,14,Married-civ-spouse,Prof-specialty,Husband,White,Male,0,0,54,United-States,>50K
72,?,116960,HS-grad,9,Married-civ-spouse,?,Husband,White,Male,0,0,8,United-States,<=50K
60,Private,84154,HS-grad,9,Married-civ-spouse,Sales,Husband,White,Male,0,0,40,United-States,<=50K
30,Private,157614,Bachelors,13,Never-married,Prof-specialty,Not-in-family,White,Male,0,0,50,Iran,<=50K
61,Local-gov,149981,HS-grad,9,Widowed,Adm-clerical,Not-in-family,White,Female,0,0,40,United-States,<=50K
51,Private,193451,HS-grad,9,Married-civ-spouse,Protective-serv,Husband,White,Male,0,0,40,United-States,<=50K
31,Private,100734,Doctorate,16,Never-married,Prof-specialty,Not-in-family,White,Female,0,0,28,United-States,<=50K
36,Self-emp-not-inc,122109,HS-grad,9,Married-civ-spouse,Craft-repair,Husband,White,Male,0,0,47,United-States,<=50K
22,Private,170850,11th,7,Never-married,Craft-repair,Not-in-family,Amer-Indian-Eskimo,Male,0,0,40,United-States,<=50K
18,Private,107812,11th,7,Never-married,Sales,Own-child,White,Female,0,0,12,United-States,<=50K
20,Private,294121,Some-college,10,Never-married,Craft-repair,Not-in-family,White,Male,0,0,40,United-States,<=50K
27,State-gov,68684,Bachelors,13,Never-married,Adm-clerical,Not-in-family,White,Female,0,0,40,United-States,<=50K
21,Private,305474,Some-college,10,Never-married,Exec-managerial,Not-in-family,White,Female,0,0,38,United-States,<=50K
31,Private,225623,Some-college,10,Married-civ-spouse,Craft-repair,Husband,White,Male,0,0,55,United-States,>50K
20,Private,39432,Some-college,10,Never-married,Farming-fishing,Not-in-family,White,Female,0,0,40,United-States,<=50K
30,Self-emp-not-inc,113732,Some-college,10,Never-married,Craft-repair,Own-child,White,Male,0,0,30,United-States,<=50K
31,Private,181372,HS-grad,9,Divorced,Adm-clerical,Unmarried,White,Female,0,0,35,United-States,<=50K
47,Private,139701,HS-grad,9,Married-civ-spouse,Exec-managerial,Husband,White,Male,0,0,40,United-States,>50K
32,Private,72591,HS-grad,9,Married-civ-spouse,Craft-repair,Husband,White,Male,0,0,40,United-States,<=50K
34,Private,378723,10th,6,Separated,Exec-managerial,Unmarried,White,Female,0,0,45,United-States,<=50K
55,Private,96415,HS-grad,9,Widowed,Other-service,Unmarried,Black,Female,0,0,35,United-States,<=50K
25,Private,138111,Some-college,10,Never-married,Other-service,Not-in-family,White,Male,2174,0,40,United-States,<=50K
45,Self-emp-not-inc,243367,12th,8,Divorced,Craft-repair,Other-relative,Black,Male,0,0,35,United-States,<=50K
79,?,142030,Prof-school,15,Married-civ-spouse,?,Husband,White,Male,0,0,10,United-States,<=50K
35,Private,340797,Assoc-acdm,12,Never-married,Adm-clerical,Not-in-family,White,Female,0,0,35,United-States,<=50K
35,Private,423222,Bachelors,13,Never-married,Other-service,Not-in-family,White,Male,0,0,37,United-States,<=50K
48,Federal-gov,94342,Bachelors,13,Divorced,Exec-managerial,Not-in-family,White,Male,0,0,45,United-States,<=50K
55,Self-emp-not-inc,78954,HS-grad,9,Married-civ-spouse,Farming-fishing,Husband,Asian-Pac-Islander,Male,0,0,70,United-States,<=50K
42,Private,172962,Masters,14,Married-civ-spouse,Prof-specialty,Husband,White,Male,0,0,40,United-States,<=50K
22,Private,218184,Some-college,10,Married-civ-spouse,Sales,Husband,White,Male,0,0,55,United-States,<=50K
43,Private,216385,Bachelors,13,Divorced,Adm-clerical,Unmarried,White,Female,0,0,40,Germany,<=50K
45,Local-gov,191841,Masters,14,Divorced,Prof-specialty,Not-in-family,White,Female,0,0,40,United-States,<=50K
33,Local-gov,115488,Bachelors,13,Married-civ-spouse,Prof-specialty,Husband,White,Male,0,0,50,United-States,<=50K
58,Private,146679,Prof-school,15,Married-civ-spouse,Prof-specialty,Husband,White,Male,15024,0,60,United-States,>50K
56,?,128900,Some-college,10,Widowed,?,Not-in-family,Black,Female,0,0,40,United-States,<=50K
26,Federal-gov,171748,Assoc-voc,11,Never-married,Craft-repair,Own-child,White,Male,0,0,50,Japan,<=50K
22,?,287831,Some-college,10,Never-married,?,Not-in-family,White,Male,0,0,15,United-States,<=50K
40,Private,206541,HS-grad,9,Married-civ-spouse,Craft-repair,Husband,White,Male,0,0,50,United-States,<=50K
51,Private,61270,HS-grad,9,Married-civ-spouse,Handlers-cleaners,Husband,White,Male,0,0,40,United-States,>50K
28,Private,632733,Masters,14,Married-civ-spouse,Sales,Husband,White,Male,0,0,60,United-States,>50K
35,Private,340755,HS-grad,9,Divorced,Craft-repair,Unmarried,White,Female,0,0,48,United-States,<=50K
42,Private,203463,Assoc-voc,11,Separated,Sales,Unmarried,Black,Female,0,0,25,United-States,<=50K
49,Self-emp-not-inc,219086,Bachelors,13,Married-civ-spouse,Sales,Husband,White,Male,1409,0,40,United-States,>50K
21,Private,148444,Some-college,10,Never-married,Sales,Own-child,White,Female,0,0,25,United-States,<=50K
28,Local-gov,136986,Bachelors,13,Never-married,Adm-clerical,Not-in-family,Black,Female,4101,0,60,United-States,<=50K
43,Self-emp-inc,259757,Bachelors,13,Divorced,Farming-fishing,Not-in-family,White,Male,0,0,35,United-States,<=50K
35,Local-gov,116960,Masters,14,Married-civ-spouse,Prof-specialty,Husband,White,Male,0,1887,40,United-States,>50K
61,Self-emp-not-inc,224981,10th,6,Widowed,Craft-repair,Other-relative,White,Male,0,0,18,Mexico,<=50K
43,Private,142717,HS-grad,9,Married-civ-spouse,Other-service,Husband,White,Male,0,1887,80,United-States,>50K
54,Private,216149,Masters,14,Married-civ-spouse,Exec-managerial,Husband,White,Male,0,1887,44,United-States,>50K
80,Private,86111,Doctorate,16,Married-civ-spouse,Prof-specialty,Husband,White,Male,0,0,30,United-States,<=50K
44,Private,72338,Some-college,10,Divorced,Exec-managerial,Not-in-family,White,Male,0,0,50,United-States,<=50K
46,Private,94809,Some-college,10,Divorced,Priv-house-serv,Unmarried,White,Female,0,0,30,United-States,<=50K
65,Private,185407,Some-college,10,Married-civ-spouse,Tech-support,Husband,White,Male,0,0,40,United-States,>50K
17,Private,370585,10th,6,Never-married,Sales,Own-child,White,Female,0,0,10,United-States,<=50K
23,Private,344624,Some-college,10,Divorced,Exec-managerial,Unmarried,White,Female,0,0,25,United-States,<=50K
33,Federal-gov,137814,HS-grad,9,Never-married,Other-service,Not-in-family,White,Male,0,0,32,United-States,<=50K
26,Private,194980,HS-grad,9,Never-married,Sales,Own-child,White,Male,0,0,40,United-States,<=50K
30,Private,186346,Bachelors,13,Never-married,Exec-managerial,Not-in-family,White,Female,0,0,50,United-States,<=50K
47,Private,78954,11th,7,Divorced,Sales,Unmarried,White,Female,0,0,28,United-States,<=50K
32,Private,206520,11th,7,Divorced,Craft-repair,Own-child,White,Male,0,0,50,United-States,<=50K
33,Private,183778,Some-college,10,Never-married,Other-service,Not-in-family,White,Male,0,0,24,United-States,<=50K
35,Private,209808,HS-grad,9,Married-civ-spouse,Transport-moving,Husband,White,Male,0,0,60,United-States,<=50K
28,Self-emp-not-inc,203488,Bachelors,13,Never-married,Tech-support,Not-in-family,White,Male,0,0,45,United-States,<=50K
71,Private,244566,7th-8th,4,Married-civ-spouse,Transport-moving,Husband,White,Male,6514,0,40,United-States,>50K
34,Private,385077,10th,6,Separated,Exec-managerial,Unmarried,White,Female,0,0,45,United-States,<=50K
43,Self-emp-not-inc,350853,HS-grad,9,Married-civ-spouse,Craft-repair,Husband,White,Male,0,0,60,United-States,<=50K
27,Private,93206,Some-college,10,Never-married,Handlers-cleaners,Own-child,Asian-Pac-Islander,Male,0,0,40,United-States,<=50K
45,Federal-gov,126614,Masters,14,Married-civ-spouse,Prof-specialty,Husband,White,Male,0,0,45,United-States,>50K
28,Private,60374,HS-grad,9,Never-married,Adm-clerical,Own-child,White,Female,0,0,40,United-States,<=50K
34,Private,271933,Bachelors,13,Never-married,Exec-managerial,Other-relative,White,Female,0,1741,45,United-States,<=50K
44,Private,142968,HS-grad,9,Widowed,Other-service,Unmarried,White,Female,0,0,40,United-States,<=50K
48,Private,83444,Masters,14,Married-civ-spouse,Prof-specialty,Husband,White,Male,7298,0,55,United-States,>50K
27,Private,154891,Some-college,10,Married-civ-spouse,Prof-specialty,Husband,White,Male,0,0,50,United-States,>50K
25,Private,370585,HS-grad,9,Divorced,Adm-clerical,Not-in-family,White,Female,0,0,40,United-States,<=50K
45,Private,45857,HS-grad,9,Divorced,Adm-clerical,Not-in-family,White,Female,0,0,28,United-States,<=50K
44,Self-emp-not-inc,137304,Some-college,10,Married-civ-spouse,Sales,Husband,White,Male,0,0,25,United-States,<=50K
22,Private,212064,HS-grad,9,Never-married,Handlers-cleaners,Own-child,White,Male,0,0,40,United-States,<=50K
18,Private,86150,HS-grad,9,Never-married,Exec-managerial,Own-child,Asian-Pac-Islander,Female,0,0,15,United-States,<=50K
41,Private,109609,HS-grad,9,Never-married,Sales,Not-in-family,White,Female,0,0,40,United-States,<=50K
23,Private,133515,HS-grad,9,Never-married,Other-service,Not-in-family,White,Female,0,0,35,United-States,<=50K
33,Private,295589,Bachelors,13,Never-married,Prof-specialty,Not-in-family,Black,Male,0,0,50,United-States,>50K
45,Self-emp-inc,84324,Assoc-acdm,12,Married-civ-spouse,Prof-specialty,Husband,White,Male,0,0,50,United-States,>50K
31,Local-gov,23871,Some-college,10,Married-civ-spouse,Protective-serv,Husband,Black,Male,0,1902,50,United-States,>50K
33,Private,413760,Bachelors,13,Never-married,Adm-clerical,Not-in-family,White,Female,0,0,50,United-States,<=50K
55,Private,51789,Bachelors,13,Married-civ-spouse,Sales,Husband,White,Male,0,0,15,United-States,>50K
30,State-gov,54318,11th,7,Married-civ-spouse,Transport-moving,Husband,White,Male,0,0,40,United-States,<=50K
36,Private,290560,Some-college,10,Married-civ-spouse,Exec-managerial,Husband,White,Male,0,0,45,United-States,<=50K
28,Private,142717,HS-grad,9,Never-married,Machine-op-inspct,Not-in-family,White,Male,0,0,48,United-States,<=50K
34,Private,118584,Assoc-acdm,12,Married-civ-spouse,Prof-specialty,Husband,White,Male,0,0,55,United-States,<=50K
32,Private,295589,Assoc-acdm,12,Divorced,Machine-op-inspct,Not-in-family,White,Female,0,0,50,United-States,<=50K
71,Private,245317,7th-8th,4,Married-civ-spouse,Transport-moving,Husband,White,Male,6514,0,40,United-States,>50K
34,Private,175759,Some-college,10,Never-married,Craft-repair,Not-in-family,White,Male,0,0,40,United-States,<=50K
22,?,376277,Some-college,10,Divorced,?,Not-in-family,White,Female,0,0,35,United-States,<=50K
31,Local-gov,240504,Some-college,10,Married-civ-spouse,Protective-serv,Husband,Black,Male,0,1902,50,United-States,>50K
47,Private,139701,5th-6th,3,Never-married,Machine-op-inspct,Unmarried,White,Female,0,0,40,Dominican-Republic,<=50K
18,Private,37599,10th,6,Never-married,Transport-moving,Not-in-family,White,Male,0,0,56,United-States,<=50K
31,Private,142725,Bachelors,13,Never-married,Tech-support,Not-in-family,White,Female,0,0,40,United-States,<=50K
27,Private,156873,Some-college,10,Married-civ-spouse,Prof-specialty,Husband,White,Male,0,0,50,United-States,>50K
36,Private,33234,Bachelors,13,Married-civ-spouse,Sales,Husband,White,Male,0,1887,35,United-States,>50K
27,?,330132,HS-grad,9,Never-married,?,Not-in-family,White,Female,0,0,25,United-States,<=50K
43,Private,157289,HS-grad,9,Never-married,Sales,Not-in-family,White,Female,0,0,40,United-States,<=50K
17,Private,160029,11th,7,Never-married,Other-service,Other-relative,White,Female,0,0,22,United-States,<=50K
33,Private,202958,Some-college,10,Divorced,Adm-clerical,Not-in-family,White,Female,0,0,40,United-States,<=50K
52,Private,185397,HS-grad,9,Married-civ-spouse,Craft-repair,Husband,White,Male,0,0,40,?,<=50K
34,Private,97723,Bachelors,13,Married-civ-spouse,Prof-specialty,Husband,White,Male,0,0,40,United-States,>50K
26,Private,102476,Some-college,10,Never-married,Other-service,Own-child,White,Male,0,0,40,United-States,<=50K
57,Private,124020,HS-grad,9,Married-civ-spouse,Adm-clerical,Wife,White,Female,0,0,45,United-States,<=50K
27,Private,104423,Assoc-acdm,12,Never-married,Adm-clerical,Not-in-family,White,Male,0,0,40,United-States,<=50K
43,Self-emp-not-inc,64112,Some-college,10,Married-civ-spouse,Farming-fishing,Husband,White,Male,0,0,50,United-States,<=50K
23,Private,228230,Some-college,10,Married-civ-spouse,Sales,Wife,White,Female,0,0,47,United-States,<=50K
50,Self-emp-inc,23580,Assoc-acdm,12,Married-civ-spouse,Prof-specialty,Husband,White,Male,0,0,48,United-States,>50K
25,Private,211097,5th-6th,3,Divorced,Other-service,Unmarried,Other,Female,0,0,20,Honduras,<=50K
54,Private,217718,5th-6th,3,Married-spouse-absent,Other-service,Unmarried,Black,Female,0,0,30,Haiti,<=50K
41,Private,351141,Some-college,10,Married-civ-spouse,Exec-managerial,Wife,White,Female,0,1902,40,United-States,>50K
51,Private,541755,HS-grad,9,Married-civ-spouse,Craft-repair,Husband,White,Male,0,0,40,United-States,<=50K
32,Private,203463,HS-grad,9,Married-civ-spouse,Other-service,Husband,White,Male,0,0,60,United-States,<=50K
55,Local-gov,258102,Prof-school,15,Married-civ-spouse,Prof-specialty,Husband,White,Male,0,1902,40,United-States,>50K
36,Self-emp-not-inc,122575,HS-grad,9,Married-civ-spouse,Craft-repair,Husband,White,Male,0,0,47,United-States,<=50K
57,Self-emp-not-inc,167381,HS-grad,9,Married-civ-spouse,Craft-repair,Husband,White,Male,0,0,50,United-States,<=50K
44,Private,72338,Some-college,10,Divorced,Exec-managerial,Not-in-family,White,Male,0,0,50,United-States,<=50K
54,Private,216149,Masters,14,Married-civ-spouse,Exec-managerial,Husband,White,Male,0,1887,44,United-States,>50K
34,Private,24273,HS-grad,9,Separated,Craft-repair,Unmarried,White,Male,0,0,80,United-States,<=50K
45,Self-emp-not-inc,314659,Bachelors,13,Married-civ-spouse,Sales,Husband,White,Male,2829,0,60,United-States,<=50K
52,State-gov,189888,HS-grad,9,Separated,Other-service,Not-in-family,White,Female,0,0,35,United-States,<=50K
29,Federal-gov,197150,Bachelors,13,Never-married,Prof-specialty,Not-in-family,Black,Male,0,0,40,United-States,<=50K
34,Private,344916,HS-grad,9,Never-married,Handlers-cleaners,Not-in-family,White,Male,0,0,60,United-States,<=50K
30,Private,152940,Some-college,10,Married-civ-spouse,Craft-repair,Husband,White,Male,0,0,58,United-States,<=50K
27,Private,198953,Some-college,10,Never-married,Adm-clerical,Own-child,White,Female,0,0,40,Mexico,<=50K
42,Private,303725,HS-grad,9,Never-married,Machine-op-inspct,Unmarried,Black,Female,0,0,40,United-States,<=50K
58,Private,47310,7th-8th,4,Widowed,Farming-fishing,Other-relative,White,Female,0,0,45,Guatemala,<=50K
20,Private,200574,Some-college,10,Never-married,Protective-serv,Own-child,White,Male,0,0,33,United-States,<=50K
49,State-gov,175431,Some-college,10,Married-civ-spouse,Prof-specialty,Husband,White,Male,0,0,50,United-States,>50K
57,Private,296152,Some-college,10,Divorced,Exec-managerial,Other-relative,White,Female,594,0,10,United-States,<=50K
28,Private,78529,Some-college,10,Never-married,Exec-managerial,Not-in-family,White,Female,0,0,40,United-States,<=50K
26,Federal-gov,27016,Assoc-voc,11,Never-married,Adm-clerical,Not-in-family,Other,Male,0,0,55,United-States,<=50K
45,Private,118261,11th,7,Married-civ-spouse,Transport-moving,Other-relative,White,Male,0,0,40,United-States,<=50K
39,Local-gov,456430,HS-grad,9,Married-civ-spouse,Protective-serv,Husband,Black,Male,15024,0,40,United-States,>50K
48,Private,355728,Bachelors,13,Married-civ-spouse,Prof-specialty,Husband,White,Male,0,0,45,Canada,>50K
55,Private,96415,HS-grad,9,Widowed,Other-service,Unmarried,Black,Female,0,0,35,United-States,<=50K
45,Private,101320,HS-grad,9,Divorced,Adm-clerical,Unmarried,White,Female,0,0,40,United-States,<=50K
20,Private,256504,Some-college,10,Never-married,Sales,Own-child,White,Female,0,0,6,United-States,<=50K
43,Self-emp-inc,321709,Some-college,10,Married-civ-spouse,Machine-op-inspct,Husband,White,Male,0,0,50,United-States,<=50K
38,Private,110713,Assoc-acdm,12,Married-civ-spouse,Craft-repair,Husband,White,Male,0,0,50,United-States,>50K
29,Private,272913,HS-grad,9,Married-civ-spouse,Adm-clerical,Husband,White,Male,0,0,30,Mexico,<=50K
51,Private,171409,Some-college,10,Married-civ-spouse,Transport-moving,Husband,White,Male,0,0,40,United-States,>50K
46,Local-gov,359193,Some-college,10,Divorced,Adm-clerical,Unmarried,White,Female,0,0,45,United-States,<=50K
54,Private,103580,Assoc-acdm,12,Divorced,Exec-managerial,Unmarried,White,Female,0,0,55,United-States,>50K
49,Private,428030,Masters,14,Married-civ-spouse,Sales,Husband,White,Male,0,0,50,United-States,>50K
45,Self-emp-not-inc,285575,HS-grad,9,Married-civ-spouse,Exec-managerial,Husband,Asian-Pac-Islander,Male,0,0,40,China,<=50K
25,Local-gov,187792,Some-college,10,Divorced,Protective-serv,Not-in-family,White,Female,0,0,40,United-States,<=50K
25,Local-gov,191921,Bachelors,13,Never-married,Craft-repair,Own-child,White,Male,0,0,25,United-States,<=50K
46,Private,212944,11th,7,Married-civ-spouse,Craft-repair,Husband,White,Male,0,0,32,United-States,<=50K
48,Private,163333,Bachelors,13,Divorced,Exec-managerial,Not-in-family,White,Female,0,0,50,United-States,>50K
29,Private,107812,HS-grad,9,Divorced,Craft-repair,Not-in-family,White,Male,0,0,40,United-States,<=50K
21,Private,30619,Some-college,10,Never-married,Exec-managerial,Not-in-family,White,Female,0,0,38,United-States,<=50K
18,Private,37599,10th,6,Never-married,Transport-moving,Not-in-family,White,Male,0,0,56,United-States,<=50K
34,Private,240504,HS-grad,9,Separated,Craft-repair,Unmarried,White,Male,0,0,80,United-States,<=50K
41,Private,443508,Bachelors,13,Married-civ-spouse,Transport-moving,Husband,White,Male,0,0,48,Canada,>50K
49,Private,352812,HS-grad,9,Married-civ-spouse,Craft-repair,Husband,White,Male,0,1887,40,United-States,>50K
26,Local-gov,73392,HS-grad,9,Never-married,Handlers-cleaners,Own-child,Amer-Indian-Eskimo,Male,0,0,30,United-States,<=50K
39,Private,232220,HS-grad,9,Married-civ-spouse,Machine-op-inspct,Husband,White,Male,2907,0,40,United-States,<=50K
55,Private,243436,HS-grad,9,Divorced,Sales,Unmarried,White,Female,0,0,37,United-States,<=50K
54,Private,185870,Bachelors,13,Married-civ-spouse,Craft-repair,Husband,White,Male,0,0,45,United-States,>50K
21,Private,329144,11th,7,Married-civ-spouse,Craft-repair,Husband,White,Male,0,0,40,Mexico,<=50K
33,Private,230883,Some-college,10,Divorced,Exec-managerial,Unmarried,White,Male,0,2824,48,United-States,>50K
25,Private,109539,HS-grad,9,Never-married,Adm-clerical,Own-child,White,Female,0,0,40,United-States,<=50K
45,Self-emp-not-inc,284763,HS-grad,9,Married-civ-spouse,Exec-managerial,Husband,Asian-Pac-Islander,Male,0,0,40,China,<=50K
52,Self-emp-inc,134854,HS-grad,9,Married-civ-spouse,Exec-managerial,Husband,White,Male,0,0,40,United-States,>50K
53,Private,240504,HS-grad,9,Divorced,Adm-clerical,Unmarried,White,Female,0,0,40,United-States,<=50K
18,Private,210673,HS-grad,9,Never-married,Sales,Own-child,White,Female,0,0,20,United-States,<=50K
58,?,210275,HS-grad,9,Divorced,?,Unmarried,White,Male,0,0,40,United-States,<=50K
54,Private,185870,Bachelors,13,Married-civ-spouse,Craft-repair,Husband,White,Male,0,0,45,United-States,>50K
43,Local-gov,413760,Some-college,10,Separated,Craft-repair,Not-in-family,Black,Male,0,0,40,United-States,<=50K
31,Private,221157,Prof-school,15,Divorced,Tech-support,Not-in-family,White,Female,0,0,35,United-States,<=50K
45,Private,118261,11th,7,Married-civ-spouse,Transport-moving,Other-relative,White,Male,0,0,40,United-States,<=50K
66,Private,29658,HS-grad,9,Widowed,Priv-house-serv,Unmarried,White,Female,0,0,25,United-States,<=50K
58,Private,190483,HS-grad,9,Married-civ-spouse,Machine-op-inspct,Husband,White,Male,0,0,40,United-States,<=50K
32,Private,159028,HS-grad,9,Never-married,Handlers-cleaners,Own-child,White,Male,0,0,50,United-States,<=50K
24,State-gov,215797,Bachelors,13,Never-married,Tech-support,Not-in-family,White,Female,0,0,40,United-States,<=50K
26,Private,34393,Some-college,10,Divorced,Adm-clerical,Not-in-family,White,Female,0,0,40,United-States,<=50K
31,Local-gov,277488,Some-college,10,Never-married,Protective-serv,Not-in-family,Black,Male,0,0,40,United-States,<=50K
29,Private,212840,Bachelors,13,Married-civ-spouse,Sales,Husband,White,Male,0,0,40,United-States,<=50K
35,?,196912,Some-college,10,Married-civ-spouse,?,Husband,Asian-Pac-Islander,Male,0,0,40,Philippines,>50K
46,Private,75785,HS-grad,9,Married-civ-spouse,Priv-house-serv,Wife,White,Female,0,0,40,United-States,<=50K
64,Private,192337,HS-grad,9,Widowed,Adm-clerical,Not-in-family,White,Female,0,0,30,United-States,<=50K
26,Private,160261,Masters,14,Never-married,Prof-specialty,Not-in-family,Asian-Pac-Islander,Male,0,0,20,India,<=50K
30,Private,176486,Assoc-voc,11,Divorced,Adm-clerical,Unmarried,White,Female,0,0,24,United-States,<=50K
50,Private,92079,Some-college,10,Married-civ-spouse,Tech-support,Husband,White,Male,0,0,45,United-States,>50K
54,Local-gov,188588,5th-6th,3,Never-married,Machine-op-inspct,Not-in-family,White,Male,0,2001,35,United-States,<=50K
77,Self-emp-not-inc,162236,Preschool,1,Widowed,Exec-managerial,Not-in-family,White,Female,0,0,60,United-States,<=50K
30,Private,203488,HS-grad,9,Never-married,Craft-repair,Own-child,White,Male,0,0,50,United-States,<=50K
44,Private,450141,HS-grad,9,Married-civ-spouse,Farming-fishing,Husband,White,Male,0,0,70,United-States,<=50K
55,Private,355320,7th-8th,4,Married-civ-spouse,Transport-moving,Husband,White,Male,0,0,50,United-States,<=50K
39,Self-emp-not-inc,190023,Bachelors,13,Married-civ-spouse,Sales,Husband,White,Male,0,0,60,United-States,<=50K
42,Private,57600,HS-grad,9,Divorced,Prof-specialty,Not-in-family,White,Female,0,0,45,United-States,<=50K
31,Private,181291,HS-grad,9,Divorced,Adm-clerical,Unmarried,White,Female,0,0,35,United-States,<=50K
21,Private,353628,10th,6,Separated,Sales,Unmarried,Black,Female,0,0,38,United-States,<=50K
22,Private,300915,Some-college,10,Never-married,Priv-house-serv,Own-child,White,Female,0,0,28,United-States,<=50K
60,Federal-gov,63552,Bachelors,13,Married-civ-spouse,Adm-clerical,Husband,Black,Male,0,0,40,United-States,>50K
53,Private,23871,HS-grad,9,Divorced,Adm-clerical,Unmarried,White,Female,0,0,40,United-States,<=50K
39,Private,230883,HS-grad,9,Married-civ-spouse,Machine-op-inspct,Husband,White,Male,2635,0,40,United-States,<=50K
23,Private,141323,Some-college,10,Never-married,Other-service,Own-child,White,Male,0,0,40,United-States,<=50K
26,Federal-gov,269353,Assoc-voc,11,Never-married,Adm-clerical,Not-in-family,Other,Male,0,0,55,United-States,<=50K
27,Private,179681,Assoc-voc,11,Married-spouse-absent,Tech-support,Own-child,White,Female,0,0,40,United-States,<=50K
35,Private,106943,HS-grad,9,Married-civ-spouse,Sales,Husband,White,Male,0,0,60,United-States,<=50K
51,Local-gov,250782,9th,5,Married-civ-spouse,Other-service,Wife,White,Female,0,0,38,Puerto-Rico,<=50K
36,Private,288825,Some-college,10,Married-civ-spouse,Exec-managerial,Husband,White,Male,0,0,45,United-States,<=50K
43,Self-emp-not-inc,118474,Masters,14,Divorced,Other-service,Unmarried,White,Female,0,0,30,United-States,<=50K
37,Self-emp-not-inc,151790,11th,7,Married-civ-spouse,Transport-moving,Husband,White,Male,0,0,45,United-States,<=50K
25,Private,245918,Bachelors,13,Never-married,Sales,Not-in-family,White,Male,3325,0,48,United-States,<=50K
20,Private,282069,Some-college,10,Never-married,Other-service,Own-child,White,Male,0,0,50,United-States,<=50K
51,Private,170915,Some-college,10,Married-civ-spouse,Transport-moving,Husband,White,Male,0,0,40,United-States,>50K
26,Private,78277,Assoc-voc,11,Divorced,Prof-specialty,Unmarried,White,Female,0,0,36,United-States,<=50K
79,?,142370,Prof-school,15,Married-civ-spouse,?,Husband,White,Male,0,0,10,United-States,<=50K
18,Federal-gov,263162,HS-grad,9,Never-married,Transport-moving,Own-child,White,Male,0,0,40,United-States,<=50K
26,Self-emp-inc,189502,Bachelors,13,Married-civ-spouse,Sales,Husband,White,Male,0,0,80,United-States,>50K
26,Private,350853,5th-6th,3,Never-married,Transport-moving,Not-in-family,White,Male,0,0,40,?,<=50K
46,Private,20109,HS-grad,9,Married-civ-spouse,Sales,Wife,White,Female,0,0,40,United-States,<=50K
36,Self-emp-not-inc,239284,12th,8,Never-married,Craft-repair,Own-child,White,Male,0,0,40,United-States,<=50K
22,Private,89154,1st-4th,2,Never-married,Other-service,Other-relative,White,Male,0,0,40,El-Salvador,<=50K
49,Private,213897,Bachelors,13,Married-civ-spouse,Sales,Husband,Asian-Pac-Islander,Male,0,0,50,Japan,>50K
42,Private,201454,Some-college,10,Married-civ-spouse,Craft-repair,Husband,White,Male,0,0,50,United-States,<=50K
58,Private,147430,Prof-school,15,Married-civ-spouse,Prof-specialty,Husband,White,Male,15024,0,60,United-States,>50K
50,Private,336880,HS-grad,9,Married-civ-spouse,Machine-op-inspct,Husband,White,Male,0,1485,40,United-States,<=50K
19,?,19302,Some-college,10,Never-married,?,Own-child,White,Female,0,0,35,United-States,<=50K
47,Private,186117,Bachelors,13,Married-civ-spouse,Sales,Husband,White,Male,0,0,60,United-States,<=50K
21,Private,190023,HS-grad,9,Never-married,Handlers-cleaners,Not-in-family,White,Male,3103,0,60,United-States,<=50K
45,Private,102597,HS-grad,9,Widowed,Adm-clerical,Unmarried,White,Female,0,0,35,United-States,<=50K
46,Private,403911,Assoc-voc,11,Married-civ-spouse,Craft-repair,Husband,Black,Male,0,0,40,United-States,>50K
64,Private,192939,HS-grad,9,Widowed,Adm-clerical,Not-in-family,White,Female,0,0,30,United-States,<=50K
59,Private,168330,HS-grad,9,Married-spouse-absent,Priv-house-serv,Not-in-family,White,Female,0,0,36,Poland,<=50K
31,Private,100734,Doctorate,16,Never-married,Prof-specialty,Not-in-family,White,Female,0,0,28,United-States,<=50K
21,Private,67433,9th,5,Never-married,Machine-op-inspct,Own-child,Black,Male,0,0,20,United-States,<=50K
29,Private,366425,Bachelors,13,Married-civ-spouse,Exec-managerial,Husband,White,Male,0,1628,47,United-States,<=50K
39,Federal-gov,453067,HS-grad,9,Never-married,Handlers-cleaners,Unmarried,Black,Male,0,0,40,United-States,<=50K
32,Private,86808,Some-college,10,Never-married,Other-service,Own-child,White,Female,0,0,38,United-States,<=50K
18,Private,212370,HS-grad,9,Married-civ-spouse,Craft-repair,Husband,White,Male,0,0,25,United-States,<=50K
24,Private,199698,Assoc-acdm,12,Never-married,Handlers-cleaners,Own-child,White,Male,0,0,30,United-States,<=50K
27,Private,125768,Prof-school,15,Never-married,Prof-specialty,Other-relative,White,Female,0,0,40,United-States,<=50K
19,?,306868,Some-college,10,Never-married,?,Own-child,White,Male,0,0,40,United-States,<=50K
23,Self-emp-not-inc,188925,HS-grad,9,Married-civ-spouse,Handlers-cleaners,Own-child,White,Male,0,0,40,United-States,<=50K
51,Private,121768,Some-college,10,Married-civ-spouse,Adm-clerical,Wife,White,Female,0,0,35,United-States,<=50K
24,Private,142566,10th,6,Never-married,Machine-op-inspct,Not-in-family,White,Male,0,0,45,United-States,<=50K
57,State-gov,254949,HS-grad,9,Married-civ-spouse,Exec-managerial,Husband,White,Male,0,0,40,United-States,>50K
33,Private,237920,HS-grad,9,Divorced,Other-service,Unmarried,White,Female,0,0,30,United-States,<=50K
29,Self-emp-not-inc,266860,Assoc-voc,11,Never-married,Farming-fishing,Not-in-family,White,Male,0,0,75,United-States,<=50K
20,Private,229431,HS-grad,9,Never-married,Machine-op-inspct,Own-child,White,Female,0,0,30,United-States,<=50K
59,State-gov,192337,Doctorate,16,Married-civ-spouse,Prof-specialty,Husband,White,Male,0,0,40,United-States,>50K
27,Private,147340,Some-college,10,Never-married,Exec-managerial,Own-child,White,Female,0,0,40,United-States,<=50K
71,Private,243867,7th-8th,4,Married-civ-spouse,Transport-moving,Husband,White,Male,6514,0,40,United-States,>50K
22,Private,210781,Bachelors,13,Never-married,Adm-clerical,Own-child,White,Female,0,0,35,United-States,<=50K
73,Private,284763,HS-grad,9,Divorced,Other-service,Not-in-family,White,Female,0,0,20,United-States,<=50K
40,Private,199303,HS-grad,9,Married-civ-spouse,Craft-repair,Husband,White,Male,0,0,40,United-States,<=50K
65,?,323798,HS-grad,9,Widowed,?,Unmarried,White,Female,0,0,40,United-States,<=50K
52,Private,185407,HS-grad,9,Married-civ-spouse,Craft-repair,Husband,White,Male,0,0,40,?,<=50K
45,Private,184806,HS-grad,9,Married-civ-spouse,Machine-op-inspct,Husband,White,Male,0,0,40,United-States,<=50K
48,Private,202115,Bachelors,13,Married-civ-spouse,Prof-specialty,Husband,White,Male,0,1590,40,United-States,>50K
36,Private,335067,Bachelors,13,Married-civ-spouse,Sales,Husband,White,Male,0,1887,35,United-States,>50K
46,Private,187792,HS-grad,9,Divorced,Adm-clerical,Not-in-family,White,Female,0,0,40,United-States,<=50K
32,Local-gov,199625,Some-college,10,Married-civ-spouse,Protective-serv,Husband,White,Male,0,0,40,United-States,>50K
45,Private,184806,HS-grad,9,Married-civ-spouse,Machine-op-inspct,Husband,White,Male,0,0,40,United-States,<=50K
42,Private,57408,HS-grad,9,Divorced,Prof-specialty,Not-in-family,White,Female,0,0,45,United-States,<=50K
31,Private,226922,Some-college,10,Married-civ-spouse,Craft-repair,Husband,White,Male,0,0,55,United-States,>50K
37,Private,175878,Bachelors,13,Married-civ-spouse,Tech-support,Husband,White,Male,0,0,40,United-States,>50K
42,Private,23580,Assoc-acdm,12,Married-civ-spouse,Craft-repair,Husband,White,Male,0,0,50,United-States,>50K
28,Private,106615,Bachelors,13,Never-married,Sales,Own-child,White,Male,0,0,2,United-States,<=50K
20,State-gov,178510,Some-college,10,Never-married,Farming-fishing,Not-in-family,White,Male,0,0,40,United-States,<=50K
63,Private,165726,HS-grad,9,Married-civ-spouse,Sales,Husband,White,Male,0,0,21,United-States,<=50K
53,Private,295589,11th,7,Married-civ-spouse,Craft-repair,Husband,White,Male,0,0,45,United-States,<=50K
46,Private,187792,HS-grad,9,Divorced,Adm-clerical,Not-in-family,White,Female,0,0,40,United-States,<=50K
28,Private,338409,Bachelors,13,Married-civ-spouse,Prof-specialty,Wife,Black,Female,0,0,40,Cuba,<=50K
41,State-gov,24344,HS-grad,9,Divorced,Protective-serv,Unmarried,White,Male,0,0,55,United-States,<=50K
54,Local-gov,287831,Some-college,10,Married-civ-spouse,Adm-clerical,Wife,Black,Female,0,0,55,United-States,>50K
28,Private,25955,Assoc-voc,11,Never-married,Prof-specialty,Unmarried,Amer-Indian-Eskimo,Male,0,0,40,United-States,<=50K
47,Private,140644,HS-grad,9,Married-civ-spouse,Exec-managerial,Husband,White,Male,0,0,40,United-States,>50K
51,Self-emp-inc,180010,HS-grad,9,Married-civ-spouse,Sales,Husband,White,Male,0,0,50,United-States,<=50K
28,Private,313321,Some-college,10,Never-married,Machine-op-inspct,Not-in-family,White,Male,0,0,42,United-States,<=50K
20,Private,234885,HS-grad,9,Never-married,Handlers-cleaners,Own-child,White,Male,0,0,30,United-States,<=50K
30,Private,186172,Bachelors,13,Never-married,Exec-managerial,Not-in-family,White,Female,0,0,50,United-States,<=50K
23,Private,384795,11th,7,Never-married,Other-service,Other-relative,White,Male,0,0,40,Philippines,<=50K
45,Self-emp-not-inc,332008,Bachelors,13,Married-civ-spouse,Sales,Husband,White,Male,0,0,40,United-States,>50K
34,Private,24185,HS-grad,9,Separated,Craft-repair,Unmarried,White,Male,0,0,80,United-States,<=50K
58,Private,145389,Prof-school,15,Married-civ-spouse,Prof-specialty,Husband,White,Male,15024,0,60,United-States,>50K
65,Private,180280,Some-college,10,Married-civ-spouse,Exec-managerial,Wife,White,Female,0,0,40,United-States,<=50K
49,Private,187370,Masters,14,Married-civ-spouse,Exec-managerial,Husband,White,Male,1409,0,50,United-States,>50K
25,Private,164938,HS-grad,9,Never-married,Machine-op-inspct,Own-child,White,Male,4416,0,40,United-States,<=50K
46,Private,403911,HS-grad,9,Married-civ-spouse,Craft-repair,Husband,Black,Male,0,1902,40,United-States,>50K
31,Private,196029,Prof-school,15,Divorced,Prof-specialty,Not-in-family,White,Female,0,0,45,United-States,>50K
41,Private,266645,HS-grad,9,Divorced,Adm-clerical,Unmarried,White,Female,0,0,45,United-States,<=50K
44,Self-emp-not-inc,251346,Masters,14,Married-civ-spouse,Prof-specialty,Husband,White,Male,0,0,54,United-States,<=50K
20,Private,256335,Some-college,10,Never-married,Sales,Own-child,White,Female,0,0,6,United-States,<=50K
38,?,194134,HS-grad,9,Never-married,?,Not-in-family,White,Female,2202,0,2,United-States,<=50K
28,Self-emp-not-inc,204751,Bachelors,13,Never-married,Tech-support,Not-in-family,White,Male,0,0,45,United-States,<=50K
21,Private,225065,Some-college,10,Never-married,Other-service,Other-relative,White,Female,0,0,30,United-States,<=50K
18,Private,210982,HS-grad,9,Never-married,Sales,Own-child,White,Female,0,0,20,United-States,<=50K
48,Private,353824,Bachelors,13,Married-civ-spouse,Prof-specialty,Husband,White,Male,0,0,45,Canada,>50K
38,Private,215990,Bachelors,13,Divorced,Other-service,Not-in-family,Black,Female,0,0,60,?,<=50K
39,Private,150025,Some-college,10,Married-civ-spouse,Craft-repair,Husband,White,Male,0,0,55,United-States,>50K
26,Private,132704,HS-grad,9,Never-married,Adm-clerical,Own-child,White,Female,0,0,40,United-States,<=50K
42,Private,205934,Assoc-voc,11,Separated,Sales,Unmarried,Black,Female,0,0,25,United-States,<=50K
37,Private,209109,5th-6th,3,Never-married,Machine-op-inspct,Unmarried,White,Female,0,0,40,Mexico,<=50K
40,Self-emp-not-inc,194924,Some-college,10,Married-civ-spouse,Farming-fishing,Husband,White,Male,0,0,60,United-States,<=50K
23,Private,344624,Some-college,10,Divorced,Exec-managerial,Unmarried,White,Female,0,0,25,United-States,<=50K
50,Private,65408,HS-grad,9,Married-civ-spouse,Craft-repair,Husband,White,Male,0,0,50,United-States,>50K
74,Private,147340,HS-grad,9,Widowed,Other-service,Not-in-family,White,Female,0,0,28,United-States,<=50K
32,Private,72338,HS-grad,9,Married-civ-spouse,Craft-repair,Husband,White,Male,0,0,40,United-States,<=50K
19,Private,223020,Some-college,10,Never-married,Other-service,Own-child,White,Male,0,0,30,United-States,<=50K
33,Local-gov,119904,Bachelors,13,Divorced,Protective-serv,Unmarried,White,Female,0,0,60,Germany,<=50K
30,Private,157473,Bachelors,13,Never-married,Prof-specialty,Not-in-family,White,Male,0,0,50,India,<=50K
39,Private,67804,Assoc-voc,11,Never-married,Prof-specialty,Not-in-family,White,Female,4650,0,32,United-States,<=50K
73,Private,284763,HS-grad,9,Divorced,Other-service,Not-in-family,White,Female,0,0,20,United-States,<=50K
43,Federal-gov,145139,Bachelors,13,Married-civ-spouse,Adm-clerical,Husband,White,Male,0,0,42,United-States,>50K
71,Private,244688,7th-8th,4,Married-civ-spouse,Transport-moving,Husband,White,Male,6514,0,40,United-States,>50K
26,Federal-gov,172297,Assoc-voc,11,Never-married,Craft-repair,Own-child,White,Male,0,0,50,Japan,<=50K
23,Self-emp-not-inc,188925,HS-grad,9,Married-civ-spouse,Handlers-cleaners,Own-child,White,Male,0,0,40,United-States,<=50K
36,Self-emp-not-inc,206681,Bachelors,13,Never-married,Craft-repair,Own-child,White,Male,0,0,40,United-States,<=50K
29,Private,161552,HS-grad,9,Separated,Adm-clerical,Own-child,White,Female,0,0,40,United-States,<=50K
31,Self-emp-not-inc,234885,Some-college,10,Married-civ-spouse,Craft-repair,Husband,White,Male,0,0,60,United-States,<=50K
22,Private,220603,Some-college,10,Married-civ-spouse,Sales,Husband,White,Male,0,0,55,United-States,<=50K
38,Private,269786,HS-grad,9,Married-civ-spouse,Farming-fishing,Husband,White,Male,0,0,44,United-States,<=50K
19,Private,229414,Some-college,10,Never-married,Prof-specialty,Own-child,White,Male,0,0,11,United-States,<=50K
19,Private,283613,7th-8th,4,Never-married,Adm-clerical,Own-child,White,Male,0,0,80,United-States,<=50K
19,?,306538,Some-college,10,Never-married,?,Own-child,White,Male,0,0,40,United-States,<=50K
62,Private,194095,HS-grad,9,Divorced,Machine-op-inspct,Not-in-family,White,Female,2174,0,40,United-States,<=50K
38,Private,172695,HS-grad,9,Never-married,Machine-op-inspct,Own-child,White,Male,0,0,40,United-States,<=50K
30,Private,243867,Some-college,10,Never-married,Prof-specialty,Not-in-family,Black,Male,0,0,45,United-States,<=50K
53,Private,108836,9th,5,Married-civ-spouse,Transport-moving,Husband,White,Male,0,0,40,United-States,<=50K
40,Private,199698,Bachelors,13,Separated,Sales,Not-in-family,White,Male,0,0,40,United-States,<=50K
27,Private,199118,Some-college,10,Never-married,Adm-clerical,Own-child,White,Female,0,0,40,Mexico,<=50K
37,Private,198953,Some-college,10,Married-civ-spouse,Other-service,Wife,White,Female,0,0,40,United-States,<=50K
34,Private,187802,HS-grad,9,Married-civ-spouse,Machine-op-inspct,Husband,White,Male,0,0,40,United-States,<=50K
30,Private,262043,9th,5,Never-married,Handlers-cleaners,Unmarried,Black,Male,0,0,40,United-States,<=50K
20,Private,370585,Some-college,10,Never-married,Adm-clerical,Own-child,White,Female,0,0,35,United-States,<=50K
58,Private,220789,Bachelors,13,Divorced,Transport-moving,Not-in-family,White,Male,0,0,45,United-States,<=50K
27,Private,126060,Prof-school,15,Never-married,Prof-specialty,Other-relative,White,Female,0,0,40,United-States,<=50K
28,Local-gov,305474,Assoc-acdm,12,Never-married,Adm-clerical,Not-in-family,White,Female,0,1980,40,United-States,<=50K
60,Private,24185,HS-grad,9,Married-civ-spouse,Machine-op-inspct,Husband,Black,Male,0,0,40,United-States,<=50K
36,Self-emp-not-inc,188972,Doctorate,16,Separated,Prof-specialty,Unmarried,White,Female,0,0,10,Canada,<=50K
42,Private,204729,Assoc-voc,11,Separated,Sales,Unmarried,Black,Female,0,0,25,United-States,<=50K
41,Private,119099,HS-grad,9,Married-civ-spouse,Sales,Husband,White,Male,0,0,49,United-States,>50K
28,Private,175642,9th,5,Divorced,Prof-specialty,Not-in-family,Black,Female,0,0,40,United-States,<=50K
54,Private,103580,Assoc-acdm,12,Divorced,Exec-managerial,Unmarried,White,Female,0,0,55,United-States,>50K
26,Local-gov,73392,HS-grad,9,Never-married,Handlers-cleaners,Own-child,Amer-Indian-Eskimo,Male,0,0,30,United-States,<=50K
25,Private,150312,HS-grad,9,Never-married,Machine-op-inspct,Not-in-family,White,Male,0,0,40,United-States,<=50K
48,Private,189382,Some-college,10,Divorced,Handlers-cleaners,Own-child,White,Male,2176,0,40,United-States,<=50K
46,Private,182750,Doctorate,16,Married-civ-spouse,Prof-specialty,Husband,White,Male,0,0,55,United-States,>50K
48,Local-gov,275369,7th-8th,4,Married-civ-spouse,Transport-moving,Husband,White,Male,0,1902,40,United-States,<=50K
30,Private,210275,Assoc-voc,11,Married-civ-spouse,Machine-op-inspct,Husband,White,Male,0,0,40,United-States,>50K
37,Private,216129,11th,7,Married-civ-spouse,Craft-repair,Husband,White,Male,0,0,45,United-States,<=50K
27,Private,176940,Assoc-voc,11,Never-married,Craft-repair,Not-in-family,White,Male,0,0,40,United-States,<=50K
27,Private,176940,Assoc-voc,11,Never-married,Craft-repair,Not-in-family,White,Male,0,0,40,United-States,<=50K
31,Private,121768,Assoc-acdm,12,Divorced,Adm-clerical,Unmarried,White,Female,0,0,35,Poland,<=50K
42,Private,210275,Masters,14,Divorced,Tech-support,Unmarried,Black,Female,4687,0,35,United-States,>50K
22,Local-gov,391192,Some-college,10,Never-married,Prof-specialty,Own-child,White,Female,594,0,25,United-States,<=50K
31,Private,204751,12th,8,Never-married,Sales,Own-child,White,Male,0,0,32,United-States,<=50K
19,Private,180010,HS-grad,9,Never-married,Other-service,Own-child,White,Female,0,0,35,United-States,<=50K
29,Private,309778,Bachelors,13,Never-married,Craft-repair,Not-in-family,White,Male,0,0,40,United-States,<=50K
55,Private,191776,HS-grad,9,Married-civ-spouse,Sales,Husband,White,Male,0,0,40,United-States,<=50K
53,Private,54318,HS-grad,9,Married-civ-spouse,Craft-repair,Husband,White,Male,0,0,40,United-States,>50K
30,Private,112358,Bachelors,13,Married-civ-spouse,Exec-managerial,Husband,White,Male,0,0,50,United-States,>50K
39,Private,309178,HS-grad,9,Married-civ-spouse,Craft-repair,Husband,White,Male,0,0,40,United-States,<=50K
38,Private,112497,HS-grad,9,Never-married,Prof-specialty,Not-in-family,White,Male,0,0,40,United-States,>50K
25,Local-gov,191841,Bachelors,13,Never-married,Craft-repair,Own-child,White,Male,0,0,25,United-States,<=50K
38,Private,395297,Bachelors,13,Married-civ-spouse,Exec-managerial,Husband,White,Male,1797,0,50,United-States,>50K
39,Private,150025,Some-college,10,Married-civ-spouse,Craft-repair,Husband,White,Male,0,0,55,United-States,>50K
44,Private,45093,HS-grad,9,Married-civ-spouse,Farming-fishing,Husband,White,Male,0,0,70,United-States,<=50K
