age,workclass,fnlwgt,education,education-num,marital-status,occupation,relationship,race,sex,capital-gain,capital-loss,hours-per-week,native-country,income,placeholder
50,Private,178506,Some-college,15,Married-civ-spouse,Prof-specialty,Husband,White,Male,0,0,60,United-States,>50K,42.0
39,Private,191983,HS-grad,9,Married-civ-spouse,Transport-moving,Husband,White,Male,0,0,56,United-States,<=50K,330.0
29,Private,29658,HS-grad,9,Married-civ-spouse,Craft-repair,Husband,White,Male,0,0,40,United-States,<=50K,760.0
25,Private,25497,Bachelors,13,Married-civ-spouse,Prof-specialty,Husband,White,Male,0,0,40,United-States,<=50K,694.0
56,Self-emp-not-inc,186651,11th,7,Widowed,Other-service,Unmarried,White,Female,0,0,50,United-States,<=50K,481.0
42,Private,318255,HS-grad,9,Divorced,Adm-clerical,Unmarried,White,Female,0,0,40,United-States,<=50K,573.0
56,Self-emp-not-inc,297697,Prof-school,15,Married-civ-spouse,Prof-specialty,Husband,White,Male,0,0,55,England,>50K,936.0
31,Private,248178,Some-college,10,Married-civ-spouse,Other-service,Husband,Black,Male,0,0,35,United-States,<=50K,585.0
50,Private,335005,Some-college,10,Married-civ-spouse,Craft-repair,Husband,White,Male,0,0,40,United-States,>50K,541.0
30,Private,26543,Bachelors,13,Divorced,Other-service,Not-in-family,White,Male,0,0,40,United-States,<=50K,910.0
39,Private,270221,HS-grad,9,Married-civ-spouse,Farming-fishing,Husband,White,Male,0,0,45,United-States,<=50K,46.0
17,Private,75167,11th,7,Never-married,Priv-house-serv,Own-child,White,Male,0,0,20,United-States,<=50K,391.0
45,Federal-gov,87207,HS-grad,9,Married-civ-spouse,Adm-clerical,Wife,White,Female,0,0,37,United-States,<=50K,851.0
52,Private,296991,HS-grad,9,Married-civ-spouse,Adm-clerical,Husband,White,Male,0,0,40,United-States,<=50K,936.0
23,?,169104,Assoc-acdm,12,Never-married,?,Own-child,Asian-Pac-Islander,Male,0,0,16,Philippines,<=50K,407.0
22,Private,442478,Some-college,10,Never-married,Sales,Own-child,White,Male,0,0,20,United-States,<=50K,495.0
37,Private,139086,Assoc-acdm,12,Married-civ-spouse,Other-service,Husband,White,Male,0,0,47,United-States,<=50K,327.0
34,Private,204984,Some-college,10,Divorced,Exec-managerial,Own-child,White,Male,0,0,44,United-States,<=50K,269.0
31,Private,51048,9th,5,Married-civ-spouse,Machine-op-inspct,Husband,White,Male,0,0,43,United-States,<=50K,835.0
43,Private,230684,HS-grad,9,Married-civ-spouse,Machine-op-inspct,Husband,White,Male,0,0,40,United-States,>50K,428.0
23,Private,195411,Some-college,10,Never-married,Prof-specialty,Not-in-family,Other,Female,0,0,35,United-States,<=50K,705.0
21,Private,220220,HS-grad,9,Never-married,Other-service,Own-child,Amer-Indian-Eskimo,Male,0,0,30,United-States,<=50K,87.0
54,Self-emp-not-inc,201481,Bachelors,13,Married-civ-spouse,Sales,Husband,White,Male,0,0,50,United-States,>50K,485.0
26,Private,273792,Bachelors,13,Married-civ-spouse,Sales,Husband,White,Male,0,0,55,United-States,<=50K,691.0
17,?,454614,11th,7,Never-married,?,Own-child,White,Female,0,0,8,United-States,<=50K,627.0
43,Local-gov,231604,Masters,14,Married-civ-spouse,Exec-managerial,Husband,White,Male,0,1902,50,United-States,>50K,166.0
40,Self-emp-not-inc,328060,HS-grad,9,Married-civ-spouse,Farming-fishing,Husband,White,Male,0,0,50,United-States,<=50K,457.0
66,Private,366425,HS-grad,9,Married-civ-spouse,Other-service,Husband,White,Male,0,0,40,United-States,<=50K,595.0
42,Private,183710,HS-grad,9,Divorced,Craft-repair,Not-in-family,White,Male,0,0,43,United-States,>50K,38.0
44,Private,133819,Assoc-acdm,12,Never-married,Prof-specialty,Not-in-family,White,Female,0,0,36,United-States,<=50K,113.0
52,Private,114691,Bachelors,13,Married-civ-spouse,Prof-specialty,Husband,White,Male,0,0,52,United-States,>50K,418.0
71,Local-gov,36989,Bachelors,13,Widowed,Prof-specialty,Unmarried,White,Female,0,0,6,United-States,<=50K,868.0
30,Private,26543,Bachelors,13,Divorced,Other-service,Not-in-family,White,Male,0,0,40,United-States,<=50K,986.0
42,Self-emp-not-inc,344624,Doctorate,16,Never-married,Prof-specialty,Not-in-family,White,Male,0,0,99,United-States,>50K,932.0
35,Private,224566,Some-college,10,Never-married,Exec-managerial,Not-in-family,White,Male,0,0,60,United-States,<=50K,607.0
38,Private,112497,HS-grad,9,Never-married,Prof-specialty,Not-in-family,White,Male,0,0,40,United-States,>50K,446.0
20,Private,473836,HS-grad,9,Never-married,Handlers-cleaners,Own-child,White,Male,0,0,40,United-States,<=50K,868.0
53,Local-gov,207066,HS-grad,9,Married-civ-spouse,Exec-managerial,Husband,Amer-Indian-Eskimo,Male,0,0,48,United-States,<=50K,486.0
28,Private,315291,Some-college,10,Married-civ-spouse,Sales,Husband,Amer-Indian-Eskimo,Male,0,0,60,United-States,<=50K,510.0
36,Private,62258,Some-college,10,Married-civ-spouse,Craft-repair,Husband,White,Male,0,0,60,United-States,>50K,777.0
63,?,334366,HS-grad,9,Married-civ-spouse,?,Husband,White,Male,0,0,20,United-States,<=50K,277.0
36,Private,61778,Some-college,10,Married-civ-spouse,Craft-repair,Husband,White,Male,0,0,60,United-States,>50K,403.0
72,?,304871,HS-grad,9,Married-civ-spouse,?,Husband,White,Male,0,0,20,United-States,<=50K,896.0
25,Private,395297,Some-college,10,Married-civ-spouse,Adm-clerical,Wife,Black,Female,0,0,56,United-States,>50K,368.0
35,Private,469572,Assoc-acdm,12,Divorced,Other-service,Unmarried,White,Female,0,0,50,United-States,<=50K,809.0
51,Local-gov,146325,Doctorate,16,Married-civ-spouse,Prof-specialty,Husband,White,Male,0,1887,40,United-States,>50K,317.0
63,Self-emp-not-inc,144391,Bachelors,13,Married-civ-spouse,Farming-fishing,Husband,White,Male,0,0,20,United-States,<=50K,830.0
43,Private,334741,HS-grad,9,Married-civ-spouse,Handlers-cleaners,Husband,Black,Male,0,0,40,United-States,<=50K,248.0
35,Private,176520,Assoc-voc,11,Divorced,Craft-repair,Not-in-family,White,Male,0,0,40,United-States,<=50K,471.0
54,Private,29320,1st-4th,2,Married-civ-spouse,Other-service,Husband,White,Male,0,0,35,Mexico,<=50K,881.0
34,Private,196554,Bachelors,13,Married-civ-spouse,Exec-managerial,Husband,White,Male,0,0,50,United-States,>50K,763.0
60,Private,169496,HS-grad,9,Married-civ-spouse,Exec-managerial,Husband,White,Male,0,0,50,United-States,<=50K,325.0
56,Private,133819,HS-grad,9,Divorced,Prof-specialty,Not-in-family,White,Female,0,0,40,United-States,<=50K,327.0
42,Private,196385,HS-grad,9,Never-married,Transport-moving,Unmarried,Black,Female,0,0,38,United-States,<=50K,753.0
34,Private,299383,Bachelors,13,Married-civ-spouse,Sales,Husband,White,Male,0,0,50,United-States,>50K,733.0
67,Private,212370,HS-grad,9,Married-civ-spouse,Other-service,Husband,White,Male,0,0,10,United-States,<=50K,403.0
37,Private,141702,Assoc-acdm,12,Married-civ-spouse,Other-service,Husband,White,Male,0,0,47,United-States,<=50K,935.0
59,Private,230315,HS-grad,9,Never-married,Exec-managerial,Unmarried,White,Female,0,625,38,United-States,<=50K,461.0
39,Self-emp-not-inc,188571,Assoc-voc,11,Married-civ-spouse,Farming-fishing,Husband,White,Male,0,0,60,United-States,<=50K,809.0
46,Private,72619,Some-college,10,Married-civ-spouse,Exec-managerial,Wife,White,Female,0,0,40,United-States,>50K,787.0
57,Self-emp-not-inc,152030,Some-college,10,Married-civ-spouse,Sales,Wife,White,Female,0,0,25,United-States,>50K,799.0
18,Private,183009,Some-college,10,Never-married,Handlers-cleaners,Own-child,White,Male,0,0,9,United-States,<=50K,655.0
46,Private,122497,Some-college,10,Married-civ-spouse,Craft-repair,Wife,White,Female,7298,0,40,United-States,>50K,260.0
29,Local-gov,22149,Bachelors,13,Married-civ-spouse,Exec-managerial,Husband,Black,Male,0,0,40,United-States,>50K,658.0
28,Private,132326,HS-grad,9,Never-married,Adm-clerical,Own-child,White,Male,0,0,40,United-States,<=50K,243.0
34,Self-emp-inc,196797,HS-grad,9,Married-civ-spouse,Exec-managerial,Husband,White,Male,0,0,50,United-States,<=50K,297.0
26,Private,159442,Assoc-acdm,12,Never-married,Adm-clerical,Unmarried,White,Female,0,0,32,United-States,<=50K,758.0
38,Private,110243,Assoc-acdm,12,Married-civ-spouse,Craft-repair,Husband,White,Male,0,0,50,United-States,>50K,203.0
70,?,158642,HS-grad,9,Widowed,?,Not-in-family,White,Female,2993,0,20,United-States,<=50K,446.0
69,Private,29087,7th-8th,4,Married-civ-spouse,Handlers-cleaners,Husband,White,Male,0,0,6,United-States,<=50K,19.0
23,Local-gov,249550,Some-college,10,Never-married,Other-service,Not-in-family,Black,Male,0,0,30,United-States,<=50K,420.0
43,Local-gov,118600,Bachelors,13,Divorced,Prof-specialty,Unmarried,White,Female,0,625,40,United-States,<=50K,476.0
23,Private,386019,9th,5,Never-married,Farming-fishing,Unmarried,White,Male,0,0,70,United-States,<=50K,647.0
35,Private,67716,HS-grad,9,Married-civ-spouse,Other-service,Husband,Asian-Pac-Islander,Male,0,0,40,China,<=50K,364.0
51,Local-gov,169204,7th-8th,4,Divorced,Other-service,Unmarried,White,Female,0,0,40,Columbia,<=50K,19.0
33,Private,228649,HS-grad,9,Divorced,Exec-managerial,Not-in-family,White,Male,0,0,60,United-States,<=50K,983.0
43,Local-gov,119762,Bachelors,13,Divorced,Prof-specialty,Unmarried,White,Female,0,625,40,United-States,<=50K,577.0
37,Private,238311,HS-grad,9,Married-civ-spouse,Machine-op-inspct,Husband,Black,Male,0,0,36,United-States,>50K,412.0
41,Private,311350,HS-grad,9,Divorced,Craft-repair,Not-in-family,White,Male,0,0,40,United-States,<=50K,937.0
27,Private,187581,HS-grad,9,Never-married,Handlers-cleaners,Own-child,White,Male,0,0,40,United-States,<=50K,135.0
27,Private,190457,Bachelors,13,Married-civ-spouse,Exec-managerial,Husband,White,Male,7298,0,55,United-States,>50K,72.0
25,Private,39089,Assoc-voc,11,Never-married,Craft-repair,Own-child,White,Male,0,0,40,United-States,<=50K,13.0
18,Private,90860,Some-college,10,Never-married,Sales,Own-child,Asian-Pac-Islander,Female,0,0,20,United-States,<=50K,964.0
50,State-gov,45961,Bachelors,13,Married-spouse-absent,Prof-specialty,Not-in-family,White,Male,6849,0,40,United-States,<=50K,862.0
22,Private,137421,Some-college,10,Never-married,Craft-repair,Not-in-family,White,Male,0,0,40,United-States,<=50K,386.0
35,Private,214994,HS-grad,9,Divorced,Adm-clerical,Not-in-family,White,Female,0,0,45,United-States,<=50K,80.0
56,Private,142182,Assoc-voc,11,Married-civ-spouse,Craft-repair,Husband,White,Male,0,0,45,United-States,>50K,533.0
69,?,323798,Some-college,10,Never-married,?,Not-in-family,White,Male,1831,0,1,United-States,<=50K,300.0
67,?,273792,7th-8th,4,Married-civ-spouse,?,Husband,White,Male,0,0,40,United-States,<=50K,779.0
24,Private,261561,Bachelors,13,Never-married,Prof-specialty,Not-in-family,White,Female,0,0,40,United-States,<=50K,642.0
36,State-gov,96468,Masters,14,Never-married,Prof-specialty,Own-child,White,Female,0,0,40,United-States,<=50K,396.0
65,Private,89681,Masters,14,Never-married,Prof-specialty,Not-in-family,White,Male,0,0,99,United-States,<=50K,591.0
67,?,274451,7th-8th,4,Married-civ-spouse,?,Husband,White,Male,0,0,40,United-States,<=50K,972.0
33,Private,226385,HS-grad,9,Divorced,Exec-managerial,Not-in-family,White,Male,0,0,60,United-States,<=50K,436.0
59,?,373403,Bachelors,13,Married-civ-spouse,?,Husband,White,Male,0,0,40,United-States,>50K,102.0
23,Private,347873,Assoc-acdm,12,Never-married,Prof-specialty,Not-in-family,Asian-Pac-Islander,Female,0,0,30,Vietnam,<=50K,711.0
25,Private,211424,12th,8,Never-married,Other-service,Not-in-family,White,Male,0,0,40,United-States,<=50K,291.0
34,Private,29974,Bachelors,13,Married-civ-spouse,Sales,Husband,White,Male,0,0,50,United-States,>50K,46.0
59,Private,167531,HS-grad,9,Never-married,Adm-clerical,Unmarried,White,Male,0,0,40,United-States,<=50K,929.0
60,Federal-gov,120268,Some-college,10,Married-civ-spouse,Adm-clerical,Husband,White,Male,7298,0,40,United-States,>50K,834.0
48,Private,149366,Some-college,10,Divorced,Machine-op-inspct,Not-in-family,White,Male,0,0,40,United-States,>50K,291.0
28,Private,210474,Bachelors,13,Never-married,Prof-specialty,Not-in-family,White,Male,0,0,60,United-States,>50K,279.0
37,Private,31533,Bachelors,13,Never-married,Adm-clerical,Other-relative,Black,Female,0,0,40,United-States,<=50K,359.0
31,Private,202937,Some-college,10,Divorced,Adm-clerical,Unmarried,Black,Female,0,0,40,United-States,<=50K,989.0
35,Private,175614,Assoc-voc,11,Divorced,Prof-specialty,Unmarried,White,Female,0,0,40,United-States,>50K,744.0
42,Self-emp-not-inc,248249,Bachelors,13,Married-civ-spouse,Exec-managerial,Husband,White,Male,0,0,45,United-States,>50K,483.0
30,?,204984,HS-grad,9,Married-civ-spouse,?,Wife,White,Female,0,0,20,United-States,<=50K,372.0
56,Private,102106,HS-grad,9,Married-civ-spouse,Handlers-cleaners,Husband,White,Male,0,0,40,United-States,<=50K,452.0
38,Private,127149,HS-grad,9,Never-married,Prof-specialty,Not-in-family,White,Male,6849,0,40,United-States,>50K,744.0
24,Private,375655,Bachelors,13,Never-married,Sales,Own-child,White,Female,0,1504,40,United-States,<=50K,78.0
62,?,953588,Assoc-voc,11,Married-civ-spouse,?,Husband,White,Male,3411,0,40,United-States,<=50K,82.0
65,Private,387468,Assoc-voc,11,Married-civ-spouse,Adm-clerical,Husband,White,Male,0,0,15,United-States,<=50K,359.0
26,Local-gov,283217,Some-college,10,Never-married,Protective-serv,Own-child,White,Male,0,0,40,United-States,<=50K,190.0
48,Private,182342,Some-college,10,Married-civ-spouse,Transport-moving,Husband,White,Male,0,0,45,United-States,<=50K,767.0
29,Local-gov,217747,Some-college,10,Never-married,Adm-clerical,Not-in-family,White,Female,0,0,40,United-States,<=50K,477.0
63,Private,19302,Bachelors,13,Divorced,Other-service,Not-in-family,White,Female,0,0,10,United-States,<=50K,294.0
18,Private,237386,Some-college,10,Never-married,Adm-clerical,Own-child,White,Male,0,0,30,United-States,<=50K,492.0
24,Private,43702,HS-grad,9,Divorced,Machine-op-inspct,Not-in-family,White,Male,0,0,40,United-States,<=50K,236.0
43,Local-gov,115516,Some-college,10,Divorced,Adm-clerical,Unmarried,White,Female,0,0,40,United-States,<=50K,636.0
23,Private,187581,Some-college,10,Never-married,Other-service,Own-child,White,Male,0,0,32,United-States,<=50K,699.0
53,Self-emp-inc,290660,Some-college,10,Married-civ-spouse,Sales,Husband,White,Male,0,0,50,United-States,>50K,19.0
45,Federal-gov,87207,HS-grad,9,Married-civ-spouse,Adm-clerical,Wife,White,Female,0,0,37,United-States,<=50K,818.0
18,Private,278391,11th,7,Never-married,Exec-managerial,Own-child,White,Female,0,0,25,United-States,<=50K,461.0
28,Self-emp-not-inc,107417,HS-grad,9,Never-married,Craft-repair,Own-child,White,Male,0,0,45,United-States,<=50K,683.0
28,Private,193042,Some-college,10,Married-civ-spouse,Sales,Wife,White,Female,0,0,40,United-States,>50K,59.0
54,Private,352882,Some-college,10,Divorced,Adm-clerical,Not-in-family,White,Female,0,0,35,United-States,<=50K,284.0
31,Private,226891,Some-college,10,Married-civ-spouse,Craft-repair,Husband,White,Male,0,0,55,United-States,>50K,42.0
30,Private,203277,HS-grad,9,Married-civ-spouse,Protective-serv,Husband,White,Male,0,0,60,United-States,>50K,284.0
44,Private,190525,HS-grad,9,Never-married,Other-service,Own-child,White,Female,0,0,24,United-States,<=50K,492.0
30,Private,121836,Bachelors,13,Married-civ-spouse,Farming-fishing,Husband,White,Male,0,0,40,United-States,<=50K,45.0
31,Private,104509,Some-college,10,Separated,Other-service,Unmarried,White,Female,0,0,35,United-States,<=50K,314.0
30,State-gov,270221,Bachelors,13,Never-married,Adm-clerical,Own-child,Black,Female,0,0,40,United-States,<=50K,41.0
35,Private,142282,Some-college,10,Separated,Other-service,Unmarried,White,Female,0,0,25,United-States,<=50K,292.0
40,Private,35644,HS-grad,9,Married-civ-spouse,Craft-repair,Husband,White,Male,0,1902,45,United-States,>50K,211.0
52,Local-gov,89705,Masters,14,Married-civ-spouse,Prof-specialty,Husband,White,Male,0,0,40,United-States,>50K,864.0
27,Private,188507,HS-grad,9,Never-married,Handlers-cleaners,Own-child,White,Male,0,0,40,United-States,<=50K,131.0
31,Private,153078,Assoc-acdm,12,Never-married,Craft-repair,Own-child,Other,Male,0,0,50,United-States,<=50K,288.0
22,Private,31267,11th,7,Never-married,Craft-repair,Unmarried,White,Male,0,0,40,United-States,<=50K,743.0
53,Private,152883,HS-grad,9,Widowed,Adm-clerical,Not-in-family,Black,Female,0,0,40,United-States,<=50K,890.0
34,Private,271346,Bachelors,13,Never-married,Exec-managerial,Other-relative,White,Female,0,1741,45,United-States,<=50K,496.0
23,Private,208946,Bachelors,13,Never-married,Sales,Own-child,White,Male,0,0,40,United-States,<=50K,200.0
31,Private,507875,9th,5,Married-civ-spouse,Machine-op-inspct,Husband,White,Male,0,0,43,United-States,<=50K,64.0
50,Self-emp-not-inc,93705,Some-college,10,Divorced,Sales,Not-in-family,White,Female,0,0,40,United-States,<=50K,613.0
49,Private,110732,Bachelors,13,Married-civ-spouse,Exec-managerial,Husband,White,Male,0,0,45,United-States,>50K,207.0
23,?,227065,HS-grad,9,Never-married,?,Other-relative,Asian-Pac-Islander,Female,0,0,20,South,<=50K,561.0
31,Private,490332,Some-college,10,Married-civ-spouse,Craft-repair,Husband,White,Male,0,0,40,United-States,<=50K,609.0
46,Local-gov,110110,Masters,14,Married-civ-spouse,Prof-specialty,Wife,White,Female,0,0,65,United-States,>50K,764.0
32,Private,244172,11th,7,Married-civ-spouse,Craft-repair,Husband,White,Male,0,1672,48,United-States,<=50K,946.0
19,Private,175614,Some-college,10,Never-married,Other-service,Own-child,Black,Male,0,0,25,United-States,<=50K,667.0
34,Private,301251,Bachelors,13,Married-civ-spouse,Sales,Husband,White,Male,0,0,50,United-States,>50K,883.0
22,?,290660,Some-college,10,Never-married,?,Not-in-family,Black,Female,0,0,25,United-States,<=50K,852.0
52,Private,186303,Some-college,10,Married-civ-spouse,Exec-managerial,Husband,White,Male,15020,0,55,Canada,>50K,817.0
38,Private,216931,Bachelors,13,Divorced,Other-service,Not-in-family,Black,Female,0,0,60,?,<=50K,580.0
33,Private,402848,HS-grad,9,Married-spouse-absent,Adm-clerical,Other-relative,White,Female,0,0,32,United-States,<=50K,330.0
28,Local-gov,283217,Some-college,10,Married-civ-spouse,Exec-managerial,Husband,White,Male,0,0,65,United-States,<=50K,762.0
56,Private,133819,HS-grad,9,Divorced,Prof-specialty,Not-in-family,White,Female,0,0,40,United-States,<=50K,252.0
48,Private,148644,Some-college,10,Divorced,Machine-op-inspct,Not-in-family,White,Male,0,0,40,United-States,>50K,711.0
29,Local-gov,169982,Some-college,10,Never-married,Protective-serv,Own-child,White,Male,0,0,48,United-States,<=50K,552.0
58,Private,97562,HS-grad,9,Married-civ-spouse,Sales,Wife,White,Female,0,0,38,United-States,<=50K,658.0
34,Local-gov,198953,Some-college,10,Divorced,Protective-serv,Unmarried,Black,Female,0,0,40,United-States,<=50K,899.0
60,Self-emp-inc,105339,Bachelors,13,Married-civ-spouse,Exec-managerial,Husband,White,Male,7298,0,60,United-States,>50K,53.0
50,Private,174575,Bachelors,13,Married-civ-spouse,Craft-repair,Husband,White,Male,0,1887,40,United-States,>50K,543.0
72,?,304871,HS-grad,9,Married-civ-spouse,?,Husband,White,Male,0,0,20,United-States,<=50K,272.0
52,Private,217235,Some-college,10,Married-spouse-absent,Adm-clerical,Not-in-family,White,Female,14084,0,16,United-States,>50K,612.0
80,Self-emp-not-inc,201179,HS-grad,9,Married-civ-spouse,Other-service,Husband,White,Male,0,0,30,United-States,<=50K,372.0
43,State-gov,238917,HS-grad,9,Married-civ-spouse,Craft-repair,Husband,White,Male,0,0,40,United-States,<=50K,370.0
64,Private,391121,7th-8th,4,Married-civ-spouse,Farming-fishing,Husband,White,Male,0,0,40,United-States,>50K,599.0
56,Private,193666,HS-grad,9,Separated,Craft-repair,Unmarried,White,Male,0,0,40,United-States,<=50K,17.0
17,Self-emp-not-inc,372020,11th,7,Never-married,Farming-fishing,Own-child,White,Male,0,0,10,United-States,<=50K,305.0
27,Private,193042,HS-grad,9,Married-civ-spouse,Machine-op-inspct,Husband,White,Male,0,0,40,United-States,<=50K,144.0
23,Local-gov,248249,Some-college,10,Never-married,Other-service,Not-in-family,Black,Male,0,0,30,United-States,<=50K,979.0
31,Private,137991,Some-college,10,Married-AF-spouse,Sales,Wife,White,Female,0,0,20,United-States,<=50K,858.0
29,Private,291181,Prof-school,15,Married-civ-spouse,Prof-specialty,Husband,White,Male,7298,0,48,United-States,>50K,69.0
44,Self-emp-inc,226357,Some-college,10,Married-civ-spouse,Exec-managerial,Husband,White,Male,0,0,60,United-States,<=50K,914.0
41,Private,145389,HS-grad,9,Married-civ-spouse,Machine-op-inspct,Husband,White,Male,0,0,40,United-States,>50K,480.0
57,Private,296478,Some-college,10,Divorced,Exec-managerial,Other-relative,White,Female,594,0,10,United-States,<=50K,331.0
38,Private,29520,Assoc-voc,11,Married-civ-spouse,Craft-repair,Husband,White,Male,7298,0,40,United-States,>50K,784.0
51,Self-emp-not-inc,186982,Bachelors,13,Married-civ-spouse,Farming-fishing,Husband,White,Male,0,0,8,United-States,<=50K,525.0
28,Private,660461,HS-grad,9,Married-civ-spouse,Sales,Husband,White,Male,0,0,40,United-States,<=50K,935.0
57,Private,236696,HS-grad,9,Married-civ-spouse,Machine-op-inspct,Husband,Black,Male,0,0,40,United-States,>50K,772.0
65,Self-emp-inc,116057,HS-grad,9,Divorced,Sales,Not-in-family,White,Female,6723,0,40,United-States,<=50K,465.0
35,Private,67716,HS-grad,9,Married-civ-spouse,Other-service,Husband,Asian-Pac-Islander,Male,0,0,40,China,<=50K,215.0
20,Private,190324,HS-grad,9,Never-married,Other-service,Own-child,White,Female,0,0,30,United-States,<=50K,481.0
42,Private,170562,Some-college,10,Married-civ-spouse,Craft-repair,Husband,Black,Male,0,0,50,United-States,>50K,779.0
39,Private,230329,HS-grad,9,Married-civ-spouse,Craft-repair,Husband,White,Male,0,0,35,United-States,<=50K,547.0
51,Local-gov,146325,Doctorate,16,Married-civ-spouse,Prof-specialty,Husband,White,Male,0,1887,40,United-States,>50K,443.0
36,Federal-gov,54159,Bachelors,13,Married-civ-spouse,Exec-managerial,Husband,White,Male,0,0,45,United-States,<=50K,145.0
31,Private,153751,Assoc-acdm,12,Never-married,Craft-repair,Own-child,Other,Male,0,0,50,United-States,<=50K,476.0
51,Private,223648,HS-grad,9,Married-civ-spouse,Machine-op-inspct,Husband,White,Male,0,0,40,United-States,>50K,65.0
30,Private,121775,Bachelors,13,Married-civ-spouse,Farming-fishing,Husband,White,Male,0,0,40,United-States,<=50K,350.0
65,?,316120,HS-grad,9,Widowed,?,Unmarried,White,Female,2329,0,75,United-States,<=50K,615.0
42,Self-emp-not-inc,29520,Prof-school,15,Divorced,Prof-specialty,Unmarried,White,Male,0,0,60,United-States,>50K,327.0
40,Self-emp-not-inc,76487,Bachelors,13,Never-married,Prof-specialty,Not-in-family,White,Male,0,0,50,United-States,<=50K,111.0
53,Local-gov,204816,Bachelors,13,Married-civ-spouse,Prof-specialty,Wife,White,Female,0,0,60,United-States,>50K,902.0
39,Private,117381,Some-college,10,Divorced,Transport-moving,Not-in-family,White,Male,0,0,65,United-States,<=50K,249.0
51,Private,184813,HS-grad,9,Married-civ-spouse,Sales,Husband,White,Male,0,1977,50,United-States,>50K,789.0
37,Self-emp-not-inc,157145,Prof-school,15,Never-married,Prof-specialty,Own-child,White,Male,0,1564,55,United-States,>50K,196.0
27,?,223648,Some-college,10,Divorced,?,Own-child,White,Male,0,0,40,United-States,<=50K,134.0
31,Private,83413,HS-grad,9,Never-married,Sales,Own-child,White,Male,0,0,40,United-States,<=50K,243.0
66,Private,165937,11th,7,Married-civ-spouse,Sales,Husband,White,Male,0,0,26,United-States,<=50K,111.0
39,Private,103710,HS-grad,9,Never-married,Sales,Unmarried,White,Female,0,0,60,United-States,<=50K,75.0
31,Local-gov,402848,HS-grad,9,Divorced,Adm-clerical,Unmarried,White,Female,0,0,40,United-States,<=50K,688.0
49,Local-gov,186539,Masters,14,Married-civ-spouse,Protective-serv,Husband,White,Male,0,0,40,United-States,>50K,597.0
39,Private,269353,HS-grad,9,Married-civ-spouse,Farming-fishing,Husband,White,Male,0,0,45,United-States,<=50K,952.0
35,Private,29732,Some-college,10,Married-civ-spouse,Transport-moving,Husband,Asian-Pac-Islander,Male,0,0,40,United-States,<=50K,583.0
65,?,315728,HS-grad,9,Widowed,?,Unmarried,White,Female,2329,0,75,United-States,<=50K,329.0
24,Private,39432,Some-college,10,Never-married,Sales,Own-child,White,Female,0,0,35,United-States,<=50K,927.0
30,Private,266463,Some-college,10,Married-civ-spouse,Tech-support,Wife,Black,Female,0,0,45,United-States,<=50K,552.0
36,Private,135289,Bachelors,13,Married-civ-spouse,Craft-repair,Husband,White,Male,0,0,48,United-States,>50K,9.0
48,Self-emp-inc,214896,Some-college,10,Married-civ-spouse,Exec-managerial,Husband,White,Male,0,0,55,United-States,>50K,394.0
36,Federal-gov,473133,Some-college,10,Divorced,Exec-managerial,Unmarried,Black,Female,0,0,40,United-States,>50K,317.0
29,Private,192010,Bachelors,13,Never-married,Prof-specialty,Not-in-family,White,Female,0,0,60,Poland,<=50K,260.0
61,Private,73809,Some-college,10,Divorced,Adm-clerical,Not-in-family,White,Female,0,0,40,United-States,<=50K,864.0
46,Private,91317,Some-college,10,Married-spouse-absent,Craft-repair,Not-in-family,Asian-Pac-Islander,Male,0,0,40,Philippines,<=50K,866.0
28,Private,132921,HS-grad,9,Never-married,Adm-clerical,Own-child,White,Male,0,0,40,United-States,<=50K,828.0
23,Private,350103,Assoc-acdm,12,Never-married,Prof-specialty,Not-in-family,Asian-Pac-Islander,Female,0,0,30,Vietnam,<=50K,903.0
29,Private,191983,Bachelors,13,Never-married,Prof-specialty,Not-in-family,White,Female,0,0,60,Poland,<=50K,647.0
30,Private,285295,Bachelors,13,Married-civ-spouse,Other-service,Wife,Asian-Pac-Islander,Female,0,0,40,Philippines,<=50K,743.0
51,Self-emp-not-inc,127149,11th,7,Married-civ-spouse,Farming-fishing,Husband,White,Male,0,0,45,United-States,>50K,177.0
26,Private,158642,Assoc-acdm,12,Never-married,Adm-clerical,Unmarried,White,Female,0,0,32,United-States,<=50K,352.0
37,Private,37778,Assoc-voc,11,Married-civ-spouse,Sales,Husband,White,Male,0,0,54,United-States,<=50K,591.0
54,Private,285854,HS-grad,9,Married-civ-spouse,Transport-moving,Husband,White,Male,0,0,40,United-States,>50K,95.0
44,State-gov,115971,Masters,14,Married-civ-spouse,Exec-managerial,Husband,White,Male,0,0,40,United-States,<=50K,392.0
46,Private,122194,Some-college,10,Married-civ-spouse,Craft-repair,Wife,White,Female,7298,0,40,United-States,>50K,550.0
33,Private,177955,HS-grad,9,Divorced,Adm-clerical,Not-in-family,Black,Female,0,0,40,United-States,<=50K,672.0
24,Local-gov,203523,Bachelors,13,Married-civ-spouse,Protective-serv,Husband,White,Male,0,0,45,United-States,<=50K,226.0
35,Private,214994,HS-grad,9,Divorced,Adm-clerical,Not-in-family,White,Female,0,0,45,United-States,<=50K,443.0
37,Private,141584,Assoc-acdm,12,Married-civ-spouse,Other-service,Husband,White,Male,0,0,47,United-States,<=50K,898.0
55,Federal-gov,56483,HS-grad,9,Married-civ-spouse,Transport-moving,Husband,White,Male,0,0,40,United-States,<=50K,202.0
40,Private,393712,Assoc-voc,11,Never-married,Prof-specialty,Not-in-family,White,Female,0,0,50,United-States,<=50K,718.0
58,?,210474,HS-grad,9,Divorced,?,Unmarried,White,Male,0,0,40,United-States,<=50K,444.0
63,Self-emp-not-inc,147140,7th-8th,4,Married-civ-spouse,Farming-fishing,Husband,White,Male,0,0,60,United-States,>50K,845.0
28,?,161007,Some-college,10,Never-married,?,Own-child,Black,Female,0,0,40,United-States,<=50K,411.0
46,State-gov,192779,Bachelors,13,Married-civ-spouse,Exec-managerial,Husband,White,Male,7688,0,40,United-States,>50K,10.0
48,Private,181796,Some-college,10,Married-civ-spouse,Transport-moving,Husband,White,Male,0,0,45,United-States,<=50K,247.0
62,Self-emp-inc,164204,Doctorate,16,Married-civ-spouse,Prof-specialty,Husband,White,Male,15024,0,45,United-States,>50K,967.0
39,Self-emp-not-inc,188335,HS-grad,9,Married-civ-spouse,Farming-fishing,Husband,White,Male,0,0,40,United-States,<=50K,401.0
25,Private,138992,Bachelors,13,Never-married,Prof-specialty,Not-in-family,White,Male,0,0,20,United-States,<=50K,469.0
41,Private,164922,Bachelors,13,Married-civ-spouse,Farming-fishing,Husband,White,Male,0,0,45,United-States,>50K,866.0
31,Private,415520,10th,6,Separated,Other-service,Unmarried,White,Female,0,0,40,United-States,<=50K,287.0
43,State-gov,242521,HS-grad,9,Married-civ-spouse,Craft-repair,Husband,White,Male,0,0,40,United-States,<=50K,821.0
31,Private,255474,Bachelors,13,Never-married,Exec-managerial,Not-in-family,White,Male,0,1741,38,United-States,<=50K,343.0
52,Private,153976,9th,5,Separated,Other-service,Not-in-family,Black,Female,0,0,30,United-States,<=50K,804.0
49,Private,35663,HS-grad,9,Married-civ-spouse,Craft-repair,Husband,White,Male,0,1887,40,United-States,>50K,6.0
33,Self-emp-not-inc,190350,Masters,14,Never-married,Exec-managerial,Not-in-family,Black,Female,0,0,70,United-States,>50K,928.0
27,Private,34393,Assoc-voc,11,Never-married,Prof-specialty,Not-in-family,White,Female,0,1876,36,Canada,<=50K,247.0
34,Private,347873,Assoc-acdm,12,Never-married,Exec-managerial,Own-child,White,Female,0,0,50,United-States,<=50K,334.0
46,Self-emp-not-inc,148549,Masters,14,Married-civ-spouse,Craft-repair,Husband,White,Male,0,0,50,United-States,>50K,643.0
28,Self-emp-not-inc,107458,HS-grad,9,Never-married,Craft-repair,Own-child,White,Male,0,0,45,United-States,<=50K,33.0
29,Local-gov,218782,Some-college,10,Never-married,Adm-clerical,Not-in-family,White,Female,0,0,40,United-States,<=50K,428.0
55,Self-emp-not-inc,119762,10th,6,Married-civ-spouse,Transport-moving,Husband,White,Male,0,0,50,United-States,<=50K,418.0
40,Local-gov,269353,Masters,14,Never-married,Prof-specialty,Not-in-family,White,Female,0,0,40,United-States,<=50K,169.0
25,Private,188507,7th-8th,4,Never-married,Machine-op-inspct,Other-relative,White,Female,0,0,40,Dominican-Republic,<=50K,978.0
30,Private,340797,HS-grad,9,Married-civ-spouse,Tech-support,Husband,White,Male,0,0,40,United-States,<=50K,150.0
48,Local-gov,67716,Masters,14,Married-civ-spouse,Prof-specialty,Husband,White,Male,7688,0,50,United-States,>50K,531.0
45,Private,116360,HS-grad,9,Divorced,Other-service,Not-in-family,Black,Female,0,0,35,United-States,<=50K,560.0
30,Private,26543,Some-college,10,Married-civ-spouse,Tech-support,Wife,Black,Female,0,0,45,United-States,<=50K,978.0
36,Private,102729,HS-grad,9,Married-civ-spouse,Handlers-cleaners,Husband,White,Male,0,0,45,United-States,>50K,291.0
49,Private,186982,Some-college,10,Separated,Exec-managerial,Not-in-family,White,Female,0,0,45,United-States,>50K,282.0
42,Private,41432,Some-college,10,Married-civ-spouse,Tech-support,Husband,White,Male,0,0,40,United-States,<=50K,379.0
42,Federal-gov,326342,Some-college,10,Married-civ-spouse,Craft-repair,Husband,White,Male,7688,0,45,United-States,>50K,639.0
48,Private,199763,HS-grad,9,Married-civ-spouse,Prof-specialty,Wife,White,Female,0,0,8,United-States,<=50K,591.0
20,Self-emp-inc,83141,HS-grad,9,Never-married,Craft-repair,Own-child,White,Male,0,0,40,United-States,<=50K,449.0
43,Private,59469,Some-college,10,Married-civ-spouse,Adm-clerical,Husband,White,Male,0,0,45,United-States,<=50K,157.0
44,Local-gov,116878,Masters,14,Married-civ-spouse,Prof-specialty,Wife,White,Female,0,1887,40,United-States,>50K,707.0
41,Local-gov,182609,HS-grad,9,Married-civ-spouse,Transport-moving,Husband,Black,Male,0,0,40,United-States,>50K,682.0
35,Private,142287,Some-college,10,Separated,Other-service,Unmarried,White,Female,0,0,25,United-States,<=50K,556.0
33,Local-gov,107417,Masters,14,Married-civ-spouse,Prof-specialty,Husband,White,Male,0,0,40,United-States,>50K,970.0
64,Local-gov,79303,HS-grad,9,Divorced,Adm-clerical,Not-in-family,White,Female,0,0,40,United-States,<=50K,424.0
54,Private,291181,1st-4th,2,Married-civ-spouse,Other-service,Husband,White,Male,0,0,35,Mexico,<=50K,147.0
39,Self-emp-not-inc,189123,Assoc-voc,11,Married-civ-spouse,Farming-fishing,Husband,White,Male,0,0,60,United-States,<=50K,763.0
46,Private,187513,HS-grad,9,Divorced,Adm-clerical,Not-in-family,White,Female,0,0,40,United-States,<=50K,782.0
52,Private,145389,HS-grad,9,Married-civ-spouse,Craft-repair,Husband,White,Male,0,0,40,United-States,<=50K,486.0
51,Private,29974,Bachelors,13,Never-married,Adm-clerical,Unmarried,White,Male,0,0,20,United-States,<=50K,349.0
54,Private,104501,Some-college,10,Married-civ-spouse,Sales,Husband,White,Male,15020,0,40,United-States,>50K,658.0
53,Private,153052,HS-grad,9,Widowed,Adm-clerical,Not-in-family,Black,Female,0,0,40,United-States,<=50K,939.0
50,Private,168479,Some-college,10,Married-spouse-absent,Transport-moving,Unmarried,White,Male,0,0,40,United-States,<=50K,13.0
23,?,169496,Assoc-acdm,12,Never-married,?,Own-child,Asian-Pac-Islander,Male,0,0,16,Philippines,<=50K,62.0
55,Local-gov,176046,Masters,14,Married-civ-spouse,Prof-specialty,Wife,White,Female,0,2267,40,United-States,<=50K,727.0
22,Private,170562,Assoc-voc,11,Never-married,Other-service,Own-child,White,Female,0,0,12,United-States,<=50K,719.0
41,Private,167333,Bachelors,13,Never-married,Adm-clerical,Not-in-family,White,Male,0,0,52,United-States,<=50K,111.0
33,Private,311020,Masters,14,Married-civ-spouse,Prof-specialty,Husband,White,Male,0,0,45,United-States,<=50K,674.0
30,Private,75167,Bachelors,13,Married-civ-spouse,Exec-managerial,Husband,White,Male,0,0,55,United-States,<=50K,155.0
54,Private,284871,HS-grad,9,Married-civ-spouse,Transport-moving,Husband,White,Male,0,0,40,United-States,>50K,404.0
65,Self-emp-inc,116358,HS-grad,9,Divorced,Sales,Not-in-family,White,Female,6723,0,40,United-States,<=50K,754.0
51,Self-emp-not-inc,127149,11th,7,Married-civ-spouse,Farming-fishing,Husband,White,Male,0,0,45,United-States,>50K,450.0
43,Private,117915,Masters,14,Never-married,Adm-clerical,Not-in-family,White,Male,0,0,40,United-States,<=50K,261.0
62,Self-emp-not-inc,132921,12th,8,Married-civ-spouse,Craft-repair,Husband,White,Male,0,0,40,United-States,>50K,511.0
33,Private,217235,HS-grad,9,Married-civ-spouse,Sales,Husband,White,Male,0,0,20,United-States,<=50K,408.0
28,Local-gov,125856,Some-college,10,Never-married,Adm-clerical,Other-relative,Black,Male,0,0,40,Haiti,<=50K,408.0
21,Private,250552,Some-college,10,Never-married,Adm-clerical,Other-relative,White,Male,0,0,30,Nicaragua,<=50K,430.0
25,Local-gov,191983,Bachelors,13,Never-married,Craft-repair,Own-child,White,Male,0,0,25,United-States,<=50K,707.0
35,Local-gov,246463,Bachelors,13,Divorced,Prof-specialty,Not-in-family,White,Male,0,0,50,United-States,<=50K,479.0
50,Private,175232,Bachelors,13,Married-civ-spouse,Craft-repair,Husband,White,Male,0,1887,40,United-States,>50K,887.0
55,Private,145214,Some-college,10,Divorced,Adm-clerical,Unmarried,White,Female,4650,0,20,United-States,<=50K,451.0
55,Private,116878,Doctorate,16,Married-civ-spouse,Prof-specialty,Husband,White,Male,15024,0,30,United-States,>50K,141.0
30,State-gov,270218,Bachelors,13,Never-married,Adm-clerical,Own-child,Black,Female,0,0,40,United-States,<=50K,458.0
30,Private,248588,12th,8,Divorced,Other-service,Not-in-family,White,Female,0,0,40,United-States,<=50K,216.0
22,Private,442478,Some-college,10,Never-married,Sales,Own-child,White,Male,0,0,20,United-States,<=50K,40.0
50,Self-emp-not-inc,91103,HS-grad,9,Married-civ-spouse,Craft-repair,Husband,White,Male,0,0,51,United-States,>50K,409.0
25,Private,188571,7th-8th,4,Never-married,Machine-op-inspct,Other-relative,White,Female,0,0,40,Dominican-Republic,<=50K,800.0
21,Private,248588,HS-grad,9,Never-married,Adm-clerical,Own-child,White,Male,0,0,40,United-States,<=50K,360.0
38,Private,182342,Bachelors,13,Married-civ-spouse,Sales,Husband,White,Male,0,0,50,Poland,<=50K,759.0
61,Private,149981,HS-grad,9,Married-civ-spouse,Adm-clerical,Wife,White,Female,2414,0,5,United-States,<=50K,629.0
37,Local-gov,328216,Bachelors,13,Divorced,Prof-specialty,Not-in-family,White,Female,0,0,36,United-States,<=50K,302.0
65,Self-emp-inc,116358,HS-grad,9,Divorced,Sales,Not-in-family,White,Female,6723,0,40,United-States,<=50K,681.0
59,?,36989,Bachelors,13,Married-civ-spouse,?,Husband,White,Male,0,0,40,United-States,>50K,176.0
39,State-gov,99156,Doctorate,16,Married-civ-spouse,Prof-specialty,Husband,White,Male,0,0,50,United-States,>50K,763.0
67,Local-gov,272618,7th-8th,4,Widowed,Other-service,Not-in-family,White,Female,0,0,15,United-States,<=50K,258.0
57,Self-emp-not-inc,152414,Some-college,10,Married-civ-spouse,Sales,Wife,White,Female,0,0,25,United-States,>50K,898.0
36,Private,193920,Some-college,10,Divorced,Sales,Unmarried,White,Female,0,0,40,United-States,<=50K,175.0
51,Self-emp-inc,230095,Assoc-voc,11,Never-married,Adm-clerical,Own-child,White,Female,0,0,40,United-States,<=50K,205.0
30,Private,123991,HS-grad,9,Married-spouse-absent,Adm-clerical,Not-in-family,White,Male,0,0,40,United-States,<=50K,160.0
49,Private,204447,Some-college,10,Married-civ-spouse,Prof-specialty,Husband,White,Male,0,0,40,United-States,>50K,3.0
41,Private,132326,Bachelors,13,Married-civ-spouse,Sales,Husband,White,Male,0,0,50,United-States,>50K,750.0
35,Private,213813,HS-grad,9,Divorced,Adm-clerical,Not-in-family,White,Female,0,0,45,United-States,<=50K,165.0
54,Private,387468,Masters,14,Married-civ-spouse,Prof-specialty,Husband,White,Male,0,0,45,United-States,>50K,846.0
46,State-gov,192614,Bachelors,13,Married-civ-spouse,Exec-managerial,Husband,White,Male,7688,0,40,United-States,>50K,583.0
29,Local-gov,220656,Bachelors,13,Married-civ-spouse,Exec-managerial,Husband,Black,Male,0,0,40,United-States,>50K,491.0
46,Self-emp-inc,112376,Bachelors,13,Divorced,Exec-managerial,Not-in-family,White,Female,0,0,50,United-States,<=50K,986.0
43,Local-gov,231777,Masters,14,Married-civ-spouse,Exec-managerial,Husband,White,Male,0,1902,50,United-States,>50K,145.0
27,Private,109997,HS-grad,9,Divorced,Other-service,Not-in-family,White,Female,0,0,40,United-States,<=50K,714.0
38,Private,216851,Bachelors,13,Divorced,Other-service,Not-in-family,Black,Female,0,0,60,?,<=50K,636.0
49,Private,137232,Masters,14,Divorced,Sales,Unmarried,Other,Female,0,0,20,Peru,<=50K,101.0
33,Private,213321,Some-college,10,Divorced,Tech-support,Unmarried,White,Female,0,0,40,United-States,<=50K,522.0
66,Self-emp-inc,112271,7th-8th,4,Married-civ-spouse,Craft-repair,Husband,White,Male,0,0,40,United-States,>50K,447.0
34,Private,52636,HS-grad,9,Never-married,Transport-moving,Unmarried,Black,Male,0,0,30,United-States,<=50K,801.0
24,Private,195433,Assoc-voc,11,Never-married,Exec-managerial,Not-in-family,White,Female,0,0,40,United-States,<=50K,405.0
33,Self-emp-not-inc,190027,Masters,14,Never-married,Exec-managerial,Not-in-family,Black,Female,0,0,70,United-States,>50K,267.0
35,Private,37778,HS-grad,9,Divorced,Other-service,Not-in-family,White,Female,0,0,40,United-States,<=50K,635.0
35,Private,175931,Assoc-voc,11,Divorced,Prof-specialty,Unmarried,White,Female,0,0,40,United-States,>50K,976.0
41,Private,104334,Some-college,10,Married-civ-spouse,Sales,Husband,White,Male,0,0,50,United-States,>50K,150.0
55,Private,172837,Some-college,10,Married-civ-spouse,Machine-op-inspct,Husband,White,Male,0,0,40,United-States,<=50K,316.0
51,Private,144284,Bachelors,13,Married-civ-spouse,Prof-specialty,Husband,White,Male,0,0,40,United-States,>50K,849.0
44,Private,151780,Some-college,10,Widowed,Exec-managerial,Not-in-family,Black,Female,0,0,40,United-States,<=50K,884.0
21,Private,202450,HS-grad,9,Never-married,Adm-clerical,Own-child,White,Male,0,0,40,United-States,<=50K,282.0
51,Private,300816,Bachelors,13,Never-married,Adm-clerical,Unmarried,White,Male,0,0,20,United-States,<=50K,120.0
43,Private,108945,Some-college,10,Divorced,Prof-specialty,Unmarried,White,Female,0,0,38,United-States,<=50K,249.0
21,Private,180052,HS-grad,9,Never-married,Machine-op-inspct,Own-child,White,Male,0,0,40,United-States,<=50K,661.0
38,Federal-gov,161463,Some-college,10,Married-civ-spouse,Other-service,Husband,Black,Male,0,0,40,United-States,<=50K,499.0
41,Private,323798,Assoc-voc,11,Married-civ-spouse,Prof-specialty,Husband,White,Male,0,0,40,United-States,>50K,250.0
54,Private,284680,HS-grad,9,Married-civ-spouse,Transport-moving,Husband,White,Male,0,0,40,United-States,>50K,702.0
35,Private,67716,HS-grad,9,Married-civ-spouse,Other-service,Husband,Asian-Pac-Islander,Male,0,0,40,China,<=50K,543.0
46,Private,198660,HS-grad,9,Divorced,Other-service,Not-in-family,White,Male,0,0,40,United-States,<=50K,461.0
46,Private,157857,Some-college,10,Married-civ-spouse,Protective-serv,Husband,White,Male,0,0,40,United-States,>50K,334.0
20,?,146325,Some-college,10,Never-married,?,Not-in-family,White,Female,0,0,15,United-States,<=50K,168.0
36,Federal-gov,113307,Bachelors,13,Married-civ-spouse,Prof-specialty,Husband,Asian-Pac-Islander,Male,0,0,40,United-States,<=50K,419.0
58,Self-emp-not-inc,130714,Masters,14,Married-civ-spouse,Exec-managerial,Husband,White,Male,0,0,50,United-States,<=50K,968.0
24,Private,29087,HS-grad,9,Married-civ-spouse,Sales,Husband,White,Male,0,0,50,United-States,<=50K,533.0
42,Private,56483,Assoc-acdm,12,Divorced,Adm-clerical,Unmarried,White,Female,0,0,40,United-States,<=50K,77.0
59,Local-gov,53304,Bachelors,13,Married-civ-spouse,Prof-specialty,Husband,White,Male,0,0,50,United-States,>50K,275.0
60,Local-gov,48788,Bachelors,13,Separated,Prof-specialty,Unmarried,White,Female,5455,0,55,United-States,<=50K,183.0
47,Private,121836,Masters,14,Married-civ-spouse,Adm-clerical,Wife,White,Female,7688,0,38,United-States,>50K,362.0
34,Private,112820,HS-grad,9,Separated,Handlers-cleaners,Not-in-family,White,Male,2463,0,40,United-States,<=50K,635.0
57,Private,122497,9th,5,Widowed,Other-service,Unmarried,Black,Male,0,0,52,?,<=50K,884.0
43,Private,124020,Bachelors,13,Married-civ-spouse,Sales,Husband,White,Male,0,0,40,United-States,>50K,452.0
57,Private,237386,HS-grad,9,Married-civ-spouse,Machine-op-inspct,Husband,Black,Male,0,0,40,United-States,>50K,764.0
29,Private,112497,HS-grad,9,Divorced,Exec-managerial,Unmarried,White,Female,0,0,45,United-States,<=50K,666.0
35,Private,117789,Bachelors,13,Never-married,Tech-support,Not-in-family,White,Female,0,0,40,United-States,<=50K,960.0
55,Private,116878,Doctorate,16,Married-civ-spouse,Prof-specialty,Husband,White,Male,15024,0,30,United-States,>50K,251.0
36,Private,135056,Bachelors,13,Married-civ-spouse,Craft-repair,Husband,White,Male,0,0,48,United-States,>50K,957.0
20,Private,47771,HS-grad,9,Never-married,Handlers-cleaners,Own-child,White,Male,0,0,40,United-States,<=50K,388.0
55,Private,117012,Doctorate,16,Married-civ-spouse,Prof-specialty,Husband,White,Male,15024,0,30,United-States,>50K,397.0
29,Private,179016,Bachelors,13,Never-married,Adm-clerical,Not-in-family,White,Female,0,0,40,United-States,<=50K,615.0
62,Self-emp-not-inc,134779,12th,8,Married-civ-spouse,Craft-repair,Husband,White,Male,0,0,40,United-States,>50K,21.0
41,Self-emp-not-inc,350387,HS-grad,9,Married-civ-spouse,Farming-fishing,Husband,White,Male,0,0,50,United-States,<=50K,7.0
50,Private,174491,Bachelors,13,Married-civ-spouse,Craft-repair,Husband,White,Male,0,1887,40,United-States,>50K,901.0
77,Self-emp-not-inc,138765,Some-college,10,Married-civ-spouse,Sales,Husband,White,Male,0,0,40,United-States,<=50K,921.0
47,Self-emp-not-inc,109421,Bachelors,13,Married-civ-spouse,Exec-managerial,Husband,White,Male,0,0,50,United-States,<=50K,488.0
20,Self-emp-not-inc,427812,HS-grad,9,Never-married,Sales,Own-child,White,Male,0,0,40,United-States,<=50K,61.0
29,Private,135289,Bachelors,13,Married-civ-spouse,Exec-managerial,Wife,White,Female,15024,0,50,Cuba,>50K,44.0
25,Private,211804,12th,8,Never-married,Other-service,Not-in-family,White,Male,0,0,40,United-States,<=50K,109.0
27,Private,181132,HS-grad,9,Never-married,Adm-clerical,Own-child,White,Female,0,0,35,Italy,<=50K,851.0
18,Private,235271,11th,7,Never-married,Handlers-cleaners,Own-child,White,Male,0,0,12,United-States,<=50K,904.0
23,?,303588,Assoc-acdm,12,Married-civ-spouse,?,Husband,White,Male,0,0,40,El-Salvador,<=50K,397.0
28,Private,131045,HS-grad,9,Never-married,Adm-clerical,Own-child,White,Male,0,0,40,United-States,<=50K,425.0
18,Private,415520,11th,7,Never-married,Craft-repair,Own-child,White,Male,0,0,20,United-States,<=50K,484.0
45,Private,161538,Bachelors,13,Never-married,Prof-specialty,Not-in-family,White,Female,0,0,40,Germany,<=50K,39.0
69,?,183611,HS-grad,9,Married-civ-spouse,?,Husband,White,Male,0,0,8,United-States,<=50K,278.0
17,Private,33068,12th,8,Never-married,Adm-clerical,Own-child,White,Female,0,0,30,United-States,<=50K,260.0
41,Private,311350,HS-grad,9,Divorced,Craft-repair,Not-in-family,White,Male,0,0,40,United-States,<=50K,339.0
56,Private,157991,Bachelors,13,Married-civ-spouse,Exec-managerial,Husband,White,Male,0,1902,55,United-States,>50K,559.0
27,Private,161857,11th,7,Married-civ-spouse,Machine-op-inspct,Husband,White,Male,0,0,42,United-States,<=50K,11.0
19,Private,291181,HS-grad,9,Never-married,Sales,Other-relative,White,Female,0,0,28,Mexico,<=50K,955.0
48,Private,182191,Some-college,10,Married-civ-spouse,Transport-moving,Husband,White,Male,0,0,45,United-States,<=50K,627.0
32,Private,200089,Some-college,10,Married-civ-spouse,Adm-clerical,Wife,Other,Female,0,1740,40,?,<=50K,586.0
62,Local-gov,113870,HS-grad,9,Married-civ-spouse,Transport-moving,Husband,White,Male,0,0,40,United-States,<=50K,159.0
32,Private,244268,11th,7,Married-civ-spouse,Craft-repair,Husband,White,Male,0,1672,48,United-States,<=50K,552.0
38,Private,181796,Assoc-voc,11,Married-civ-spouse,Exec-managerial,Husband,White,Male,0,0,40,United-States,<=50K,671.0
40,Self-emp-inc,293623,HS-grad,9,Never-married,Other-service,Not-in-family,White,Female,0,0,65,United-States,<=50K,562.0
26,Private,122109,Bachelors,13,Never-married,Exec-managerial,Unmarried,Asian-Pac-Islander,Male,0,0,60,Vietnam,<=50K,159.0
35,Private,117381,Bachelors,13,Divorced,Sales,Not-in-family,White,Male,0,0,40,United-States,<=50K,677.0
21,Private,184901,HS-grad,9,Never-married,Sales,Own-child,White,Female,0,0,36,United-States,<=50K,810.0
34,Private,347873,Assoc-acdm,12,Never-married,Exec-managerial,Own-child,White,Female,0,0,50,United-States,<=50K,599.0
59,Local-gov,170562,10th,6,Widowed,Other-service,Unmarried,Black,Female,0,0,30,United-States,<=50K,116.0
31,Private,251905,Bachelors,13,Never-married,Exec-managerial,Not-in-family,White,Male,0,1741,38,United-States,<=50K,924.0
28,Private,113870,HS-grad,9,Never-married,Adm-clerical,Not-in-family,White,Male,0,0,40,United-States,<=50K,539.0
20,Private,91733,Some-college,10,Never-married,Sales,Own-child,White,Female,0,0,8,United-States,<=50K,339.0
36,Private,953588,11th,7,Widowed,Adm-clerical,Unmarried,White,Female,0,0,40,United-States,<=50K,345.0
46,Private,188171,HS-grad,9,Divorced,Adm-clerical,Not-in-family,White,Female,0,0,40,United-States,<=50K,897.0
51,Private,248588,Some-college,10,Divorced,Craft-repair,Not-in-family,White,Male,0,0,48,United-States,>50K,878.0
48,Federal-gov,50567,Some-college,10,Married-spouse-absent,Exec-managerial,Not-in-family,White,Female,0,0,40,United-States,<=50K,315.0
19,Private,143857,Some-college,10,Never-married,Sales,Own-child,White,Female,0,0,35,United-States,<=50K,847.0
71,Local-gov,338283,Masters,14,Widowed,Prof-specialty,Not-in-family,White,Female,0,0,40,United-States,<=50K,777.0
35,?,257863,HS-grad,9,Never-married,?,Own-child,White,Male,0,0,40,United-States,<=50K,117.0
52,Local-gov,89705,Masters,14,Married-civ-spouse,Prof-specialty,Husband,White,Male,0,0,40,United-States,>50K,545.0
31,Private,203067,Some-college,10,Divorced,Adm-clerical,Unmarried,Black,Female,0,0,40,United-States,<=50K,391.0
63,?,335005,HS-grad,9,Married-civ-spouse,?,Husband,White,Male,0,0,20,United-States,<=50K,987.0
28,Private,660461,HS-grad,9,Married-civ-spouse,Sales,Husband,White,Male,0,0,40,United-States,<=50K,704.0
33,Private,216851,HS-grad,9,Married-civ-spouse,Sales,Husband,White,Male,0,0,20,United-States,<=50K,742.0
34,Private,290763,HS-grad,9,Divorced,Handlers-cleaners,Own-child,White,Female,0,0,40,United-States,<=50K,662.0
25,Private,391192,Assoc-voc,11,Never-married,Craft-repair,Own-child,White,Male,0,0,40,United-States,<=50K,487.0
44,Private,190525,HS-grad,9,Never-married,Other-service,Own-child,White,Female,0,0,24,United-States,<=50K,236.0
64,Private,164204,1st-4th,2,Married-civ-spouse,Transport-moving,Husband,White,Male,0,0,53,?,<=50K,555.0
47,Private,149833,Bachelors,13,Married-civ-spouse,Machine-op-inspct,Husband,White,Male,0,0,40,Peru,<=50K,826.0
22,Private,210474,Assoc-acdm,12,Never-married,Adm-clerical,Not-in-family,White,Female,0,0,40,United-States,<=50K,467.0
45,State-gov,320818,Some-college,10,Married-spouse-absent,Other-service,Other-relative,Black,Male,0,0,40,Haiti,<=50K,122.0
54,Federal-gov,33068,12th,8,Married-civ-spouse,Adm-clerical,Husband,White,Male,0,0,40,United-States,<=50K,344.0
43,Private,257780,HS-grad,9,Married-civ-spouse,Adm-clerical,Husband,White,Male,0,0,40,United-States,<=50K,901.0
43,Private,397963,HS-grad,9,Divorced,Handlers-cleaners,Not-in-family,White,Male,594,0,16,United-States,<=50K,267.0
30,Private,123011,10th,6,Never-married,Craft-repair,Not-in-family,White,Male,0,0,50,United-States,<=50K,928.0
40,Self-emp-inc,29520,HS-grad,9,Never-married,Other-service,Not-in-family,White,Female,0,0,65,United-States,<=50K,284.0
56,Private,133819,HS-grad,9,Divorced,Prof-specialty,Not-in-family,White,Female,0,0,40,United-States,<=50K,521.0
32,Private,167531,Prof-school,15,Married-civ-spouse,Prof-specialty,Wife,Asian-Pac-Islander,Female,15024,0,50,United-States,>50K,101.0
23,?,227065,HS-grad,9,Never-married,?,Other-relative,Asian-Pac-Islander,Female,0,0,20,Scotland,<=50K,152.0
54,Self-emp-not-inc,114691,Some-college,10,Married-civ-spouse,Sales,Husband,White,Male,0,0,40,United-States,<=50K,229.0
25,Private,150057,HS-grad,9,Never-married,Machine-op-inspct,Not-in-family,White,Male,0,0,40,United-States,<=50K,313.0
29,State-gov,245211,Some-college,10,Never-married,Prof-specialty,Not-in-family,White,Male,0,0,35,United-States,<=50K,874.0
40,Private,340651,Some-college,10,Never-married,Machine-op-inspct,Not-in-family,Black,Female,0,0,40,United-States,<=50K,260.0
35,Private,340651,Assoc-acdm,12,Never-married,Adm-clerical,Not-in-family,White,Female,0,0,35,United-States,<=50K,591.0
69,Private,135791,Bachelors,13,Married-civ-spouse,Prof-specialty,Husband,White,Male,0,0,7,United-States,>50K,894.0
46,Private,327886,HS-grad,9,Married-civ-spouse,Craft-repair,Husband,White,Male,0,0,40,United-States,>50K,867.0
43,Local-gov,118600,Bachelors,13,Divorced,Prof-specialty,Unmarried,White,Female,0,625,40,United-States,<=50K,984.0
48,Private,137991,HS-grad,9,Married-civ-spouse,Transport-moving,Husband,White,Male,0,0,45,United-States,<=50K,537.0
26,Private,344624,Some-college,10,Divorced,Adm-clerical,Not-in-family,White,Female,0,0,40,United-States,<=50K,863.0
31,Self-emp-inc,149726,HS-grad,9,Married-civ-spouse,Craft-repair,Husband,White,Male,0,0,50,United-States,<=50K,358.0
27,Private,29732,Bachelors,13,Never-married,Prof-specialty,Not-in-family,White,Female,4865,0,36,United-States,<=50K,882.0
30,Private,342709,HS-grad,9,Married-civ-spouse,Tech-support,Husband,White,Male,0,0,40,United-States,<=50K,849.0
32,Self-emp-inc,99309,HS-grad,9,Married-civ-spouse,Exec-managerial,Husband,White,Male,0,0,40,United-States,>50K,428.0
44,Local-gov,145246,Masters,14,Married-civ-spouse,Prof-specialty,Husband,White,Male,0,0,44,United-States,>50K,889.0
18,Private,202115,Some-college,10,Never-married,Machine-op-inspct,Not-in-family,White,Female,0,0,15,United-States,<=50K,722.0
67,?,274451,7th-8th,4,Married-civ-spouse,?,Husband,White,Male,0,0,40,United-States,<=50K,77.0
50,Private,174704,Bachelors,13,Married-civ-spouse,Craft-repair,Husband,White,Male,0,1887,40,United-States,>50K,773.0
25,Private,320818,Bachelors,13,Never-married,Exec-managerial,Not-in-family,White,Male,4101,0,35,United-States,<=50K,855.0
60,Private,165775,Some-college,10,Married-civ-spouse,Handlers-cleaners,Husband,White,Male,0,0,40,United-States,<=50K,82.0
72,Private,57600,HS-grad,9,Married-civ-spouse,Sales,Husband,White,Male,0,0,12,United-States,<=50K,307.0
42,Private,318255,HS-grad,9,Divorced,Adm-clerical,Unmarried,White,Female,0,0,40,United-States,<=50K,673.0
23,Private,346736,Assoc-acdm,12,Never-married,Prof-specialty,Not-in-family,Asian-Pac-Islander,Female,0,0,30,Vietnam,<=50K,781.0
42,Self-emp-not-inc,247025,Bachelors,13,Married-civ-spouse,Exec-managerial,Husband,White,Male,0,0,45,United-States,>50K,463.0
30,Private,122109,Bachelors,13,Married-civ-spouse,Farming-fishing,Husband,White,Male,0,0,40,United-States,<=50K,403.0
49,Local-gov,186256,Masters,14,Married-civ-spouse,Protective-serv,Husband,White,Male,0,0,40,United-States,>50K,813.0
31,Private,251905,Bachelors,13,Never-married,Exec-managerial,Not-in-family,White,Male,0,1741,38,United-States,<=50K,842.0
50,Local-gov,500002,Masters,14,Married-civ-spouse,Prof-specialty,Husband,White,Male,0,0,52,United-States,>50K,783.0
50,Private,171888,Bachelors,13,Married-civ-spouse,Prof-specialty,Husband,White,Male,0,0,43,United-States,>50K,90.0
24,Private,117528,Bachelors,13,Never-married,Prof-specialty,Own-child,White,Female,0,0,40,United-States,<=50K,528.0
33,Private,177465,HS-grad,9,Divorced,Adm-clerical,Not-in-family,Black,Female,0,0,40,United-States,<=50K,656.0
23,?,168854,Assoc-acdm,12,Never-married,?,Own-child,Asian-Pac-Islander,Male,0,0,16,Philippines,<=50K,40.0
29,Private,168479,Masters,14,Never-married,Sales,Not-in-family,White,Male,0,0,40,United-States,<=50K,717.0
42,Local-gov,126094,Bachelors,13,Married-civ-spouse,Prof-specialty,Wife,White,Female,0,0,40,United-States,>50K,722.0
43,Private,286342,Bachelors,13,Married-civ-spouse,Prof-specialty,Husband,White,Male,0,0,40,United-States,<=50K,153.0
57,Private,296152,Some-college,10,Divorced,Exec-managerial,Other-relative,White,Female,594,0,10,United-States,<=50K,532.0
40,Self-emp-not-inc,76487,Bachelors,13,Never-married,Prof-specialty,Not-in-family,White,Male,0,0,50,United-States,<=50K,593.0
63,?,334946,HS-grad,9,Married-civ-spouse,?,Husband,White,Male,0,0,20,United-States,<=50K,796.0
42,Self-emp-not-inc,36069,HS-grad,9,Married-civ-spouse,Farming-fishing,Husband,White,Male,0,0,50,United-States,<=50K,301.0
43,Private,224108,Assoc-acdm,12,Married-civ-spouse,Exec-managerial,Husband,White,Male,0,2002,44,United-States,<=50K,660.0
48,Self-emp-not-inc,115932,HS-grad,9,Married-civ-spouse,Sales,Husband,White,Male,0,0,50,United-States,<=50K,72.0
33,Self-emp-not-inc,190324,Masters,14,Never-married,Exec-managerial,Not-in-family,Black,Female,0,0,70,United-States,>50K,728.0
51,Private,91506,HS-grad,9,Married-civ-spouse,Transport-moving,Husband,White,Male,7688,0,40,United-States,>50K,777.0
43,Private,609789,Some-college,10,Married-civ-spouse,Adm-clerical,Husband,White,Male,0,0,45,United-States,<=50K,739.0
39,State-gov,126319,HS-grad,9,Divorced,Prof-specialty,Not-in-family,White,Male,0,0,40,United-States,<=50K,843.0
30,Private,203523,HS-grad,9,Married-civ-spouse,Protective-serv,Husband,White,Male,0,0,60,United-States,>50K,953.0
31,Local-gov,142287,Some-college,10,Divorced,Adm-clerical,Not-in-family,White,Female,0,0,35,United-States,<=50K,14.0
63,Self-emp-not-inc,236262,Bachelors,13,Never-married,Transport-moving,Not-in-family,White,Male,0,0,40,United-States,<=50K,422.0
63,?,33487,HS-grad,9,Married-civ-spouse,?,Husband,White,Male,0,0,20,United-States,<=50K,712.0
59,Self-emp-inc,170092,Some-college,10,Married-civ-spouse,Exec-managerial,Husband,White,Male,15020,0,60,United-States,>50K,79.0
45,Private,116878,HS-grad,9,Divorced,Other-service,Not-in-family,Black,Female,0,0,35,United-States,<=50K,797.0
63,Private,161683,HS-grad,9,Married-civ-spouse,Craft-repair,Husband,White,Male,0,0,48,United-States,<=50K,986.0
31,Private,48121,Some-college,10,Married-civ-spouse,Craft-repair,Husband,White,Male,0,0,40,United-States,<=50K,387.0
41,Local-gov,183611,HS-grad,9,Married-civ-spouse,Transport-moving,Husband,Black,Male,0,0,40,United-States,>50K,351.0
25,Private,181291,HS-grad,9,Married-civ-spouse,Craft-repair,Husband,White,Male,0,0,40,United-States,<=50K,605.0
44,Private,167405,HS-grad,9,Never-married,Other-service,Own-child,White,Male,0,0,40,United-States,<=50K,10.0
43,Private,108945,Some-college,10,Divorced,Prof-specialty,Unmarried,White,Female,0,0,38,United-States,<=50K,188.0
37,Private,377113,Assoc-voc,11,Married-civ-spouse,Sales,Husband,White,Male,0,0,54,United-States,<=50K,109.0
23,Self-emp-inc,303677,Some-college,10,Never-married,Exec-managerial,Own-child,White,Male,0,0,40,United-States,<=50K,142.0
24,Self-emp-not-inc,191524,7th-8th,4,Never-married,Farming-fishing,Own-child,White,Male,0,0,50,United-States,<=50K,443.0
62,Self-emp-inc,164607,Doctorate,16,Married-civ-spouse,Prof-specialty,Husband,White,Male,1831,0,45,United-States,>50K,371.0
39,Private,58115,12th,8,Married-spouse-absent,Transport-moving,Not-in-family,Black,Male,0,0,45,?,<=50K,870.0
67,Private,212370,Masters,14,Married-spouse-absent,Exec-managerial,Not-in-family,White,Male,0,0,55,United-States,>50K,703.0
40,Private,35663,HS-grad,9,Married-civ-spouse,Craft-repair,Husband,White,Male,0,1902,45,United-States,>50K,432.0
29,Private,91189,Bachelors,13,Married-civ-spouse,Machine-op-inspct,Husband,White,Male,0,0,48,United-States,<=50K,449.0
53,Private,194630,11th,7,Widowed,Other-service,Own-child,White,Female,0,0,47,United-States,<=50K,7.0
30,Private,123011,10th,6,Never-married,Craft-repair,Not-in-family,White,Male,0,0,50,United-States,<=50K,370.0
21,State-gov,238917,Some-college,10,Never-married,Craft-repair,Own-child,White,Male,0,0,35,United-States,<=50K,980.0
34,Private,272618,Bachelors,13,Never-married,Adm-clerical,Not-in-family,White,Female,0,0,40,United-States,<=50K,356.0
46,Private,91317,Some-college,10,Married-spouse-absent,Craft-repair,Not-in-family,Asian-Pac-Islander,Male,0,0,40,Philippines,<=50K,404.0
54,Private,103580,Assoc-acdm,12,Divorced,Exec-managerial,Unmarried,White,Female,0,0,55,United-States,>50K,501.0
49,?,271354,Bachelors,13,Married-civ-spouse,?,Husband,White,Male,15024,0,60,United-States,>50K,883.0
64,Private,393962,7th-8th,4,Married-civ-spouse,Farming-fishing,Husband,White,Male,0,0,40,United-States,>50K,675.0
52,Private,114674,Bachelors,13,Married-civ-spouse,Prof-specialty,Husband,White,Male,0,0,52,United-States,>50K,566.0
23,Federal-gov,413297,Bachelors,13,Never-married,Prof-specialty,Not-in-family,White,Female,0,0,15,United-States,<=50K,865.0
32,State-gov,189528,Some-college,10,Divorced,Prof-specialty,Other-relative,White,Female,0,0,40,United-States,<=50K,657.0
42,Private,89226,Assoc-voc,11,Married-civ-spouse,Transport-moving,Husband,White,Male,0,0,45,United-States,>50K,334.0
63,Self-emp-not-inc,235271,Bachelors,13,Never-married,Transport-moving,Not-in-family,White,Male,0,0,40,United-States,<=50K,909.0
55,Private,375655,Bachelors,13,Married-civ-spouse,Transport-moving,Husband,White,Male,15020,0,60,United-States,>50K,790.0
52,Private,177465,HS-grad,9,Divorced,Sales,Unmarried,White,Female,0,0,25,United-States,<=50K,57.0
42,Self-emp-not-inc,109117,Some-college,10,Never-married,Craft-repair,Unmarried,White,Male,0,0,40,United-States,<=50K,70.0
38,Self-emp-not-inc,427812,HS-grad,9,Married-civ-spouse,Sales,Wife,White,Female,0,0,24,United-States,>50K,230.0
46,Private,198492,HS-grad,9,Divorced,Other-service,Not-in-family,White,Male,0,0,40,United-States,<=50K,842.0
50,Private,338283,Some-college,10,Married-civ-spouse,Craft-repair,Husband,White,Male,0,0,40,United-States,>50K,777.0
34,Federal-gov,112115,Some-college,10,Never-married,Craft-repair,Other-relative,White,Male,0,0,40,United-States,<=50K,247.0
33,Private,172401,Bachelors,13,Married-civ-spouse,Exec-managerial,Husband,White,Male,0,0,50,United-States,>50K,487.0
48,Local-gov,69757,Masters,14,Married-civ-spouse,Prof-specialty,Husband,White,Male,7688,0,50,United-States,>50K,944.0
41,Self-emp-not-inc,334946,HS-grad,9,Married-civ-spouse,Farming-fishing,Husband,White,Male,0,0,50,United-States,<=50K,880.0
19,?,198797,Some-college,10,Never-married,?,Own-child,White,Female,0,0,40,United-States,<=50K,242.0
49,Private,168521,HS-grad,9,Married-civ-spouse,Craft-repair,Husband,White,Male,0,0,40,United-States,>50K,859.0
28,Private,375655,Bachelors,13,Never-married,Sales,Unmarried,White,Male,0,0,50,United-States,<=50K,419.0
37,Private,111066,Assoc-voc,11,Married-civ-spouse,Craft-repair,Husband,White,Male,0,0,39,United-States,<=50K,567.0
43,Private,108945,Some-college,10,Divorced,Prof-specialty,Unmarried,White,Female,0,0,38,United-States,<=50K,544.0
57,Private,78707,HS-grad,9,Never-married,Adm-clerical,Own-child,White,Female,0,0,40,United-States,<=50K,842.0
41,State-gov,176663,HS-grad,9,Married-civ-spouse,Adm-clerical,Wife,White,Female,0,0,40,United-States,<=50K,796.0
30,Private,356934,11th,7,Married-civ-spouse,Handlers-cleaners,Husband,White,Male,0,0,50,United-States,<=50K,587.0
31,Private,163053,Bachelors,13,Married-civ-spouse,Exec-managerial,Husband,White,Male,0,0,40,United-States,<=50K,99.0
45,Private,169982,Some-college,10,Divorced,Other-service,Not-in-family,White,Female,0,0,50,United-States,<=50K,706.0
47,Private,285295,Bachelors,13,Married-civ-spouse,Exec-managerial,Husband,White,Male,0,1887,40,United-States,>50K,124.0
25,Private,141702,Bachelors,13,Never-married,Prof-specialty,Own-child,White,Male,0,0,40,United-States,<=50K,640.0
48,Local-gov,67083,Masters,14,Married-civ-spouse,Prof-specialty,Husband,White,Male,7688,0,50,United-States,>50K,295.0
21,?,36069,Some-college,10,Married-civ-spouse,?,Wife,Black,Female,2105,0,20,United-States,<=50K,486.0
58,Private,83542,HS-grad,9,Never-married,Other-service,Not-in-family,White,Male,0,0,40,United-States,<=50K,831.0
36,Self-emp-not-inc,350103,HS-grad,9,Married-civ-spouse,Craft-repair,Husband,White,Male,0,0,40,United-States,<=50K,705.0
59,Private,167265,Some-college,10,Married-civ-spouse,Handlers-cleaners,Husband,White,Male,0,0,40,United-States,<=50K,400.0
20,?,145844,Some-college,10,Never-married,?,Not-in-family,White,Female,0,0,15,United-States,<=50K,981.0
62,Private,135056,Some-college,10,Divorced,Prof-specialty,Not-in-family,White,Female,4865,0,40,United-States,<=50K,412.0
46,Private,198170,HS-grad,9,Divorced,Other-service,Not-in-family,White,Male,0,0,40,United-States,<=50K,273.0
39,Private,238360,HS-grad,9,Divorced,Adm-clerical,Unmarried,White,Female,0,0,40,United-States,<=50K,119.0
44,Private,191256,HS-grad,9,Never-married,Other-service,Own-child,White,Female,0,0,24,United-States,<=50K,913.0
36,Private,224763,HS-grad,9,Married-civ-spouse,Craft-repair,Husband,White,Male,7298,0,40,United-States,>50K,545.0
33,Private,179016,HS-grad,9,Divorced,Adm-clerical,Not-in-family,Black,Female,0,0,40,United-States,<=50K,811.0
39,Private,192010,HS-grad,9,Married-civ-spouse,Transport-moving,Husband,White,Male,0,0,56,United-States,<=50K,687.0
35,?,257780,HS-grad,9,Never-married,?,Own-child,White,Male,0,0,40,United-States,<=50K,137.0
68,Self-emp-not-inc,450580,HS-grad,9,Married-civ-spouse,Farming-fishing,Husband,White,Male,0,0,20,United-States,<=50K,524.0
24,Private,291181,HS-grad,9,Married-civ-spouse,Sales,Husband,White,Male,0,0,50,United-States,<=50K,46.0
53,Private,76128,HS-grad,9,Divorced,Craft-repair,Not-in-family,Other,Male,0,0,60,Ecuador,<=50K,976.0
21,Private,220220,HS-grad,9,Never-married,Other-service,Own-child,Amer-Indian-Eskimo,Male,0,0,30,United-States,<=50K,62.0
21,?,278391,Some-college,10,Never-married,?,Own-child,White,Male,0,0,16,United-States,<=50K,64.0
57,Self-emp-not-inc,152030,Some-college,10,Married-civ-spouse,Sales,Wife,White,Female,0,0,25,United-States,>50K,57.0
35,Private,186303,HS-grad,9,Divorced,Transport-moving,Not-in-family,White,Male,0,0,45,United-States,<=50K,904.0
48,Private,83413,Masters,14,Married-civ-spouse,Prof-specialty,Husband,White,Male,7298,0,55,United-States,>50K,946.0
37,Private,141584,Assoc-acdm,12,Married-civ-spouse,Other-service,Husband,White,Male,0,0,47,United-States,<=50K,472.0
41,State-gov,176064,HS-grad,9,Married-civ-spouse,Adm-clerical,Wife,White,Female,0,0,40,United-States,<=50K,741.0
65,Private,385540,Assoc-voc,11,Married-civ-spouse,Adm-clerical,Husband,White,Male,0,0,15,United-States,<=50K,87.0
30,Private,36270,Assoc-acdm,12,Married-civ-spouse,Sales,Husband,White,Male,0,0,40,United-States,<=50K,382.0
68,Private,193666,Doctorate,16,Married-civ-spouse,Prof-specialty,Husband,White,Male,1848,0,55,United-States,>50K,638.0
46,State-gov,165775,Some-college,10,Married-civ-spouse,Exec-managerial,Husband,White,Male,0,0,40,United-States,>50K,264.0
35,Private,67083,HS-grad,9,Married-civ-spouse,Other-service,Husband,Asian-Pac-Islander,Male,0,0,40,China,<=50K,181.0
32,Private,199655,Some-college,10,Married-civ-spouse,Adm-clerical,Wife,Other,Female,0,1740,40,?,<=50K,143.0
33,Private,114691,Bachelors,13,Married-civ-spouse,Sales,Husband,White,Male,0,0,60,United-States,>50K,773.0
30,Private,356934,11th,7,Married-civ-spouse,Handlers-cleaners,Husband,White,Male,0,0,50,United-States,<=50K,299.0
57,Private,78707,HS-grad,9,Never-married,Adm-clerical,Own-child,White,Female,0,0,40,United-States,<=50K,263.0
34,Private,205005,Some-college,10,Divorced,Exec-managerial,Own-child,White,Male,0,0,44,United-States,<=50K,963.0
47,Private,102583,HS-grad,9,Married-civ-spouse,Sales,Husband,White,Male,0,0,30,United-States,>50K,748.0
34,Private,186651,HS-grad,9,Married-civ-spouse,Handlers-cleaners,Husband,White,Male,0,0,70,United-States,<=50K,854.0
43,Private,203233,HS-grad,9,Married-civ-spouse,Transport-moving,Husband,White,Male,0,0,50,United-States,>50K,127.0
45,Private,102147,HS-grad,9,Married-civ-spouse,Craft-repair,Husband,White,Male,0,0,40,United-States,<=50K,937.0
51,State-gov,152414,Assoc-voc,11,Married-civ-spouse,Tech-support,Husband,White,Male,0,0,40,United-States,>50K,218.0
31,Private,48788,Some-college,10,Married-civ-spouse,Craft-repair,Husband,White,Male,0,0,40,United-States,<=50K,811.0
68,Private,194501,Doctorate,16,Married-civ-spouse,Prof-specialty,Husband,White,Male,20051,0,55,United-States,>50K,923.0
47,Private,207140,HS-grad,9,Divorced,Adm-clerical,Not-in-family,White,Female,0,0,39,United-States,<=50K,735.0
68,Private,226357,Bachelors,13,Widowed,Sales,Not-in-family,White,Male,0,0,35,United-States,>50K,518.0
38,Local-gov,156618,Some-college,10,Never-married,Protective-serv,Unmarried,Black,Female,0,0,40,United-States,<=50K,125.0
27,Private,410351,HS-grad,9,Married-civ-spouse,Craft-repair,Husband,White,Male,0,0,40,United-States,<=50K,11.0
30,Private,249550,12th,8,Divorced,Other-service,Not-in-family,White,Female,0,0,40,United-States,<=50K,736.0
35,Private,141029,HS-grad,9,Married-civ-spouse,Handlers-cleaners,Husband,White,Male,0,0,40,United-States,<=50K,153.0
62,Self-emp-not-inc,244268,Some-college,10,Widowed,Exec-managerial,Not-in-family,White,Female,0,0,20,United-States,<=50K,89.0
22,Private,227943,Some-college,10,Never-married,Protective-serv,Own-child,White,Male,0,0,40,United-States,<=50K,821.0
68,Private,193568,Doctorate,16,Married-civ-spouse,Prof-specialty,Husband,White,Male,1848,0,55,United-States,>50K,274.0
24,Private,102258,Bachelors,13,Married-civ-spouse,Sales,Husband,White,Male,0,0,40,United-States,<=50K,813.0
52,Local-gov,350387,Doctorate,16,Married-civ-spouse,Exec-managerial,Husband,White,Male,0,0,40,United-States,>50K,828.0
38,Local-gov,155489,Some-college,10,Never-married,Protective-serv,Unmarried,Black,Female,0,0,40,United-States,<=50K,734.0
25,Private,206049,9th,5,Never-married,Machine-op-inspct,Other-relative,White,Male,0,0,48,Mexico,<=50K,308.0
50,Private,168539,HS-grad,9,Married-civ-spouse,Craft-repair,Husband,White,Male,0,0,40,United-States,>50K,860.0
30,Private,118600,Bachelors,13,Married-civ-spouse,Tech-support,Wife,White,Female,0,0,16,United-States,>50K,370.0
46,Local-gov,110110,Masters,14,Married-civ-spouse,Prof-specialty,Wife,White,Female,0,0,65,United-States,>50K,29.0
80,Self-emp-not-inc,200818,HS-grad,9,Married-civ-spouse,Other-service,Husband,White,Male,0,0,30,United-States,<=50K,186.0
38,Private,181796,Assoc-voc,11,Married-civ-spouse,Exec-managerial,Husband,White,Male,0,0,40,United-States,<=50K,539.0
49,State-gov,423616,Masters,14,Married-civ-spouse,Sales,Husband,White,Male,99999,0,80,United-States,>50K,867.0
37,Private,207140,Some-college,10,Never-married,Exec-managerial,Not-in-family,White,Male,0,0,40,United-States,<=50K,741.0
29,Private,112497,HS-grad,9,Divorced,Exec-managerial,Unmarried,White,Female,0,0,45,United-States,<=50K,345.0
31,Self-emp-not-inc,24504,HS-grad,9,Never-married,Craft-repair,Unmarried,White,Male,0,0,50,United-States,<=50K,250.0
41,Private,35092,Bachelors,13,Never-married,Prof-specialty,Not-in-family,White,Male,0,0,40,United-States,>50K,562.0
17,Self-emp-not-inc,365996,11th,7,Never-married,Farming-fishing,Own-child,White,Male,0,0,10,United-States,<=50K,191.0
30,Private,118551,Bachelors,13,Married-civ-spouse,Tech-support,Wife,White,Female,0,0,16,United-States,>50K,546.0
36,Federal-gov,113307,Bachelors,13,Married-civ-spouse,Prof-specialty,Husband,Asian-Pac-Islander,Male,0,0,40,United-States,<=50K,394.0
26,Local-gov,283217,Some-college,10,Never-married,Protective-serv,Own-child,White,Male,0,0,40,United-States,<=50K,39.0
28,Private,119832,Some-college,10,Never-married,Adm-clerical,Own-child,White,Male,0,0,40,United-States,<=50K,874.0
29,Private,245211,Assoc-voc,11,Never-married,Tech-support,Not-in-family,White,Male,0,0,40,United-States,<=50K,630.0
47,Private,327154,Prof-school,15,Married-civ-spouse,Prof-specialty,Husband,White,Male,1831,0,55,United-States,>50K,527.0
43,Local-gov,231562,Masters,14,Married-civ-spouse,Exec-managerial,Husband,White,Male,0,1902,50,United-States,>50K,865.0
69,?,183958,HS-grad,9,Married-civ-spouse,?,Husband,White,Male,0,0,8,United-States,<=50K,380.0
28,Private,120268,Some-college,10,Never-married,Adm-clerical,Own-child,White,Male,0,0,40,United-States,<=50K,128.0
47,Private,284871,Bachelors,13,Married-civ-spouse,Exec-managerial,Husband,White,Male,0,1887,40,United-States,>50K,906.0
39,Local-gov,43702,Assoc-voc,11,Married-civ-spouse,Adm-clerical,Wife,White,Female,0,0,37,United-States,<=50K,966.0
49,Private,202467,Some-college,10,Married-civ-spouse,Prof-specialty,Husband,White,Male,0,0,40,United-States,>50K,239.0
30,Private,255474,Assoc-acdm,12,Divorced,Sales,Not-in-family,White,Male,0,0,52,United-States,<=50K,809.0
33,Self-emp-not-inc,189528,Some-college,10,Never-married,Other-service,Not-in-family,White,Female,0,0,5,United-States,<=50K,533.0
60,Private,169104,HS-grad,9,Married-civ-spouse,Exec-managerial,Husband,White,Male,0,0,50,United-States,<=50K,826.0
57,Private,29520,Some-college,10,Divorced,Exec-managerial,Other-relative,White,Female,594,0,10,United-States,<=50K,848.0
21,Private,248178,HS-grad,9,Never-married,Adm-clerical,Own-child,White,Male,0,0,40,United-States,<=50K,630.0
31,Private,202700,Some-college,10,Divorced,Adm-clerical,Unmarried,Black,Female,0,0,40,United-States,<=50K,634.0
45,Private,169982,Some-college,10,Divorced,Other-service,Not-in-family,White,Female,0,0,50,United-States,<=50K,565.0
18,Private,413297,11th,7,Never-married,Craft-repair,Own-child,White,Male,0,0,20,United-States,<=50K,83.0
43,Self-emp-not-inc,351760,HS-grad,9,Married-civ-spouse,Craft-repair,Husband,White,Male,0,0,60,United-States,<=50K,905.0
56,Private,102106,HS-grad,9,Married-civ-spouse,Handlers-cleaners,Husband,White,Male,0,0,40,United-States,<=50K,317.0
24,Private,373403,11th,7,Separated,Craft-repair,Not-in-family,White,Male,0,0,40,Mexico,<=50K,28.0
54,Private,104501,Some-college,10,Married-civ-spouse,Sales,Husband,White,Male,15024,0,40,United-States,>50K,914.0
23,Private,344624,Assoc-acdm,12,Never-married,Prof-specialty,Not-in-family,Asian-Pac-Islander,Female,0,0,30,Vietnam,<=50K,130.0
42,Private,89154,Assoc-voc,11,Married-civ-spouse,Transport-moving,Husband,White,Male,0,0,45,United-States,>50K,51.0
51,State-gov,94174,Some-college,10,Divorced,Adm-clerical,Unmarried,White,Female,0,0,35,United-States,<=50K,701.0
36,Private,334273,11th,7,Separated,Exec-managerial,Not-in-family,White,Female,0,0,32,United-States,<=50K,273.0
35,Self-emp-not-inc,76487,HS-grad,9,Married-civ-spouse,Craft-repair,Husband,White,Male,2829,0,45,United-States,<=50K,461.0
34,Private,234096,9th,5,Divorced,Craft-repair,Not-in-family,White,Male,0,0,40,United-States,<=50K,263.0
51,Private,249550,Some-college,10,Divorced,Craft-repair,Not-in-family,White,Male,0,0,48,United-States,>50K,220.0
19,Private,222615,HS-grad,9,Never-married,Sales,Not-in-family,White,Male,4386,0,48,United-States,<=50K,636.0
29,State-gov,246463,Some-college,10,Never-married,Prof-specialty,Not-in-family,White,Male,0,0,35,United-States,<=50K,829.0
20,Private,112847,7th-8th,4,Never-married,Machine-op-inspct,Other-relative,White,Male,0,0,40,United-States,<=50K,726.0
30,Private,121836,Bachelors,13,Married-civ-spouse,Farming-fishing,Husband,White,Male,0,0,40,United-States,<=50K,208.0
36,Self-emp-not-inc,341954,HS-grad,9,Married-civ-spouse,Craft-repair,Husband,White,Male,0,0,40,United-States,<=50K,824.0
51,Self-emp-inc,229553,Assoc-voc,11,Never-married,Adm-clerical,Own-child,White,Female,0,0,40,United-States,<=50K,333.0
53,State-gov,104501,Doctorate,16,Married-civ-spouse,Prof-specialty,Husband,White,Male,0,0,40,?,>50K,254.0
58,Private,48121,7th-8th,4,Widowed,Farming-fishing,Other-relative,White,Female,0,0,45,Guatemala,<=50K,787.0
31,Private,137917,Some-college,10,Married-AF-spouse,Sales,Wife,White,Female,0,0,20,United-States,<=50K,598.0
34,Private,301251,Bachelors,13,Married-civ-spouse,Sales,Husband,White,Male,0,0,50,United-States,>50K,653.0
73,Private,285295,HS-grad,9,Divorced,Other-service,Not-in-family,White,Female,0,0,20,United-States,<=50K,443.0
29,Private,302347,HS-grad,9,Married-civ-spouse,Craft-repair,Husband,White,Male,0,0,40,United-States,<=50K,113.0
52,Local-gov,89705,Masters,14,Married-civ-spouse,Prof-specialty,Husband,White,Male,0,0,40,United-States,>50K,876.0
60,?,152883,HS-grad,9,Married-civ-spouse,?,Husband,White,Male,0,0,5,United-States,<=50K,510.0
60,Self-emp-not-inc,89884,HS-grad,9,Married-civ-spouse,Sales,Husband,White,Male,0,0,50,United-States,<=50K,650.0
38,Private,182342,Bachelors,13,Married-civ-spouse,Sales,Husband,White,Male,0,0,50,Poland,<=50K,236.0
58,Private,110213,HS-grad,9,Widowed,Adm-clerical,Not-in-family,White,Female,0,0,40,United-States,>50K,718.0
63,Private,164607,HS-grad,9,Married-civ-spouse,Sales,Husband,White,Male,0,0,21,United-States,<=50K,444.0
24,Private,117915,Bachelors,13,Never-married,Prof-specialty,Own-child,White,Female,0,0,40,United-States,<=50K,637.0
39,Self-emp-not-inc,188293,HS-grad,9,Married-civ-spouse,Farming-fishing,Husband,White,Male,0,0,40,United-States,<=50K,27.0
53,Local-gov,207140,HS-grad,9,Married-civ-spouse,Exec-managerial,Husband,Amer-Indian-Eskimo,Male,0,0,48,United-States,<=50K,236.0
18,Private,110142,11th,7,Never-married,Sales,Own-child,White,Female,0,0,15,United-States,<=50K,847.0
18,Private,183009,Some-college,10,Never-married,Handlers-cleaners,Own-child,White,Male,0,0,9,United-States,<=50K,169.0
40,Private,393962,Assoc-voc,11,Never-married,Prof-specialty,Not-in-family,White,Female,0,0,50,United-States,<=50K,450.0
21,Private,311826,Some-college,10,Never-married,Craft-repair,Not-in-family,White,Male,0,0,40,United-States,<=50K,941.0
42,Private,169544,Some-college,10,Married-civ-spouse,Craft-repair,Husband,Black,Male,0,0,50,United-States,>50K,282.0
25,Private,201413,Some-college,10,Never-married,Other-service,Unmarried,Black,Female,0,0,40,United-States,<=50K,391.0
44,Private,109273,Some-college,10,Never-married,Craft-repair,Not-in-family,White,Male,0,0,38,United-States,<=50K,497.0
29,Private,112497,HS-grad,9,Divorced,Exec-managerial,Unmarried,White,Female,0,0,45,United-States,<=50K,316.0
43,Private,160786,HS-grad,9,Married-civ-spouse,Other-service,Husband,Black,Male,0,0,40,United-States,>50K,107.0
44,Private,299383,HS-grad,9,Married-civ-spouse,Craft-repair,Husband,White,Male,0,0,40,United-States,<=50K,810.0
25,Private,220220,11th,7,Never-married,Handlers-cleaners,Own-child,White,Male,0,0,45,United-States,<=50K,217.0
75,Private,95985,5th-6th,3,Widowed,Other-service,Unmarried,Black,Male,0,0,10,United-States,<=50K,92.0
26,Self-emp-inc,97952,Bachelors,13,Never-married,Exec-managerial,Own-child,White,Male,0,0,80,United-States,<=50K,424.0
51,Private,250263,Some-college,10,Divorced,Craft-repair,Not-in-family,White,Male,0,0,48,United-States,>50K,168.0
67,?,273792,7th-8th,4,Married-civ-spouse,?,Husband,White,Male,0,0,40,United-States,<=50K,279.0
31,Private,93106,Assoc-voc,11,Never-married,Adm-clerical,Not-in-family,White,Female,0,0,40,United-States,<=50K,866.0
35,Private,99156,Bachelors,13,Never-married,Sales,Not-in-family,White,Male,0,0,50,United-States,<=50K,44.0
22,Private,88126,Bachelors,13,Never-married,Exec-managerial,Own-child,White,Male,0,0,40,United-States,<=50K,74.0
52,Private,255004,HS-grad,9,Married-civ-spouse,Exec-managerial,Husband,White,Male,0,0,40,United-States,<=50K,839.0
30,Private,119832,Bachelors,13,Married-civ-spouse,Farming-fishing,Husband,White,Male,0,0,40,United-States,<=50K,951.0
30,Private,178530,Some-college,10,Married-civ-spouse,Sales,Husband,White,Male,0,0,55,United-States,<=50K,524.0
35,Private,214781,HS-grad,9,Divorced,Adm-clerical,Not-in-family,White,Female,0,0,45,United-States,<=50K,309.0
37,Private,110013,Assoc-voc,11,Divorced,Sales,Not-in-family,White,Female,0,0,40,United-States,<=50K,757.0
48,Local-gov,379959,HS-grad,9,Married-civ-spouse,Craft-repair,Husband,White,Male,0,0,60,United-States,<=50K,88.0
62,Self-emp-inc,164204,Doctorate,16,Married-civ-spouse,Prof-specialty,Husband,White,Male,15024,0,45,United-States,>50K,414.0
28,?,161290,Some-college,10,Never-married,?,Own-child,Black,Female,0,0,40,United-States,<=50K,125.0
34,Private,158294,Bachelors,13,Married-civ-spouse,Exec-managerial,Husband,White,Male,0,0,70,United-States,<=50K,142.0
21,?,274746,Some-college,10,Never-married,?,Own-child,White,Male,0,0,16,United-States,<=50K,295.0
53,Local-gov,231196,HS-grad,9,Married-civ-spouse,Adm-clerical,Husband,White,Male,0,0,40,United-States,<=50K,584.0
54,Federal-gov,51048,HS-grad,9,Married-civ-spouse,Prof-specialty,Husband,White,Male,0,0,40,United-States,>50K,473.0
42,Private,89226,Assoc-voc,11,Married-civ-spouse,Transport-moving,Husband,White,Male,0,0,45,United-States,>50K,444.0
38,Self-emp-not-inc,428299,HS-grad,9,Married-civ-spouse,Sales,Wife,White,Female,0,0,24,United-States,>50K,139.0
58,Federal-gov,269353,Bachelors,13,Widowed,Prof-specialty,Unmarried,Amer-Indian-Eskimo,Female,0,0,40,United-States,<=50K,315.0
56,Self-emp-inc,211531,Bachelors,13,Married-civ-spouse,Sales,Husband,White,Male,15024,0,50,United-States,>50K,864.0
31,Private,104509,Some-college,10,Separated,Other-service,Unmarried,White,Female,0,0,35,United-States,<=50K,267.0
37,Private,31533,Bachelors,13,Never-married,Adm-clerical,Other-relative,Black,Female,0,0,40,United-States,<=50K,748.0
37,Private,347873,Bachelors,13,Divorced,Other-service,Not-in-family,White,Male,0,0,40,United-States,<=50K,128.0
32,Private,168539,Bachelors,13,Married-civ-spouse,Sales,Husband,White,Male,0,1741,50,United-States,>50K,563.0
25,Private,142158,Bachelors,13,Never-married,Prof-specialty,Own-child,White,Male,0,0,40,United-States,<=50K,539.0
56,Self-emp-not-inc,145409,HS-grad,9,Married-civ-spouse,Other-service,Husband,White,Male,0,1902,60,United-States,>50K,460.0
62,Self-emp-not-inc,134779,12th,8,Married-civ-spouse,Craft-repair,Husband,White,Male,0,0,40,United-States,>50K,409.0
59,Private,59469,Masters,14,Married-civ-spouse,Tech-support,Husband,White,Male,0,0,40,Iran,<=50K,921.0
42,Self-emp-not-inc,372020,HS-grad,9,Married-civ-spouse,Farming-fishing,Husband,White,Male,0,0,50,United-States,<=50K,197.0
30,Local-gov,328118,HS-grad,9,Divorced,Protective-serv,Own-child,White,Female,0,0,32,United-States,<=50K,747.0
36,Private,262688,Some-college,10,Married-civ-spouse,Sales,Husband,Black,Male,7688,0,50,United-States,>50K,119.0
18,Private,168514,10th,6,Never-married,Sales,Unmarried,White,Female,0,0,25,United-States,<=50K,409.0
30,Private,267161,Bachelors,13,Divorced,Other-service,Not-in-family,White,Male,0,0,40,United-States,<=50K,733.0
41,Private,228649,HS-grad,9,Never-married,Other-service,Own-child,White,Male,0,0,40,United-States,<=50K,640.0
27,Private,188171,HS-grad,9,Never-married,Handlers-cleaners,Own-child,White,Male,0,0,40,United-States,<=50K,128.0
31,Private,168539,Bachelors,13,Never-married,Exec-managerial,Unmarried,White,Female,0,0,50,United-States,<=50K,138.0
73,Private,284680,HS-grad,9,Divorced,Other-service,Not-in-family,White,Female,0,0,20,United-States,<=50K,122.0
37,Private,174704,Masters,14,Divorced,Exec-managerial,Unmarried,White,Male,0,0,60,United-States,>50K,569.0
20,Private,220220,Some-college,10,Never-married,Sales,Own-child,White,Male,0,0,30,?,<=50K,664.0
48,Private,138069,HS-grad,9,Married-civ-spouse,Transport-moving,Husband,White,Male,0,0,45,United-States,<=50K,671.0
40,Self-emp-not-inc,76128,Bachelors,13,Never-married,Prof-specialty,Not-in-family,White,Male,0,0,50,United-States,<=50K,868.0
37,Private,357029,Assoc-voc,11,Married-civ-spouse,Transport-moving,Husband,White,Male,15024,0,50,United-States,>50K,686.0
35,Private,340939,Assoc-acdm,12,Never-married,Adm-clerical,Not-in-family,White,Female,0,0,35,United-States,<=50K,196.0
41,Self-emp-not-inc,352882,HS-grad,9,Married-civ-spouse,Farming-fishing,Husband,White,Male,0,0,50,United-States,<=50K,220.0
42,Private,169980,Some-college,10,Married-civ-spouse,Craft-repair,Husband,Black,Male,0,0,50,United-States,>50K,61.0
41,Private,145214,HS-grad,9,Married-civ-spouse,Machine-op-inspct,Husband,White,Male,0,0,40,United-States,>50K,371.0
34,Private,40915,HS-grad,9,Married-spouse-absent,Adm-clerical,Other-relative,White,Female,0,0,32,United-States,<=50K,414.0
46,Private,157991,Assoc-voc,11,Divorced,Tech-support,Unmarried,Black,Female,0,625,40,United-States,<=50K,137.0
36,Private,108293,HS-grad,9,Widowed,Other-service,Unmarried,White,Female,0,0,24,United-States,<=50K,251.0
48,Private,83444,Masters,14,Married-civ-spouse,Prof-specialty,Husband,White,Male,7298,0,55,United-States,>50K,93.0
41,Private,104334,Some-college,10,Married-civ-spouse,Sales,Husband,White,Male,0,0,50,United-States,>50K,339.0
35,Private,214896,HS-grad,9,Divorced,Adm-clerical,Not-in-family,White,Female,0,0,45,United-States,<=50K,895.0
31,Local-gov,402089,HS-grad,9,Divorced,Adm-clerical,Unmarried,White,Female,0,0,40,United-States,<=50K,631.0
61,Self-emp-inc,134779,Some-college,10,Married-civ-spouse,Sales,Husband,White,Male,0,0,40,United-States,<=50K,608.0
20,Private,48121,HS-grad,9,Never-married,Handlers-cleaners,Own-child,White,Male,0,0,40,United-States,<=50K,228.0
20,Private,70562,HS-grad,9,Never-married,Sales,Own-child,Asian-Pac-Islander,Female,0,0,24,Philippines,<=50K,918.0
69,Self-emp-inc,106395,HS-grad,9,Married-civ-spouse,Other-service,Husband,White,Male,0,0,40,United-States,>50K,179.0
21,Private,185551,HS-grad,9,Never-married,Sales,Own-child,White,Female,0,0,36,United-States,<=50K,762.0
45,Private,327886,Prof-school,15,Never-married,Prof-specialty,Not-in-family,White,Male,0,0,40,United-States,>50K,236.0
60,Private,316120,Bachelors,13,Married-civ-spouse,Exec-managerial,Husband,White,Male,0,0,45,United-States,>50K,144.0
29,Private,188507,Some-college,10,Married-civ-spouse,Craft-repair,Husband,Black,Male,0,0,40,Jamaica,>50K,141.0
32,Private,260253,Bachelors,13,Never-married,Adm-clerical,Not-in-family,White,Female,0,0,50,United-States,<=50K,647.0
52,Local-gov,89681,Masters,14,Married-civ-spouse,Prof-specialty,Husband,White,Male,0,0,40,United-States,>50K,417.0
51,State-gov,152810,Assoc-voc,11,Married-civ-spouse,Tech-support,Husband,White,Male,0,0,40,United-States,>50K,99.0
52,Federal-gov,439263,Some-college,10,Married-civ-spouse,Other-service,Husband,White,Male,0,0,50,United-States,<=50K,877.0
28,Self-emp-not-inc,141029,HS-grad,9,Never-married,Sales,Not-in-family,White,Male,0,0,60,United-States,<=50K,566.0
34,Private,158118,Bachelors,13,Married-civ-spouse,Exec-managerial,Husband,White,Male,0,0,70,United-States,<=50K,415.0
29,Private,192010,Bachelors,13,Never-married,Prof-specialty,Not-in-family,White,Female,0,0,60,Poland,<=50K,90.0
62,Self-emp-inc,165517,Doctorate,16,Married-civ-spouse,Prof-specialty,Husband,White,Male,15024,0,45,United-States,>50K,53.0
44,Private,109273,Some-college,10,Never-married,Craft-repair,Not-in-family,White,Male,0,0,38,United-States,<=50K,693.0
17,?,454614,11th,7,Never-married,?,Own-child,White,Female,0,0,8,United-States,<=50K,149.0
61,Self-emp-not-inc,503675,Some-college,10,Married-civ-spouse,Sales,Husband,Black,Male,0,0,60,United-States,>50K,979.0
45,Private,161954,Bachelors,13,Never-married,Prof-specialty,Not-in-family,White,Female,0,0,40,Germany,<=50K,772.0
55,Self-emp-not-inc,119793,10th,6,Married-civ-spouse,Transport-moving,Husband,White,Male,0,0,50,United-States,<=50K,27.0
51,Self-emp-inc,103995,Assoc-acdm,12,Never-married,Sales,Not-in-family,White,Female,0,0,25,United-States,<=50K,390.0
52,Private,186328,Some-college,10,Married-civ-spouse,Exec-managerial,Husband,White,Male,15024,0,55,Canada,>50K,946.0
34,Private,297697,Bachelors,13,Married-civ-spouse,Sales,Husband,White,Male,0,0,50,United-States,>50K,947.0
18,?,274451,HS-grad,9,Never-married,?,Unmarried,White,Female,0,0,20,United-States,<=50K,450.0
22,Private,353824,HS-grad,9,Never-married,Other-service,Not-in-family,White,Female,0,0,40,United-States,<=50K,177.0
17,Private,331552,12th,8,Never-married,Adm-clerical,Own-child,White,Female,0,0,30,United-States,<=50K,20.0
36,Private,129865,Some-college,10,Divorced,Exec-managerial,Not-in-family,White,Male,0,0,45,United-States,<=50K,114.0
41,Private,192614,7th-8th,4,Married-civ-spouse,Other-service,Husband,White,Male,0,0,40,?,<=50K,691.0
39,Local-gov,281647,Assoc-voc,11,Married-civ-spouse,Protective-serv,Husband,White,Male,0,0,40,United-States,>50K,668.0
31,Private,127215,Some-college,10,Married-civ-spouse,Sales,Husband,White,Male,0,0,40,United-States,<=50K,83.0
63,Private,150499,HS-grad,9,Married-civ-spouse,Prof-specialty,Wife,White,Female,0,0,25,United-States,<=50K,507.0
28,Private,113588,HS-grad,9,Never-married,Adm-clerical,Not-in-family,White,Male,0,0,40,United-States,<=50K,342.0
28,State-gov,52636,Masters,14,Married-civ-spouse,Exec-managerial,Husband,White,Male,0,0,40,United-States,<=50K,589.0
26,Private,181705,Some-college,10,Married-civ-spouse,Machine-op-inspct,Wife,White,Female,0,0,40,United-States,<=50K,229.0
63,Self-emp-not-inc,148509,7th-8th,4,Married-civ-spouse,Farming-fishing,Husband,White,Male,0,0,60,United-States,>50K,242.0
33,Private,213321,Some-college,10,Divorced,Tech-support,Unmarried,White,Female,0,0,40,United-States,<=50K,433.0
29,Private,190387,12th,8,Never-married,Other-service,Unmarried,Black,Female,0,0,35,?,<=50K,315.0
34,Private,287008,Some-college,10,Married-civ-spouse,Exec-managerial,Wife,White,Female,0,1485,40,United-States,>50K,148.0
52,Private,257250,HS-grad,9,Married-civ-spouse,Exec-managerial,Husband,White,Male,0,0,40,United-States,<=50K,247.0
26,Private,238917,HS-grad,9,Married-civ-spouse,Machine-op-inspct,Husband,White,Male,0,0,60,United-States,<=50K,660.0
51,Local-gov,146325,Doctorate,16,Married-civ-spouse,Prof-specialty,Husband,White,Male,0,1887,40,United-States,>50K,218.0
34,Private,107417,HS-grad,9,Married-civ-spouse,Craft-repair,Husband,White,Male,0,0,45,United-States,<=50K,518.0
80,Self-emp-not-inc,201413,HS-grad,9,Married-civ-spouse,Other-service,Husband,White,Male,0,0,30,United-States,<=50K,487.0
37,Private,207853,Some-college,10,Never-married,Exec-managerial,Not-in-family,White,Male,0,0,40,United-States,<=50K,272.0
46,Self-emp-not-inc,149337,Masters,14,Married-civ-spouse,Craft-repair,Husband,White,Male,0,0,50,United-States,>50K,958.0
51,Self-emp-not-inc,35644,HS-grad,9,Never-married,Farming-fishing,Unmarried,White,Male,0,0,45,United-States,<=50K,658.0
38,Private,197322,Assoc-voc,11,Married-civ-spouse,Sales,Husband,White,Male,0,0,40,United-States,<=50K,306.0
39,State-gov,112820,HS-grad,9,Married-civ-spouse,Protective-serv,Other-relative,White,Female,0,0,40,United-States,<=50K,482.0
23,Private,180060,Bachelors,13,Never-married,Machine-op-inspct,Own-child,White,Male,0,0,50,United-States,<=50K,514.0
59,Private,215423,HS-grad,9,Never-married,Machine-op-inspct,Not-in-family,White,Male,0,0,40,United-States,<=50K,802.0
32,Private,193304,Some-college,10,Married-civ-spouse,Machine-op-inspct,Husband,Asian-Pac-Islander,Male,0,0,40,Philippines,<=50K,232.0
20,?,145574,Some-college,10,Never-married,?,Not-in-family,White,Female,0,0,15,United-States,<=50K,362.0
41,Self-emp-not-inc,344624,HS-grad,9,Married-civ-spouse,Farming-fishing,Husband,White,Male,0,0,50,United-States,<=50K,695.0
58,Private,473133,7th-8th,4,Widowed,Farming-fishing,Other-relative,White,Female,0,0,45,Guatemala,<=50K,210.0
20,Private,217747,Some-college,10,Never-married,Sales,Own-child,White,Male,0,0,30,?,<=50K,364.0
52,Self-emp-not-inc,44728,Some-college,10,Married-civ-spouse,Sales,Husband,White,Male,0,0,55,United-States,>50K,926.0
57,Private,296152,Some-college,10,Divorced,Exec-managerial,Other-relative,White,Female,594,0,10,United-States,<=50K,710.0
58,Private,331552,Some-college,10,Divorced,Adm-clerical,Not-in-family,White,Female,0,0,40,United-States,<=50K,230.0
23,Private,219835,10th,6,Never-married,Handlers-cleaners,Other-relative,Other,Male,0,0,40,United-States,<=50K,237.0
63,Self-emp-not-inc,235271,Bachelors,13,Never-married,Transport-moving,Not-in-family,White,Male,0,0,40,United-States,<=50K,156.0
60,State-gov,271346,HS-grad,9,Married-civ-spouse,Protective-serv,Husband,Amer-Indian-Eskimo,Male,0,0,40,United-States,>50K,46.0
56,Self-emp-not-inc,296991,Prof-school,15,Married-civ-spouse,Prof-specialty,Husband,White,Male,0,0,55,England,>50K,341.0
69,Local-gov,660461,HS-grad,9,Widowed,Adm-clerical,Not-in-family,Black,Female,0,0,20,United-States,<=50K,513.0
51,Private,103407,HS-grad,9,Divorced,Adm-clerical,Not-in-family,White,Female,0,0,40,United-States,<=50K,353.0
20,Private,91733,Some-college,10,Never-married,Sales,Own-child,White,Female,0,0,8,United-States,<=50K,338.0
42,Self-emp-not-inc,89942,Some-college,10,Married-civ-spouse,Craft-repair,Husband,White,Male,0,0,40,United-States,<=50K,496.0
55,Private,117012,Doctorate,16,Married-civ-spouse,Prof-specialty,Husband,White,Male,15024,0,30,United-States,>50K,152.0
44,Private,297697,HS-grad,9,Married-civ-spouse,Craft-repair,Husband,White,Male,0,0,40,United-States,<=50K,455.0
46,State-gov,165775,Some-college,10,Married-civ-spouse,Exec-managerial,Husband,White,Male,0,0,40,United-States,>50K,301.0
61,Private,73809,Some-college,10,Divorced,Adm-clerical,Not-in-family,White,Female,0,0,40,United-States,<=50K,237.0
54,Private,103580,Assoc-acdm,12,Divorced,Exec-managerial,Unmarried,White,Female,0,0,55,United-States,>50K,965.0
38,Private,200960,Prof-school,15,Married-civ-spouse,Prof-specialty,Husband,White,Male,0,0,40,United-States,>50K,618.0
45,Private,77927,Bachelors,13,Widowed,Other-service,Own-child,Asian-Pac-Islander,Female,0,0,40,Philippines,<=50K,322.0
25,Local-gov,187581,Some-college,10,Divorced,Protective-serv,Not-in-family,White,Female,0,0,40,United-States,<=50K,114.0
47,Federal-gov,198163,Bachelors,13,Divorced,Prof-specialty,Not-in-family,White,Male,0,0,40,United-States,<=50K,592.0
65,Private,386019,Assoc-voc,11,Married-civ-spouse,Adm-clerical,Husband,White,Male,0,0,15,United-States,<=50K,182.0
37,Self-emp-not-inc,353824,HS-grad,9,Divorced,Exec-managerial,Not-in-family,Asian-Pac-Islander,Female,0,0,70,South,>50K,407.0
33,Private,226891,HS-grad,9,Divorced,Exec-managerial,Not-in-family,White,Male,0,0,60,United-States,<=50K,220.0
18,Private,90860,Some-college,10,Never-married,Sales,Own-child,Asian-Pac-Islander,Female,0,0,20,United-States,<=50K,480.0
18,Self-emp-not-inc,258474,10th,6,Never-married,Farming-fishing,Own-child,White,Male,0,0,40,United-States,<=50K,48.0
36,Self-emp-inc,196385,HS-grad,9,Married-civ-spouse,Craft-repair,Husband,White,Male,0,0,46,United-States,>50K,88.0
37,Self-emp-inc,152414,Prof-school,15,Married-civ-spouse,Prof-specialty,Husband,White,Male,0,0,60,United-States,>50K,311.0
46,Private,166153,HS-grad,9,Married-civ-spouse,Craft-repair,Husband,White,Male,0,0,40,United-States,>50K,365.0
36,Private,196797,HS-grad,9,Never-married,Handlers-cleaners,Not-in-family,Black,Male,0,0,40,United-States,<=50K,525.0
66,Private,174575,HS-grad,9,Married-civ-spouse,Handlers-cleaners,Husband,White,Male,0,0,40,United-States,<=50K,425.0
42,Local-gov,137232,HS-grad,9,Divorced,Protective-serv,Unmarried,White,Female,0,0,50,United-States,<=50K,545.0
39,Private,173422,Prof-school,15,Married-civ-spouse,Craft-repair,Husband,White,Male,7688,0,40,United-States,>50K,351.0
27,Private,163665,Bachelors,13,Married-civ-spouse,Other-service,Husband,White,Male,0,0,40,United-States,<=50K,629.0
34,Private,286342,Some-college,10,Married-civ-spouse,Exec-managerial,Wife,White,Female,0,1485,40,United-States,>50K,824.0
29,Private,132921,Assoc-voc,11,Separated,Adm-clerical,Unmarried,White,Female,0,0,40,United-States,<=50K,137.0
35,Private,67083,HS-grad,9,Married-civ-spouse,Other-service,Husband,Asian-Pac-Islander,Male,0,0,40,China,<=50K,454.0
59,Private,192878,HS-grad,9,Married-civ-spouse,Handlers-cleaners,Husband,White,Male,0,0,40,United-States,>50K,984.0
47,Private,207853,HS-grad,9,Divorced,Adm-clerical,Not-in-family,White,Female,0,0,38,United-States,<=50K,883.0
18,Private,148599,HS-grad,9,Never-married,Sales,Own-child,White,Female,0,0,28,United-States,<=50K,279.0
58,?,210474,HS-grad,9,Divorced,?,Unmarried,White,Male,0,0,40,United-States,<=50K,601.0
46,Private,121944,Bachelors,13,Married-civ-spouse,Craft-repair,Husband,White,Male,0,0,44,United-States,>50K,475.0
21,?,277533,Some-college,10,Never-married,?,Own-child,White,Male,0,0,16,United-States,<=50K,864.0
43,Self-emp-not-inc,117915,Masters,14,Divorced,Other-service,Unmarried,White,Female,0,0,30,United-States,<=50K,870.0
17,Private,100828,11th,7,Never-married,Other-service,Not-in-family,White,Male,0,0,20,United-States,<=50K,860.0
63,Private,151780,HS-grad,9,Married-civ-spouse,Prof-specialty,Wife,White,Female,0,0,25,United-States,<=50K,14.0
80,Self-emp-not-inc,200818,HS-grad,9,Married-civ-spouse,Other-service,Husband,White,Male,0,0,30,United-States,<=50K,453.0
27,Private,114691,HS-grad,9,Separated,Craft-repair,Not-in-family,White,Male,0,0,45,United-States,<=50K,414.0
34,Private,29974,Bachelors,13,Married-civ-spouse,Sales,Husband,White,Male,0,0,50,United-States,>50K,373.0
25,Local-gov,187581,Some-college,10,Divorced,Protective-serv,Not-in-family,White,Female,0,0,40,United-States,<=50K,830.0
19,Private,175262,Some-college,10,Never-married,Other-service,Own-child,Black,Male,0,0,25,United-States,<=50K,583.0
39,Private,212900,Bachelors,13,Married-civ-spouse,Sales,Husband,White,Male,0,0,50,United-States,>50K,118.0
47,Federal-gov,138358,Some-college,10,Married-civ-spouse,Adm-clerical,Husband,Black,Male,0,0,40,United-States,>50K,976.0
58,Private,97562,HS-grad,9,Married-civ-spouse,Sales,Wife,White,Female,0,0,38,United-States,<=50K,619.0
56,Self-emp-not-inc,186539,11th,7,Widowed,Other-service,Unmarried,White,Female,0,0,50,United-States,<=50K,698.0
19,Private,175232,Some-college,10,Never-married,Other-service,Own-child,Black,Male,0,0,25,United-States,<=50K,647.0
40,Private,135568,Assoc-acdm,12,Divorced,Adm-clerical,Unmarried,White,Female,0,0,40,United-States,<=50K,108.0
29,Private,495982,Some-college,10,Married-civ-spouse,Transport-moving,Husband,White,Male,0,0,45,United-States,>50K,919.0
31,Private,43607,Bachelors,13,Widowed,Adm-clerical,Unmarried,White,Male,0,0,60,United-States,<=50K,599.0
64,?,104756,Some-college,10,Widowed,?,Unmarried,White,Female,0,0,8,United-States,<=50K,740.0
27,Self-emp-not-inc,302347,HS-grad,9,Never-married,Farming-fishing,Own-child,White,Male,0,0,80,United-States,<=50K,603.0
48,Local-gov,37778,HS-grad,9,Married-civ-spouse,Craft-repair,Husband,White,Male,0,0,60,United-States,<=50K,338.0
38,Private,183009,Bachelors,13,Married-civ-spouse,Sales,Husband,White,Male,0,0,50,Poland,<=50K,349.0
35,Self-emp-not-inc,190387,Bachelors,13,Married-civ-spouse,Farming-fishing,Husband,White,Male,0,0,45,United-States,<=50K,274.0
64,Local-gov,78866,HS-grad,9,Divorced,Adm-clerical,Not-in-family,White,Female,0,0,40,United-States,<=50K,614.0
40,Private,135056,Assoc-acdm,12,Divorced,Adm-clerical,Unmarried,White,Female,0,0,40,United-States,<=50K,367.0
17,?,171461,10th,6,Never-married,?,Own-child,White,Female,0,0,20,United-States,<=50K,823.0
22,Private,302836,Some-college,10,Never-married,Priv-house-serv,Own-child,White,Female,0,0,28,United-States,<=50K,973.0
53,Federal-gov,44402,Bachelors,13,Married-civ-spouse,Adm-clerical,Husband,Black,Male,0,0,40,United-States,>50K,6.0
41,Private,208946,HS-grad,9,Never-married,Machine-op-inspct,Not-in-family,White,Male,0,0,40,United-States,<=50K,723.0
36,Private,224763,HS-grad,9,Married-civ-spouse,Craft-repair,Husband,White,Male,7298,0,40,United-States,>50K,858.0
22,Private,227943,Some-college,10,Never-married,Protective-serv,Own-child,White,Male,0,0,40,United-States,<=50K,503.0
34,Private,158420,Bachelors,13,Married-civ-spouse,Exec-managerial,Husband,White,Male,0,0,70,United-States,<=50K,798.0
35,Private,117528,Bachelors,13,Never-married,Tech-support,Not-in-family,White,Female,0,0,40,United-States,<=50K,323.0
40,Self-emp-inc,102226,HS-grad,9,Married-civ-spouse,Exec-managerial,Husband,White,Male,0,0,40,United-States,<=50K,258.0
30,Private,284871,Bachelors,13,Married-civ-spouse,Other-service,Wife,Asian-Pac-Islander,Female,0,0,40,Philippines,<=50K,111.0
35,Private,268661,Some-college,10,Married-civ-spouse,Sales,Husband,White,Male,0,0,50,United-States,<=50K,87.0
32,State-gov,190324,Some-college,10,Divorced,Prof-specialty,Other-relative,White,Female,0,0,40,United-States,<=50K,895.0
26,Private,161210,Assoc-voc,11,Married-civ-spouse,Handlers-cleaners,Husband,White,Male,0,0,80,United-States,<=50K,867.0
29,Self-emp-not-inc,267161,Assoc-voc,11,Never-married,Farming-fishing,Not-in-family,White,Male,0,0,75,United-States,<=50K,937.0
21,Private,314649,Some-college,10,Never-married,Craft-repair,Not-in-family,White,Male,0,0,40,United-States,<=50K,137.0
29,Private,48788,Some-college,10,Married-civ-spouse,Transport-moving,Husband,White,Male,0,0,45,United-States,>50K,822.0
30,Private,249550,12th,8,Divorced,Other-service,Not-in-family,White,Female,0,0,40,United-States,<=50K,783.0
74,?,340939,9th,5,Married-civ-spouse,?,Husband,White,Male,3471,0,40,United-States,<=50K,353.0
19,Private,229259,HS-grad,9,Never-married,Handlers-cleaners,Own-child,White,Male,0,0,35,United-States,<=50K,942.0
32,Private,125856,Assoc-acdm,12,Married-civ-spouse,Exec-managerial,Husband,White,Male,0,0,60,United-States,>50K,351.0
61,Private,218650,12th,8,Divorced,Protective-serv,Not-in-family,White,Male,0,0,37,Cuba,<=50K,635.0
19,Private,293073,HS-grad,9,Never-married,Sales,Other-relative,White,Female,0,0,28,Mexico,<=50K,755.0
24,Private,263439,11th,7,Never-married,Craft-repair,Not-in-family,White,Male,0,0,40,United-States,<=50K,930.0
22,Private,89154,1st-4th,2,Never-married,Other-service,Other-relative,White,Male,0,0,40,El-Salvador,<=50K,504.0
47,Private,321205,Prof-school,15,Married-civ-spouse,Prof-specialty,Husband,White,Male,15020,0,55,United-States,>50K,259.0
71,?,249644,Some-college,10,Married-civ-spouse,?,Husband,White,Male,3432,0,30,United-States,<=50K,66.0
58,Federal-gov,200352,Some-college,10,Married-civ-spouse,Exec-managerial,Husband,White,Male,1831,0,40,United-States,>50K,188.0
54,Private,30846,HS-grad,9,Married-civ-spouse,Other-service,Husband,White,Male,0,0,50,United-States,<=50K,276.0
19,?,200089,Some-college,10,Never-married,?,Own-child,White,Female,0,0,40,United-States,<=50K,514.0
40,Self-emp-not-inc,458168,Bachelors,13,Married-civ-spouse,Prof-specialty,Husband,White,Male,0,0,60,United-States,<=50K,36.0
38,Federal-gov,391121,HS-grad,9,Never-married,Transport-moving,Not-in-family,White,Male,6849,0,50,United-States,<=50K,514.0
65,?,315476,HS-grad,9,Widowed,?,Unmarried,White,Female,2329,0,75,United-States,<=50K,222.0
53,Federal-gov,439263,Bachelors,13,Married-civ-spouse,Adm-clerical,Husband,Black,Male,0,0,40,United-States,>50K,412.0
63,Private,271933,HS-grad,9,Married-civ-spouse,Craft-repair,Husband,White,Male,0,0,29,United-States,<=50K,26.0
56,Self-emp-not-inc,169982,HS-grad,9,Married-civ-spouse,Farming-fishing,Husband,White,Male,0,0,45,United-States,<=50K,870.0
24,Self-emp-not-inc,102942,Some-college,10,Never-married,Other-service,Not-in-family,White,Female,0,0,50,United-States,<=50K,73.0
24,Private,234096,Bachelors,13,Never-married,Exec-managerial,Not-in-family,White,Male,0,0,40,United-States,<=50K,840.0
39,Private,334946,11th,7,Married-civ-spouse,Machine-op-inspct,Husband,White,Male,0,0,40,United-States,<=50K,79.0
37,Private,198841,HS-grad,9,Never-married,Handlers-cleaners,Own-child,White,Male,0,0,40,United-States,<=50K,910.0
51,Private,237386,Some-college,10,Divorced,Adm-clerical,Unmarried,White,Female,0,0,40,United-States,<=50K,172.0
18,Private,212370,HS-grad,9,Married-civ-spouse,Craft-repair,Husband,White,Male,0,0,25,United-States,<=50K,264.0
22,Private,88126,Bachelors,13,Never-married,Exec-managerial,Own-child,White,Male,0,0,40,United-States,<=50K,665.0
19,Private,198186,7th-8th,4,Never-married,Other-service,Not-in-family,White,Female,0,0,40,United-States,<=50K,546.0
21,?,278391,Some-college,10,Never-married,?,Own-child,White,Male,0,0,16,United-States,<=50K,258.0
19,Private,186651,HS-grad,9,Never-married,Machine-op-inspct,Not-in-family,White,Male,0,0,40,United-States,<=50K,408.0
51,Private,122026,Some-college,10,Married-civ-spouse,Adm-clerical,Wife,White,Female,0,0,35,United-States,<=50K,682.0
69,Private,291181,7th-8th,4,Married-civ-spouse,Handlers-cleaners,Husband,White,Male,0,0,6,United-States,<=50K,962.0
36,Self-emp-not-inc,349148,HS-grad,9,Married-civ-spouse,Craft-repair,Husband,White,Male,0,0,40,United-States,<=50K,109.0
19,Private,156383,HS-grad,9,Never-married,Other-service,Own-child,White,Female,0,1672,20,United-States,<=50K,745.0
33,Self-emp-not-inc,79303,Some-college,10,Married-civ-spouse,Farming-fishing,Husband,White,Male,0,0,50,United-States,<=50K,914.0
19,Private,291181,HS-grad,9,Never-married,Sales,Other-relative,White,Female,0,0,28,Mexico,<=50K,911.0
58,Private,115792,Masters,14,Married-civ-spouse,Prof-specialty,Husband,White,Male,0,0,50,United-States,>50K,144.0
33,Self-emp-not-inc,189123,Some-college,10,Never-married,Other-service,Not-in-family,White,Female,0,0,5,United-States,<=50K,169.0
37,Private,356934,Assoc-voc,11,Married-civ-spouse,Transport-moving,Husband,White,Male,15024,0,50,United-States,>50K,859.0
29,Private,180052,Bachelors,13,Never-married,Adm-clerical,Not-in-family,White,Female,0,0,40,United-States,<=50K,210.0
67,Private,181132,HS-grad,9,Married-civ-spouse,Sales,Husband,White,Male,0,0,10,United-States,<=50K,146.0
50,Private,156877,HS-grad,9,Married-civ-spouse,Adm-clerical,Husband,White,Male,0,0,35,United-States,<=50K,481.0
65,?,314649,HS-grad,9,Widowed,?,Unmarried,White,Female,2329,0,75,United-States,<=50K,375.0
43,Private,172822,HS-grad,9,Married-civ-spouse,Sales,Husband,White,Male,0,0,40,United-States,>50K,962.0
67,Private,211804,HS-grad,9,Married-civ-spouse,Other-service,Husband,White,Male,0,0,10,United-States,<=50K,898.0
52,Self-emp-inc,228939,Prof-school,15,Married-civ-spouse,Prof-specialty,Husband,White,Male,0,0,40,United-States,>50K,289.0
28,Local-gov,175614,Assoc-acdm,12,Married-civ-spouse,Protective-serv,Husband,White,Male,0,2002,40,England,<=50K,450.0
46,Private,188293,HS-grad,9,Divorced,Adm-clerical,Not-in-family,White,Female,0,0,40,United-States,<=50K,829.0
46,Private,157991,Some-college,10,Married-civ-spouse,Protective-serv,Husband,White,Male,0,0,40,United-States,>50K,207.0
52,Private,145389,HS-grad,9,Married-civ-spouse,Craft-repair,Husband,White,Male,0,0,40,United-States,<=50K,101.0
30,Private,86912,HS-grad,9,Married-civ-spouse,Craft-repair,Husband,White,Male,0,0,50,United-States,<=50K,257.0
56,Self-emp-not-inc,29658,Prof-school,15,Married-civ-spouse,Prof-specialty,Husband,White,Male,0,0,55,England,>50K,593.0
38,Local-gov,161463,Prof-school,15,Married-civ-spouse,Prof-specialty,Husband,Black,Male,0,0,40,United-States,>50K,663.0
32,Private,126094,Assoc-acdm,12,Married-civ-spouse,Exec-managerial,Husband,White,Male,0,0,60,United-States,>50K,477.0
28,Private,106554,Bachelors,13,Never-married,Sales,Own-child,White,Male,0,0,2,United-States,<=50K,501.0
21,State-gov,238917,Some-college,10,Never-married,Craft-repair,Own-child,White,Male,0,0,35,United-States,<=50K,157.0
63,Private,164922,HS-grad,9,Married-civ-spouse,Sales,Husband,White,Male,0,0,21,United-States,<=50K,83.0
38,Private,181372,Assoc-voc,11,Married-civ-spouse,Exec-managerial,Husband,White,Male,0,0,40,United-States,<=50K,726.0
18,?,274424,HS-grad,9,Never-married,?,Unmarried,White,Female,0,0,20,United-States,<=50K,839.0
30,Private,285295,Bachelors,13,Married-civ-spouse,Other-service,Wife,Asian-Pac-Islander,Female,0,0,40,Philippines,<=50K,913.0
36,Self-emp-not-inc,36069,HS-grad,9,Divorced,Transport-moving,Not-in-family,White,Male,0,0,60,United-States,<=50K,421.0
46,Private,72619,Some-college,10,Married-civ-spouse,Exec-managerial,Wife,White,Female,0,0,40,United-States,>50K,808.0
26,Federal-gov,269455,Assoc-voc,11,Never-married,Adm-clerical,Not-in-family,Other,Male,0,0,55,United-States,<=50K,79.0
41,Private,145441,HS-grad,9,Married-civ-spouse,Machine-op-inspct,Husband,White,Male,0,0,40,United-States,>50K,608.0
53,Private,130143,HS-grad,9,Married-civ-spouse,Machine-op-inspct,Husband,White,Male,0,0,48,United-States,<=50K,703.0
35,Private,224108,Some-college,10,Never-married,Exec-managerial,Not-in-family,White,Male,0,0,60,United-States,<=50K,519.0
21,Private,229259,HS-grad,9,Never-married,Craft-repair,Own-child,White,Male,0,0,40,United-States,<=50K,384.0
22,Private,210781,Bachelors,13,Never-married,Adm-clerical,Own-child,White,Female,0,0,40,United-States,<=50K,242.0
24,Private,375655,11th,7,Separated,Craft-repair,Not-in-family,White,Male,0,0,40,Mexico,<=50K,605.0
34,State-gov,203924,Masters,14,Married-civ-spouse,Prof-specialty,Husband,White,Male,0,0,50,United-States,>50K,65.0
27,Self-emp-not-inc,302836,HS-grad,9,Never-married,Farming-fishing,Own-child,White,Male,0,0,80,United-States,<=50K,430.0
54,Local-gov,311826,Masters,14,Married-civ-spouse,Adm-clerical,Husband,White,Male,7298,0,40,United-States,>50K,359.0
51,Private,122109,Some-college,10,Married-civ-spouse,Adm-clerical,Wife,White,Female,0,0,35,United-States,<=50K,224.0
68,Private,193666,Doctorate,16,Married-civ-spouse,Prof-specialty,Husband,White,Male,1848,0,55,United-States,>50K,8.0
55,Private,116878,Doctorate,16,Married-civ-spouse,Prof-specialty,Husband,White,Male,15024,0,30,United-States,>50K,547.0
37,Private,238311,HS-grad,9,Married-civ-spouse,Machine-op-inspct,Husband,Black,Male,0,0,36,United-States,>50K,861.0
44,Federal-gov,315728,Prof-school,15,Divorced,Prof-specialty,Unmarried,White,Male,0,0,40,United-States,>50K,339.0
39,Private,191954,HS-grad,9,Divorced,Adm-clerical,Unmarried,White,Female,0,0,40,United-States,<=50K,76.0
33,Private,309895,Masters,14,Married-civ-spouse,Prof-specialty,Husband,White,Male,0,0,45,United-States,<=50K,615.0
42,Private,442478,Bachelors,13,Married-civ-spouse,Sales,Husband,White,Male,0,0,60,United-States,<=50K,534.0
65,?,315728,HS-grad,9,Widowed,?,Unmarried,White,Female,2329,0,75,United-States,<=50K,643.0
38,Private,182276,Bachelors,13,Married-civ-spouse,Sales,Husband,White,Male,0,0,50,Poland,<=50K,734.0
24,Private,117381,Bachelors,13,Never-married,Prof-specialty,Own-child,White,Female,0,0,40,United-States,<=50K,514.0
22,Private,129232,HS-grad,9,Never-married,Adm-clerical,Not-in-family,White,Female,0,0,10,United-States,<=50K,177.0
51,Private,142282,Bachelors,13,Married-civ-spouse,Prof-specialty,Husband,White,Male,0,0,40,United-States,>50K,643.0
29,Private,262688,HS-grad,9,Separated,Priv-house-serv,Unmarried,Black,Female,0,0,55,United-States,<=50K,252.0
52,Private,122575,Some-college,10,Married-civ-spouse,Exec-managerial,Husband,White,Male,0,0,45,United-States,>50K,326.0
21,Private,251603,HS-grad,9,Never-married,Adm-clerical,Not-in-family,White,Female,0,0,40,United-States,<=50K,146.0
18,Private,91103,Some-college,10,Never-married,Sales,Own-child,Asian-Pac-Islander,Female,0,0,20,United-States,<=50K,886.0
37,Private,70562,1st-4th,2,Never-married,Other-service,Unmarried,White,Female,0,0,48,El-Salvador,<=50K,411.0
60,Self-emp-not-inc,166153,Some-college,10,Married-civ-spouse,Sales,Husband,White,Male,0,0,50,United-States,<=50K,33.0
33,Private,213813,Some-college,10,Divorced,Tech-support,Unmarried,White,Female,0,0,40,United-States,<=50K,14.0
32,Self-emp-inc,99309,HS-grad,9,Married-civ-spouse,Exec-managerial,Husband,White,Male,0,0,40,United-States,>50K,281.0
30,Private,160731,HS-grad,9,Separated,Adm-clerical,Not-in-family,White,Female,0,0,40,United-States,<=50K,622.0
27,Private,40915,HS-grad,9,Married-civ-spouse,Craft-repair,Husband,White,Male,0,0,40,United-States,<=50K,198.0
20,Private,62258,Some-college,10,Never-married,Sales,Not-in-family,White,Male,0,0,25,United-States,<=50K,497.0
27,Private,109997,HS-grad,9,Divorced,Other-service,Not-in-family,White,Female,0,0,40,United-States,<=50K,162.0
24,Private,234096,Bachelors,13,Never-married,Exec-managerial,Not-in-family,White,Male,0,0,40,United-States,<=50K,378.0
34,Private,348796,Assoc-acdm,12,Never-married,Exec-managerial,Own-child,White,Female,0,0,50,United-States,<=50K,366.0
42,Private,318351,HS-grad,9,Divorced,Adm-clerical,Unmarried,White,Female,0,0,40,United-States,<=50K,705.0
38,Private,110713,Assoc-acdm,12,Married-civ-spouse,Craft-repair,Husband,White,Male,0,0,50,United-States,>50K,973.0
54,Self-emp-not-inc,201179,Bachelors,13,Married-civ-spouse,Sales,Husband,White,Male,0,0,50,United-States,>50K,715.0
22,Private,315728,11th,7,Never-married,Craft-repair,Unmarried,White,Male,0,0,40,United-States,<=50K,124.0
21,Private,180871,HS-grad,9,Never-married,Machine-op-inspct,Own-child,White,Male,0,0,40,United-States,<=50K,636.0
29,Self-emp-not-inc,268661,Assoc-voc,11,Never-married,Farming-fishing,Not-in-family,White,Male,0,0,75,United-States,<=50K,586.0
25,Private,176900,HS-grad,9,Never-married,Craft-repair,Other-relative,White,Male,0,0,40,United-States,<=50K,324.0
39,Self-emp-not-inc,188675,Assoc-voc,11,Married-civ-spouse,Farming-fishing,Husband,White,Male,0,0,60,United-States,<=50K,762.0
26,Private,273792,Bachelors,13,Married-civ-spouse,Sales,Husband,White,Male,0,0,55,United-States,<=50K,451.0
40,Private,244172,HS-grad,9,Married-civ-spouse,Handlers-cleaners,Husband,White,Male,0,0,40,United-States,<=50K,26.0
22,Private,180052,Some-college,10,Never-married,Sales,Own-child,White,Male,0,0,20,United-States,<=50K,428.0
26,Self-emp-inc,97952,Bachelors,13,Never-married,Exec-managerial,Own-child,White,Male,0,0,80,United-States,<=50K,873.0
21,Local-gov,387468,Some-college,10,Never-married,Adm-clerical,Own-child,White,Male,0,0,40,United-States,<=50K,46.0
65,Self-emp-inc,115932,HS-grad,9,Divorced,Sales,Not-in-family,White,Female,6723,0,40,United-States,<=50K,976.0
40,Private,243636,HS-grad,9,Married-civ-spouse,Handlers-cleaners,Husband,White,Male,0,0,40,United-States,<=50K,952.0
30,Self-emp-inc,177955,Some-college,10,Married-civ-spouse,Craft-repair,Husband,Black,Male,0,0,70,United-States,<=50K,390.0
53,Local-gov,216931,7th-8th,4,Married-civ-spouse,Transport-moving,Husband,White,Male,0,0,38,United-States,<=50K,934.0
29,Private,245310,Assoc-voc,11,Never-married,Tech-support,Not-in-family,White,Male,0,0,40,United-States,<=50K,819.0
35,Private,142282,Some-college,10,Separated,Other-service,Unmarried,White,Female,0,0,25,United-States,<=50K,694.0
46,Self-emp-not-inc,198751,Some-college,10,Divorced,Exec-managerial,Unmarried,White,Female,0,0,50,United-States,<=50K,274.0
24,Private,271346,HS-grad,9,Married-civ-spouse,Other-service,Husband,White,Male,0,0,40,United-States,<=50K,13.0
46,Private,154405,10th,6,Married-civ-spouse,Handlers-cleaners,Husband,Black,Male,0,0,45,United-States,<=50K,21.0
29,Local-gov,220220,Some-college,10,Never-married,Adm-clerical,Not-in-family,White,Female,0,0,40,United-States,<=50K,723.0
31,Private,272069,Assoc-voc,11,Divorced,Transport-moving,Not-in-family,White,Male,0,0,40,United-States,<=50K,617.0
28,Private,161563,Bachelors,13,Never-married,Tech-support,Not-in-family,White,Female,0,0,35,United-States,<=50K,129.0
34,Private,272411,Bachelors,13,Never-married,Adm-clerical,Not-in-family,White,Female,0,0,40,United-States,<=50K,623.0
80,Self-emp-not-inc,201413,HS-grad,9,Married-civ-spouse,Other-service,Husband,White,Male,0,0,30,United-States,<=50K,951.0
24,Private,126613,11th,7,Never-married,Other-service,Not-in-family,White,Female,0,0,20,United-States,<=50K,541.0
63,Local-gov,109849,Bachelors,13,Never-married,Prof-specialty,Not-in-family,Black,Female,0,0,21,United-States,<=50K,316.0
43,Private,172837,HS-grad,9,Married-civ-spouse,Sales,Husband,White,Male,0,0,40,United-States,>50K,848.0
34,Private,226525,Masters,14,Divorced,Exec-managerial,Unmarried,Black,Female,0,0,40,United-States,<=50K,776.0
49,Local-gov,106554,Bachelors,13,Divorced,Prof-specialty,Unmarried,White,Female,0,0,40,United-States,>50K,157.0
21,Private,22245,HS-grad,9,Never-married,Other-service,Own-child,Amer-Indian-Eskimo,Male,0,0,30,United-States,<=50K,218.0
40,Self-emp-inc,102226,HS-grad,9,Married-civ-spouse,Exec-managerial,Husband,White,Male,0,0,40,United-States,<=50K,72.0
36,Private,130143,Some-college,10,Divorced,Exec-managerial,Not-in-family,White,Male,0,0,45,United-States,<=50K,466.0
33,Private,169496,Bachelors,13,Married-civ-spouse,Exec-managerial,Husband,White,Male,0,0,50,United-States,>50K,713.0
32,Private,244953,11th,7,Married-civ-spouse,Craft-repair,Husband,White,Male,0,1672,48,United-States,<=50K,792.0
34,Private,342709,Bachelors,13,Married-civ-spouse,Exec-managerial,Husband,White,Male,0,0,40,United-States,>50K,850.0
67,?,273269,7th-8th,4,Married-civ-spouse,?,Husband,White,Male,0,0,40,United-States,<=50K,874.0
23,Private,179565,Bachelors,13,Never-married,Machine-op-inspct,Own-child,White,Male,0,0,50,United-States,<=50K,241.0
24,Private,236696,Bachelors,13,Never-married,Exec-managerial,Not-in-family,White,Male,0,0,40,United-States,<=50K,985.0
60,Private,125019,Bachelors,13,Divorced,Prof-specialty,Not-in-family,White,Female,8614,0,48,United-States,>50K,987.0
32,Private,167534,Prof-school,15,Married-civ-spouse,Prof-specialty,Wife,Asian-Pac-Islander,Female,15024,0,50,United-States,>50K,109.0
27,Private,296478,Bachelors,13,Never-married,Prof-specialty,Not-in-family,White,Female,4865,0,36,United-States,<=50K,177.0
23,Private,207853,Bachelors,13,Never-married,Sales,Own-child,White,Male,0,0,40,United-States,<=50K,968.0
38,Private,217747,HS-grad,9,Married-civ-spouse,Craft-repair,Husband,White,Male,0,0,40,United-States,<=50K,208.0
70,State-gov,344624,Bachelors,13,Never-married,Exec-managerial,Not-in-family,White,Male,0,0,40,United-States,<=50K,668.0
48,Self-emp-not-inc,115971,HS-grad,9,Married-civ-spouse,Sales,Husband,White,Male,0,0,50,United-States,<=50K,715.0
37,Private,238087,HS-grad,9,Married-civ-spouse,Machine-op-inspct,Husband,Black,Male,0,0,36,United-States,>50K,193.0
38,Private,110713,Assoc-acdm,12,Married-civ-spouse,Craft-repair,Husband,White,Male,0,0,50,United-States,>50K,756.0
37,Private,214781,HS-grad,9,Married-civ-spouse,Craft-repair,Husband,White,Male,0,0,40,United-States,<=50K,926.0
35,Private,139057,Masters,14,Married-civ-spouse,Prof-specialty,Other-relative,White,Male,7298,0,40,United-States,>50K,123.0
51,Private,29974,Bachelors,13,Never-married,Adm-clerical,Unmarried,White,Male,0,0,20,United-States,<=50K,935.0
48,Private,83413,Masters,14,Married-civ-spouse,Prof-specialty,Husband,White,Male,7298,0,55,United-States,>50K,652.0
34,Private,24504,Masters,14,Married-civ-spouse,Machine-op-inspct,Husband,White,Male,0,0,40,Poland,>50K,8.0
54,Private,311020,HS-grad,9,Married-civ-spouse,Other-service,Husband,White,Male,0,0,50,United-States,<=50K,658.0
